bank_id,section,destination,priority_phase,issue_category,issue_severity,original_status,repair_action,student_prompt_changed,answer_changed,figure_or_table_changed,metadata_changed,original_prompt_hash,final_prompt_hash,validation_method,final_status,notes
U1-REV-Q02,1.1,Unit Review,PHASE 6 — REVIEW / EXTENDED / PERFORMANCE,selected-response QA,MAJOR QUALITY DEFECT,REPAIR,Reordered selected-response choices to repair answer-position pattern in Unit Review unit.,NO,YES,NO,NO,4994220b6072ebfa01a04847ca07a3b43ddc58593de7de95dca820a06550e4db,4994220b6072ebfa01a04847ca07a3b43ddc58593de7de95dca820a06550e4db,Assessment Plan + Framework section packets; family-level semantic QA; selected-response one-best-answer/position QA; Framework ~fix_mathjax_v8.py; Framework ~audit_bank_package_v3.py; custom v3 structural/table/grammar/security QA,PASS,Stable Bank ID preserved; machine and human-readable representations synchronized.
U1-REV-Q05,1.2,Unit Review,PHASE 6 — REVIEW / EXTENDED / PERFORMANCE,selected-response QA,MAJOR QUALITY DEFECT,REPAIR,Reordered selected-response choices to repair answer-position pattern in Unit Review unit.,NO,YES,NO,NO,39e55a3e9941739f2c7b29ab7d664373ccda1c6f504d5cb057b806e008907011,39e55a3e9941739f2c7b29ab7d664373ccda1c6f504d5cb057b806e008907011,Assessment Plan + Framework section packets; family-level semantic QA; selected-response one-best-answer/position QA; Framework ~fix_mathjax_v8.py; Framework ~audit_bank_package_v3.py; custom v3 structural/table/grammar/security QA,PASS,Stable Bank ID preserved; machine and human-readable representations synchronized.
U1-REV-Q07,1.2,Unit Review,PHASE 6 — REVIEW / EXTENDED / PERFORMANCE,selected-response QA,MAJOR QUALITY DEFECT,REPAIR,Reordered selected-response choices to repair answer-position pattern in Unit Review unit.,NO,YES,NO,NO,cb24c184786a84d4749c948b69f9cdfb13634d62c1264903f8708c284a86ea46,cb24c184786a84d4749c948b69f9cdfb13634d62c1264903f8708c284a86ea46,Assessment Plan + Framework section packets; family-level semantic QA; selected-response one-best-answer/position QA; Framework ~fix_mathjax_v8.py; Framework ~audit_bank_package_v3.py; custom v3 structural/table/grammar/security QA,PASS,Stable Bank ID preserved; machine and human-readable representations synchronized.
U1-REV-Q10,1.3,Unit Review,PHASE 6 — REVIEW / EXTENDED / PERFORMANCE,selected-response QA,MAJOR QUALITY DEFECT,REPAIR,Reordered selected-response choices to repair answer-position pattern in Unit Review unit.,NO,YES,NO,NO,020d35ebf851b81516d5dafaa57f4d3c54b577aaa7f6282105d36a774a2b757e,020d35ebf851b81516d5dafaa57f4d3c54b577aaa7f6282105d36a774a2b757e,Assessment Plan + Framework section packets; family-level semantic QA; selected-response one-best-answer/position QA; Framework ~fix_mathjax_v8.py; Framework ~audit_bank_package_v3.py; custom v3 structural/table/grammar/security QA,PASS,Stable Bank ID preserved; machine and human-readable representations synchronized.
U1-REV-Q13,1.4,Unit Review,PHASE 6 — REVIEW / EXTENDED / PERFORMANCE,selected-response QA,MAJOR QUALITY DEFECT,REPAIR,Reordered selected-response choices to repair answer-position pattern in Unit Review unit.,NO,YES,NO,NO,451f21be58ac5c7c7073dc4c8c84a8c9e09e94b61bd36b292b47782069130bfb,451f21be58ac5c7c7073dc4c8c84a8c9e09e94b61bd36b292b47782069130bfb,Assessment Plan + Framework section packets; family-level semantic QA; selected-response one-best-answer/position QA; Framework ~fix_mathjax_v8.py; Framework ~audit_bank_package_v3.py; custom v3 structural/table/grammar/security QA,PASS,Stable Bank ID preserved; machine and human-readable representations synchronized.
U1-REV-Q18,1.5,Unit Review,PHASE 6 — REVIEW / EXTENDED / PERFORMANCE,selected-response QA,MAJOR QUALITY DEFECT,REPAIR,Reordered selected-response choices to repair answer-position pattern in Unit Review unit.,NO,YES,NO,NO,f515be02489f708302df396071fab7983a465c2a42ee18f05d742fe20fd20ea2,f515be02489f708302df396071fab7983a465c2a42ee18f05d742fe20fd20ea2,Assessment Plan + Framework section packets; family-level semantic QA; selected-response one-best-answer/position QA; Framework ~fix_mathjax_v8.py; Framework ~audit_bank_package_v3.py; custom v3 structural/table/grammar/security QA,PASS,Stable Bank ID preserved; machine and human-readable representations synchronized.
U1-S1-PS1-Q02,1.1,Practice Set 1,PHASE 3 — PRACTICE / CYU,structural scaffold / prompt variety,MAJOR QUALITY DEFECT,REPAIR,Replaced stock cross-family reasoning wrapper with a task-specific family-level reasoning prompt/key. | Removed overused supplied-student-proposal scaffold; restored the family to a direct data/model/calculation task natural to the Physics content. | Resolved an exact parallel-form prompt collision with a family-specific task variation rather than a generic wrapper.,YES,YES,NO,YES,83ee4d3ca5c377770ab15e8d391caeb4ac3de03c15c076a5981080789b373fd9,9f4b52851fa094d97c03e4d84e6d194b26b2d842d79c60a7dc0b7145cc42dc98,Assessment Plan + Framework section packets; family-level semantic QA; selected-response one-best-answer/position QA; Framework ~fix_mathjax_v8.py; Framework ~audit_bank_package_v3.py; custom v3 structural/table/grammar/security QA,PASS,Stable Bank ID preserved; machine and human-readable representations synchronized.
U1-S1-PS1-Q03,1.1,Practice Set 1,PHASE 3 — PRACTICE / CYU,selected-response QA,MAJOR QUALITY DEFECT,REPAIR,Reordered selected-response choices to repair answer-position pattern in Practice Set 1 1.1.,NO,YES,NO,NO,2855841005628cabc0314a50cf568fb2f6c79675513cb2153d048d2b3b1f6f8a,2855841005628cabc0314a50cf568fb2f6c79675513cb2153d048d2b3b1f6f8a,Assessment Plan + Framework section packets; family-level semantic QA; selected-response one-best-answer/position QA; Framework ~fix_mathjax_v8.py; Framework ~audit_bank_package_v3.py; custom v3 structural/table/grammar/security QA,PASS,Stable Bank ID preserved; machine and human-readable representations synchronized.
U1-S1-PS1-Q04,1.1,Practice Set 1,PHASE 3 — PRACTICE / CYU,structural scaffold / prompt variety,MAJOR QUALITY DEFECT,REPAIR,Replaced stock cross-family reasoning wrapper with a task-specific family-level reasoning prompt/key.,YES,YES,NO,NO,a291b0586104753c02cfc454908fb108c3e7628cc84c205f8017476f98d1b8aa,28bc3c751646a79fdf9bbd3895ecb6e9977495b64a39c2980d57ea414483a18f,Assessment Plan + Framework section packets; family-level semantic QA; selected-response one-best-answer/position QA; Framework ~fix_mathjax_v8.py; Framework ~audit_bank_package_v3.py; custom v3 structural/table/grammar/security QA,PASS,Stable Bank ID preserved; machine and human-readable representations synchronized.
U1-S1-PS1-Q06,1.1,Practice Set 1,PHASE 3 — PRACTICE / CYU,structural scaffold / prompt variety,MAJOR QUALITY DEFECT,REPAIR,Replaced stock cross-family reasoning wrapper with a task-specific family-level reasoning prompt/key. | Reordered selected-response choices to repair answer-position pattern in Practice Set 1 1.1.,YES,YES,NO,NO,a8ef734cbb187a501dc4101253ac419c373e40c722355408a342ac807664bcc6,86da7cc645492ce843e432e9229c00f9e79de9da0114086b6f5370e2cedd6ca3,Assessment Plan + Framework section packets; family-level semantic QA; selected-response one-best-answer/position QA; Framework ~fix_mathjax_v8.py; Framework ~audit_bank_package_v3.py; custom v3 structural/table/grammar/security QA,PASS,Stable Bank ID preserved; machine and human-readable representations synchronized.
U1-S1-PS1-Q08,1.1,Practice Set 1,PHASE 3 — PRACTICE / CYU,structural scaffold / prompt variety,MAJOR QUALITY DEFECT,REPAIR,Replaced stock cross-family reasoning wrapper with a task-specific family-level reasoning prompt/key. | Removed overused Student A/Student B comparison scaffold; kept the same concept but restored a direct family-specific task. | Resolved an exact parallel-form prompt collision with a family-specific task variation rather than a generic wrapper.,YES,YES,NO,YES,d1a627db737042aa5b2dec7ff11eddae3fc81071614e1eda2ec933784086bedf,4278642663289f29bae41d2ea670813b77a095dff3fdfd257090f043e0c802b8,Assessment Plan + Framework section packets; family-level semantic QA; selected-response one-best-answer/position QA; Framework ~fix_mathjax_v8.py; Framework ~audit_bank_package_v3.py; custom v3 structural/table/grammar/security QA,PASS,Stable Bank ID preserved; machine and human-readable representations synchronized.
U1-S1-PS1-Q10,1.1,Practice Set 1,PHASE 3 — PRACTICE / CYU,structural scaffold / prompt variety,MAJOR QUALITY DEFECT,REPAIR,Replaced stock cross-family reasoning wrapper with a task-specific family-level reasoning prompt/key. | Removed overused supplied-student-proposal scaffold; restored the family to a direct data/model/calculation task natural to the Physics content. | Resolved an exact parallel-form prompt collision with a family-specific task variation rather than a generic wrapper.,YES,YES,NO,YES,472cf470f6610703b1cb672b91f9109d99ff6de9e1d712b1a1c597e6eff55434,434acc5398ec39156f10fc269abeb921e0a1c800dae18e7eb0dafa742fc359bd,Assessment Plan + Framework section packets; family-level semantic QA; selected-response one-best-answer/position QA; Framework ~fix_mathjax_v8.py; Framework ~audit_bank_package_v3.py; custom v3 structural/table/grammar/security QA,PASS,Stable Bank ID preserved; machine and human-readable representations synchronized.
U1-S1-PS1-Q11,1.1,Practice Set 1,PHASE 3 — PRACTICE / CYU,selected-response QA,MAJOR QUALITY DEFECT,REPAIR,"Reordered selected-response choices to repair answer-position pattern in Practice Set 1 1.1. | Replaced a repeated student-claim shell with a direct explanation, prediction, classification, or counterexample task.",YES,YES,NO,YES,f208fa981ffbf901156444c1a3158117e10a879474277b264d6085d69f8c23c0,42ac67ce98fa1542a2d4300ebd76009b6eb58a5fb4c97cdcb4cc4bd384a2da81,Assessment Plan + Framework section packets; family-level semantic QA; selected-response one-best-answer/position QA; Framework ~fix_mathjax_v8.py; Framework ~audit_bank_package_v3.py; custom v3 structural/table/grammar/security QA,PASS,Stable Bank ID preserved; machine and human-readable representations synchronized.
U1-S1-PS1-Q12,1.1,Practice Set 1,PHASE 3 — PRACTICE / CYU,structural scaffold / prompt variety,MAJOR QUALITY DEFECT,REPAIR,Replaced stock cross-family reasoning wrapper with a task-specific family-level reasoning prompt/key.,YES,YES,NO,NO,b3e4bf30da968d0130e1490afa2887d239ffc9489e4317ee4d15c2aa153c44be,4cf15a8790613c99d969220164e18cb850d33b8ea49752ccb7e6b139152e9f7d,Assessment Plan + Framework section packets; family-level semantic QA; selected-response one-best-answer/position QA; Framework ~fix_mathjax_v8.py; Framework ~audit_bank_package_v3.py; custom v3 structural/table/grammar/security QA,PASS,Stable Bank ID preserved; machine and human-readable representations synchronized.
U1-S1-PS1-Q14,1.1,Practice Set 1,PHASE 3 — PRACTICE / CYU,structural scaffold / prompt variety,MAJOR QUALITY DEFECT,REPAIR,Replaced stock cross-family reasoning wrapper with a task-specific family-level reasoning prompt/key. | Reordered selected-response choices to repair answer-position pattern in Practice Set 1 1.1.,YES,YES,NO,NO,066a0a6543e728e53ce3336c5c635195522d28ea65217079a8cf8bded5f19ee5,81b31a034227a38e273ae1ef2e9d1353ad67acfb4fdc91bfc7157569165770f8,Assessment Plan + Framework section packets; family-level semantic QA; selected-response one-best-answer/position QA; Framework ~fix_mathjax_v8.py; Framework ~audit_bank_package_v3.py; custom v3 structural/table/grammar/security QA,PASS,Stable Bank ID preserved; machine and human-readable representations synchronized.
U1-S1-PS1-Q16,1.1,Practice Set 1,PHASE 3 — PRACTICE / CYU,structural scaffold / prompt variety,MAJOR QUALITY DEFECT,REPAIR,Replaced stock cross-family reasoning wrapper with a task-specific family-level reasoning prompt/key. | Removed overused Student A/Student B comparison scaffold; kept the same concept but restored a direct family-specific task. | Resolved an exact parallel-form prompt collision with a family-specific task variation rather than a generic wrapper.,YES,YES,NO,YES,31331695a24287c0bc06e2bab0bcf25aac5ca357027250d9e1ef35726555aa82,cb7e6daa652733725e88807e5595da9b92b6de28d9c7e38bf59e10c7f2979013,Assessment Plan + Framework section packets; family-level semantic QA; selected-response one-best-answer/position QA; Framework ~fix_mathjax_v8.py; Framework ~audit_bank_package_v3.py; custom v3 structural/table/grammar/security QA,PASS,Stable Bank ID preserved; machine and human-readable representations synchronized.
U1-S1-PS1-Q18,1.1,Practice Set 1,PHASE 3 — PRACTICE / CYU,structural scaffold / prompt variety,MAJOR QUALITY DEFECT,REPAIR,Replaced stock cross-family reasoning wrapper with a task-specific family-level reasoning prompt/key. | Removed overused supplied-student-proposal scaffold; restored the family to a direct data/model/calculation task natural to the Physics content.,YES,YES,NO,YES,7807c4fb1810fd271f7b70faa2fc72aff57eee2c16e96f93ff20e9030cfa92ed,b4202c3dabf29d76114980ffd3109aaa26ed5d09a8b11d69d08a6d76f6aca99f,Assessment Plan + Framework section packets; family-level semantic QA; selected-response one-best-answer/position QA; Framework ~fix_mathjax_v8.py; Framework ~audit_bank_package_v3.py; custom v3 structural/table/grammar/security QA,PASS,Stable Bank ID preserved; machine and human-readable representations synchronized.
U1-S1-PS2-Q03,1.1,Practice Set 2,PHASE 3 — PRACTICE / CYU,structural scaffold / prompt variety,MAJOR QUALITY DEFECT,REPAIR,Replaced stock cross-family reasoning wrapper with a task-specific family-level reasoning prompt/key.,YES,NO,NO,NO,f896b09272805a9690963ed5b3474b4ebf2ffb6cd619ea0ebcdb08ef5de702c0,c503130dae2c2d595bd52c516d74c4316a6765e3da5691bdfa4b04828d4f274c,Assessment Plan + Framework section packets; family-level semantic QA; selected-response one-best-answer/position QA; Framework ~fix_mathjax_v8.py; Framework ~audit_bank_package_v3.py; custom v3 structural/table/grammar/security QA,PASS,Stable Bank ID preserved; machine and human-readable representations synchronized.
U1-S1-PS2-Q05,1.1,Practice Set 2,PHASE 3 — PRACTICE / CYU,structural scaffold / prompt variety,MAJOR QUALITY DEFECT,REPAIR,Replaced stock cross-family reasoning wrapper with a task-specific family-level reasoning prompt/key. | Removed overused Student A/Student B comparison scaffold; kept the same concept but restored a direct family-specific task. | Resolved an exact parallel-form prompt collision with a family-specific task variation rather than a generic wrapper.,YES,YES,NO,YES,017d597a0daab63bb283c7bb7e84462ea27d61d2f586d383982df99741941788,f27b12387359391667e3f2039f8036cbdedc7284b6a20a8cfba466111ce04543,Assessment Plan + Framework section packets; family-level semantic QA; selected-response one-best-answer/position QA; Framework ~fix_mathjax_v8.py; Framework ~audit_bank_package_v3.py; custom v3 structural/table/grammar/security QA,PASS,Stable Bank ID preserved; machine and human-readable representations synchronized.
U1-S1-PS2-Q07,1.1,Practice Set 2,PHASE 3 — PRACTICE / CYU,structural scaffold / prompt variety,MAJOR QUALITY DEFECT,REPAIR,Replaced stock cross-family reasoning wrapper with a task-specific family-level reasoning prompt/key. | Removed overused supplied-student-proposal scaffold; restored the family to a direct data/model/calculation task natural to the Physics content. | Resolved an exact parallel-form prompt collision with a family-specific task variation rather than a generic wrapper.,YES,YES,NO,YES,0ea7ffb39736690caf673c02c19ac63e650656a3615269ee47df12feb319f34a,d1d26b1b0369ad5d759e6a813472f40bb94c689a771fa2730b50c86cbabe0cc4,Assessment Plan + Framework section packets; family-level semantic QA; selected-response one-best-answer/position QA; Framework ~fix_mathjax_v8.py; Framework ~audit_bank_package_v3.py; custom v3 structural/table/grammar/security QA,PASS,Stable Bank ID preserved; machine and human-readable representations synchronized.
U1-S1-PS2-Q09,1.1,Practice Set 2,PHASE 3 — PRACTICE / CYU,structural scaffold / prompt variety,MAJOR QUALITY DEFECT,REPAIR,Replaced stock cross-family reasoning wrapper with a task-specific family-level reasoning prompt/key.,YES,YES,NO,NO,3bda242a3d49a91e1419790a53fcb7791505d0110e0ed2fd5ef1cd9a9bac91eb,170d8557947c5551a69acd10eb744ef2b7bd85fc161355538d5bbf6da8a90964,Assessment Plan + Framework section packets; family-level semantic QA; selected-response one-best-answer/position QA; Framework ~fix_mathjax_v8.py; Framework ~audit_bank_package_v3.py; custom v3 structural/table/grammar/security QA,PASS,Stable Bank ID preserved; machine and human-readable representations synchronized.
U1-S1-PS2-Q11,1.1,Practice Set 2,PHASE 3 — PRACTICE / CYU,structural scaffold / prompt variety,MAJOR QUALITY DEFECT,REPAIR,Replaced stock cross-family reasoning wrapper with a task-specific family-level reasoning prompt/key.,YES,NO,NO,NO,154f6cd2f84061e8eb7ba10f63e5ca6b94dadf6e1e3846844e134f7e4098fbbc,8967d32216b821c965de99e3ba286264df057996926899394bdb235485c88ded,Assessment Plan + Framework section packets; family-level semantic QA; selected-response one-best-answer/position QA; Framework ~fix_mathjax_v8.py; Framework ~audit_bank_package_v3.py; custom v3 structural/table/grammar/security QA,PASS,Stable Bank ID preserved; machine and human-readable representations synchronized.
U1-S1-PS2-Q13,1.1,Practice Set 2,PHASE 3 — PRACTICE / CYU,structural scaffold / prompt variety,MAJOR QUALITY DEFECT,REPAIR,Replaced stock cross-family reasoning wrapper with a task-specific family-level reasoning prompt/key. | Removed overused Student A/Student B comparison scaffold; kept the same concept but restored a direct family-specific task. | Resolved an exact parallel-form prompt collision with a family-specific task variation rather than a generic wrapper.,YES,YES,NO,YES,e13a7a4fc93eb2df987ab6d70752aa6910fc4f3be06d9867340a31b8df5bf424,579f2dc40f6cf5b2e82c9f6e252e8149b1d9c8f07c0943074bf989fdd47b00af,Assessment Plan + Framework section packets; family-level semantic QA; selected-response one-best-answer/position QA; Framework ~fix_mathjax_v8.py; Framework ~audit_bank_package_v3.py; custom v3 structural/table/grammar/security QA,PASS,Stable Bank ID preserved; machine and human-readable representations synchronized.
U1-S1-PS2-Q15,1.1,Practice Set 2,PHASE 3 — PRACTICE / CYU,structural scaffold / prompt variety,MAJOR QUALITY DEFECT,REPAIR,Replaced stock cross-family reasoning wrapper with a task-specific family-level reasoning prompt/key. | Removed overused supplied-student-proposal scaffold; restored the family to a direct data/model/calculation task natural to the Physics content. | Resolved an exact parallel-form prompt collision with a family-specific task variation rather than a generic wrapper.,YES,YES,NO,YES,eca1fe97cfdc40b495cde92625aa8aab382808932f60051210dbbae76245f682,719727a5323d2b96b70fd9f88ee9903652257d2e81133b4340359e1ac03e2a34,Assessment Plan + Framework section packets; family-level semantic QA; selected-response one-best-answer/position QA; Framework ~fix_mathjax_v8.py; Framework ~audit_bank_package_v3.py; custom v3 structural/table/grammar/security QA,PASS,Stable Bank ID preserved; machine and human-readable representations synchronized.
U1-S1-PS2-Q17,1.1,Practice Set 2,PHASE 3 — PRACTICE / CYU,structural scaffold / prompt variety,MAJOR QUALITY DEFECT,REPAIR,Replaced stock cross-family reasoning wrapper with a task-specific family-level reasoning prompt/key. | Removed overused supplied-student-proposal scaffold; restored the family to a direct data/model/calculation task natural to the Physics content. | Resolved an exact parallel-form prompt collision with a family-specific task variation rather than a generic wrapper.,YES,YES,NO,YES,17b5eee82e6b959e85d38fde82ef8f0d567d7fc01820d599bdd6f78cbe7c5fab,f91d685ad5dda62a5e1ffcfc181eac367a49e722f4cd513719ff77dfd2897b29,Assessment Plan + Framework section packets; family-level semantic QA; selected-response one-best-answer/position QA; Framework ~fix_mathjax_v8.py; Framework ~audit_bank_package_v3.py; custom v3 structural/table/grammar/security QA,PASS,Stable Bank ID preserved; machine and human-readable representations synchronized.
U1-S1-PS2-Q18,1.1,Practice Set 2,PHASE 3 — PRACTICE / CYU,structural scaffold / prompt variety,MAJOR QUALITY DEFECT,REPAIR,Replaced stock cross-family reasoning wrapper with a task-specific family-level reasoning prompt/key.,YES,NO,NO,NO,1386c7c9ac50822ac6a3e550771023df0c2e66fabb0b57bdba47fa1d746e26e6,ef832a7b9f44d515b49ec7e888de19032be7846ab319d19aaf22598f1960c217,Assessment Plan + Framework section packets; family-level semantic QA; selected-response one-best-answer/position QA; Framework ~fix_mathjax_v8.py; Framework ~audit_bank_package_v3.py; custom v3 structural/table/grammar/security QA,PASS,Stable Bank ID preserved; machine and human-readable representations synchronized.
U1-S1-PS3-Q10,1.1,Practice Set 3,PHASE 3 — PRACTICE / CYU,structural scaffold / prompt variety,MAJOR QUALITY DEFECT,REPAIR,Replaced stock cross-family reasoning wrapper with a task-specific family-level reasoning prompt/key.,YES,YES,NO,NO,adbd662eeb0aad9f9955c664e77a720d2f23bea649d4c3e82b1a124401968b7e,05a3748dec8baa84fc45d21f71242cb2e56b8b35d029f93eb46f4c235ec90a66,Assessment Plan + Framework section packets; family-level semantic QA; selected-response one-best-answer/position QA; Framework ~fix_mathjax_v8.py; Framework ~audit_bank_package_v3.py; custom v3 structural/table/grammar/security QA,PASS,Stable Bank ID preserved; machine and human-readable representations synchronized.
U1-S1-PS3-Q11,1.1,Practice Set 3,PHASE 3 — PRACTICE / CYU,structural scaffold / prompt variety,MAJOR QUALITY DEFECT,REPAIR,Replaced stock cross-family reasoning wrapper with a task-specific family-level reasoning prompt/key. | Removed overused supplied-student-proposal scaffold; restored the family to a direct data/model/calculation task natural to the Physics content. | Resolved an exact parallel-form prompt collision with a family-specific task variation rather than a generic wrapper.,YES,YES,NO,YES,d3cbb42ee97ece229881c1a64b57365fc596416888ac9a2ef4d823db73064bd4,8b9c1d31ea713506d37226f870d72af7ff6036e5d603428bdb0fa541b7fdd669,Assessment Plan + Framework section packets; family-level semantic QA; selected-response one-best-answer/position QA; Framework ~fix_mathjax_v8.py; Framework ~audit_bank_package_v3.py; custom v3 structural/table/grammar/security QA,PASS,Stable Bank ID preserved; machine and human-readable representations synchronized.
U1-S1-PS3-Q12,1.1,Practice Set 3,PHASE 3 — PRACTICE / CYU,structural scaffold / prompt variety,BLOCKER,REPAIR,Replaced stock cross-family reasoning wrapper with a task-specific family-level reasoning prompt/key. | Fixed duplicated terminal punctuation in student-facing prompt.,YES,NO,NO,NO,600927d4856ff3224dfad1923d4d45c7cbe73b43fcc542546261fc6110629160,2b4b88b1ff3070c1141370db65ec66969af93af005092669ca737edb83607514,Assessment Plan + Framework section packets; family-level semantic QA; selected-response one-best-answer/position QA; Framework ~fix_mathjax_v8.py; Framework ~audit_bank_package_v3.py; custom v3 structural/table/grammar/security QA,PASS,Stable Bank ID preserved; machine and human-readable representations synchronized.
U1-S1-PS3-Q13,1.1,Practice Set 3,PHASE 3 — PRACTICE / CYU,structural scaffold / prompt variety,MAJOR QUALITY DEFECT,REPAIR,Replaced stock cross-family reasoning wrapper with a task-specific family-level reasoning prompt/key.,YES,NO,NO,NO,758677f06b7e8846e7958cd34a8d4f17dc6f0656c67d24200cc62bca76345252,59af308d0fb88fb148ae272f047d591ee499bf73636b67aa9b1e63d83956dccc,Assessment Plan + Framework section packets; family-level semantic QA; selected-response one-best-answer/position QA; Framework ~fix_mathjax_v8.py; Framework ~audit_bank_package_v3.py; custom v3 structural/table/grammar/security QA,PASS,Stable Bank ID preserved; machine and human-readable representations synchronized.
U1-S1-PS3-Q14,1.1,Practice Set 3,PHASE 3 — PRACTICE / CYU,structural scaffold / prompt variety,MAJOR QUALITY DEFECT,REPAIR,Replaced stock cross-family reasoning wrapper with a task-specific family-level reasoning prompt/key.,YES,YES,NO,NO,7debba2f077d4da3705ec129990acdd023d707fc93c0348b09978b682b8c88e6,070f4bebadf9d07d2c8ac58a9c21eae2b73c25abb5bfb5b7f1072928fadf296a,Assessment Plan + Framework section packets; family-level semantic QA; selected-response one-best-answer/position QA; Framework ~fix_mathjax_v8.py; Framework ~audit_bank_package_v3.py; custom v3 structural/table/grammar/security QA,PASS,Stable Bank ID preserved; machine and human-readable representations synchronized.
U1-S1-PS3-Q15,1.1,Practice Set 3,PHASE 3 — PRACTICE / CYU,structural scaffold / prompt variety,MAJOR QUALITY DEFECT,REPAIR,Replaced stock cross-family reasoning wrapper with a task-specific family-level reasoning prompt/key. | Removed overused supplied-student-proposal scaffold; restored the family to a direct data/model/calculation task natural to the Physics content. | Resolved an exact parallel-form prompt collision with a family-specific task variation rather than a generic wrapper.,YES,YES,NO,YES,7a73b81e6fdf2804cdf67a8856a9f582390b17b6f3e5e263642888a31866c3df,c5d785d39a973a210e1719e36b8a79e54e529283cbd4957554241472f96bce44,Assessment Plan + Framework section packets; family-level semantic QA; selected-response one-best-answer/position QA; Framework ~fix_mathjax_v8.py; Framework ~audit_bank_package_v3.py; custom v3 structural/table/grammar/security QA,PASS,Stable Bank ID preserved; machine and human-readable representations synchronized.
U1-S1-PS3-Q16,1.1,Practice Set 3,PHASE 3 — PRACTICE / CYU,structural scaffold / prompt variety,MAJOR QUALITY DEFECT,REPAIR,Replaced stock cross-family reasoning wrapper with a task-specific family-level reasoning prompt/key. | Removed overused supplied-student-proposal scaffold; restored the family to a direct data/model/calculation task natural to the Physics content. | Resolved an exact parallel-form prompt collision with a family-specific task variation rather than a generic wrapper.,YES,YES,NO,YES,6da418d799cbda434a52301c7ce1c0d2fc85d476da7120f3fe5848d91e4d4c7d,a710a0cef81371062d7b18063194d99b1f0fb4f3a1b0926366fd3e590a11fb55,Assessment Plan + Framework section packets; family-level semantic QA; selected-response one-best-answer/position QA; Framework ~fix_mathjax_v8.py; Framework ~audit_bank_package_v3.py; custom v3 structural/table/grammar/security QA,PASS,Stable Bank ID preserved; machine and human-readable representations synchronized.
U1-S1-PS3-Q17,1.1,Practice Set 3,PHASE 3 — PRACTICE / CYU,structural scaffold / prompt variety,MAJOR QUALITY DEFECT,REPAIR,Replaced stock cross-family reasoning wrapper with a task-specific family-level reasoning prompt/key.,YES,NO,NO,NO,ce5c68632479ce622353101408521af2dbf34d60d8b4c19144fde6848b45cedf,07c36e9e1bcc88978c21a296598df96effa5cb1620eb7859a84b3fb4b7c80bec,Assessment Plan + Framework section packets; family-level semantic QA; selected-response one-best-answer/position QA; Framework ~fix_mathjax_v8.py; Framework ~audit_bank_package_v3.py; custom v3 structural/table/grammar/security QA,PASS,Stable Bank ID preserved; machine and human-readable representations synchronized.
U1-S1-PS3-Q18,1.1,Practice Set 3,PHASE 3 — PRACTICE / CYU,structural scaffold / prompt variety,MAJOR QUALITY DEFECT,REPAIR,Replaced stock cross-family reasoning wrapper with a task-specific family-level reasoning prompt/key.,YES,NO,NO,NO,bb17530b01ee15fbddc7b8bb5f781df2249861f06cd12dea995b64f02033b65e,159dfc419b765fb18b65e274d0b0d94fa456ad5f69359e98de7d9cbc6ee4e69d,Assessment Plan + Framework section packets; family-level semantic QA; selected-response one-best-answer/position QA; Framework ~fix_mathjax_v8.py; Framework ~audit_bank_package_v3.py; custom v3 structural/table/grammar/security QA,PASS,Stable Bank ID preserved; machine and human-readable representations synchronized.
U1-S1-WTC01,1.1,What's To Come,PHASE 1 — WTC,WTC correctness,MAJOR QUALITY DEFECT,REPAIR,Corrected WTC inference so repeated total travel times are not misused as evidence of constant speed.,NO,YES,NO,NO,8f15b3b1d4318750382e04637dcc7b1e43d52ad10fe4ebda061fd694ee70eb5c,8f15b3b1d4318750382e04637dcc7b1e43d52ad10fe4ebda061fd694ee70eb5c,Assessment Plan + Framework section packets; family-level semantic QA; selected-response one-best-answer/position QA; Framework ~fix_mathjax_v8.py; Framework ~audit_bank_package_v3.py; custom v3 structural/table/grammar/security QA,PASS,Stable Bank ID preserved; machine and human-readable representations synchronized.
U1-S1-XP-Q03,1.1,Extra Practice,PHASE 3 — PRACTICE / CYU,structural scaffold / prompt variety,MAJOR QUALITY DEFECT,REPAIR,Replaced stock cross-family reasoning wrapper with a task-specific family-level reasoning prompt/key.,YES,YES,NO,NO,a53e814f61a8453f0fd70c85461d99f1d9afcb3e4fe5f69dabf68ee81097c3d0,4016e96e7da067e08c607f480b52b0b08a300b84b9a67894f3d688818caa9ebb,Assessment Plan + Framework section packets; family-level semantic QA; selected-response one-best-answer/position QA; Framework ~fix_mathjax_v8.py; Framework ~audit_bank_package_v3.py; custom v3 structural/table/grammar/security QA,PASS,Stable Bank ID preserved; machine and human-readable representations synchronized.
U1-S1-XP-Q05,1.1,Extra Practice,PHASE 3 — PRACTICE / CYU,structural scaffold / prompt variety,MAJOR QUALITY DEFECT,REPAIR,Replaced stock cross-family reasoning wrapper with a task-specific family-level reasoning prompt/key.,YES,NO,NO,NO,b117ccb43f9beca055c1b679d510506fcec10b149ac38a36221c0fb1af86045a,0050821279beca436e014e32e1aa870bda4c7692c03324cd31a3982087f4ab8f,Assessment Plan + Framework section packets; family-level semantic QA; selected-response one-best-answer/position QA; Framework ~fix_mathjax_v8.py; Framework ~audit_bank_package_v3.py; custom v3 structural/table/grammar/security QA,PASS,Stable Bank ID preserved; machine and human-readable representations synchronized.
U1-S1-XP-Q07,1.1,Extra Practice,PHASE 3 — PRACTICE / CYU,structural scaffold / prompt variety,MAJOR QUALITY DEFECT,REPAIR,Replaced stock cross-family reasoning wrapper with a task-specific family-level reasoning prompt/key. | Removed overused Student A/Student B comparison scaffold; kept the same concept but restored a direct family-specific task. | Resolved an exact parallel-form prompt collision with a family-specific task variation rather than a generic wrapper.,YES,YES,NO,YES,e7e4cb8f6b480babf46df714a32433028564e46ada56d7b36623bc904e5ef9d9,1e87e04644a5648a9349ed039624e6ba36ff897aa6909d78dc919c1ab02a3752,Assessment Plan + Framework section packets; family-level semantic QA; selected-response one-best-answer/position QA; Framework ~fix_mathjax_v8.py; Framework ~audit_bank_package_v3.py; custom v3 structural/table/grammar/security QA,PASS,Stable Bank ID preserved; machine and human-readable representations synchronized.
U1-S1-XP-Q09,1.1,Extra Practice,PHASE 3 — PRACTICE / CYU,structural scaffold / prompt variety,MAJOR QUALITY DEFECT,REPAIR,Replaced stock cross-family reasoning wrapper with a task-specific family-level reasoning prompt/key. | Reordered selected-response choices to repair answer-position pattern in Extra Practice 1.1. | Removed overused supplied-student-proposal scaffold; restored the family to a direct data/model/calculation task natural to the Physics content. | Resolved an exact parallel-form prompt collision with a family-specific task variation rather than a generic wrapper.,YES,YES,NO,YES,81c82b83e3d24ba7bf7c37604d6f5296aecf528408094bd7162b13de54e598df,5f1ac92fb40ce008a5ea63a0d0ba9487909386626fdcbe9a8fbb43ee779b42a7,Assessment Plan + Framework section packets; family-level semantic QA; selected-response one-best-answer/position QA; Framework ~fix_mathjax_v8.py; Framework ~audit_bank_package_v3.py; custom v3 structural/table/grammar/security QA,PASS,Stable Bank ID preserved; machine and human-readable representations synchronized.
U1-S1-XP-Q11,1.1,Extra Practice,PHASE 3 — PRACTICE / CYU,structural scaffold / prompt variety,MAJOR QUALITY DEFECT,REPAIR,"Replaced stock cross-family reasoning wrapper with a task-specific family-level reasoning prompt/key. | Replaced a repeated student-claim shell with a direct explanation, prediction, classification, or counterexample task.",YES,YES,NO,YES,5725bd9cce86d20bf4a9ad2f74f0745a5cd214812986435efb62169aaf039a38,afb8e258f9a7ca3b4c90cbb32666b494e1901c6ed844cfa3d87ac7771511da30,Assessment Plan + Framework section packets; family-level semantic QA; selected-response one-best-answer/position QA; Framework ~fix_mathjax_v8.py; Framework ~audit_bank_package_v3.py; custom v3 structural/table/grammar/security QA,PASS,Stable Bank ID preserved; machine and human-readable representations synchronized.
U1-S1-XP-Q13,1.1,Extra Practice,PHASE 3 — PRACTICE / CYU,structural scaffold / prompt variety,MAJOR QUALITY DEFECT,REPAIR,Replaced stock cross-family reasoning wrapper with a task-specific family-level reasoning prompt/key.,YES,NO,NO,NO,2cb5d746fa63dc29e14a9a30917be5d680abb4fed65b81f322adad5bd001905a,db82e38aca94701ab9009dc61487525f91549a2fe2a6ce6f98d02c700536c194,Assessment Plan + Framework section packets; family-level semantic QA; selected-response one-best-answer/position QA; Framework ~fix_mathjax_v8.py; Framework ~audit_bank_package_v3.py; custom v3 structural/table/grammar/security QA,PASS,Stable Bank ID preserved; machine and human-readable representations synchronized.
U1-S1-XP-Q14,1.1,Extra Practice,PHASE 3 — PRACTICE / CYU,selected-response QA,MAJOR QUALITY DEFECT,REPAIR,Reordered selected-response choices to repair answer-position pattern in Extra Practice 1.1.,NO,YES,NO,NO,9246e8938fb964602eea4a62e4b5f682c8130a9370717d13c7ac6939895e7240,9246e8938fb964602eea4a62e4b5f682c8130a9370717d13c7ac6939895e7240,Assessment Plan + Framework section packets; family-level semantic QA; selected-response one-best-answer/position QA; Framework ~fix_mathjax_v8.py; Framework ~audit_bank_package_v3.py; custom v3 structural/table/grammar/security QA,PASS,Stable Bank ID preserved; machine and human-readable representations synchronized.
U1-S1-XP-Q15,1.1,Extra Practice,PHASE 3 — PRACTICE / CYU,structural scaffold / prompt variety,MAJOR QUALITY DEFECT,REPAIR,Replaced stock cross-family reasoning wrapper with a task-specific family-level reasoning prompt/key. | Removed overused Student A/Student B comparison scaffold; kept the same concept but restored a direct family-specific task. | Resolved an exact parallel-form prompt collision with a family-specific task variation rather than a generic wrapper.,YES,YES,NO,YES,bca29adfdd00b02ef3a724843d5e6825c50aa2475e683bbafe2de902c367919f,9fc110e8615b0e6065a1117cf2c2e65cfd1abd308aad90310552981909c72261,Assessment Plan + Framework section packets; family-level semantic QA; selected-response one-best-answer/position QA; Framework ~fix_mathjax_v8.py; Framework ~audit_bank_package_v3.py; custom v3 structural/table/grammar/security QA,PASS,Stable Bank ID preserved; machine and human-readable representations synchronized.
U1-S1-XP-Q17,1.1,Extra Practice,PHASE 3 — PRACTICE / CYU,structural scaffold / prompt variety,MAJOR QUALITY DEFECT,REPAIR,Replaced stock cross-family reasoning wrapper with a task-specific family-level reasoning prompt/key. | Removed overused supplied-student-proposal scaffold; restored the family to a direct data/model/calculation task natural to the Physics content. | Resolved an exact parallel-form prompt collision with a family-specific task variation rather than a generic wrapper.,YES,YES,NO,YES,03280bac02c058609758d71329b4b3a0d1b9e72003b4952889a8dea4254afa9e,fc2897891d276487c8c96af76469e4eb7ed228a130fd89c470b96b06e088f329,Assessment Plan + Framework section packets; family-level semantic QA; selected-response one-best-answer/position QA; Framework ~fix_mathjax_v8.py; Framework ~audit_bank_package_v3.py; custom v3 structural/table/grammar/security QA,PASS,Stable Bank ID preserved; machine and human-readable representations synchronized.
U1-S1-XP-Q18,1.1,Extra Practice,PHASE 3 — PRACTICE / CYU,structural scaffold / prompt variety,MAJOR QUALITY DEFECT,REPAIR,Replaced stock cross-family reasoning wrapper with a task-specific family-level reasoning prompt/key. | Removed overused supplied-student-proposal scaffold; restored the family to a direct data/model/calculation task natural to the Physics content. | Resolved an exact parallel-form prompt collision with a family-specific task variation rather than a generic wrapper.,YES,YES,NO,YES,2c321d7cc8d66f78b9e8f49e4b1fb67e43bd2024ecc786b9f3d75d81b48b3d19,5061bf4c6697ef96a5c5b25a8a0267fa83269dd12283a72a382f9a509e72c434,Assessment Plan + Framework section packets; family-level semantic QA; selected-response one-best-answer/position QA; Framework ~fix_mathjax_v8.py; Framework ~audit_bank_package_v3.py; custom v3 structural/table/grammar/security QA,PASS,Stable Bank ID preserved; machine and human-readable representations synchronized.
U1-S2-BLK-Q21,1.2,Blooket,PHASE 4 — SHORT INSTRUCTIONAL,short instructional duplicate/export,BLOCKER,REPAIR,Replaced a same-set Blooket duplicate with a new family-aligned game item and synchronized the export.,YES,YES,NO,YES,82351e6ef0ecbbfbf7e91376cfefb0311b3d7cd47080a3425f7307b935468330,49a3eea2f7c86849b27fa83a633b0e12f0d7b0dcd0aebc668d82fdc3ff0f8d88,Assessment Plan + Framework section packets; family-level semantic QA; selected-response one-best-answer/position QA; Framework ~fix_mathjax_v8.py; Framework ~audit_bank_package_v3.py; custom v3 structural/table/grammar/security QA,PASS,Stable Bank ID preserved; machine and human-readable representations synchronized.
U1-S2-PS1-Q06,1.2,Practice Set 1,PHASE 3 — PRACTICE / CYU,content quality / synchronization,MAJOR QUALITY DEFECT,REPAIR,"Replaced a repeated student-claim shell with a direct explanation, prediction, classification, or counterexample task.",YES,NO,NO,YES,7419b8081d83cb6cd68db36fd7342168a72beea24593347bf6e7f19fecbcf4fa,9aa7eff7b73efae44dbb6c02500f1e02f3923bb14242d0b37382591c30ef02f2,Assessment Plan + Framework section packets; family-level semantic QA; selected-response one-best-answer/position QA; Framework ~fix_mathjax_v8.py; Framework ~audit_bank_package_v3.py; custom v3 structural/table/grammar/security QA,PASS,Stable Bank ID preserved; machine and human-readable representations synchronized.
U1-S2-PS1-Q11,1.2,Practice Set 1,PHASE 3 — PRACTICE / CYU,structural scaffold / prompt variety,MAJOR QUALITY DEFECT,REPAIR,Replaced stock cross-family reasoning wrapper with a task-specific family-level reasoning prompt/key. | Removed overused supplied-student-proposal scaffold; restored the family to a direct data/model/calculation task natural to the Physics content. | Resolved an exact parallel-form prompt collision with a family-specific task variation rather than a generic wrapper.,YES,YES,NO,YES,64dee86d24313c5eb0403057c0863aa315c25ce53492f33a9b62f6c0e85d74c7,93b438403b4cb0fe2ebf6c23df14a0cca60e4db22677c1e1744e06ac75c80321,Assessment Plan + Framework section packets; family-level semantic QA; selected-response one-best-answer/position QA; Framework ~fix_mathjax_v8.py; Framework ~audit_bank_package_v3.py; custom v3 structural/table/grammar/security QA,PASS,Stable Bank ID preserved; machine and human-readable representations synchronized.
U1-S2-PS1-Q12,1.2,Practice Set 1,PHASE 3 — PRACTICE / CYU,structural scaffold / prompt variety,MAJOR QUALITY DEFECT,REPAIR,Replaced stock cross-family reasoning wrapper with a task-specific family-level reasoning prompt/key.,YES,NO,NO,NO,7d2efca5cd8ff64e12b7117ab50d815773e302b7658c287a6f3b1410fa6e5360,25153bdf4f881d2996b29f00fc2616f26f6e42f81f554ced019e83a902493dec,Assessment Plan + Framework section packets; family-level semantic QA; selected-response one-best-answer/position QA; Framework ~fix_mathjax_v8.py; Framework ~audit_bank_package_v3.py; custom v3 structural/table/grammar/security QA,PASS,Stable Bank ID preserved; machine and human-readable representations synchronized.
U1-S2-PS1-Q13,1.2,Practice Set 1,PHASE 3 — PRACTICE / CYU,structural scaffold / prompt variety,MAJOR QUALITY DEFECT,REPAIR,Replaced stock cross-family reasoning wrapper with a task-specific family-level reasoning prompt/key.,YES,YES,NO,NO,2451c5a0e3612dc524ef13561fb7e56bf2296c8040a75ad77e852ea4cb3a1960,29280c50d65ec2d3458992398e6ca2a04b1615da9872aae8ba57d0a34274477e,Assessment Plan + Framework section packets; family-level semantic QA; selected-response one-best-answer/position QA; Framework ~fix_mathjax_v8.py; Framework ~audit_bank_package_v3.py; custom v3 structural/table/grammar/security QA,PASS,Stable Bank ID preserved; machine and human-readable representations synchronized.
U1-S2-PS1-Q14,1.2,Practice Set 1,PHASE 3 — PRACTICE / CYU,structural scaffold / prompt variety,MAJOR QUALITY DEFECT,REPAIR,Replaced stock cross-family reasoning wrapper with a task-specific family-level reasoning prompt/key. | Removed overused Student A/Student B comparison scaffold; kept the same concept but restored a direct family-specific task. | Resolved an exact parallel-form prompt collision with a family-specific task variation rather than a generic wrapper.,YES,YES,NO,YES,ece877116eca2874b081df4a0e7dda3be61cbf20e9fe4cb3177117221d4e424f,c6c93353792dfb48d1e075541d464ecc132ea3dbcee91b61b66e30bfb52e7566,Assessment Plan + Framework section packets; family-level semantic QA; selected-response one-best-answer/position QA; Framework ~fix_mathjax_v8.py; Framework ~audit_bank_package_v3.py; custom v3 structural/table/grammar/security QA,PASS,Stable Bank ID preserved; machine and human-readable representations synchronized.
U1-S2-PS1-Q15,1.2,Practice Set 1,PHASE 3 — PRACTICE / CYU,structural scaffold / prompt variety,MAJOR QUALITY DEFECT,REPAIR,Replaced stock cross-family reasoning wrapper with a task-specific family-level reasoning prompt/key. | Removed overused supplied-student-proposal scaffold; restored the family to a direct data/model/calculation task natural to the Physics content. | Resolved an exact parallel-form prompt collision with a family-specific task variation rather than a generic wrapper.,YES,YES,NO,YES,7a17b76da24039763b5bebde0896b757fe5e59e15b25a7b5bdb6f0d0a69086e6,85b06dee26c8f65ca339872e247d83e3e0a31eda6b5f47ddff48651235185f74,Assessment Plan + Framework section packets; family-level semantic QA; selected-response one-best-answer/position QA; Framework ~fix_mathjax_v8.py; Framework ~audit_bank_package_v3.py; custom v3 structural/table/grammar/security QA,PASS,Stable Bank ID preserved; machine and human-readable representations synchronized.
U1-S2-PS1-Q16,1.2,Practice Set 1,PHASE 3 — PRACTICE / CYU,structural scaffold / prompt variety,MAJOR QUALITY DEFECT,REPAIR,"Replaced stock cross-family reasoning wrapper with a task-specific family-level reasoning prompt/key. | Replaced a repeated student-claim shell with a direct explanation, prediction, classification, or counterexample task.",YES,YES,NO,YES,d393949d6b5a70efcf0117c8261da6eb564c0fbafe9c469a616567961cd8ad28,ea4ab35b7a22f5b3adc6cb83106db19cd138e38390d6b36cb8368d70556aa678,Assessment Plan + Framework section packets; family-level semantic QA; selected-response one-best-answer/position QA; Framework ~fix_mathjax_v8.py; Framework ~audit_bank_package_v3.py; custom v3 structural/table/grammar/security QA,PASS,Stable Bank ID preserved; machine and human-readable representations synchronized.
U1-S2-PS1-Q17,1.2,Practice Set 1,PHASE 3 — PRACTICE / CYU,structural scaffold / prompt variety,MAJOR QUALITY DEFECT,REPAIR,Replaced stock cross-family reasoning wrapper with a task-specific family-level reasoning prompt/key.,YES,NO,NO,NO,6aca7d598da7cff738d16e4ceff318f2e9e88f832f849430a99e5e1df9819c12,5061630978fb8598438412446cbaf3e321739509bc32d7c9e046e0dbce8aec7b,Assessment Plan + Framework section packets; family-level semantic QA; selected-response one-best-answer/position QA; Framework ~fix_mathjax_v8.py; Framework ~audit_bank_package_v3.py; custom v3 structural/table/grammar/security QA,PASS,Stable Bank ID preserved; machine and human-readable representations synchronized.
U1-S2-PS1-Q18,1.2,Practice Set 1,PHASE 3 — PRACTICE / CYU,structural scaffold / prompt variety,MAJOR QUALITY DEFECT,REPAIR,Replaced stock cross-family reasoning wrapper with a task-specific family-level reasoning prompt/key. | Removed overused Student A/Student B comparison scaffold; kept the same concept but restored a direct family-specific task. | Resolved an exact parallel-form prompt collision with a family-specific task variation rather than a generic wrapper.,YES,YES,NO,YES,ce9056ce1ecbb0e93e2e67e703397832672e3c0c23e0387a7411135331c09b95,60c722e6d992bed09401c38eceed3db8ac83f56f4ec6183bbe26aa068733a3a3,Assessment Plan + Framework section packets; family-level semantic QA; selected-response one-best-answer/position QA; Framework ~fix_mathjax_v8.py; Framework ~audit_bank_package_v3.py; custom v3 structural/table/grammar/security QA,PASS,Stable Bank ID preserved; machine and human-readable representations synchronized.
U1-S2-PS1-Q19,1.2,Practice Set 1,PHASE 3 — PRACTICE / CYU,structural scaffold / prompt variety,MAJOR QUALITY DEFECT,REPAIR,Replaced stock cross-family reasoning wrapper with a task-specific family-level reasoning prompt/key. | Removed overused supplied-student-proposal scaffold; restored the family to a direct data/model/calculation task natural to the Physics content. | Resolved an exact parallel-form prompt collision with a family-specific task variation rather than a generic wrapper.,YES,YES,NO,YES,78c7bf5009cdc5b71d588a54567e4016b649cfb3b65937abe9e5841b869eb615,e21f7e3e721589b6edd1601cd57189b32eb3482469085a2c31e0b662844f3282,Assessment Plan + Framework section packets; family-level semantic QA; selected-response one-best-answer/position QA; Framework ~fix_mathjax_v8.py; Framework ~audit_bank_package_v3.py; custom v3 structural/table/grammar/security QA,PASS,Stable Bank ID preserved; machine and human-readable representations synchronized.
U1-S2-PS2-Q03,1.2,Practice Set 2,PHASE 3 — PRACTICE / CYU,content quality / synchronization,MAJOR QUALITY DEFECT,REPAIR,"Replaced a repeated student-claim shell with a direct explanation, prediction, classification, or counterexample task.",YES,NO,NO,YES,f65200797a57e034790267cf910e47719c339cf8669be8d7037257fed905b755,352645390cf14434eed74f36979700c90d73606985815355ca8ed64ada41fb5c,Assessment Plan + Framework section packets; family-level semantic QA; selected-response one-best-answer/position QA; Framework ~fix_mathjax_v8.py; Framework ~audit_bank_package_v3.py; custom v3 structural/table/grammar/security QA,PASS,Stable Bank ID preserved; machine and human-readable representations synchronized.
U1-S2-PS2-Q11,1.2,Practice Set 2,PHASE 3 — PRACTICE / CYU,structural scaffold / prompt variety,MAJOR QUALITY DEFECT,REPAIR,Replaced stock cross-family reasoning wrapper with a task-specific family-level reasoning prompt/key. | Removed overused Student A/Student B comparison scaffold; kept the same concept but restored a direct family-specific task. | Resolved an exact parallel-form prompt collision with a family-specific task variation rather than a generic wrapper.,YES,YES,NO,YES,1c30cdaebb053139f30fcef28979413383b32d3dba61da992ccb13d78cde14dd,9883ae812d70f69fdd3aa88dce8da414efce258d80737dc1824c61e0ef341a2f,Assessment Plan + Framework section packets; family-level semantic QA; selected-response one-best-answer/position QA; Framework ~fix_mathjax_v8.py; Framework ~audit_bank_package_v3.py; custom v3 structural/table/grammar/security QA,PASS,Stable Bank ID preserved; machine and human-readable representations synchronized.
U1-S2-PS2-Q12,1.2,Practice Set 2,PHASE 3 — PRACTICE / CYU,structural scaffold / prompt variety,MAJOR QUALITY DEFECT,REPAIR,Replaced stock cross-family reasoning wrapper with a task-specific family-level reasoning prompt/key. | Removed overused supplied-student-proposal scaffold; restored the family to a direct data/model/calculation task natural to the Physics content. | Resolved an exact parallel-form prompt collision with a family-specific task variation rather than a generic wrapper.,YES,YES,NO,YES,81ae6ce886743b4d96c0fd124f5c8f890af3cd3c464b6b5bff795f5ef9fa1698,0f5e5d042b13b49f7991bd5abcea6f36213ddb87e768bcd2497a31bfb8e4df3d,Assessment Plan + Framework section packets; family-level semantic QA; selected-response one-best-answer/position QA; Framework ~fix_mathjax_v8.py; Framework ~audit_bank_package_v3.py; custom v3 structural/table/grammar/security QA,PASS,Stable Bank ID preserved; machine and human-readable representations synchronized.
U1-S2-PS2-Q13,1.2,Practice Set 2,PHASE 3 — PRACTICE / CYU,structural scaffold / prompt variety,MAJOR QUALITY DEFECT,REPAIR,Replaced stock cross-family reasoning wrapper with a task-specific family-level reasoning prompt/key.,YES,YES,NO,NO,f8a03a5c49ac3d6e61af129c77ec4568cf7020513c9c2fcee687ed64424ce220,f74b9020e90ebe75b2504b8e46d894688bad9c538a3d96b5122e8426a922d1cc,Assessment Plan + Framework section packets; family-level semantic QA; selected-response one-best-answer/position QA; Framework ~fix_mathjax_v8.py; Framework ~audit_bank_package_v3.py; custom v3 structural/table/grammar/security QA,PASS,Stable Bank ID preserved; machine and human-readable representations synchronized.
U1-S2-PS2-Q14,1.2,Practice Set 2,PHASE 3 — PRACTICE / CYU,structural scaffold / prompt variety,MAJOR QUALITY DEFECT,REPAIR,Replaced stock cross-family reasoning wrapper with a task-specific family-level reasoning prompt/key.,YES,NO,NO,NO,85294cb6189860ba3750281f33be4a489e68dca4ee01472e6b06f17a364448dd,797e62c2c8c7a2c2ecdf7d10906420f802f4db643a54617e67374fac338ce2f4,Assessment Plan + Framework section packets; family-level semantic QA; selected-response one-best-answer/position QA; Framework ~fix_mathjax_v8.py; Framework ~audit_bank_package_v3.py; custom v3 structural/table/grammar/security QA,PASS,Stable Bank ID preserved; machine and human-readable representations synchronized.
U1-S2-PS2-Q15,1.2,Practice Set 2,PHASE 3 — PRACTICE / CYU,structural scaffold / prompt variety,MAJOR QUALITY DEFECT,REPAIR,Replaced stock cross-family reasoning wrapper with a task-specific family-level reasoning prompt/key. | Removed overused Student A/Student B comparison scaffold; kept the same concept but restored a direct family-specific task. | Resolved an exact parallel-form prompt collision with a family-specific task variation rather than a generic wrapper.,YES,YES,NO,YES,b69ffb45aecf015f8e21ef644100fad105ed4d89ae463a3cd4ec0a49ca65f667,05c400e96e8db559965d11ad3ae0444f96ed0621685b57fd63b5d38e9cc7d783,Assessment Plan + Framework section packets; family-level semantic QA; selected-response one-best-answer/position QA; Framework ~fix_mathjax_v8.py; Framework ~audit_bank_package_v3.py; custom v3 structural/table/grammar/security QA,PASS,Stable Bank ID preserved; machine and human-readable representations synchronized.
U1-S2-PS2-Q16,1.2,Practice Set 2,PHASE 3 — PRACTICE / CYU,structural scaffold / prompt variety,MAJOR QUALITY DEFECT,REPAIR,Replaced stock cross-family reasoning wrapper with a task-specific family-level reasoning prompt/key. | Removed overused supplied-student-proposal scaffold; restored the family to a direct data/model/calculation task natural to the Physics content. | Resolved an exact parallel-form prompt collision with a family-specific task variation rather than a generic wrapper.,YES,YES,NO,YES,3ccd6c0f973440169971d21f004ea06b610c572a0bfd6eac9b8af73832627f86,2bedaa8e37f6bffbeac27fa66dcd5025b339376e544f68795a2be790620f5f73,Assessment Plan + Framework section packets; family-level semantic QA; selected-response one-best-answer/position QA; Framework ~fix_mathjax_v8.py; Framework ~audit_bank_package_v3.py; custom v3 structural/table/grammar/security QA,PASS,Stable Bank ID preserved; machine and human-readable representations synchronized.
U1-S2-PS2-Q17,1.2,Practice Set 2,PHASE 3 — PRACTICE / CYU,structural scaffold / prompt variety,MAJOR QUALITY DEFECT,REPAIR,Replaced stock cross-family reasoning wrapper with a task-specific family-level reasoning prompt/key. | Removed overused supplied-student-proposal scaffold; restored the family to a direct data/model/calculation task natural to the Physics content. | Resolved an exact parallel-form prompt collision with a family-specific task variation rather than a generic wrapper.,YES,YES,NO,YES,aed16cf386f902c68169314d34ea438f35ab0e3b60e08bdb72b8c34b2603b0c5,3d7f1591b8d22ea90218cf01fde88a33c148b3b0be82a10448320c3f91b739fa,Assessment Plan + Framework section packets; family-level semantic QA; selected-response one-best-answer/position QA; Framework ~fix_mathjax_v8.py; Framework ~audit_bank_package_v3.py; custom v3 structural/table/grammar/security QA,PASS,Stable Bank ID preserved; machine and human-readable representations synchronized.
U1-S2-PS2-Q18,1.2,Practice Set 2,PHASE 3 — PRACTICE / CYU,structural scaffold / prompt variety,MAJOR QUALITY DEFECT,REPAIR,Replaced stock cross-family reasoning wrapper with a task-specific family-level reasoning prompt/key.,YES,NO,NO,NO,3ba75b3fdac1049289d72321a5ef22c6203443fff6502eb4a8e8de08ae738159,3b67d9d40a963741ee4a25d04da74e4ad8ac4c72f7fc7e1d8b4ecbdcda3c3fb5,Assessment Plan + Framework section packets; family-level semantic QA; selected-response one-best-answer/position QA; Framework ~fix_mathjax_v8.py; Framework ~audit_bank_package_v3.py; custom v3 structural/table/grammar/security QA,PASS,Stable Bank ID preserved; machine and human-readable representations synchronized.
U1-S2-PS2-Q19,1.2,Practice Set 2,PHASE 3 — PRACTICE / CYU,structural scaffold / prompt variety,MAJOR QUALITY DEFECT,REPAIR,Replaced stock cross-family reasoning wrapper with a task-specific family-level reasoning prompt/key.,YES,YES,NO,NO,40278dcd752831175be252a785c13c433b9729ff431312ac58a9e7844b8d6aa3,5b6049bc3c9e842ec4452fd22f8fbd3eae9041772696db2bd7d3d8431d9f8bae,Assessment Plan + Framework section packets; family-level semantic QA; selected-response one-best-answer/position QA; Framework ~fix_mathjax_v8.py; Framework ~audit_bank_package_v3.py; custom v3 structural/table/grammar/security QA,PASS,Stable Bank ID preserved; machine and human-readable representations synchronized.
U1-S2-PS3-Q06,1.2,Practice Set 3,PHASE 3 — PRACTICE / CYU,structural scaffold / prompt variety,MAJOR QUALITY DEFECT,REPAIR,Replaced stock cross-family reasoning wrapper with a task-specific family-level reasoning prompt/key.,YES,NO,NO,NO,fb40cb4766194d5c5ef205214dc6646d51b26fb6d0b4bf96860b31dd4917b348,3e5a6276fa310d370f00be046031230c17775917bb1ff886b293265684bbfac7,Assessment Plan + Framework section packets; family-level semantic QA; selected-response one-best-answer/position QA; Framework ~fix_mathjax_v8.py; Framework ~audit_bank_package_v3.py; custom v3 structural/table/grammar/security QA,PASS,Stable Bank ID preserved; machine and human-readable representations synchronized.
U1-S2-PS3-Q07,1.2,Practice Set 3,PHASE 3 — PRACTICE / CYU,structural scaffold / prompt variety,MAJOR QUALITY DEFECT,REPAIR,Replaced stock cross-family reasoning wrapper with a task-specific family-level reasoning prompt/key. | Removed overused supplied-student-proposal scaffold; restored the family to a direct data/model/calculation task natural to the Physics content. | Resolved an exact parallel-form prompt collision with a family-specific task variation rather than a generic wrapper.,YES,YES,NO,YES,e51d489756a2d7d965c7bd68952e032ba37b72006bfa9bbda6fe417f8fd4043e,f1c82266082948c295e347c743998dd097648e8a7cd8d76d45017815643a9dcf,Assessment Plan + Framework section packets; family-level semantic QA; selected-response one-best-answer/position QA; Framework ~fix_mathjax_v8.py; Framework ~audit_bank_package_v3.py; custom v3 structural/table/grammar/security QA,PASS,Stable Bank ID preserved; machine and human-readable representations synchronized.
U1-S2-PS3-Q13,1.2,Practice Set 3,PHASE 3 — PRACTICE / CYU,structural scaffold / prompt variety,MAJOR QUALITY DEFECT,REPAIR,Replaced stock cross-family reasoning wrapper with a task-specific family-level reasoning prompt/key.,YES,NO,NO,NO,c3a50c0cd2bc005d343cccfce76c02352feb78e5e04da9cb7d8be2786e3516b8,c63b7d6538a45cc15e943534e750ccf10c8245d60ec7ad5fd76ea5f064de6819,Assessment Plan + Framework section packets; family-level semantic QA; selected-response one-best-answer/position QA; Framework ~fix_mathjax_v8.py; Framework ~audit_bank_package_v3.py; custom v3 structural/table/grammar/security QA,PASS,Stable Bank ID preserved; machine and human-readable representations synchronized.
U1-S2-PS3-Q14,1.2,Practice Set 3,PHASE 3 — PRACTICE / CYU,structural scaffold / prompt variety,MAJOR QUALITY DEFECT,REPAIR,Replaced stock cross-family reasoning wrapper with a task-specific family-level reasoning prompt/key.,YES,YES,NO,NO,909833ebab577006922fb996967f011f9ac9c570c826084a8255632d1ed4adc3,439c8a469d9c26412fab5b29ecb9be3264c325655588776bb6491e4a5c02c9a5,Assessment Plan + Framework section packets; family-level semantic QA; selected-response one-best-answer/position QA; Framework ~fix_mathjax_v8.py; Framework ~audit_bank_package_v3.py; custom v3 structural/table/grammar/security QA,PASS,Stable Bank ID preserved; machine and human-readable representations synchronized.
U1-S2-PS3-Q15,1.2,Practice Set 3,PHASE 3 — PRACTICE / CYU,structural scaffold / prompt variety,MAJOR QUALITY DEFECT,REPAIR,Replaced stock cross-family reasoning wrapper with a task-specific family-level reasoning prompt/key.,YES,NO,NO,NO,da2ea72f8502ec756b40b5523f2b98ce116c2654efbab2efacd72526a0c5e92d,8d7322e890b067f8788230f3039d2aec21c7b418265057f173bf5a72bd123b42,Assessment Plan + Framework section packets; family-level semantic QA; selected-response one-best-answer/position QA; Framework ~fix_mathjax_v8.py; Framework ~audit_bank_package_v3.py; custom v3 structural/table/grammar/security QA,PASS,Stable Bank ID preserved; machine and human-readable representations synchronized.
U1-S2-PS3-Q16,1.2,Practice Set 3,PHASE 3 — PRACTICE / CYU,structural scaffold / prompt variety,MAJOR QUALITY DEFECT,REPAIR,Replaced stock cross-family reasoning wrapper with a task-specific family-level reasoning prompt/key. | Removed overused Student A/Student B comparison scaffold; kept the same concept but restored a direct family-specific task. | Resolved an exact parallel-form prompt collision with a family-specific task variation rather than a generic wrapper.,YES,YES,NO,YES,81db3217b8614d0a8d720ac31a066dabf129b8d609e8b825dcbf046de6d48e90,42767dc2fb2f077e085848d37c049720136ee5b3d164f58a5387d9302600c14c,Assessment Plan + Framework section packets; family-level semantic QA; selected-response one-best-answer/position QA; Framework ~fix_mathjax_v8.py; Framework ~audit_bank_package_v3.py; custom v3 structural/table/grammar/security QA,PASS,Stable Bank ID preserved; machine and human-readable representations synchronized.
U1-S2-PS3-Q17,1.2,Practice Set 3,PHASE 3 — PRACTICE / CYU,structural scaffold / prompt variety,MAJOR QUALITY DEFECT,REPAIR,Replaced stock cross-family reasoning wrapper with a task-specific family-level reasoning prompt/key. | Removed overused supplied-student-proposal scaffold; restored the family to a direct data/model/calculation task natural to the Physics content. | Resolved an exact parallel-form prompt collision with a family-specific task variation rather than a generic wrapper.,YES,YES,NO,YES,1d4c66253e0aaada6d27461a4e387724783ad1dd593df89e0071a0fe989403c1,d7336eb9e5228b4008e1acf688bd2297a868516ae93b396bcc8d8eb2d45f3e9b,Assessment Plan + Framework section packets; family-level semantic QA; selected-response one-best-answer/position QA; Framework ~fix_mathjax_v8.py; Framework ~audit_bank_package_v3.py; custom v3 structural/table/grammar/security QA,PASS,Stable Bank ID preserved; machine and human-readable representations synchronized.
U1-S2-PS3-Q18,1.2,Practice Set 3,PHASE 3 — PRACTICE / CYU,structural scaffold / prompt variety,MAJOR QUALITY DEFECT,REPAIR,Replaced stock cross-family reasoning wrapper with a task-specific family-level reasoning prompt/key.,YES,NO,NO,NO,d46faa4d01c7999e1d7184a3bcac8e3bea1bb0892c0c0a9ce562a260d4b16c4c,060049dffee4c8effe1cffe31ec1bceb7bd1e28486fde76c15d41dcabde27021,Assessment Plan + Framework section packets; family-level semantic QA; selected-response one-best-answer/position QA; Framework ~fix_mathjax_v8.py; Framework ~audit_bank_package_v3.py; custom v3 structural/table/grammar/security QA,PASS,Stable Bank ID preserved; machine and human-readable representations synchronized.
U1-S2-PS3-Q19,1.2,Practice Set 3,PHASE 3 — PRACTICE / CYU,structural scaffold / prompt variety,MAJOR QUALITY DEFECT,REPAIR,Replaced stock cross-family reasoning wrapper with a task-specific family-level reasoning prompt/key. | Removed overused supplied-student-proposal scaffold; restored the family to a direct data/model/calculation task natural to the Physics content. | Resolved an exact parallel-form prompt collision with a family-specific task variation rather than a generic wrapper.,YES,YES,NO,YES,fe162716bad8362fffdbcd22a1c1ba41f130d4d5ff5f2035e07b31a1aa0f1d63,f4c5a2a4c07141b2354d8bd5cb43ea3c5cd63f70d2150be7265d19efe524a430,Assessment Plan + Framework section packets; family-level semantic QA; selected-response one-best-answer/position QA; Framework ~fix_mathjax_v8.py; Framework ~audit_bank_package_v3.py; custom v3 structural/table/grammar/security QA,PASS,Stable Bank ID preserved; machine and human-readable representations synchronized.
U1-S2-XP-Q11,1.2,Extra Practice,PHASE 3 — PRACTICE / CYU,structural scaffold / prompt variety,MAJOR QUALITY DEFECT,REPAIR,Replaced stock cross-family reasoning wrapper with a task-specific family-level reasoning prompt/key.,YES,NO,NO,NO,cf899b4293f0063bd9c6c3fefa735d6722f111e85e1d44aa47cd9a70a5ab2d6b,a72f79eb32275899bbed60d0351418d03a470d46926d9eb2654a973398fc5b24,Assessment Plan + Framework section packets; family-level semantic QA; selected-response one-best-answer/position QA; Framework ~fix_mathjax_v8.py; Framework ~audit_bank_package_v3.py; custom v3 structural/table/grammar/security QA,PASS,Stable Bank ID preserved; machine and human-readable representations synchronized.
U1-S2-XP-Q12,1.2,Extra Practice,PHASE 3 — PRACTICE / CYU,structural scaffold / prompt variety,MAJOR QUALITY DEFECT,REPAIR,Replaced stock cross-family reasoning wrapper with a task-specific family-level reasoning prompt/key.,YES,YES,NO,NO,7bf488fd694c300af583dcd302e54bd9c50db8ceae8bd74f2ed01bf297c4a472,2775b15cd4259dde9c8f745f107d038b61b6f013a8c1272fed65639055f1f826,Assessment Plan + Framework section packets; family-level semantic QA; selected-response one-best-answer/position QA; Framework ~fix_mathjax_v8.py; Framework ~audit_bank_package_v3.py; custom v3 structural/table/grammar/security QA,PASS,Stable Bank ID preserved; machine and human-readable representations synchronized.
U1-S2-XP-Q13,1.2,Extra Practice,PHASE 3 — PRACTICE / CYU,structural scaffold / prompt variety,MAJOR QUALITY DEFECT,REPAIR,Replaced stock cross-family reasoning wrapper with a task-specific family-level reasoning prompt/key. | Removed overused Student A/Student B comparison scaffold; kept the same concept but restored a direct family-specific task. | Resolved an exact parallel-form prompt collision with a family-specific task variation rather than a generic wrapper.,YES,YES,NO,YES,28966741fff3dd926891df1cc5fcf6adb2994d1eb303e6ba5b52464de4406cb7,91264ffe03e49d5ccbb3318c2a77b2481d9652f7f7bf9bbf47167f58ac68e259,Assessment Plan + Framework section packets; family-level semantic QA; selected-response one-best-answer/position QA; Framework ~fix_mathjax_v8.py; Framework ~audit_bank_package_v3.py; custom v3 structural/table/grammar/security QA,PASS,Stable Bank ID preserved; machine and human-readable representations synchronized.
U1-S2-XP-Q14,1.2,Extra Practice,PHASE 3 — PRACTICE / CYU,structural scaffold / prompt variety,MAJOR QUALITY DEFECT,REPAIR,Replaced stock cross-family reasoning wrapper with a task-specific family-level reasoning prompt/key. | Removed overused supplied-student-proposal scaffold; restored the family to a direct data/model/calculation task natural to the Physics content.,YES,YES,NO,YES,37da35dcad39287093705d660027d49e3575c11c7d4692897e688631ff979129,14c4cb73a2a27d147c4dad42805b7c1eaa3f0b58c597a9d92dce8662d073312e,Assessment Plan + Framework section packets; family-level semantic QA; selected-response one-best-answer/position QA; Framework ~fix_mathjax_v8.py; Framework ~audit_bank_package_v3.py; custom v3 structural/table/grammar/security QA,PASS,Stable Bank ID preserved; machine and human-readable representations synchronized.
U1-S2-XP-Q15,1.2,Extra Practice,PHASE 3 — PRACTICE / CYU,structural scaffold / prompt variety,MAJOR QUALITY DEFECT,REPAIR,"Replaced stock cross-family reasoning wrapper with a task-specific family-level reasoning prompt/key. | Replaced a repeated student-claim shell with a direct explanation, prediction, classification, or counterexample task.",YES,YES,NO,YES,ce851684bdcecceb611a12f06c9e76f8bb213cd99d9a91e317593047d894d1bf,836173640b525f5d875064f324a226d66578ec4fe7bd3b326ba2927f984d6ed9,Assessment Plan + Framework section packets; family-level semantic QA; selected-response one-best-answer/position QA; Framework ~fix_mathjax_v8.py; Framework ~audit_bank_package_v3.py; custom v3 structural/table/grammar/security QA,PASS,Stable Bank ID preserved; machine and human-readable representations synchronized.
U1-S2-XP-Q16,1.2,Extra Practice,PHASE 3 — PRACTICE / CYU,structural scaffold / prompt variety,MAJOR QUALITY DEFECT,REPAIR,Replaced stock cross-family reasoning wrapper with a task-specific family-level reasoning prompt/key.,YES,NO,NO,NO,94554f327c86d26c15991d14784fd8dfeaaaf29399073be94a79df6768e35a59,d3769465860f176a333a764470ffcff7c2626a0cf32d4d68ef516676a56f62ed,Assessment Plan + Framework section packets; family-level semantic QA; selected-response one-best-answer/position QA; Framework ~fix_mathjax_v8.py; Framework ~audit_bank_package_v3.py; custom v3 structural/table/grammar/security QA,PASS,Stable Bank ID preserved; machine and human-readable representations synchronized.
U1-S2-XP-Q17,1.2,Extra Practice,PHASE 3 — PRACTICE / CYU,structural scaffold / prompt variety,MAJOR QUALITY DEFECT,REPAIR,Replaced stock cross-family reasoning wrapper with a task-specific family-level reasoning prompt/key. | Removed overused Student A/Student B comparison scaffold; kept the same concept but restored a direct family-specific task. | Resolved an exact parallel-form prompt collision with a family-specific task variation rather than a generic wrapper.,YES,YES,NO,YES,af80456253736628a8829889e863612d8562ee220ddf786ec6091e93dba21b41,479b2aee07e45554301823a1b3897abe94213b261e6b0ccbd42a4423ead2cdab,Assessment Plan + Framework section packets; family-level semantic QA; selected-response one-best-answer/position QA; Framework ~fix_mathjax_v8.py; Framework ~audit_bank_package_v3.py; custom v3 structural/table/grammar/security QA,PASS,Stable Bank ID preserved; machine and human-readable representations synchronized.
U1-S2-XP-Q18,1.2,Extra Practice,PHASE 3 — PRACTICE / CYU,structural scaffold / prompt variety,MAJOR QUALITY DEFECT,REPAIR,Replaced stock cross-family reasoning wrapper with a task-specific family-level reasoning prompt/key. | Removed overused supplied-student-proposal scaffold; restored the family to a direct data/model/calculation task natural to the Physics content. | Resolved an exact parallel-form prompt collision with a family-specific task variation rather than a generic wrapper.,YES,YES,NO,YES,cebe3519f42b7cecfdffac0d7eef5389c1191607203e1a86c635a2699b173d9c,16a640e446098bb9ed2296ab759a0b00a4d4f9335e20c8bb8b0cad85b01bba04,Assessment Plan + Framework section packets; family-level semantic QA; selected-response one-best-answer/position QA; Framework ~fix_mathjax_v8.py; Framework ~audit_bank_package_v3.py; custom v3 structural/table/grammar/security QA,PASS,Stable Bank ID preserved; machine and human-readable representations synchronized.
U1-S2-XP-Q19,1.2,Extra Practice,PHASE 3 — PRACTICE / CYU,structural scaffold / prompt variety,MAJOR QUALITY DEFECT,REPAIR,Replaced stock cross-family reasoning wrapper with a task-specific family-level reasoning prompt/key. | Removed overused supplied-student-proposal scaffold; restored the family to a direct data/model/calculation task natural to the Physics content. | Resolved an exact parallel-form prompt collision with a family-specific task variation rather than a generic wrapper.,YES,YES,NO,YES,b8fd44cf834b3b86d4422a23bb98c6ed1fea1a8720f0b886804f6776b2394e9d,761b7d70e308ab5cbcf63dceb6c80a324f098bc2f58063df0f2a66dfc782c9bc,Assessment Plan + Framework section packets; family-level semantic QA; selected-response one-best-answer/position QA; Framework ~fix_mathjax_v8.py; Framework ~audit_bank_package_v3.py; custom v3 structural/table/grammar/security QA,PASS,Stable Bank ID preserved; machine and human-readable representations synchronized.
U1-S3-NOTE-EX01,1.3,Notes Example,PHASE 2 — NOTES EX/YTI,instructional core / representation,MAJOR QUALITY DEFECT,REPAIR,Expanded Notes Pair 1 to explicitly teach both same-direction and opposite-direction vector combination.,YES,YES,NO,YES,4172eec2c73e44356777537d058771b6edb08b6cb6e93768346cfaabc526399f,91a76d53e6118b7dffc044ccf7ddb1a7755645f62de626b45598bf97d9fb1812,Assessment Plan + Framework section packets; family-level semantic QA; selected-response one-best-answer/position QA; Framework ~fix_mathjax_v8.py; Framework ~audit_bank_package_v3.py; custom v3 structural/table/grammar/security QA,PASS,Stable Bank ID preserved; machine and human-readable representations synchronized.
U1-S3-NOTE-EX02,1.3,Notes Example,PHASE 2 — NOTES EX/YTI,instructional core / representation,BLOCKER,REPAIR,Replaced duplicate same-direction Notes example with missing simple two-dimensional vector/resultant instruction and an original answer-neutral force diagram.,YES,YES,YES,YES,bce1ea9f577b019c2e33db6f95c492986721d5905999d6319651081d414c8a62,9f44a08547dca9e3ff23a92a0ee1e743e0aa724e7b395ce40d3a5b4654562de3,Assessment Plan + Framework section packets; family-level semantic QA; selected-response one-best-answer/position QA; Framework ~fix_mathjax_v8.py; Framework ~audit_bank_package_v3.py; custom v3 structural/table/grammar/security QA,PASS,Stable Bank ID preserved; machine and human-readable representations synchronized.
U1-S3-NOTE-YTI01,1.3,Notes YTI,PHASE 2 — NOTES EX/YTI,instructional core / representation,MAJOR QUALITY DEFECT,REPAIR,Rebuilt YTI to parallel the revised same/opposite vector-combination bundle without copying values.,YES,YES,NO,YES,6ccd4f26f1a726244fb323e82247a552ed5da96399f163c44e20efe06aee3370,442cc5429174013fc6e59febad4facbf96f4c6eeec8ba910c4cd8ea2946b6b2d,Assessment Plan + Framework section packets; family-level semantic QA; selected-response one-best-answer/position QA; Framework ~fix_mathjax_v8.py; Framework ~audit_bank_package_v3.py; custom v3 structural/table/grammar/security QA,PASS,Stable Bank ID preserved; machine and human-readable representations synchronized.
U1-S3-NOTE-YTI02,1.3,Notes YTI,PHASE 2 — NOTES EX/YTI,instructional core / representation,MAJOR QUALITY DEFECT,REPAIR,Rebuilt YTI as a parallel simple two-dimensional resultant task with independent values/orientation.,YES,YES,NO,YES,cfaf8dd542728534a971de7540bfea25325517ff1e484b14b6cf8022b18cceb3,bc2d99e5685b60f8bd4ac283d6182abbf09252a39d5eb6e88d8e0a6a849509e7,Assessment Plan + Framework section packets; family-level semantic QA; selected-response one-best-answer/position QA; Framework ~fix_mathjax_v8.py; Framework ~audit_bank_package_v3.py; custom v3 structural/table/grammar/security QA,PASS,Stable Bank ID preserved; machine and human-readable representations synchronized.
U1-S3-PS1-Q12,1.3,Practice Set 1,PHASE 3 — PRACTICE / CYU,structural scaffold / prompt variety,MAJOR QUALITY DEFECT,REPAIR,Replaced stock cross-family reasoning wrapper with a task-specific family-level reasoning prompt/key. | Removed overused supplied-student-proposal scaffold; restored the family to a direct data/model/calculation task natural to the Physics content. | Resolved an exact parallel-form prompt collision with a family-specific task variation rather than a generic wrapper.,YES,YES,NO,YES,87c69fee64d8c65d5a277fddfecff8470631027c76abe95a56ef67e195cbd3ba,9e9d8915d5f74bf98dd8bdeb92ad77d919d4f57941a6181c069a5c10fe6b7077,Assessment Plan + Framework section packets; family-level semantic QA; selected-response one-best-answer/position QA; Framework ~fix_mathjax_v8.py; Framework ~audit_bank_package_v3.py; custom v3 structural/table/grammar/security QA,PASS,Stable Bank ID preserved; machine and human-readable representations synchronized.
U1-S3-PS1-Q13,1.3,Practice Set 1,PHASE 3 — PRACTICE / CYU,structural scaffold / prompt variety,MAJOR QUALITY DEFECT,REPAIR,Replaced stock cross-family reasoning wrapper with a task-specific family-level reasoning prompt/key.,YES,YES,NO,NO,3ac8a3197a99dad3e3c97cbea7c77d1dd1bbe9dbda1a30c37daf28fc8ca237f9,686f89c7627789476b1cf1de86b9b7cc9c506af2ee0522876ac2d0f2de708708,Assessment Plan + Framework section packets; family-level semantic QA; selected-response one-best-answer/position QA; Framework ~fix_mathjax_v8.py; Framework ~audit_bank_package_v3.py; custom v3 structural/table/grammar/security QA,PASS,Stable Bank ID preserved; machine and human-readable representations synchronized.
U1-S3-PS1-Q14,1.3,Practice Set 1,PHASE 3 — PRACTICE / CYU,structural scaffold / prompt variety,MAJOR QUALITY DEFECT,REPAIR,Replaced stock cross-family reasoning wrapper with a task-specific family-level reasoning prompt/key. | Reordered selected-response choices to repair answer-position pattern in Practice Set 1 1.3.,YES,YES,NO,NO,0037966cfe9e5649b4f8cc3f1f32dad7217943b4054e6117b166588172a3f8fd,7a29f024b2500cd25f7612d29a9450b56f7d0d6a5dbdff468a6f44ad50510966,Assessment Plan + Framework section packets; family-level semantic QA; selected-response one-best-answer/position QA; Framework ~fix_mathjax_v8.py; Framework ~audit_bank_package_v3.py; custom v3 structural/table/grammar/security QA,PASS,Stable Bank ID preserved; machine and human-readable representations synchronized.
U1-S3-PS1-Q15,1.3,Practice Set 1,PHASE 3 — PRACTICE / CYU,structural scaffold / prompt variety,MAJOR QUALITY DEFECT,REPAIR,Replaced stock cross-family reasoning wrapper with a task-specific family-level reasoning prompt/key. | Removed overused Student A/Student B comparison scaffold; kept the same concept but restored a direct family-specific task. | Resolved an exact parallel-form prompt collision with a family-specific task variation rather than a generic wrapper.,YES,YES,NO,YES,fc8a80f3e885b799094f99177a26bbb68125bfc614c70b03d050287bb5e1451b,e6df2e65e2af26ed9d63ca046fd0ef3d686dbc24e9970d256e704f7e669882ce,Assessment Plan + Framework section packets; family-level semantic QA; selected-response one-best-answer/position QA; Framework ~fix_mathjax_v8.py; Framework ~audit_bank_package_v3.py; custom v3 structural/table/grammar/security QA,PASS,Stable Bank ID preserved; machine and human-readable representations synchronized.
U1-S3-PS1-Q16,1.3,Practice Set 1,PHASE 3 — PRACTICE / CYU,structural scaffold / prompt variety,MAJOR QUALITY DEFECT,REPAIR,Replaced stock cross-family reasoning wrapper with a task-specific family-level reasoning prompt/key. | Reordered selected-response choices to repair answer-position pattern in Practice Set 1 1.3. | Final structural-variety/answer-neutral repair: replaced a remaining repeated student-claim/comparison shell with a direct Physics task.,YES,YES,NO,YES,8ecb52c7da31f6717f01a2c5e2f54db1e31a4021873fbec9e72316561f5e6ba8,aa3c1458a953d09f38f3147848561736345a5bf982d51de194145671cbaafee7,Assessment Plan + Framework section packets; family-level semantic QA; selected-response one-best-answer/position QA; Framework ~fix_mathjax_v8.py; Framework ~audit_bank_package_v3.py; custom v3 structural/table/grammar/security QA,PASS,Stable Bank ID preserved; machine and human-readable representations synchronized.
U1-S3-PS1-Q17,1.3,Practice Set 1,PHASE 3 — PRACTICE / CYU,structural scaffold / prompt variety,MAJOR QUALITY DEFECT,REPAIR,Replaced stock cross-family reasoning wrapper with a task-specific family-level reasoning prompt/key.,YES,YES,NO,NO,64a116827d4ba73dcedcedc21655b8967585dd0fabfc8a141b5e9d58122e2a3e,4948482cd8cf83cd2bd38c79bf09dd567c0655878fbf05ce06f69fe1b43bd450,Assessment Plan + Framework section packets; family-level semantic QA; selected-response one-best-answer/position QA; Framework ~fix_mathjax_v8.py; Framework ~audit_bank_package_v3.py; custom v3 structural/table/grammar/security QA,PASS,Stable Bank ID preserved; machine and human-readable representations synchronized.
U1-S3-PS1-Q18,1.3,Practice Set 1,PHASE 3 — PRACTICE / CYU,structural scaffold / prompt variety,MAJOR QUALITY DEFECT,REPAIR,Replaced stock cross-family reasoning wrapper with a task-specific family-level reasoning prompt/key. | Reordered selected-response choices to repair answer-position pattern in Practice Set 1 1.3.,YES,YES,NO,NO,48a8f83769af979f1e6267c90e716ef069d4514a3187b2b43045621ea0c55eaa,cbb6a3aac363a4fcf5f385686a5275dd20385b0ff491105a36d5a6469c7002ca,Assessment Plan + Framework section packets; family-level semantic QA; selected-response one-best-answer/position QA; Framework ~fix_mathjax_v8.py; Framework ~audit_bank_package_v3.py; custom v3 structural/table/grammar/security QA,PASS,Stable Bank ID preserved; machine and human-readable representations synchronized.
U1-S3-PS1-Q19,1.3,Practice Set 1,PHASE 3 — PRACTICE / CYU,structural scaffold / prompt variety,MAJOR QUALITY DEFECT,REPAIR,Replaced stock cross-family reasoning wrapper with a task-specific family-level reasoning prompt/key. | Removed overused Student A/Student B comparison scaffold; kept the same concept but restored a direct family-specific task. | Resolved an exact parallel-form prompt collision with a family-specific task variation rather than a generic wrapper.,YES,YES,NO,YES,935138bf3e65441009849a13b9e51d353c647151d67756dfa3e9a92c28988429,416e59ab65ebbc2d449eee0282b567116b4f108a16882c4c9c12181fa0c38a2a,Assessment Plan + Framework section packets; family-level semantic QA; selected-response one-best-answer/position QA; Framework ~fix_mathjax_v8.py; Framework ~audit_bank_package_v3.py; custom v3 structural/table/grammar/security QA,PASS,Stable Bank ID preserved; machine and human-readable representations synchronized.
U1-S3-PS1-Q20,1.3,Practice Set 1,PHASE 3 — PRACTICE / CYU,structural scaffold / prompt variety,BLOCKER,REPAIR,Replaced stock cross-family reasoning wrapper with a task-specific family-level reasoning prompt/key. | Removed overused supplied-student-proposal scaffold; restored the family to a direct data/model/calculation task natural to the Physics content. | Fixed generated duplicated modifier: “one one-dimensional” -> “a single one-dimensional.” | Resolved an exact parallel-form prompt collision with a family-specific task variation rather than a generic wrapper.,YES,YES,NO,YES,87e4b07ad732e05cad2863772639fa64acdfbb1153c07bfb64f675974e7e8e6e,d7dc20a3bf07820e0eb1b77cf36e666ecc98964ea009248dcbddfaf6dc401806,Assessment Plan + Framework section packets; family-level semantic QA; selected-response one-best-answer/position QA; Framework ~fix_mathjax_v8.py; Framework ~audit_bank_package_v3.py; custom v3 structural/table/grammar/security QA,PASS,Stable Bank ID preserved; machine and human-readable representations synchronized.
U1-S3-PS1-Q21,1.3,Practice Set 1,PHASE 3 — PRACTICE / CYU,structural scaffold / prompt variety,MAJOR QUALITY DEFECT,REPAIR,Replaced stock cross-family reasoning wrapper with a task-specific family-level reasoning prompt/key.,YES,YES,NO,NO,8608992c4ead7ecb9cc099291964774162fed0331cfbda42718b9deaaec7b6e3,c9e20413b6b0832af760c1ae80ef55c4f7337b785df3f2adf7930a5a5ec7d230,Assessment Plan + Framework section packets; family-level semantic QA; selected-response one-best-answer/position QA; Framework ~fix_mathjax_v8.py; Framework ~audit_bank_package_v3.py; custom v3 structural/table/grammar/security QA,PASS,Stable Bank ID preserved; machine and human-readable representations synchronized.
U1-S3-PS2-Q12,1.3,Practice Set 2,PHASE 3 — PRACTICE / CYU,structural scaffold / prompt variety,MAJOR QUALITY DEFECT,REPAIR,Replaced stock cross-family reasoning wrapper with a task-specific family-level reasoning prompt/key. | Removed overused Student A/Student B comparison scaffold; kept the same concept but restored a direct family-specific task. | Resolved an exact parallel-form prompt collision with a family-specific task variation rather than a generic wrapper.,YES,YES,NO,YES,78d932add56211340c590d3c119f085a9f7146a90e26bea0f13a35ba814ce6ef,c333a475da62a75dd0d83b3b1a4634256cc9415f0d4b4863cdc37a7c5b9ff84d,Assessment Plan + Framework section packets; family-level semantic QA; selected-response one-best-answer/position QA; Framework ~fix_mathjax_v8.py; Framework ~audit_bank_package_v3.py; custom v3 structural/table/grammar/security QA,PASS,Stable Bank ID preserved; machine and human-readable representations synchronized.
U1-S3-PS2-Q13,1.3,Practice Set 2,PHASE 3 — PRACTICE / CYU,structural scaffold / prompt variety,MAJOR QUALITY DEFECT,REPAIR,Replaced stock cross-family reasoning wrapper with a task-specific family-level reasoning prompt/key. | Removed overused supplied-student-proposal scaffold; restored the family to a direct data/model/calculation task natural to the Physics content. | Resolved an exact parallel-form prompt collision with a family-specific task variation rather than a generic wrapper.,YES,YES,NO,YES,ac09e2eb140eae60ded708689270feb9d8bb425015ba760a0cbfbe0e10d4c868,d52402c11ea41ccb5a8214f9522158f617ab37177d94b687174325f0ac18264c,Assessment Plan + Framework section packets; family-level semantic QA; selected-response one-best-answer/position QA; Framework ~fix_mathjax_v8.py; Framework ~audit_bank_package_v3.py; custom v3 structural/table/grammar/security QA,PASS,Stable Bank ID preserved; machine and human-readable representations synchronized.
U1-S3-PS2-Q14,1.3,Practice Set 2,PHASE 3 — PRACTICE / CYU,structural scaffold / prompt variety,MAJOR QUALITY DEFECT,REPAIR,Replaced stock cross-family reasoning wrapper with a task-specific family-level reasoning prompt/key.,YES,NO,NO,NO,20fce66f66f9d0de9c8a99b5941d9b67385057cf7930d6a35485a2524548e348,f3a02b74eb1700e938aa46f9d544b695ce654aeca6f52a37a747b1fec94a423e,Assessment Plan + Framework section packets; family-level semantic QA; selected-response one-best-answer/position QA; Framework ~fix_mathjax_v8.py; Framework ~audit_bank_package_v3.py; custom v3 structural/table/grammar/security QA,PASS,Stable Bank ID preserved; machine and human-readable representations synchronized.
U1-S3-PS2-Q15,1.3,Practice Set 2,PHASE 3 — PRACTICE / CYU,structural scaffold / prompt variety,MAJOR QUALITY DEFECT,REPAIR,Replaced stock cross-family reasoning wrapper with a task-specific family-level reasoning prompt/key.,YES,YES,NO,NO,4954acba21aa926ba26c5cece19e3d8590fd02f00ab4315ecba220453b9cdb79,66f0793c37e7145cd46f0574c0ada7122cb08f69999ef8bc5ec66b7f2077bf87,Assessment Plan + Framework section packets; family-level semantic QA; selected-response one-best-answer/position QA; Framework ~fix_mathjax_v8.py; Framework ~audit_bank_package_v3.py; custom v3 structural/table/grammar/security QA,PASS,Stable Bank ID preserved; machine and human-readable representations synchronized.
U1-S3-PS2-Q16,1.3,Practice Set 2,PHASE 3 — PRACTICE / CYU,structural scaffold / prompt variety,MAJOR QUALITY DEFECT,REPAIR,Replaced stock cross-family reasoning wrapper with a task-specific family-level reasoning prompt/key. | Removed overused Student A/Student B comparison scaffold; kept the same concept but restored a direct family-specific task. | Resolved an exact parallel-form prompt collision with a family-specific task variation rather than a generic wrapper.,YES,YES,NO,YES,13fd595a937ee1ec1e754f5b8de3605ba93cf1f631c88c6ba0f21bc9a281a629,aeea8fb9ed3fa47272fea8465776a19854cc276cac11658df6528609b34d6d7e,Assessment Plan + Framework section packets; family-level semantic QA; selected-response one-best-answer/position QA; Framework ~fix_mathjax_v8.py; Framework ~audit_bank_package_v3.py; custom v3 structural/table/grammar/security QA,PASS,Stable Bank ID preserved; machine and human-readable representations synchronized.
U1-S3-PS2-Q17,1.3,Practice Set 2,PHASE 3 — PRACTICE / CYU,structural scaffold / prompt variety,MAJOR QUALITY DEFECT,REPAIR,Replaced stock cross-family reasoning wrapper with a task-specific family-level reasoning prompt/key. | Removed overused supplied-student-proposal scaffold; restored the family to a direct data/model/calculation task natural to the Physics content.,YES,YES,NO,YES,e947820599bccfba019036263c3442b89c33895774ea28ae8d160e3461cea55b,f0bd6e2195e73273d798ec6e2d2baa08db60daedd30a97f5f939b16e01728935,Assessment Plan + Framework section packets; family-level semantic QA; selected-response one-best-answer/position QA; Framework ~fix_mathjax_v8.py; Framework ~audit_bank_package_v3.py; custom v3 structural/table/grammar/security QA,PASS,Stable Bank ID preserved; machine and human-readable representations synchronized.
U1-S3-PS2-Q18,1.3,Practice Set 2,PHASE 3 — PRACTICE / CYU,structural scaffold / prompt variety,MAJOR QUALITY DEFECT,REPAIR,Replaced stock cross-family reasoning wrapper with a task-specific family-level reasoning prompt/key.,YES,NO,NO,NO,657341b62878fd76e8cc217330e442bb2c30805a3c03ecc50b3135396516635b,3071ba36b2c25b4e9b523855db2f81b1ca64add2beb248ded8151c5708964e7d,Assessment Plan + Framework section packets; family-level semantic QA; selected-response one-best-answer/position QA; Framework ~fix_mathjax_v8.py; Framework ~audit_bank_package_v3.py; custom v3 structural/table/grammar/security QA,PASS,Stable Bank ID preserved; machine and human-readable representations synchronized.
U1-S3-PS2-Q19,1.3,Practice Set 2,PHASE 3 — PRACTICE / CYU,structural scaffold / prompt variety,MAJOR QUALITY DEFECT,REPAIR,Replaced stock cross-family reasoning wrapper with a task-specific family-level reasoning prompt/key. | Removed overused supplied-student-proposal scaffold; restored the family to a direct data/model/calculation task natural to the Physics content. | Resolved an exact parallel-form prompt collision with a family-specific task variation rather than a generic wrapper.,YES,YES,NO,YES,f97ce951ca774caf4eee100c49018e7484038cd15a3075ad2541d423cca386f3,5007d748be56f2095cc40cf66082b999d49afc54bda6f1da7915ce991a30e18e,Assessment Plan + Framework section packets; family-level semantic QA; selected-response one-best-answer/position QA; Framework ~fix_mathjax_v8.py; Framework ~audit_bank_package_v3.py; custom v3 structural/table/grammar/security QA,PASS,Stable Bank ID preserved; machine and human-readable representations synchronized.
U1-S3-PS2-Q21,1.3,Practice Set 2,PHASE 3 — PRACTICE / CYU,structural scaffold / prompt variety,MAJOR QUALITY DEFECT,REPAIR,"Replaced stock cross-family reasoning wrapper with a task-specific family-level reasoning prompt/key. | Replaced a repeated student-claim shell with a direct explanation, prediction, classification, or counterexample task.",YES,NO,NO,YES,d580830b338e2f8db22ba26698fc1c5d2c400461461a67c9d8594e2fcd0d9613,ccfb61f54ae8dd7e6bd02b1f0e22197af0bef2339b975e4364f62a7d1c13f74e,Assessment Plan + Framework section packets; family-level semantic QA; selected-response one-best-answer/position QA; Framework ~fix_mathjax_v8.py; Framework ~audit_bank_package_v3.py; custom v3 structural/table/grammar/security QA,PASS,Stable Bank ID preserved; machine and human-readable representations synchronized.
U1-S3-PS3-Q02,1.3,Practice Set 3,PHASE 3 — PRACTICE / CYU,content quality / synchronization,BLOCKER,REPAIR,Fixed generated duplicated modifier: “one one-dimensional” -> “a single one-dimensional.”,NO,YES,NO,NO,9951a2187c9c87f6f6bcf74885bad775a1cca8f6d5f7b0d6a7bc86a4c2d5c677,9951a2187c9c87f6f6bcf74885bad775a1cca8f6d5f7b0d6a7bc86a4c2d5c677,Assessment Plan + Framework section packets; family-level semantic QA; selected-response one-best-answer/position QA; Framework ~fix_mathjax_v8.py; Framework ~audit_bank_package_v3.py; custom v3 structural/table/grammar/security QA,PASS,Stable Bank ID preserved; machine and human-readable representations synchronized.
U1-S3-PS3-Q09,1.3,Practice Set 3,PHASE 3 — PRACTICE / CYU,structural scaffold / prompt variety,MAJOR QUALITY DEFECT,REPAIR,Replaced stock cross-family reasoning wrapper with a task-specific family-level reasoning prompt/key.,YES,NO,NO,NO,2518736f1f00faba7975a4e3d6f96589feb5f4e27e3396d0cc40aee769d3de62,aefdcf7e869f32e6cd370d53f95217f0f364952ddb7808292214f738a1471f99,Assessment Plan + Framework section packets; family-level semantic QA; selected-response one-best-answer/position QA; Framework ~fix_mathjax_v8.py; Framework ~audit_bank_package_v3.py; custom v3 structural/table/grammar/security QA,PASS,Stable Bank ID preserved; machine and human-readable representations synchronized.
U1-S3-PS3-Q10,1.3,Practice Set 3,PHASE 3 — PRACTICE / CYU,structural scaffold / prompt variety,MAJOR QUALITY DEFECT,REPAIR,Replaced stock cross-family reasoning wrapper with a task-specific family-level reasoning prompt/key. | Removed overused Student A/Student B comparison scaffold; kept the same concept but restored a direct family-specific task. | Resolved an exact parallel-form prompt collision with a family-specific task variation rather than a generic wrapper.,YES,YES,NO,YES,2425a9f474c06d800f6031e2475d5312d37a956adf50cd05f15967b7fcb96924,28cd8e9e9da2d59c3e2ead3bc6642e2b0c389fdfa2534a3660d76b68ffe461ac,Assessment Plan + Framework section packets; family-level semantic QA; selected-response one-best-answer/position QA; Framework ~fix_mathjax_v8.py; Framework ~audit_bank_package_v3.py; custom v3 structural/table/grammar/security QA,PASS,Stable Bank ID preserved; machine and human-readable representations synchronized.
U1-S3-PS3-Q11,1.3,Practice Set 3,PHASE 3 — PRACTICE / CYU,structural scaffold / prompt variety,MAJOR QUALITY DEFECT,REPAIR,Replaced stock cross-family reasoning wrapper with a task-specific family-level reasoning prompt/key.,YES,NO,NO,NO,7a36893dd0b99641ea985f1557ef83654c1ce14449fe2682321eb08094d2b6bb,accbd94c93e5381f4df5a82645097fec7376d4b437952b95bd17905c03731fba,Assessment Plan + Framework section packets; family-level semantic QA; selected-response one-best-answer/position QA; Framework ~fix_mathjax_v8.py; Framework ~audit_bank_package_v3.py; custom v3 structural/table/grammar/security QA,PASS,Stable Bank ID preserved; machine and human-readable representations synchronized.
U1-S3-PS3-Q12,1.3,Practice Set 3,PHASE 3 — PRACTICE / CYU,structural scaffold / prompt variety,MAJOR QUALITY DEFECT,REPAIR,Replaced stock cross-family reasoning wrapper with a task-specific family-level reasoning prompt/key.,YES,YES,NO,NO,f4a726828e22cc46eea09639e8d94dc2cfbd4286e54377d8c5a47730ea63d8dd,a4bfd9325d1d3c30aeed4d587e416cc97082bf9e95bc7511056d4d802f71c960,Assessment Plan + Framework section packets; family-level semantic QA; selected-response one-best-answer/position QA; Framework ~fix_mathjax_v8.py; Framework ~audit_bank_package_v3.py; custom v3 structural/table/grammar/security QA,PASS,Stable Bank ID preserved; machine and human-readable representations synchronized.
U1-S3-PS3-Q13,1.3,Practice Set 3,PHASE 3 — PRACTICE / CYU,structural scaffold / prompt variety,MAJOR QUALITY DEFECT,REPAIR,Replaced stock cross-family reasoning wrapper with a task-specific family-level reasoning prompt/key.,YES,NO,NO,NO,6285c9465cd81641f8dc750fa33c994c097989a5ebe478cc60edc661a6f14a06,9ce6dbbe0f68352267e77c9c56d30b516bcb02c834f22d52a92dc46c2122017b,Assessment Plan + Framework section packets; family-level semantic QA; selected-response one-best-answer/position QA; Framework ~fix_mathjax_v8.py; Framework ~audit_bank_package_v3.py; custom v3 structural/table/grammar/security QA,PASS,Stable Bank ID preserved; machine and human-readable representations synchronized.
U1-S3-PS3-Q15,1.3,Practice Set 3,PHASE 3 — PRACTICE / CYU,content quality / synchronization,MAJOR QUALITY DEFECT,REPAIR,"Replaced a repeated student-claim shell with a direct explanation, prediction, classification, or counterexample task.",YES,NO,NO,YES,25b571284ed57315e45124f7a447627f476a2e6505e90b7358417fb465fdbc38,9ade415e7dac9c57cffca6de5c966a4ca7699c77c9a7830d4fd096a3c3a7d6e6,Assessment Plan + Framework section packets; family-level semantic QA; selected-response one-best-answer/position QA; Framework ~fix_mathjax_v8.py; Framework ~audit_bank_package_v3.py; custom v3 structural/table/grammar/security QA,PASS,Stable Bank ID preserved; machine and human-readable representations synchronized.
U1-S3-PS3-Q17,1.3,Practice Set 3,PHASE 3 — PRACTICE / CYU,structural scaffold / prompt variety,MAJOR QUALITY DEFECT,REPAIR,Replaced stock cross-family reasoning wrapper with a task-specific family-level reasoning prompt/key.,YES,NO,NO,NO,d93396d482671a5e7d2a268823b92cc0d99dc17f51fa7236bfed4c777a799f4f,fbcf60c8c789893c58df6d3fdb46e214f21ca9889900cba415497b6ce03e9201,Assessment Plan + Framework section packets; family-level semantic QA; selected-response one-best-answer/position QA; Framework ~fix_mathjax_v8.py; Framework ~audit_bank_package_v3.py; custom v3 structural/table/grammar/security QA,PASS,Stable Bank ID preserved; machine and human-readable representations synchronized.
U1-S3-PS3-Q18,1.3,Practice Set 3,PHASE 3 — PRACTICE / CYU,structural scaffold / prompt variety,BLOCKER,REPAIR,Replaced stock cross-family reasoning wrapper with a task-specific family-level reasoning prompt/key. | Removed overused supplied-student-proposal scaffold; restored the family to a direct data/model/calculation task natural to the Physics content. | Fixed generated duplicated modifier: “one one-dimensional” -> “a single one-dimensional.” | Resolved an exact parallel-form prompt collision with a family-specific task variation rather than a generic wrapper.,YES,YES,NO,YES,b33a4c58fb3b7835a703591b5655948c8b035de40ea306cfba78c22ca548fbfe,c0c9d622040acc60dfc7d5fef2b0188bac6dd80dab6f7adc895825880cb1f1c9,Assessment Plan + Framework section packets; family-level semantic QA; selected-response one-best-answer/position QA; Framework ~fix_mathjax_v8.py; Framework ~audit_bank_package_v3.py; custom v3 structural/table/grammar/security QA,PASS,Stable Bank ID preserved; machine and human-readable representations synchronized.
U1-S3-PS3-Q19,1.3,Practice Set 3,PHASE 3 — PRACTICE / CYU,structural scaffold / prompt variety,MAJOR QUALITY DEFECT,REPAIR,Replaced stock cross-family reasoning wrapper with a task-specific family-level reasoning prompt/key. | Removed overused supplied-student-proposal scaffold; restored the family to a direct data/model/calculation task natural to the Physics content. | Resolved an exact parallel-form prompt collision with a family-specific task variation rather than a generic wrapper.,YES,YES,NO,YES,9066d0f90a1fd8098efa1a90ac033bbd3af8b6f389f4374d1ad6dc2627ad32dd,688f62be5ec711d2e45048d9cfaa0ad0a52f36aca48fceb921ab82ccbe17b48e,Assessment Plan + Framework section packets; family-level semantic QA; selected-response one-best-answer/position QA; Framework ~fix_mathjax_v8.py; Framework ~audit_bank_package_v3.py; custom v3 structural/table/grammar/security QA,PASS,Stable Bank ID preserved; machine and human-readable representations synchronized.
U1-S3-PS3-Q20,1.3,Practice Set 3,PHASE 3 — PRACTICE / CYU,structural scaffold / prompt variety,MAJOR QUALITY DEFECT,REPAIR,Replaced stock cross-family reasoning wrapper with a task-specific family-level reasoning prompt/key.,YES,NO,NO,NO,77c61fc5276800e864e6dd6d1f47f82962e703012b756fe42949342211a18022,73b854b089189afd9c129c1440703f021ba2179c9d8545d174ec4f9d129523d2,Assessment Plan + Framework section packets; family-level semantic QA; selected-response one-best-answer/position QA; Framework ~fix_mathjax_v8.py; Framework ~audit_bank_package_v3.py; custom v3 structural/table/grammar/security QA,PASS,Stable Bank ID preserved; machine and human-readable representations synchronized.
U1-S3-PS3-Q21,1.3,Practice Set 3,PHASE 3 — PRACTICE / CYU,structural scaffold / prompt variety,MAJOR QUALITY DEFECT,REPAIR,Replaced stock cross-family reasoning wrapper with a task-specific family-level reasoning prompt/key. | Removed overused supplied-student-proposal scaffold; restored the family to a direct data/model/calculation task natural to the Physics content. | Resolved an exact parallel-form prompt collision with a family-specific task variation rather than a generic wrapper.,YES,YES,NO,YES,985169f3771e70be78ff95bce4b5a427451e33e69491c8b0a0f11128a3a5f0af,9029c9d37dc61fec5a2a6f1b45d7be66b71d60718db1ef0d281f1f866b5b4101,Assessment Plan + Framework section packets; family-level semantic QA; selected-response one-best-answer/position QA; Framework ~fix_mathjax_v8.py; Framework ~audit_bank_package_v3.py; custom v3 structural/table/grammar/security QA,PASS,Stable Bank ID preserved; machine and human-readable representations synchronized.
U1-S3-XP-Q12,1.3,Extra Practice,PHASE 3 — PRACTICE / CYU,structural scaffold / prompt variety,MAJOR QUALITY DEFECT,REPAIR,Replaced stock cross-family reasoning wrapper with a task-specific family-level reasoning prompt/key.,YES,NO,NO,NO,6f6c9e7c8d3650892d271976bcac99723c24a872edd62826cff4383daa65c277,01a9a57d73084c2e630284b3228aea6876c348dfffd97e4af66a5698de067e18,Assessment Plan + Framework section packets; family-level semantic QA; selected-response one-best-answer/position QA; Framework ~fix_mathjax_v8.py; Framework ~audit_bank_package_v3.py; custom v3 structural/table/grammar/security QA,PASS,Stable Bank ID preserved; machine and human-readable representations synchronized.
U1-S3-XP-Q13,1.3,Extra Practice,PHASE 3 — PRACTICE / CYU,structural scaffold / prompt variety,MAJOR QUALITY DEFECT,REPAIR,Replaced stock cross-family reasoning wrapper with a task-specific family-level reasoning prompt/key.,YES,NO,NO,NO,0d9cbd3e08dc96b7e8ba9c06f6a4ff574f533e3e4440a0090c0b3bb1d815abad,9983edfa7976db29b33ff5c6412d701bf000a1fcc3a66f28701ecc076a252194,Assessment Plan + Framework section packets; family-level semantic QA; selected-response one-best-answer/position QA; Framework ~fix_mathjax_v8.py; Framework ~audit_bank_package_v3.py; custom v3 structural/table/grammar/security QA,PASS,Stable Bank ID preserved; machine and human-readable representations synchronized.
U1-S3-XP-Q14,1.3,Extra Practice,PHASE 3 — PRACTICE / CYU,structural scaffold / prompt variety,MAJOR QUALITY DEFECT,REPAIR,Replaced stock cross-family reasoning wrapper with a task-specific family-level reasoning prompt/key. | Removed overused Student A/Student B comparison scaffold; kept the same concept but restored a direct family-specific task. | Resolved an exact parallel-form prompt collision with a family-specific task variation rather than a generic wrapper.,YES,YES,NO,YES,58854fbfd6307cf98ee21a1ab7de7f402abc46f7c6c3785e73a806b50e697c2f,cf8606ec12f60bb5813590928d9b5afa066de673c3d1f88dbff2405a3624a760,Assessment Plan + Framework section packets; family-level semantic QA; selected-response one-best-answer/position QA; Framework ~fix_mathjax_v8.py; Framework ~audit_bank_package_v3.py; custom v3 structural/table/grammar/security QA,PASS,Stable Bank ID preserved; machine and human-readable representations synchronized.
U1-S3-XP-Q15,1.3,Extra Practice,PHASE 3 — PRACTICE / CYU,structural scaffold / prompt variety,MAJOR QUALITY DEFECT,REPAIR,Replaced stock cross-family reasoning wrapper with a task-specific family-level reasoning prompt/key. | Removed overused supplied-student-proposal scaffold; restored the family to a direct data/model/calculation task natural to the Physics content.,YES,YES,NO,YES,87367bec54f45fd4bb6c05827f72d09e1812be7bb26db4dd1ba6825223106f1f,0240b05b9e247a06cfab5488a8f0f41bbb9a8fe70008311fcdffbf53a28f6736,Assessment Plan + Framework section packets; family-level semantic QA; selected-response one-best-answer/position QA; Framework ~fix_mathjax_v8.py; Framework ~audit_bank_package_v3.py; custom v3 structural/table/grammar/security QA,PASS,Stable Bank ID preserved; machine and human-readable representations synchronized.
U1-S3-XP-Q16,1.3,Extra Practice,PHASE 3 — PRACTICE / CYU,structural scaffold / prompt variety,MAJOR QUALITY DEFECT,REPAIR,Replaced stock cross-family reasoning wrapper with a task-specific family-level reasoning prompt/key.,YES,NO,NO,NO,e6805a8bd15024b707318da862b9f960745b3503ae1f84ae8c2de6704a4a3630,4a3cc72e6df140420c72d1af42ac1f4dae6519037e9c20c3c634b81d101e5d68,Assessment Plan + Framework section packets; family-level semantic QA; selected-response one-best-answer/position QA; Framework ~fix_mathjax_v8.py; Framework ~audit_bank_package_v3.py; custom v3 structural/table/grammar/security QA,PASS,Stable Bank ID preserved; machine and human-readable representations synchronized.
U1-S3-XP-Q17,1.3,Extra Practice,PHASE 3 — PRACTICE / CYU,structural scaffold / prompt variety,MAJOR QUALITY DEFECT,REPAIR,Replaced stock cross-family reasoning wrapper with a task-specific family-level reasoning prompt/key.,YES,YES,NO,NO,814ed446d6d6e2cb3b6d579f79153586971661a4ece95b839f27c62b5f669438,23c111d2ba2a90d2970bf0cc34e6b22ed2efabaaf65b1182e95b89575d6e493b,Assessment Plan + Framework section packets; family-level semantic QA; selected-response one-best-answer/position QA; Framework ~fix_mathjax_v8.py; Framework ~audit_bank_package_v3.py; custom v3 structural/table/grammar/security QA,PASS,Stable Bank ID preserved; machine and human-readable representations synchronized.
U1-S3-XP-Q18,1.3,Extra Practice,PHASE 3 — PRACTICE / CYU,structural scaffold / prompt variety,MAJOR QUALITY DEFECT,REPAIR,Replaced stock cross-family reasoning wrapper with a task-specific family-level reasoning prompt/key.,YES,YES,NO,NO,e113a0313bef465004830e697cfc8711e4ffb56b001798f15ef0578a6421f47a,d3143b7318bc4f92cb3e29cf6841b789cc7cec12a1ea3a643de6cc3a2abbe596,Assessment Plan + Framework section packets; family-level semantic QA; selected-response one-best-answer/position QA; Framework ~fix_mathjax_v8.py; Framework ~audit_bank_package_v3.py; custom v3 structural/table/grammar/security QA,PASS,Stable Bank ID preserved; machine and human-readable representations synchronized.
U1-S3-XP-Q19,1.3,Extra Practice,PHASE 3 — PRACTICE / CYU,structural scaffold / prompt variety,MAJOR QUALITY DEFECT,REPAIR,Replaced stock cross-family reasoning wrapper with a task-specific family-level reasoning prompt/key. | Removed overused supplied-student-proposal scaffold; restored the family to a direct data/model/calculation task natural to the Physics content.,YES,YES,NO,YES,04359c18b653fb5d48b8253f7e205c6260b9f0189eea5513e882f8df3a7c9119,aec32c616689892e2a68a97877b24965c1b319791ed75910c234a2d827fe4780,Assessment Plan + Framework section packets; family-level semantic QA; selected-response one-best-answer/position QA; Framework ~fix_mathjax_v8.py; Framework ~audit_bank_package_v3.py; custom v3 structural/table/grammar/security QA,PASS,Stable Bank ID preserved; machine and human-readable representations synchronized.
U1-S3-XP-Q20,1.3,Extra Practice,PHASE 3 — PRACTICE / CYU,structural scaffold / prompt variety,MAJOR QUALITY DEFECT,REPAIR,Replaced stock cross-family reasoning wrapper with a task-specific family-level reasoning prompt/key.,YES,NO,NO,NO,f75c113e8101135777877d3d44df364b6df5e25b756f51f6c8bba4dcc3d1cde3,d5f1caf579e0b7bca9e85d57faa30745bb1b4e13d51b371f8b26aca663caf9c2,Assessment Plan + Framework section packets; family-level semantic QA; selected-response one-best-answer/position QA; Framework ~fix_mathjax_v8.py; Framework ~audit_bank_package_v3.py; custom v3 structural/table/grammar/security QA,PASS,Stable Bank ID preserved; machine and human-readable representations synchronized.
U1-S3-XP-Q21,1.3,Extra Practice,PHASE 3 — PRACTICE / CYU,structural scaffold / prompt variety,MAJOR QUALITY DEFECT,REPAIR,Replaced stock cross-family reasoning wrapper with a task-specific family-level reasoning prompt/key. | Removed overused supplied-student-proposal scaffold; restored the family to a direct data/model/calculation task natural to the Physics content. | Resolved an exact parallel-form prompt collision with a family-specific task variation rather than a generic wrapper.,YES,YES,NO,YES,84a95c969754bd48c3c4c9913d62483d22e70d5404a501876a2e25fe267c3ca7,05c718c9b26e09000684dd4133cb4b03bbd417516fa89ac803fe06d497e77a8d,Assessment Plan + Framework section packets; family-level semantic QA; selected-response one-best-answer/position QA; Framework ~fix_mathjax_v8.py; Framework ~audit_bank_package_v3.py; custom v3 structural/table/grammar/security QA,PASS,Stable Bank ID preserved; machine and human-readable representations synchronized.
U1-S4-PS1-Q02,1.4,Practice Set 1,PHASE 3 — PRACTICE / CYU,structural scaffold / prompt variety,MAJOR QUALITY DEFECT,REPAIR,Replaced stock cross-family reasoning wrapper with a task-specific family-level reasoning prompt/key. | Removed overused supplied-student-proposal scaffold; restored the family to a direct data/model/calculation task natural to the Physics content. | Resolved an exact parallel-form prompt collision with a family-specific task variation rather than a generic wrapper.,YES,YES,NO,YES,f9c8fae03e0370868f96f9f8fced2ba2ed6489f0e973b32060eb377c8fc22547,0ac7388d74c40e8564ba86fb836752fcc9f990a3e603951d20541c8a0ab6bb9e,Assessment Plan + Framework section packets; family-level semantic QA; selected-response one-best-answer/position QA; Framework ~fix_mathjax_v8.py; Framework ~audit_bank_package_v3.py; custom v3 structural/table/grammar/security QA,PASS,Stable Bank ID preserved; machine and human-readable representations synchronized.
U1-S4-PS1-Q03,1.4,Practice Set 1,PHASE 3 — PRACTICE / CYU,selected-response QA,MAJOR QUALITY DEFECT,REPAIR,Reordered selected-response choices to repair answer-position pattern in Practice Set 1 1.4.,NO,YES,NO,NO,429829746c740461e5d2eec2361281a3210a002871146e6db304d62cec5f608e,429829746c740461e5d2eec2361281a3210a002871146e6db304d62cec5f608e,Assessment Plan + Framework section packets; family-level semantic QA; selected-response one-best-answer/position QA; Framework ~fix_mathjax_v8.py; Framework ~audit_bank_package_v3.py; custom v3 structural/table/grammar/security QA,PASS,Stable Bank ID preserved; machine and human-readable representations synchronized.
U1-S4-PS1-Q04,1.4,Practice Set 1,PHASE 3 — PRACTICE / CYU,structural scaffold / prompt variety,MAJOR QUALITY DEFECT,REPAIR,Replaced stock cross-family reasoning wrapper with a task-specific family-level reasoning prompt/key.,YES,YES,NO,NO,622681889ecbf75b903fdaea4ebbc6feaf28efc3b78dc2134d713c7aef11a9b8,0017fa26e936aa9061f1623c381abaeb330255758ba63b96893c218fa3098cfd,Assessment Plan + Framework section packets; family-level semantic QA; selected-response one-best-answer/position QA; Framework ~fix_mathjax_v8.py; Framework ~audit_bank_package_v3.py; custom v3 structural/table/grammar/security QA,PASS,Stable Bank ID preserved; machine and human-readable representations synchronized.
U1-S4-PS1-Q06,1.4,Practice Set 1,PHASE 3 — PRACTICE / CYU,structural scaffold / prompt variety,MAJOR QUALITY DEFECT,REPAIR,Replaced stock cross-family reasoning wrapper with a task-specific family-level reasoning prompt/key. | Reordered selected-response choices to repair answer-position pattern in Practice Set 1 1.4.,YES,YES,NO,NO,607c8b928f2945e4a9fd9e7d41c821de9529acca2aa83d65c54f03517d63716c,8f55e5cb6490aa2ff0b54a9a5d5e16cb0eb7dc3ceec72fca21bbd172525a518c,Assessment Plan + Framework section packets; family-level semantic QA; selected-response one-best-answer/position QA; Framework ~fix_mathjax_v8.py; Framework ~audit_bank_package_v3.py; custom v3 structural/table/grammar/security QA,PASS,Stable Bank ID preserved; machine and human-readable representations synchronized.
U1-S4-PS1-Q08,1.4,Practice Set 1,PHASE 3 — PRACTICE / CYU,structural scaffold / prompt variety,MAJOR QUALITY DEFECT,REPAIR,Replaced stock cross-family reasoning wrapper with a task-specific family-level reasoning prompt/key. | Removed overused Student A/Student B comparison scaffold; kept the same concept but restored a direct family-specific task. | Resolved an exact parallel-form prompt collision with a family-specific task variation rather than a generic wrapper.,YES,YES,NO,YES,3c62b7e9daa1f66c58fbfc637ab597e422fa48893093466fd5f3ba9cf5fdb848,42811c88a56d2c987b01d0240ee0ce35f7c65f2cc98de1905c3eb073559301fb,Assessment Plan + Framework section packets; family-level semantic QA; selected-response one-best-answer/position QA; Framework ~fix_mathjax_v8.py; Framework ~audit_bank_package_v3.py; custom v3 structural/table/grammar/security QA,PASS,Stable Bank ID preserved; machine and human-readable representations synchronized.
U1-S4-PS1-Q10,1.4,Practice Set 1,PHASE 3 — PRACTICE / CYU,structural scaffold / prompt variety,MAJOR QUALITY DEFECT,REPAIR,Replaced stock cross-family reasoning wrapper with a task-specific family-level reasoning prompt/key. | Removed overused supplied-student-proposal scaffold; restored the family to a direct data/model/calculation task natural to the Physics content. | Resolved an exact parallel-form prompt collision with a family-specific task variation rather than a generic wrapper.,YES,YES,NO,YES,3665782658453e006acb382befb5ad6622bf9cecb3019ff9f619ec8cfc1c6a32,6b2a4d716ddfe1c41f9c6589ef001ff1c2f22e8a2a5af83a4625cab25af2a4b0,Assessment Plan + Framework section packets; family-level semantic QA; selected-response one-best-answer/position QA; Framework ~fix_mathjax_v8.py; Framework ~audit_bank_package_v3.py; custom v3 structural/table/grammar/security QA,PASS,Stable Bank ID preserved; machine and human-readable representations synchronized.
U1-S4-PS1-Q11,1.4,Practice Set 1,PHASE 3 — PRACTICE / CYU,selected-response QA,MAJOR QUALITY DEFECT,REPAIR,Reordered selected-response choices to repair answer-position pattern in Practice Set 1 1.4.,NO,YES,NO,NO,b252e0ef4071a55329f50e8c4e00ff86d306a1c56bc323cea2940a3b10583ccb,b252e0ef4071a55329f50e8c4e00ff86d306a1c56bc323cea2940a3b10583ccb,Assessment Plan + Framework section packets; family-level semantic QA; selected-response one-best-answer/position QA; Framework ~fix_mathjax_v8.py; Framework ~audit_bank_package_v3.py; custom v3 structural/table/grammar/security QA,PASS,Stable Bank ID preserved; machine and human-readable representations synchronized.
U1-S4-PS1-Q12,1.4,Practice Set 1,PHASE 3 — PRACTICE / CYU,structural scaffold / prompt variety,MAJOR QUALITY DEFECT,REPAIR,Replaced stock cross-family reasoning wrapper with a task-specific family-level reasoning prompt/key.,YES,YES,NO,NO,a1560e125da2ad0c6aa98804d4e6e6b5963c07c5d1067725a9983084359aecc7,ed315b8ecdd373437df19595f66093cdee8c618ef98795c2d5d6139875122357,Assessment Plan + Framework section packets; family-level semantic QA; selected-response one-best-answer/position QA; Framework ~fix_mathjax_v8.py; Framework ~audit_bank_package_v3.py; custom v3 structural/table/grammar/security QA,PASS,Stable Bank ID preserved; machine and human-readable representations synchronized.
U1-S4-PS1-Q13,1.4,Practice Set 1,PHASE 3 — PRACTICE / CYU,structural scaffold / prompt variety,MAJOR QUALITY DEFECT,REPAIR,Final structural-variety/answer-neutral repair: replaced a remaining repeated student-claim/comparison shell with a direct Physics task.,YES,NO,NO,YES,3a14df12ecf4f7061b5a9ab9875f94597f9bccb3d2d5462c296c577d6d5fc637,66dd9db1d38a0d368512e58cd0bb2f459c6ca16ca5082746eb4a1c135efba4cb,Assessment Plan + Framework section packets; family-level semantic QA; selected-response one-best-answer/position QA; Framework ~fix_mathjax_v8.py; Framework ~audit_bank_package_v3.py; custom v3 structural/table/grammar/security QA,PASS,Stable Bank ID preserved; machine and human-readable representations synchronized.
U1-S4-PS1-Q14,1.4,Practice Set 1,PHASE 3 — PRACTICE / CYU,structural scaffold / prompt variety,MAJOR QUALITY DEFECT,REPAIR,Replaced stock cross-family reasoning wrapper with a task-specific family-level reasoning prompt/key. | Reordered selected-response choices to repair answer-position pattern in Practice Set 1 1.4.,YES,YES,NO,NO,6f0d0f119e73e9d00ad78ae985bf035e083b11715ec346bb17dd24bc2c750cf2,550632ee131fd3fda109286b2f81306ca77e64e785ab4ea1f23e146aae5693b0,Assessment Plan + Framework section packets; family-level semantic QA; selected-response one-best-answer/position QA; Framework ~fix_mathjax_v8.py; Framework ~audit_bank_package_v3.py; custom v3 structural/table/grammar/security QA,PASS,Stable Bank ID preserved; machine and human-readable representations synchronized.
U1-S4-PS1-Q16,1.4,Practice Set 1,PHASE 3 — PRACTICE / CYU,structural scaffold / prompt variety,MAJOR QUALITY DEFECT,REPAIR,Replaced stock cross-family reasoning wrapper with a task-specific family-level reasoning prompt/key. | Removed overused Student A/Student B comparison scaffold; kept the same concept but restored a direct family-specific task. | Resolved an exact parallel-form prompt collision with a family-specific task variation rather than a generic wrapper.,YES,YES,NO,YES,a9c7bab55025ca190f8e9e0ae712b8374a35425d12a2c0422a80c3882d2e44e4,8618ea0068cb1914a42f19ca8a0011d909857342b603660f1199c79d2571d70b,Assessment Plan + Framework section packets; family-level semantic QA; selected-response one-best-answer/position QA; Framework ~fix_mathjax_v8.py; Framework ~audit_bank_package_v3.py; custom v3 structural/table/grammar/security QA,PASS,Stable Bank ID preserved; machine and human-readable representations synchronized.
U1-S4-PS1-Q18,1.4,Practice Set 1,PHASE 3 — PRACTICE / CYU,structural scaffold / prompt variety,MAJOR QUALITY DEFECT,REPAIR,Replaced stock cross-family reasoning wrapper with a task-specific family-level reasoning prompt/key. | Removed overused supplied-student-proposal scaffold; restored the family to a direct data/model/calculation task natural to the Physics content. | Resolved an exact parallel-form prompt collision with a family-specific task variation rather than a generic wrapper.,YES,YES,NO,YES,872543c268e88f89071bfbf2400009d025561d46a3320dc7a00d60f1b342b748,839b551af876b6a7bd348c41eba3c6cf7b2500f36832288ab2064a8fbfb3bc95,Assessment Plan + Framework section packets; family-level semantic QA; selected-response one-best-answer/position QA; Framework ~fix_mathjax_v8.py; Framework ~audit_bank_package_v3.py; custom v3 structural/table/grammar/security QA,PASS,Stable Bank ID preserved; machine and human-readable representations synchronized.
U1-S4-PS1-Q19,1.4,Practice Set 1,PHASE 3 — PRACTICE / CYU,selected-response QA,MAJOR QUALITY DEFECT,REPAIR,"Reordered selected-response choices to repair answer-position pattern in Practice Set 1 1.4. | Replaced a repeated student-claim shell with a direct explanation, prediction, classification, or counterexample task.",YES,YES,NO,YES,e83d9a3a5eb7ad576464b8d17b18f78e3a351e15f6bdd1391ec3e4d9ae4cc069,b6fcd21dfd574117d5117cd9bdcbc8a95c069ea4600c8e9aa4571931eb88c174,Assessment Plan + Framework section packets; family-level semantic QA; selected-response one-best-answer/position QA; Framework ~fix_mathjax_v8.py; Framework ~audit_bank_package_v3.py; custom v3 structural/table/grammar/security QA,PASS,Stable Bank ID preserved; machine and human-readable representations synchronized.
U1-S4-PS1-Q20,1.4,Practice Set 1,PHASE 3 — PRACTICE / CYU,structural scaffold / prompt variety,MAJOR QUALITY DEFECT,REPAIR,"Replaced stock cross-family reasoning wrapper with a task-specific family-level reasoning prompt/key. | Replaced a repeated student-claim shell with a direct explanation, prediction, classification, or counterexample task.",YES,YES,NO,YES,8a1aa54a4735c57048bbe0716d3ec4a25f26a425b0edd9b05bc1c0d059a47257,5dcc93272190d40c1ba40308f44e1e576a4720639113b9b715fddca4502fb3f1,Assessment Plan + Framework section packets; family-level semantic QA; selected-response one-best-answer/position QA; Framework ~fix_mathjax_v8.py; Framework ~audit_bank_package_v3.py; custom v3 structural/table/grammar/security QA,PASS,Stable Bank ID preserved; machine and human-readable representations synchronized.
U1-S4-PS2-Q03,1.4,Practice Set 2,PHASE 3 — PRACTICE / CYU,structural scaffold / prompt variety,MAJOR QUALITY DEFECT,REPAIR,Replaced stock cross-family reasoning wrapper with a task-specific family-level reasoning prompt/key.,YES,YES,NO,NO,b0a3ff879cfefec5e5ff32960e68682312d1bf0e297dd76e5316399025cadf15,ab7314d52c5b7e57fd68f7f9e034fed28f1c841cb91deef3063be7a0116d1bdd,Assessment Plan + Framework section packets; family-level semantic QA; selected-response one-best-answer/position QA; Framework ~fix_mathjax_v8.py; Framework ~audit_bank_package_v3.py; custom v3 structural/table/grammar/security QA,PASS,Stable Bank ID preserved; machine and human-readable representations synchronized.
U1-S4-PS2-Q04,1.4,Practice Set 2,PHASE 3 — PRACTICE / CYU,selected-response QA,MAJOR QUALITY DEFECT,REPAIR,Reordered selected-response choices to repair answer-position pattern in Practice Set 2 1.4.,NO,YES,NO,NO,0349fad102dd9d64eda50bec7c4bc8a80e1c8d8376ead3d48ba2881b1e46c310,0349fad102dd9d64eda50bec7c4bc8a80e1c8d8376ead3d48ba2881b1e46c310,Assessment Plan + Framework section packets; family-level semantic QA; selected-response one-best-answer/position QA; Framework ~fix_mathjax_v8.py; Framework ~audit_bank_package_v3.py; custom v3 structural/table/grammar/security QA,PASS,Stable Bank ID preserved; machine and human-readable representations synchronized.
U1-S4-PS2-Q05,1.4,Practice Set 2,PHASE 3 — PRACTICE / CYU,structural scaffold / prompt variety,MAJOR QUALITY DEFECT,REPAIR,Replaced stock cross-family reasoning wrapper with a task-specific family-level reasoning prompt/key. | Removed overused Student A/Student B comparison scaffold; kept the same concept but restored a direct family-specific task. | Resolved an exact parallel-form prompt collision with a family-specific task variation rather than a generic wrapper.,YES,YES,NO,YES,bc48670befdf68890803367cee6ed20fa4920f5eb02001ff4fb722d2efb5f52b,d7af40d13a8b9bdeb90161f98b28f8d713e4d559476ef5f91811a970d094b87d,Assessment Plan + Framework section packets; family-level semantic QA; selected-response one-best-answer/position QA; Framework ~fix_mathjax_v8.py; Framework ~audit_bank_package_v3.py; custom v3 structural/table/grammar/security QA,PASS,Stable Bank ID preserved; machine and human-readable representations synchronized.
U1-S4-PS2-Q07,1.4,Practice Set 2,PHASE 3 — PRACTICE / CYU,structural scaffold / prompt variety,MAJOR QUALITY DEFECT,REPAIR,Replaced stock cross-family reasoning wrapper with a task-specific family-level reasoning prompt/key. | Reordered selected-response choices to repair answer-position pattern in Practice Set 2 1.4. | Removed overused supplied-student-proposal scaffold; restored the family to a direct data/model/calculation task natural to the Physics content. | Resolved an exact parallel-form prompt collision with a family-specific task variation rather than a generic wrapper.,YES,YES,NO,YES,56ad5223c60afc3778240be35b2a27e9bd0fecced52584f9d8a2a0b912954a6b,21e867d93423528b1575a36048b3773d508a23eb9aa0254c016f7aa3c2aa3f92,Assessment Plan + Framework section packets; family-level semantic QA; selected-response one-best-answer/position QA; Framework ~fix_mathjax_v8.py; Framework ~audit_bank_package_v3.py; custom v3 structural/table/grammar/security QA,PASS,Stable Bank ID preserved; machine and human-readable representations synchronized.
U1-S4-PS2-Q09,1.4,Practice Set 2,PHASE 3 — PRACTICE / CYU,structural scaffold / prompt variety,MAJOR QUALITY DEFECT,REPAIR,Replaced stock cross-family reasoning wrapper with a task-specific family-level reasoning prompt/key.,YES,YES,NO,NO,170d66657511c739ca14c06e10260dbbdd6f820eaa5c8d6f75c6adbe210dc562,3fb2d497bb975df6f8e5c895f3b308ee7cd0e178f0243e482a29549c1057457c,Assessment Plan + Framework section packets; family-level semantic QA; selected-response one-best-answer/position QA; Framework ~fix_mathjax_v8.py; Framework ~audit_bank_package_v3.py; custom v3 structural/table/grammar/security QA,PASS,Stable Bank ID preserved; machine and human-readable representations synchronized.
U1-S4-PS2-Q11,1.4,Practice Set 2,PHASE 3 — PRACTICE / CYU,structural scaffold / prompt variety,MAJOR QUALITY DEFECT,REPAIR,Replaced stock cross-family reasoning wrapper with a task-specific family-level reasoning prompt/key.,YES,YES,NO,NO,53d6327a1478b13cf24e78cbdd2a2d19d81e557a92dc052f8d8e8b18300433b3,834772b03d3c2325914bcb8acdc2170a04a8d2320a05253a7d03a521201277df,Assessment Plan + Framework section packets; family-level semantic QA; selected-response one-best-answer/position QA; Framework ~fix_mathjax_v8.py; Framework ~audit_bank_package_v3.py; custom v3 structural/table/grammar/security QA,PASS,Stable Bank ID preserved; machine and human-readable representations synchronized.
U1-S4-PS2-Q12,1.4,Practice Set 2,PHASE 3 — PRACTICE / CYU,selected-response QA,MAJOR QUALITY DEFECT,REPAIR,Reordered selected-response choices to repair answer-position pattern in Practice Set 2 1.4.,NO,YES,NO,NO,ad3a08fc69c5387c40480d8ec53ef02a70a1de640ba628b8cb7676f97a65ac53,ad3a08fc69c5387c40480d8ec53ef02a70a1de640ba628b8cb7676f97a65ac53,Assessment Plan + Framework section packets; family-level semantic QA; selected-response one-best-answer/position QA; Framework ~fix_mathjax_v8.py; Framework ~audit_bank_package_v3.py; custom v3 structural/table/grammar/security QA,PASS,Stable Bank ID preserved; machine and human-readable representations synchronized.
U1-S4-PS2-Q15,1.4,Practice Set 2,PHASE 3 — PRACTICE / CYU,structural scaffold / prompt variety,MAJOR QUALITY DEFECT,REPAIR,Replaced stock cross-family reasoning wrapper with a task-specific family-level reasoning prompt/key. | Reordered selected-response choices to repair answer-position pattern in Practice Set 2 1.4. | Removed overused supplied-student-proposal scaffold; restored the family to a direct data/model/calculation task natural to the Physics content. | Resolved an exact parallel-form prompt collision with a family-specific task variation rather than a generic wrapper.,YES,YES,NO,YES,b6fe6251a82dd18ff229c22a87d8e0c0f0bd2b6b01e63376e321419bd42f776b,aa74c199419083fbabf5c173adec1c01a4c16c1cac755ddd740ce7a142af950f,Assessment Plan + Framework section packets; family-level semantic QA; selected-response one-best-answer/position QA; Framework ~fix_mathjax_v8.py; Framework ~audit_bank_package_v3.py; custom v3 structural/table/grammar/security QA,PASS,Stable Bank ID preserved; machine and human-readable representations synchronized.
U1-S4-PS2-Q16,1.4,Practice Set 2,PHASE 3 — PRACTICE / CYU,content quality / synchronization,MAJOR QUALITY DEFECT,REPAIR,"Replaced a repeated student-claim shell with a direct explanation, prediction, classification, or counterexample task.",YES,NO,NO,YES,763edc75fc399958b7728029ab246bde126ea471da4acf94e30e358dee09a592,7fe2f21ec771fc530d2c603e83461627c3fc0f165048159adbfbb5bb33c06d6d,Assessment Plan + Framework section packets; family-level semantic QA; selected-response one-best-answer/position QA; Framework ~fix_mathjax_v8.py; Framework ~audit_bank_package_v3.py; custom v3 structural/table/grammar/security QA,PASS,Stable Bank ID preserved; machine and human-readable representations synchronized.
U1-S4-PS2-Q17,1.4,Practice Set 2,PHASE 3 — PRACTICE / CYU,structural scaffold / prompt variety,MAJOR QUALITY DEFECT,REPAIR,"Replaced stock cross-family reasoning wrapper with a task-specific family-level reasoning prompt/key. | Replaced a repeated student-claim shell with a direct explanation, prediction, classification, or counterexample task.",YES,YES,NO,YES,6c6b6f7f7b71f50f704e1d4c43dfa8c99532fedd5a356416834c4cdc9da97b15,94bd7a5064da7ac30070720c01df92678332ee0e1a2132d8464e0ec17abdd39d,Assessment Plan + Framework section packets; family-level semantic QA; selected-response one-best-answer/position QA; Framework ~fix_mathjax_v8.py; Framework ~audit_bank_package_v3.py; custom v3 structural/table/grammar/security QA,PASS,Stable Bank ID preserved; machine and human-readable representations synchronized.
U1-S4-PS2-Q19,1.4,Practice Set 2,PHASE 3 — PRACTICE / CYU,structural scaffold / prompt variety,MAJOR QUALITY DEFECT,REPAIR,Replaced stock cross-family reasoning wrapper with a task-specific family-level reasoning prompt/key. | Removed overused supplied-student-proposal scaffold; restored the family to a direct data/model/calculation task natural to the Physics content. | Resolved an exact parallel-form prompt collision with a family-specific task variation rather than a generic wrapper.,YES,YES,NO,YES,0026a99417ee1c158cdcf7399c4ea636b2be245cd1130ff63bbd70bf63519300,5b70bd565b818ba4aba49704eedaf52f5ee8be210233ca0beeeb15006c2c473c,Assessment Plan + Framework section packets; family-level semantic QA; selected-response one-best-answer/position QA; Framework ~fix_mathjax_v8.py; Framework ~audit_bank_package_v3.py; custom v3 structural/table/grammar/security QA,PASS,Stable Bank ID preserved; machine and human-readable representations synchronized.
U1-S4-PS2-Q20,1.4,Practice Set 2,PHASE 3 — PRACTICE / CYU,structural scaffold / prompt variety,MAJOR QUALITY DEFECT,REPAIR,Replaced stock cross-family reasoning wrapper with a task-specific family-level reasoning prompt/key.,YES,YES,NO,NO,87d2fdf100e9747cff87fbabf99b16570e15bef6a4d0634f47d94422ccdd4475,0bcd46c2a3025766ed85ff1c61944b89201a31917fda99e0cbe854aa201c3020,Assessment Plan + Framework section packets; family-level semantic QA; selected-response one-best-answer/position QA; Framework ~fix_mathjax_v8.py; Framework ~audit_bank_package_v3.py; custom v3 structural/table/grammar/security QA,PASS,Stable Bank ID preserved; machine and human-readable representations synchronized.
U1-S4-PS3-Q07,1.4,Practice Set 3,PHASE 3 — PRACTICE / CYU,content quality / synchronization,MAJOR QUALITY DEFECT,REPAIR,"Replaced a repeated student-claim shell with a direct explanation, prediction, classification, or counterexample task.",YES,NO,NO,YES,206016bea38a417185d8094a83743a25c4681c4ce3f86933e6262c4623faaa15,bce0e120b482c7e8010772f88271d378c63a10169b6e76edbf43ce262e1df77f,Assessment Plan + Framework section packets; family-level semantic QA; selected-response one-best-answer/position QA; Framework ~fix_mathjax_v8.py; Framework ~audit_bank_package_v3.py; custom v3 structural/table/grammar/security QA,PASS,Stable Bank ID preserved; machine and human-readable representations synchronized.
U1-S4-PS3-Q11,1.4,Practice Set 3,PHASE 3 — PRACTICE / CYU,structural scaffold / prompt variety,MAJOR QUALITY DEFECT,REPAIR,Replaced stock cross-family reasoning wrapper with a task-specific family-level reasoning prompt/key. | Removed overused Student A/Student B comparison scaffold; kept the same concept but restored a direct family-specific task. | Resolved an exact parallel-form prompt collision with a family-specific task variation rather than a generic wrapper.,YES,YES,NO,YES,7806420c69ddd4c5cfce3a3730242948923cd5dfc6b931b1705c64b33b2a881a,01db774b98fad73c0ff438cdc8cb0af5adeb0c308178c27aa3278d3a0aa998bd,Assessment Plan + Framework section packets; family-level semantic QA; selected-response one-best-answer/position QA; Framework ~fix_mathjax_v8.py; Framework ~audit_bank_package_v3.py; custom v3 structural/table/grammar/security QA,PASS,Stable Bank ID preserved; machine and human-readable representations synchronized.
U1-S4-PS3-Q12,1.4,Practice Set 3,PHASE 3 — PRACTICE / CYU,structural scaffold / prompt variety,MAJOR QUALITY DEFECT,REPAIR,Replaced stock cross-family reasoning wrapper with a task-specific family-level reasoning prompt/key. | Removed overused supplied-student-proposal scaffold; restored the family to a direct data/model/calculation task natural to the Physics content. | Resolved an exact parallel-form prompt collision with a family-specific task variation rather than a generic wrapper.,YES,YES,NO,YES,f124b1347844d2613db9defa170e9d8c73ec37b1b781993037e05a493f314491,dd01153dab7f45a685641a2ddc57b92f178a45b440d2b5959d055a8de032ff53,Assessment Plan + Framework section packets; family-level semantic QA; selected-response one-best-answer/position QA; Framework ~fix_mathjax_v8.py; Framework ~audit_bank_package_v3.py; custom v3 structural/table/grammar/security QA,PASS,Stable Bank ID preserved; machine and human-readable representations synchronized.
U1-S4-PS3-Q13,1.4,Practice Set 3,PHASE 3 — PRACTICE / CYU,structural scaffold / prompt variety,MAJOR QUALITY DEFECT,REPAIR,Replaced stock cross-family reasoning wrapper with a task-specific family-level reasoning prompt/key.,YES,NO,NO,NO,f3125ea7471979ee9cc9c2e41c54cc4cab5f2464c718a335c4795a1ad6b62103,d60a9af74eacebddc6d860a8e2c853916cd0852560c6a6c47829c1e3eed95d02,Assessment Plan + Framework section packets; family-level semantic QA; selected-response one-best-answer/position QA; Framework ~fix_mathjax_v8.py; Framework ~audit_bank_package_v3.py; custom v3 structural/table/grammar/security QA,PASS,Stable Bank ID preserved; machine and human-readable representations synchronized.
U1-S4-PS3-Q14,1.4,Practice Set 3,PHASE 3 — PRACTICE / CYU,structural scaffold / prompt variety,MAJOR QUALITY DEFECT,REPAIR,Replaced stock cross-family reasoning wrapper with a task-specific family-level reasoning prompt/key.,YES,NO,NO,NO,94868c565078a0febd21c07960a164cf2ad815933282e8ef733ccd0b06395174,a9a03c2e8a621bc5e56b3fe09ded13343e9c1c64e0fad0778f8bf2a0d49dceaf,Assessment Plan + Framework section packets; family-level semantic QA; selected-response one-best-answer/position QA; Framework ~fix_mathjax_v8.py; Framework ~audit_bank_package_v3.py; custom v3 structural/table/grammar/security QA,PASS,Stable Bank ID preserved; machine and human-readable representations synchronized.
U1-S4-PS3-Q15,1.4,Practice Set 3,PHASE 3 — PRACTICE / CYU,structural scaffold / prompt variety,MAJOR QUALITY DEFECT,REPAIR,Replaced stock cross-family reasoning wrapper with a task-specific family-level reasoning prompt/key. | Removed overused Student A/Student B comparison scaffold; kept the same concept but restored a direct family-specific task. | Resolved an exact parallel-form prompt collision with a family-specific task variation rather than a generic wrapper.,YES,YES,NO,YES,0eeff192aee83264760912c1e0da7efe1a69f8ccfb029988893fd1da89196203,2923d995b2061e7c9947c47ee4a0eb43d86a334430492f6172c080c20e8035cb,Assessment Plan + Framework section packets; family-level semantic QA; selected-response one-best-answer/position QA; Framework ~fix_mathjax_v8.py; Framework ~audit_bank_package_v3.py; custom v3 structural/table/grammar/security QA,PASS,Stable Bank ID preserved; machine and human-readable representations synchronized.
U1-S4-PS3-Q16,1.4,Practice Set 3,PHASE 3 — PRACTICE / CYU,structural scaffold / prompt variety,MAJOR QUALITY DEFECT,REPAIR,Replaced stock cross-family reasoning wrapper with a task-specific family-level reasoning prompt/key. | Removed overused supplied-student-proposal scaffold; restored the family to a direct data/model/calculation task natural to the Physics content. | Resolved an exact parallel-form prompt collision with a family-specific task variation rather than a generic wrapper.,YES,YES,NO,YES,392c5888e64b41e8e36ae143ab62fb51cf6bffe8e335798298e12baed29126c4,4325091024158928ae7183572294a1a2c83bc5cf92bc759407bd6fd8f7b9f6b7,Assessment Plan + Framework section packets; family-level semantic QA; selected-response one-best-answer/position QA; Framework ~fix_mathjax_v8.py; Framework ~audit_bank_package_v3.py; custom v3 structural/table/grammar/security QA,PASS,Stable Bank ID preserved; machine and human-readable representations synchronized.
U1-S4-PS3-Q17,1.4,Practice Set 3,PHASE 3 — PRACTICE / CYU,structural scaffold / prompt variety,MAJOR QUALITY DEFECT,REPAIR,Replaced stock cross-family reasoning wrapper with a task-specific family-level reasoning prompt/key.,YES,NO,NO,NO,6f5bd2799cd6cba98cd6dc88743a09b7011eb66bb65704abb4c6b88c338fe4ad,bdcf8071a8d31b4146f771a524061ada441918eb1de7e3ff7b752f3e8a5cb0c1,Assessment Plan + Framework section packets; family-level semantic QA; selected-response one-best-answer/position QA; Framework ~fix_mathjax_v8.py; Framework ~audit_bank_package_v3.py; custom v3 structural/table/grammar/security QA,PASS,Stable Bank ID preserved; machine and human-readable representations synchronized.
U1-S4-PS3-Q18,1.4,Practice Set 3,PHASE 3 — PRACTICE / CYU,structural scaffold / prompt variety,MAJOR QUALITY DEFECT,REPAIR,Replaced stock cross-family reasoning wrapper with a task-specific family-level reasoning prompt/key. | Removed overused supplied-student-proposal scaffold; restored the family to a direct data/model/calculation task natural to the Physics content. | Resolved an exact parallel-form prompt collision with a family-specific task variation rather than a generic wrapper.,YES,YES,NO,YES,c2a277e023542236a8411a2cb54d8c09266388702283fcc6045606bc1744d061,5251f74ecb2175a63c926f935f4e886b7f75a3b50e36760806b2fb51242a698b,Assessment Plan + Framework section packets; family-level semantic QA; selected-response one-best-answer/position QA; Framework ~fix_mathjax_v8.py; Framework ~audit_bank_package_v3.py; custom v3 structural/table/grammar/security QA,PASS,Stable Bank ID preserved; machine and human-readable representations synchronized.
U1-S4-PS3-Q19,1.4,Practice Set 3,PHASE 3 — PRACTICE / CYU,structural scaffold / prompt variety,MAJOR QUALITY DEFECT,REPAIR,Replaced stock cross-family reasoning wrapper with a task-specific family-level reasoning prompt/key.,YES,NO,NO,NO,28dfeb68905eaac4b82b1ad9fe3fcc709c5869b73c52fcd392439cfd66bd43e9,381fcf7c79904ec61a2d118419d85a9bcedcb06145abfcb3c99b35d4a29aa10b,Assessment Plan + Framework section packets; family-level semantic QA; selected-response one-best-answer/position QA; Framework ~fix_mathjax_v8.py; Framework ~audit_bank_package_v3.py; custom v3 structural/table/grammar/security QA,PASS,Stable Bank ID preserved; machine and human-readable representations synchronized.
U1-S4-PS3-Q20,1.4,Practice Set 3,PHASE 3 — PRACTICE / CYU,structural scaffold / prompt variety,MAJOR QUALITY DEFECT,REPAIR,Replaced stock cross-family reasoning wrapper with a task-specific family-level reasoning prompt/key.,YES,NO,NO,NO,6f7ce6916e8d2f4a9c2c65106b6185bd4e85af59b0c2eff79cf12b4a402a8036,596d07ee6bf02b6d231647ef7fa0dafc2aba20fc9bc75455b479be756c5ed974,Assessment Plan + Framework section packets; family-level semantic QA; selected-response one-best-answer/position QA; Framework ~fix_mathjax_v8.py; Framework ~audit_bank_package_v3.py; custom v3 structural/table/grammar/security QA,PASS,Stable Bank ID preserved; machine and human-readable representations synchronized.
U1-S4-XP-Q03,1.4,Extra Practice,PHASE 3 — PRACTICE / CYU,structural scaffold / prompt variety,MAJOR QUALITY DEFECT,REPAIR,Replaced stock cross-family reasoning wrapper with a task-specific family-level reasoning prompt/key.,YES,YES,NO,NO,7b9b9312cb955957d4a0cedfcd674ddeafb869962fbb726471b4f0a7703d512c,93aeb681b1b85098e921d5a350fc3c92e8dbf4df975d59c5028a6f2709165506,Assessment Plan + Framework section packets; family-level semantic QA; selected-response one-best-answer/position QA; Framework ~fix_mathjax_v8.py; Framework ~audit_bank_package_v3.py; custom v3 structural/table/grammar/security QA,PASS,Stable Bank ID preserved; machine and human-readable representations synchronized.
U1-S4-XP-Q05,1.4,Extra Practice,PHASE 3 — PRACTICE / CYU,structural scaffold / prompt variety,MAJOR QUALITY DEFECT,REPAIR,Replaced stock cross-family reasoning wrapper with a task-specific family-level reasoning prompt/key.,YES,YES,NO,NO,20191ea8f887a0dd9d912969879023b5ee35ebf50b22e0806a936c1972c7fa83,ae81551bd466676c715722943256a118eaf5f3877796d583d93978c1bf735d88,Assessment Plan + Framework section packets; family-level semantic QA; selected-response one-best-answer/position QA; Framework ~fix_mathjax_v8.py; Framework ~audit_bank_package_v3.py; custom v3 structural/table/grammar/security QA,PASS,Stable Bank ID preserved; machine and human-readable representations synchronized.
U1-S4-XP-Q07,1.4,Extra Practice,PHASE 3 — PRACTICE / CYU,structural scaffold / prompt variety,MAJOR QUALITY DEFECT,REPAIR,Replaced stock cross-family reasoning wrapper with a task-specific family-level reasoning prompt/key. | Removed overused Student A/Student B comparison scaffold; kept the same concept but restored a direct family-specific task. | Resolved an exact parallel-form prompt collision with a family-specific task variation rather than a generic wrapper.,YES,YES,NO,YES,2e1db9175f14f747d97fc846b4e7f3ee855ed428df651f751a3e1ed79f06857a,137728dac4737691eeb2aba1752d5a50a40db87215368134277cfe00baa63a88,Assessment Plan + Framework section packets; family-level semantic QA; selected-response one-best-answer/position QA; Framework ~fix_mathjax_v8.py; Framework ~audit_bank_package_v3.py; custom v3 structural/table/grammar/security QA,PASS,Stable Bank ID preserved; machine and human-readable representations synchronized.
U1-S4-XP-Q09,1.4,Extra Practice,PHASE 3 — PRACTICE / CYU,structural scaffold / prompt variety,MAJOR QUALITY DEFECT,REPAIR,Replaced stock cross-family reasoning wrapper with a task-specific family-level reasoning prompt/key. | Reordered selected-response choices to repair answer-position pattern in Extra Practice 1.4. | Removed overused supplied-student-proposal scaffold; restored the family to a direct data/model/calculation task natural to the Physics content. | Resolved an exact parallel-form prompt collision with a family-specific task variation rather than a generic wrapper.,YES,YES,NO,YES,e57bd03de75250c3a5bb98ef67ec2baa2555def24830e969e4de84af3e6b7997,8fb57b34e9a20a3b1e594de0d2fb598f86ba312990731bae040216ef17856969,Assessment Plan + Framework section packets; family-level semantic QA; selected-response one-best-answer/position QA; Framework ~fix_mathjax_v8.py; Framework ~audit_bank_package_v3.py; custom v3 structural/table/grammar/security QA,PASS,Stable Bank ID preserved; machine and human-readable representations synchronized.
U1-S4-XP-Q11,1.4,Extra Practice,PHASE 3 — PRACTICE / CYU,structural scaffold / prompt variety,MAJOR QUALITY DEFECT,REPAIR,Replaced stock cross-family reasoning wrapper with a task-specific family-level reasoning prompt/key.,YES,YES,NO,NO,345262babff207c410133a653813274960158c659dacfd130d911ef15aa23282,2d393629a56dc57272db29dbba4b11b0a197d8602f1160f0520fb428e36412c0,Assessment Plan + Framework section packets; family-level semantic QA; selected-response one-best-answer/position QA; Framework ~fix_mathjax_v8.py; Framework ~audit_bank_package_v3.py; custom v3 structural/table/grammar/security QA,PASS,Stable Bank ID preserved; machine and human-readable representations synchronized.
U1-S4-XP-Q13,1.4,Extra Practice,PHASE 3 — PRACTICE / CYU,structural scaffold / prompt variety,MAJOR QUALITY DEFECT,REPAIR,Replaced stock cross-family reasoning wrapper with a task-specific family-level reasoning prompt/key. | Final structural-variety/answer-neutral repair: replaced a remaining repeated student-claim/comparison shell with a direct Physics task.,YES,YES,NO,YES,b252385cf9f602716401515fa4b20d4e0fdd18e441fc0e02b1535253018eecdc,98677ba9b93e4bb0232424d96be07b9a1e254755b422e9ee6982b0e56ddba44a,Assessment Plan + Framework section packets; family-level semantic QA; selected-response one-best-answer/position QA; Framework ~fix_mathjax_v8.py; Framework ~audit_bank_package_v3.py; custom v3 structural/table/grammar/security QA,PASS,Stable Bank ID preserved; machine and human-readable representations synchronized.
U1-S4-XP-Q14,1.4,Extra Practice,PHASE 3 — PRACTICE / CYU,selected-response QA,MAJOR QUALITY DEFECT,REPAIR,Reordered selected-response choices to repair answer-position pattern in Extra Practice 1.4.,NO,YES,NO,NO,e7f14102904ebf766da7b3354a12a196cdbce25efe9c6b1c55475e02d3cc0a0f,e7f14102904ebf766da7b3354a12a196cdbce25efe9c6b1c55475e02d3cc0a0f,Assessment Plan + Framework section packets; family-level semantic QA; selected-response one-best-answer/position QA; Framework ~fix_mathjax_v8.py; Framework ~audit_bank_package_v3.py; custom v3 structural/table/grammar/security QA,PASS,Stable Bank ID preserved; machine and human-readable representations synchronized.
U1-S4-XP-Q15,1.4,Extra Practice,PHASE 3 — PRACTICE / CYU,structural scaffold / prompt variety,MAJOR QUALITY DEFECT,REPAIR,Replaced stock cross-family reasoning wrapper with a task-specific family-level reasoning prompt/key. | Removed overused Student A/Student B comparison scaffold; kept the same concept but restored a direct family-specific task. | Resolved an exact parallel-form prompt collision with a family-specific task variation rather than a generic wrapper.,YES,YES,NO,YES,806a19bfe5b3c884205875f269dbdced55339a60f84454b88dbe4d38d9e7d97a,cb4e276ffb8e4b3e5378074ac5bad488e56a1fdf8b3c5c4d22dd9b753cba6e7f,Assessment Plan + Framework section packets; family-level semantic QA; selected-response one-best-answer/position QA; Framework ~fix_mathjax_v8.py; Framework ~audit_bank_package_v3.py; custom v3 structural/table/grammar/security QA,PASS,Stable Bank ID preserved; machine and human-readable representations synchronized.
U1-S4-XP-Q17,1.4,Extra Practice,PHASE 3 — PRACTICE / CYU,structural scaffold / prompt variety,MAJOR QUALITY DEFECT,REPAIR,Replaced stock cross-family reasoning wrapper with a task-specific family-level reasoning prompt/key. | Removed overused supplied-student-proposal scaffold; restored the family to a direct data/model/calculation task natural to the Physics content. | Resolved an exact parallel-form prompt collision with a family-specific task variation rather than a generic wrapper.,YES,YES,NO,YES,ea4f525b06da9356a70c415a6ab3a5454ef1edfb6cb46bc259a6dc020bacde1f,afa5a0b2cacfda6e40112400c17dfb70278d207ca85241e109c97b76f1e5cb2a,Assessment Plan + Framework section packets; family-level semantic QA; selected-response one-best-answer/position QA; Framework ~fix_mathjax_v8.py; Framework ~audit_bank_package_v3.py; custom v3 structural/table/grammar/security QA,PASS,Stable Bank ID preserved; machine and human-readable representations synchronized.
U1-S4-XP-Q19,1.4,Extra Practice,PHASE 3 — PRACTICE / CYU,structural scaffold / prompt variety,MAJOR QUALITY DEFECT,REPAIR,"Replaced stock cross-family reasoning wrapper with a task-specific family-level reasoning prompt/key. | Replaced a repeated student-claim shell with a direct explanation, prediction, classification, or counterexample task.",YES,YES,NO,YES,83e29a1bd7e2f711463737314138437bab3f978fdc8ce375f062f86ac58c9830,5677b9910edcde562c764d912636c29767e5132be2ebe481a90d5aacc687d529,Assessment Plan + Framework section packets; family-level semantic QA; selected-response one-best-answer/position QA; Framework ~fix_mathjax_v8.py; Framework ~audit_bank_package_v3.py; custom v3 structural/table/grammar/security QA,PASS,Stable Bank ID preserved; machine and human-readable representations synchronized.
U1-S5-BLK-Q21,1.5,Blooket,PHASE 4 — SHORT INSTRUCTIONAL,short instructional duplicate/export,BLOCKER,REPAIR,Replaced a same-set Blooket duplicate with a new family-aligned game item and synchronized the export.,YES,YES,NO,YES,07f155be8daf623b6402e130f46ef2279a31e0868405eb6fa7e3066a0bcedb18,bc68c11cfb5de8b9dc8cc152e56fa033e556df7aea18ab84635c90b8fc77d3b0,Assessment Plan + Framework section packets; family-level semantic QA; selected-response one-best-answer/position QA; Framework ~fix_mathjax_v8.py; Framework ~audit_bank_package_v3.py; custom v3 structural/table/grammar/security QA,PASS,Stable Bank ID preserved; machine and human-readable representations synchronized.
U1-S5-BLK-Q22,1.5,Blooket,PHASE 4 — SHORT INSTRUCTIONAL,short instructional duplicate/export,BLOCKER,REPAIR,Replaced a same-set Blooket duplicate with a new family-aligned game item and synchronized the export.,YES,YES,NO,YES,40c0e4f20c187a907baca5ac89a0fc51883addd3b24d4612b8f36e5dbccda8c9,bb6e5c0fc0d4db2a541508c8aa0429f750907738be52cdf7ca41648dc013f247,Assessment Plan + Framework section packets; family-level semantic QA; selected-response one-best-answer/position QA; Framework ~fix_mathjax_v8.py; Framework ~audit_bank_package_v3.py; custom v3 structural/table/grammar/security QA,PASS,Stable Bank ID preserved; machine and human-readable representations synchronized.
U1-S5-BLK-Q23,1.5,Blooket,PHASE 4 — SHORT INSTRUCTIONAL,short instructional duplicate/export,BLOCKER,REPAIR,Replaced a same-set Blooket duplicate with a new family-aligned game item and synchronized the export.,YES,YES,NO,YES,dce94041510aecf29f4ffdf9b8d20006b546592febda02b539bdd4502d824e39,3ad57b603474432b3242dfa0e02c394d3b5994d5ebedd5ad45609fc0e4bf4bbb,Assessment Plan + Framework section packets; family-level semantic QA; selected-response one-best-answer/position QA; Framework ~fix_mathjax_v8.py; Framework ~audit_bank_package_v3.py; custom v3 structural/table/grammar/security QA,PASS,Stable Bank ID preserved; machine and human-readable representations synchronized.
U1-S5-NOTE-EX03,1.5,Notes Example,PHASE 2 — NOTES EX/YTI,instructional core / representation,MAJOR QUALITY DEFECT,REPAIR,Replaced the WTC-clone representation-mismatch task with a distinct model-critique bundle focused on fictitious inertia forces.,YES,YES,YES,YES,47feb455da39ea0bb07eef89145d48258089f2ba209d457544ae0cb13d23cb5d,5ebc8831606aafbb3b1926ec17f8d20259820111eb5077017cb17b88d2646bc4,Assessment Plan + Framework section packets; family-level semantic QA; selected-response one-best-answer/position QA; Framework ~fix_mathjax_v8.py; Framework ~audit_bank_package_v3.py; custom v3 structural/table/grammar/security QA,PASS,Stable Bank ID preserved; machine and human-readable representations synchronized.
U1-S5-NOTE-YTI03,1.5,Notes YTI,PHASE 2 — NOTES EX/YTI,instructional core / representation,MAJOR QUALITY DEFECT,REPAIR,Rebuilt YTI as an independent force-model critique rather than repeating the WTC mismatch task.,YES,YES,NO,YES,c409c18ba8b0fe0d16761bb4d083ff0cbc7fe30bc9236d2af18c8386894e83e4,83c5cdd4efd94c2604b5dc95e2cc169ae8bc79169bc008f6c42c9bcc359dc244,Assessment Plan + Framework section packets; family-level semantic QA; selected-response one-best-answer/position QA; Framework ~fix_mathjax_v8.py; Framework ~audit_bank_package_v3.py; custom v3 structural/table/grammar/security QA,PASS,Stable Bank ID preserved; machine and human-readable representations synchronized.
U1-S5-PS1-Q02,1.5,Practice Set 1,PHASE 3 — PRACTICE / CYU,structural scaffold / prompt variety,MAJOR QUALITY DEFECT,REPAIR,Replaced stock cross-family reasoning wrapper with a task-specific family-level reasoning prompt/key. | Removed overused supplied-student-proposal scaffold; restored the family to a direct data/model/calculation task natural to the Physics content. | Resolved an exact parallel-form prompt collision with a family-specific task variation rather than a generic wrapper.,YES,YES,NO,YES,d43f97b55d3ba9e743a9eeb92d9ab9bb1087225777accde918c8dd77fdd380cc,4a2cfb25cd52f4c0a04557498beb48db8df15a495da452344676bb3e8a6fee3a,Assessment Plan + Framework section packets; family-level semantic QA; selected-response one-best-answer/position QA; Framework ~fix_mathjax_v8.py; Framework ~audit_bank_package_v3.py; custom v3 structural/table/grammar/security QA,PASS,Stable Bank ID preserved; machine and human-readable representations synchronized.
U1-S5-PS1-Q03,1.5,Practice Set 1,PHASE 3 — PRACTICE / CYU,selected-response QA,MAJOR QUALITY DEFECT,REPAIR,Reordered selected-response choices to repair answer-position pattern in Practice Set 1 1.5.,NO,YES,NO,NO,e4f22b584d3ab4897d455244b94d54e8e28ab4ef0b1778cbf5bcb686ebc45a9f,e4f22b584d3ab4897d455244b94d54e8e28ab4ef0b1778cbf5bcb686ebc45a9f,Assessment Plan + Framework section packets; family-level semantic QA; selected-response one-best-answer/position QA; Framework ~fix_mathjax_v8.py; Framework ~audit_bank_package_v3.py; custom v3 structural/table/grammar/security QA,PASS,Stable Bank ID preserved; machine and human-readable representations synchronized.
U1-S5-PS1-Q04,1.5,Practice Set 1,PHASE 3 — PRACTICE / CYU,structural scaffold / prompt variety,MAJOR QUALITY DEFECT,REPAIR,Replaced stock cross-family reasoning wrapper with a task-specific family-level reasoning prompt/key.,YES,YES,NO,NO,b1efe24c1201e482bb906b15819c27f0139ad2583619b4d2f47c2ef54c962018,b2c948f72812c4ed1ad3d4a598f6db666ebe64741c40fb7265481cfaf6dee6e4,Assessment Plan + Framework section packets; family-level semantic QA; selected-response one-best-answer/position QA; Framework ~fix_mathjax_v8.py; Framework ~audit_bank_package_v3.py; custom v3 structural/table/grammar/security QA,PASS,Stable Bank ID preserved; machine and human-readable representations synchronized.
U1-S5-PS1-Q06,1.5,Practice Set 1,PHASE 3 — PRACTICE / CYU,structural scaffold / prompt variety,MAJOR QUALITY DEFECT,REPAIR,Replaced stock cross-family reasoning wrapper with a task-specific family-level reasoning prompt/key. | Reordered selected-response choices to repair answer-position pattern in Practice Set 1 1.5.,YES,YES,NO,NO,3ca2dd98ea9663a9b05218e1143cee16643865cb3530761b1ef71bad6489d7ba,65455a689563c7c632b787675edb376ddabf7e1dc9ca03ca177183bc79d98e85,Assessment Plan + Framework section packets; family-level semantic QA; selected-response one-best-answer/position QA; Framework ~fix_mathjax_v8.py; Framework ~audit_bank_package_v3.py; custom v3 structural/table/grammar/security QA,PASS,Stable Bank ID preserved; machine and human-readable representations synchronized.
U1-S5-PS1-Q08,1.5,Practice Set 1,PHASE 3 — PRACTICE / CYU,structural scaffold / prompt variety,MAJOR QUALITY DEFECT,REPAIR,Replaced stock cross-family reasoning wrapper with a task-specific family-level reasoning prompt/key.,YES,YES,NO,NO,93aaa9a42ba68e3c1828a0caf6b49094424c0c8d321a87e21cc5a03cf2028ae7,47ec00d38dc3126cbfe4538fe7543be193a4c7f33359ad3bf318890eb2a27d8d,Assessment Plan + Framework section packets; family-level semantic QA; selected-response one-best-answer/position QA; Framework ~fix_mathjax_v8.py; Framework ~audit_bank_package_v3.py; custom v3 structural/table/grammar/security QA,PASS,Stable Bank ID preserved; machine and human-readable representations synchronized.
U1-S5-PS1-Q10,1.5,Practice Set 1,PHASE 3 — PRACTICE / CYU,structural scaffold / prompt variety,MAJOR QUALITY DEFECT,REPAIR,Replaced stock cross-family reasoning wrapper with a task-specific family-level reasoning prompt/key.,YES,YES,NO,NO,545b626f0a6dbbbe957e081f71d62f6a8e2af72b4b56be41724090ad5ecd6344,03a7141002da6cb1dba76529f57543d1c00d4b24a9da6d63d8d36bb8511fae11,Assessment Plan + Framework section packets; family-level semantic QA; selected-response one-best-answer/position QA; Framework ~fix_mathjax_v8.py; Framework ~audit_bank_package_v3.py; custom v3 structural/table/grammar/security QA,PASS,Stable Bank ID preserved; machine and human-readable representations synchronized.
U1-S5-PS1-Q11,1.5,Practice Set 1,PHASE 3 — PRACTICE / CYU,selected-response QA,MAJOR QUALITY DEFECT,REPAIR,Reordered selected-response choices to repair answer-position pattern in Practice Set 1 1.5.,NO,YES,NO,NO,ccbd81b6824e52275373467ac5c36209fa12d4f9b0ec941333418561f10aaf72,ccbd81b6824e52275373467ac5c36209fa12d4f9b0ec941333418561f10aaf72,Assessment Plan + Framework section packets; family-level semantic QA; selected-response one-best-answer/position QA; Framework ~fix_mathjax_v8.py; Framework ~audit_bank_package_v3.py; custom v3 structural/table/grammar/security QA,PASS,Stable Bank ID preserved; machine and human-readable representations synchronized.
U1-S5-PS1-Q12,1.5,Practice Set 1,PHASE 3 — PRACTICE / CYU,structural scaffold / prompt variety,MAJOR QUALITY DEFECT,REPAIR,Replaced stock cross-family reasoning wrapper with a task-specific family-level reasoning prompt/key.,YES,YES,NO,NO,ba1c35f9c4a8568a90ecbc70579292c0c52566e699592396b12e036f91acd534,d2075fa479588be54f41ea5c1cd84a0234afd1cb45558741f7f86712f0cb7164,Assessment Plan + Framework section packets; family-level semantic QA; selected-response one-best-answer/position QA; Framework ~fix_mathjax_v8.py; Framework ~audit_bank_package_v3.py; custom v3 structural/table/grammar/security QA,PASS,Stable Bank ID preserved; machine and human-readable representations synchronized.
U1-S5-PS1-Q14,1.5,Practice Set 1,PHASE 3 — PRACTICE / CYU,structural scaffold / prompt variety,MAJOR QUALITY DEFECT,REPAIR,Replaced stock cross-family reasoning wrapper with a task-specific family-level reasoning prompt/key. | Reordered selected-response choices to repair answer-position pattern in Practice Set 1 1.5.,YES,YES,NO,NO,47fc5a7b9bfdf29120f5a0938cfc4a5b4e35ce15278c20382209e650e0ecfe22,dbb015c2bd79ad5a5603129e21e4db4a7df89c4529dd89191d9e3f038cd18a32,Assessment Plan + Framework section packets; family-level semantic QA; selected-response one-best-answer/position QA; Framework ~fix_mathjax_v8.py; Framework ~audit_bank_package_v3.py; custom v3 structural/table/grammar/security QA,PASS,Stable Bank ID preserved; machine and human-readable representations synchronized.
U1-S5-PS1-Q16,1.5,Practice Set 1,PHASE 3 — PRACTICE / CYU,structural scaffold / prompt variety,MAJOR QUALITY DEFECT,REPAIR,Replaced stock cross-family reasoning wrapper with a task-specific family-level reasoning prompt/key.,YES,YES,NO,NO,fb733fc19061d1a72b28fd7e9b29860296cceeab16bd79e5b8165e6daca4f02f,da7a4997023db13e52e22c94105c0ad3288c87cfff680a25a049ca5e91787da7,Assessment Plan + Framework section packets; family-level semantic QA; selected-response one-best-answer/position QA; Framework ~fix_mathjax_v8.py; Framework ~audit_bank_package_v3.py; custom v3 structural/table/grammar/security QA,PASS,Stable Bank ID preserved; machine and human-readable representations synchronized.
U1-S5-PS1-Q18,1.5,Practice Set 1,PHASE 3 — PRACTICE / CYU,structural scaffold / prompt variety,MAJOR QUALITY DEFECT,REPAIR,Replaced stock cross-family reasoning wrapper with a task-specific family-level reasoning prompt/key. | Removed overused supplied-student-proposal scaffold; restored the family to a direct data/model/calculation task natural to the Physics content. | Resolved an exact parallel-form prompt collision with a family-specific task variation rather than a generic wrapper.,YES,YES,NO,YES,0e2d345ae659f8532179dd57965849b5fdc31de7c33c8f9352767661fc12a1f9,5c282da73eb7f23bcfb2437ff596b4c66d3d5166c89b7092085f588cc529a451,Assessment Plan + Framework section packets; family-level semantic QA; selected-response one-best-answer/position QA; Framework ~fix_mathjax_v8.py; Framework ~audit_bank_package_v3.py; custom v3 structural/table/grammar/security QA,PASS,Stable Bank ID preserved; machine and human-readable representations synchronized.
U1-S5-PS1-Q19,1.5,Practice Set 1,PHASE 3 — PRACTICE / CYU,selected-response QA,MAJOR QUALITY DEFECT,REPAIR,Reordered selected-response choices to repair answer-position pattern in Practice Set 1 1.5.,NO,YES,NO,NO,fa20880791ebef044bab6a5ac4ed14ebf65dc5267e350faf86aab002e640e108,fa20880791ebef044bab6a5ac4ed14ebf65dc5267e350faf86aab002e640e108,Assessment Plan + Framework section packets; family-level semantic QA; selected-response one-best-answer/position QA; Framework ~fix_mathjax_v8.py; Framework ~audit_bank_package_v3.py; custom v3 structural/table/grammar/security QA,PASS,Stable Bank ID preserved; machine and human-readable representations synchronized.
U1-S5-PS1-Q20,1.5,Practice Set 1,PHASE 3 — PRACTICE / CYU,structural scaffold / prompt variety,MAJOR QUALITY DEFECT,REPAIR,Replaced stock cross-family reasoning wrapper with a task-specific family-level reasoning prompt/key.,YES,YES,NO,NO,bfdda0523639df77a40784db009c5d8dacf41db8ced06e4eec7f7fc907c99b94,16278a40f808e220dc66dbdfab27981ebdf03ea9c989cb44f3724b7e68323d27,Assessment Plan + Framework section packets; family-level semantic QA; selected-response one-best-answer/position QA; Framework ~fix_mathjax_v8.py; Framework ~audit_bank_package_v3.py; custom v3 structural/table/grammar/security QA,PASS,Stable Bank ID preserved; machine and human-readable representations synchronized.
U1-S5-PS1-Q22,1.5,Practice Set 1,PHASE 3 — PRACTICE / CYU,structural scaffold / prompt variety,MAJOR QUALITY DEFECT,REPAIR,Replaced stock cross-family reasoning wrapper with a task-specific family-level reasoning prompt/key. | Reordered selected-response choices to repair answer-position pattern in Practice Set 1 1.5.,YES,YES,NO,NO,8d7eeef3046d41a0a39b9ef3b94b99107991a1091c5f608c613f7b1f9d74a733,b79b3fbbe2b763987bab4080b1686151059c4f3d4b18234d3ad9c1d850385ce7,Assessment Plan + Framework section packets; family-level semantic QA; selected-response one-best-answer/position QA; Framework ~fix_mathjax_v8.py; Framework ~audit_bank_package_v3.py; custom v3 structural/table/grammar/security QA,PASS,Stable Bank ID preserved; machine and human-readable representations synchronized.
U1-S5-PS2-Q03,1.5,Practice Set 2,PHASE 3 — PRACTICE / CYU,structural scaffold / prompt variety,MAJOR QUALITY DEFECT,REPAIR,Replaced stock cross-family reasoning wrapper with a task-specific family-level reasoning prompt/key.,YES,YES,NO,NO,11d8e87adc7cb770ea783e17b3ba5036979dcfd78c6adc18d47749d58dfddf40,173f06dd434a311e7e165bb8966c4c8a2b6b1a323b17aa4f49af67b3cf229329,Assessment Plan + Framework section packets; family-level semantic QA; selected-response one-best-answer/position QA; Framework ~fix_mathjax_v8.py; Framework ~audit_bank_package_v3.py; custom v3 structural/table/grammar/security QA,PASS,Stable Bank ID preserved; machine and human-readable representations synchronized.
U1-S5-PS2-Q05,1.5,Practice Set 2,PHASE 3 — PRACTICE / CYU,structural scaffold / prompt variety,MAJOR QUALITY DEFECT,REPAIR,Replaced stock cross-family reasoning wrapper with a task-specific family-level reasoning prompt/key.,YES,YES,NO,NO,2c3b663ab2dc40fe87462839df897f71683f52c5688fa1d23cdce81cbac6d79e,8828099fe966e7b10e0a9344d977f05a5c7cee514193f8d7805d523b71ea1f81,Assessment Plan + Framework section packets; family-level semantic QA; selected-response one-best-answer/position QA; Framework ~fix_mathjax_v8.py; Framework ~audit_bank_package_v3.py; custom v3 structural/table/grammar/security QA,PASS,Stable Bank ID preserved; machine and human-readable representations synchronized.
U1-S5-PS2-Q07,1.5,Practice Set 2,PHASE 3 — PRACTICE / CYU,structural scaffold / prompt variety,MAJOR QUALITY DEFECT,REPAIR,Replaced stock cross-family reasoning wrapper with a task-specific family-level reasoning prompt/key.,YES,YES,NO,NO,0b7f7601b16294091ac88998a6b8a1cc77daccc9858582c0eaa8873dedb97658,4e48e25854d576ab96d650c8f53b62038c6f34e87761adae3fc3f1076e6b70d3,Assessment Plan + Framework section packets; family-level semantic QA; selected-response one-best-answer/position QA; Framework ~fix_mathjax_v8.py; Framework ~audit_bank_package_v3.py; custom v3 structural/table/grammar/security QA,PASS,Stable Bank ID preserved; machine and human-readable representations synchronized.
U1-S5-PS2-Q09,1.5,Practice Set 2,PHASE 3 — PRACTICE / CYU,structural scaffold / prompt variety,MAJOR QUALITY DEFECT,REPAIR,Replaced stock cross-family reasoning wrapper with a task-specific family-level reasoning prompt/key.,YES,YES,NO,NO,1edd98224e5169ce9d638d6e6954726967c17ce2f5593d16cb5e6dbb583deb36,929643e5e482da820b59b637a1324ce37fe5a205700983513ef24bb9f1858154,Assessment Plan + Framework section packets; family-level semantic QA; selected-response one-best-answer/position QA; Framework ~fix_mathjax_v8.py; Framework ~audit_bank_package_v3.py; custom v3 structural/table/grammar/security QA,PASS,Stable Bank ID preserved; machine and human-readable representations synchronized.
U1-S5-PS2-Q11,1.5,Practice Set 2,PHASE 3 — PRACTICE / CYU,structural scaffold / prompt variety,MAJOR QUALITY DEFECT,REPAIR,Replaced stock cross-family reasoning wrapper with a task-specific family-level reasoning prompt/key.,YES,YES,NO,NO,7d6d19eae3a7dda80cfba8aff8f4c3241c67cc257c5e7bcc27dfa6149bb5eca6,9fe3e4348c1dcc0be0fcbd1f69595be544fbe19dfbb1bad33682ecc70fd93c4c,Assessment Plan + Framework section packets; family-level semantic QA; selected-response one-best-answer/position QA; Framework ~fix_mathjax_v8.py; Framework ~audit_bank_package_v3.py; custom v3 structural/table/grammar/security QA,PASS,Stable Bank ID preserved; machine and human-readable representations synchronized.
U1-S5-PS2-Q13,1.5,Practice Set 2,PHASE 3 — PRACTICE / CYU,structural scaffold / prompt variety,MAJOR QUALITY DEFECT,REPAIR,Replaced stock cross-family reasoning wrapper with a task-specific family-level reasoning prompt/key.,YES,YES,NO,NO,434fdb4b215566aa5c5f996008c59d0ce35e0c76b26b558a05934026009cc9c4,a0dd66e84e1ec8cd782cc480f84c852669daa15e2348df41387000d50a3c53e1,Assessment Plan + Framework section packets; family-level semantic QA; selected-response one-best-answer/position QA; Framework ~fix_mathjax_v8.py; Framework ~audit_bank_package_v3.py; custom v3 structural/table/grammar/security QA,PASS,Stable Bank ID preserved; machine and human-readable representations synchronized.
U1-S5-PS2-Q15,1.5,Practice Set 2,PHASE 3 — PRACTICE / CYU,structural scaffold / prompt variety,MAJOR QUALITY DEFECT,REPAIR,Replaced stock cross-family reasoning wrapper with a task-specific family-level reasoning prompt/key. | Removed overused supplied-student-proposal scaffold; restored the family to a direct data/model/calculation task natural to the Physics content. | Resolved an exact parallel-form prompt collision with a family-specific task variation rather than a generic wrapper.,YES,YES,NO,YES,4fba3ef8d57e3fc36e384bf8d130d6ad59285c830d5b0d39ab00351d3ad2fccf,df7abb776aa809fc06df58580a3a3ce991ecf04cef076349466665c0676d2176,Assessment Plan + Framework section packets; family-level semantic QA; selected-response one-best-answer/position QA; Framework ~fix_mathjax_v8.py; Framework ~audit_bank_package_v3.py; custom v3 structural/table/grammar/security QA,PASS,Stable Bank ID preserved; machine and human-readable representations synchronized.
U1-S5-PS2-Q17,1.5,Practice Set 2,PHASE 3 — PRACTICE / CYU,structural scaffold / prompt variety,MAJOR QUALITY DEFECT,REPAIR,Replaced stock cross-family reasoning wrapper with a task-specific family-level reasoning prompt/key.,YES,YES,NO,NO,b29db0e4375238c9289920904b7f5b60b0b365596c1dfbee0ae6dc25049b27a7,8f5373ab9625afb30e478ef20ec03d429bfa979b0cf4d7acf8b5032e6848d0be,Assessment Plan + Framework section packets; family-level semantic QA; selected-response one-best-answer/position QA; Framework ~fix_mathjax_v8.py; Framework ~audit_bank_package_v3.py; custom v3 structural/table/grammar/security QA,PASS,Stable Bank ID preserved; machine and human-readable representations synchronized.
U1-S5-PS2-Q19,1.5,Practice Set 2,PHASE 3 — PRACTICE / CYU,structural scaffold / prompt variety,MAJOR QUALITY DEFECT,REPAIR,Replaced stock cross-family reasoning wrapper with a task-specific family-level reasoning prompt/key.,YES,YES,NO,NO,147a39245e763b13a049de4e30c056b22032b3b660762e5f883b756f85434112,b451a4211ee10a573ca60d8ca2af9120110a438892cf01e4125d9a3f3c98abec,Assessment Plan + Framework section packets; family-level semantic QA; selected-response one-best-answer/position QA; Framework ~fix_mathjax_v8.py; Framework ~audit_bank_package_v3.py; custom v3 structural/table/grammar/security QA,PASS,Stable Bank ID preserved; machine and human-readable representations synchronized.
U1-S5-PS2-Q21,1.5,Practice Set 2,PHASE 3 — PRACTICE / CYU,structural scaffold / prompt variety,MAJOR QUALITY DEFECT,REPAIR,Replaced stock cross-family reasoning wrapper with a task-specific family-level reasoning prompt/key. | Removed overused supplied-student-proposal scaffold; restored the family to a direct data/model/calculation task natural to the Physics content. | Resolved an exact parallel-form prompt collision with a family-specific task variation rather than a generic wrapper.,YES,YES,NO,YES,c830529f43867be519d4c325b6d67e77eeae4bed35d29fd2c5463912e21f4159,2bcce8fec255f1da091d52382c62a4dc72ccfb889c0b2d7309db92448861af3d,Assessment Plan + Framework section packets; family-level semantic QA; selected-response one-best-answer/position QA; Framework ~fix_mathjax_v8.py; Framework ~audit_bank_package_v3.py; custom v3 structural/table/grammar/security QA,PASS,Stable Bank ID preserved; machine and human-readable representations synchronized.
U1-S5-PS2-Q22,1.5,Practice Set 2,PHASE 3 — PRACTICE / CYU,structural scaffold / prompt variety,MAJOR QUALITY DEFECT,REPAIR,Replaced stock cross-family reasoning wrapper with a task-specific family-level reasoning prompt/key.,YES,NO,NO,NO,2bdb1e8ca9063c8286e663709c7a03148b4d54396eb111c902fe18984fdc3f6d,ded9f9211ef7a80469768daa8232e3538aa5d45dc0fd51abe985f56e91e7db85,Assessment Plan + Framework section packets; family-level semantic QA; selected-response one-best-answer/position QA; Framework ~fix_mathjax_v8.py; Framework ~audit_bank_package_v3.py; custom v3 structural/table/grammar/security QA,PASS,Stable Bank ID preserved; machine and human-readable representations synchronized.
U1-S5-PS3-Q12,1.5,Practice Set 3,PHASE 3 — PRACTICE / CYU,structural scaffold / prompt variety,MAJOR QUALITY DEFECT,REPAIR,Replaced stock cross-family reasoning wrapper with a task-specific family-level reasoning prompt/key. | Final structural-variety/answer-neutral repair: replaced a remaining repeated student-claim/comparison shell with a direct Physics task. | Resolved final same-family exact prompt collision with a different Physics reasoning direction.,YES,YES,NO,YES,6cbf08135f2f7722d6c3690a07f519fdb2cdcb54f39946f9299b67fb78e7dd9f,789a8fb5ec667b0ad2551233293312f30dd3944f9dcb5bed325508fffea2394d,Assessment Plan + Framework section packets; family-level semantic QA; selected-response one-best-answer/position QA; Framework ~fix_mathjax_v8.py; Framework ~audit_bank_package_v3.py; custom v3 structural/table/grammar/security QA,PASS,Stable Bank ID preserved; machine and human-readable representations synchronized.
U1-S5-PS3-Q13,1.5,Practice Set 3,PHASE 3 — PRACTICE / CYU,structural scaffold / prompt variety,MAJOR QUALITY DEFECT,REPAIR,Replaced stock cross-family reasoning wrapper with a task-specific family-level reasoning prompt/key.,YES,YES,NO,NO,107b1f2fd7fa2d05924c96267fe425a5af9f340753c6a292ac3190be15a87115,fdd7c856e8f8db97cf7cc6f7991d7d9a6ff9d8cd577d3f504122ee1dc141d3a9,Assessment Plan + Framework section packets; family-level semantic QA; selected-response one-best-answer/position QA; Framework ~fix_mathjax_v8.py; Framework ~audit_bank_package_v3.py; custom v3 structural/table/grammar/security QA,PASS,Stable Bank ID preserved; machine and human-readable representations synchronized.
U1-S5-PS3-Q14,1.5,Practice Set 3,PHASE 3 — PRACTICE / CYU,structural scaffold / prompt variety,MAJOR QUALITY DEFECT,REPAIR,Replaced stock cross-family reasoning wrapper with a task-specific family-level reasoning prompt/key.,YES,NO,NO,NO,c703fd11c7e151af6522d34351b39d28675dc1ec0cc3136cda75468fbbda1dd2,a2e04a0a55ae3773913ecf5943cd91b3a6044e817b292dec93fd950879277919,Assessment Plan + Framework section packets; family-level semantic QA; selected-response one-best-answer/position QA; Framework ~fix_mathjax_v8.py; Framework ~audit_bank_package_v3.py; custom v3 structural/table/grammar/security QA,PASS,Stable Bank ID preserved; machine and human-readable representations synchronized.
U1-S5-PS3-Q15,1.5,Practice Set 3,PHASE 3 — PRACTICE / CYU,structural scaffold / prompt variety,MAJOR QUALITY DEFECT,REPAIR,Replaced stock cross-family reasoning wrapper with a task-specific family-level reasoning prompt/key.,YES,NO,NO,NO,f8c53f733f27b7df7f112b3603cba324050df443be1674cac634fece68a07406,e13315a628c58ad4aeb04fc6d3b5b4338c644f1df1658c1e720500449a9280bf,Assessment Plan + Framework section packets; family-level semantic QA; selected-response one-best-answer/position QA; Framework ~fix_mathjax_v8.py; Framework ~audit_bank_package_v3.py; custom v3 structural/table/grammar/security QA,PASS,Stable Bank ID preserved; machine and human-readable representations synchronized.
U1-S5-PS3-Q16,1.5,Practice Set 3,PHASE 3 — PRACTICE / CYU,structural scaffold / prompt variety,MAJOR QUALITY DEFECT,REPAIR,Replaced stock cross-family reasoning wrapper with a task-specific family-level reasoning prompt/key. | Final structural-variety/answer-neutral repair: replaced a remaining repeated student-claim/comparison shell with a direct Physics task. | Resolved final same-family exact prompt collision with a different Physics reasoning direction.,YES,YES,NO,YES,d2eb25621842ecaf47912ec2d2e32890fab90ab07f0bada5408e1af96eecdbd3,5029160700f1bd47f8cd78bd7c5d477b061f3351b45fe26721dea4b984a69758,Assessment Plan + Framework section packets; family-level semantic QA; selected-response one-best-answer/position QA; Framework ~fix_mathjax_v8.py; Framework ~audit_bank_package_v3.py; custom v3 structural/table/grammar/security QA,PASS,Stable Bank ID preserved; machine and human-readable representations synchronized.
U1-S5-PS3-Q17,1.5,Practice Set 3,PHASE 3 — PRACTICE / CYU,structural scaffold / prompt variety,MAJOR QUALITY DEFECT,REPAIR,Replaced stock cross-family reasoning wrapper with a task-specific family-level reasoning prompt/key. | Removed overused supplied-student-proposal scaffold; restored the family to a direct data/model/calculation task natural to the Physics content. | Resolved an exact parallel-form prompt collision with a family-specific task variation rather than a generic wrapper.,YES,YES,NO,YES,30544c07af334a6a9b1c7386f94f1e1ab3a5e5d45f631b7a9b4c687c0f28c358,d4aa7f2c2960688ab08d7c961f32f4e9ad3120e6784bd0d11d507f76dddde7ae,Assessment Plan + Framework section packets; family-level semantic QA; selected-response one-best-answer/position QA; Framework ~fix_mathjax_v8.py; Framework ~audit_bank_package_v3.py; custom v3 structural/table/grammar/security QA,PASS,Stable Bank ID preserved; machine and human-readable representations synchronized.
U1-S5-PS3-Q18,1.5,Practice Set 3,PHASE 3 — PRACTICE / CYU,structural scaffold / prompt variety,MAJOR QUALITY DEFECT,REPAIR,Replaced stock cross-family reasoning wrapper with a task-specific family-level reasoning prompt/key.,YES,NO,NO,NO,e14a4d2231ed91b2ac70c3b1b46ff69b6376135c6d5e4c06e6f8c4b1f3430c34,4291d9fa26891823fdd75affca97ef61f63c1523b64d86581ee1e800d200df85,Assessment Plan + Framework section packets; family-level semantic QA; selected-response one-best-answer/position QA; Framework ~fix_mathjax_v8.py; Framework ~audit_bank_package_v3.py; custom v3 structural/table/grammar/security QA,PASS,Stable Bank ID preserved; machine and human-readable representations synchronized.
U1-S5-PS3-Q19,1.5,Practice Set 3,PHASE 3 — PRACTICE / CYU,structural scaffold / prompt variety,MAJOR QUALITY DEFECT,REPAIR,Replaced stock cross-family reasoning wrapper with a task-specific family-level reasoning prompt/key.,YES,NO,NO,NO,d95eae89ca0064e75cb01885d4f1c2e46540a90c9720455ff570f207ddd5de70,641c24f0ed361e871aa08f0295302990787a09367a48b6de5faba699bdf5b15f,Assessment Plan + Framework section packets; family-level semantic QA; selected-response one-best-answer/position QA; Framework ~fix_mathjax_v8.py; Framework ~audit_bank_package_v3.py; custom v3 structural/table/grammar/security QA,PASS,Stable Bank ID preserved; machine and human-readable representations synchronized.
U1-S5-PS3-Q20,1.5,Practice Set 3,PHASE 3 — PRACTICE / CYU,structural scaffold / prompt variety,MAJOR QUALITY DEFECT,REPAIR,Replaced stock cross-family reasoning wrapper with a task-specific family-level reasoning prompt/key. | Removed overused supplied-student-proposal scaffold; restored the family to a direct data/model/calculation task natural to the Physics content. | Resolved an exact parallel-form prompt collision with a family-specific task variation rather than a generic wrapper.,YES,YES,NO,YES,80e2f6f160676b590ba4077d3927a149483e5c939cbd2ee16117259b8f95994f,8c0ce375eff47a4d0c21bb87f67ba8d4248a6ab266fc1acbeeb6b39250077879,Assessment Plan + Framework section packets; family-level semantic QA; selected-response one-best-answer/position QA; Framework ~fix_mathjax_v8.py; Framework ~audit_bank_package_v3.py; custom v3 structural/table/grammar/security QA,PASS,Stable Bank ID preserved; machine and human-readable representations synchronized.
U1-S5-PS3-Q21,1.5,Practice Set 3,PHASE 3 — PRACTICE / CYU,structural scaffold / prompt variety,MAJOR QUALITY DEFECT,REPAIR,Replaced stock cross-family reasoning wrapper with a task-specific family-level reasoning prompt/key.,YES,NO,NO,NO,0dd6e12d3310519eef1f2d35201403a14141fa2d57fab93f8b3b44971dcc0740,74397faa252c54cf8a298e235d65bf32918f83e878f62514071342121f56a83d,Assessment Plan + Framework section packets; family-level semantic QA; selected-response one-best-answer/position QA; Framework ~fix_mathjax_v8.py; Framework ~audit_bank_package_v3.py; custom v3 structural/table/grammar/security QA,PASS,Stable Bank ID preserved; machine and human-readable representations synchronized.
U1-S5-PS3-Q22,1.5,Practice Set 3,PHASE 3 — PRACTICE / CYU,structural scaffold / prompt variety,MAJOR QUALITY DEFECT,REPAIR,Replaced stock cross-family reasoning wrapper with a task-specific family-level reasoning prompt/key.,YES,NO,NO,NO,1eeb5959baff8d7e9ccc10f5be0d09b2f393fbd425ef9b598d56f52215a60bf5,026f30a6582c999b28fdfe00897e00b4b1a59e9d4e665e4374a1a2c04bc006f2,Assessment Plan + Framework section packets; family-level semantic QA; selected-response one-best-answer/position QA; Framework ~fix_mathjax_v8.py; Framework ~audit_bank_package_v3.py; custom v3 structural/table/grammar/security QA,PASS,Stable Bank ID preserved; machine and human-readable representations synchronized.
U1-S5-XP-Q03,1.5,Extra Practice,PHASE 3 — PRACTICE / CYU,structural scaffold / prompt variety,MAJOR QUALITY DEFECT,REPAIR,Replaced stock cross-family reasoning wrapper with a task-specific family-level reasoning prompt/key.,YES,YES,NO,NO,4d5439b35b89464dc14eec62ae8f14c9d677f5928cd5dfe7ffae5ce58cc5c71f,0bbc02e98e29c1a13e1ec2efc8005aef3f6ef59c53d06202e07621571fd48fe5,Assessment Plan + Framework section packets; family-level semantic QA; selected-response one-best-answer/position QA; Framework ~fix_mathjax_v8.py; Framework ~audit_bank_package_v3.py; custom v3 structural/table/grammar/security QA,PASS,Stable Bank ID preserved; machine and human-readable representations synchronized.
U1-S5-XP-Q05,1.5,Extra Practice,PHASE 3 — PRACTICE / CYU,structural scaffold / prompt variety,MAJOR QUALITY DEFECT,REPAIR,Replaced stock cross-family reasoning wrapper with a task-specific family-level reasoning prompt/key.,YES,YES,NO,NO,06981a0d25b974cc7326fa4f5f23d9350a3c7e54f39a2f1624a963ce7451974c,e4c3cb02b7fd8f05a10ec2b4409200e87323c8a18a8c6719336f1067b159ba72,Assessment Plan + Framework section packets; family-level semantic QA; selected-response one-best-answer/position QA; Framework ~fix_mathjax_v8.py; Framework ~audit_bank_package_v3.py; custom v3 structural/table/grammar/security QA,PASS,Stable Bank ID preserved; machine and human-readable representations synchronized.
U1-S5-XP-Q07,1.5,Extra Practice,PHASE 3 — PRACTICE / CYU,structural scaffold / prompt variety,MAJOR QUALITY DEFECT,REPAIR,Replaced stock cross-family reasoning wrapper with a task-specific family-level reasoning prompt/key.,YES,YES,NO,NO,e49513d66058f45bcc813b6acd3a124d0db9750963503d3adbde41503d8454d4,0273c25dd1bcb950fa919d2cbf3f83bbeedfe8b83fa80f85e1be0d957e5f78c2,Assessment Plan + Framework section packets; family-level semantic QA; selected-response one-best-answer/position QA; Framework ~fix_mathjax_v8.py; Framework ~audit_bank_package_v3.py; custom v3 structural/table/grammar/security QA,PASS,Stable Bank ID preserved; machine and human-readable representations synchronized.
U1-S5-XP-Q09,1.5,Extra Practice,PHASE 3 — PRACTICE / CYU,structural scaffold / prompt variety,MAJOR QUALITY DEFECT,REPAIR,Replaced stock cross-family reasoning wrapper with a task-specific family-level reasoning prompt/key. | Reordered selected-response choices to repair answer-position pattern in Extra Practice 1.5.,YES,YES,NO,NO,b455712e06166bd36a27e9cd19fe93073f126eb280f0473d98018d2652d91e0c,7400ef3dfab6aa5324b43febcffe96f084431a2eeea7c9fda3d699d04f80a9a8,Assessment Plan + Framework section packets; family-level semantic QA; selected-response one-best-answer/position QA; Framework ~fix_mathjax_v8.py; Framework ~audit_bank_package_v3.py; custom v3 structural/table/grammar/security QA,PASS,Stable Bank ID preserved; machine and human-readable representations synchronized.
U1-S5-XP-Q11,1.5,Extra Practice,PHASE 3 — PRACTICE / CYU,structural scaffold / prompt variety,MAJOR QUALITY DEFECT,REPAIR,Replaced stock cross-family reasoning wrapper with a task-specific family-level reasoning prompt/key.,YES,YES,NO,NO,e7a32fa96fbc563e0bdfa5ef8c2b7736ebacfec3390d0ab9357f42e4374e3134,a74876ee2a3d662eff2a00a8999556731016351fb8b0e0284fa24bf86e0bf27a,Assessment Plan + Framework section packets; family-level semantic QA; selected-response one-best-answer/position QA; Framework ~fix_mathjax_v8.py; Framework ~audit_bank_package_v3.py; custom v3 structural/table/grammar/security QA,PASS,Stable Bank ID preserved; machine and human-readable representations synchronized.
U1-S5-XP-Q13,1.5,Extra Practice,PHASE 3 — PRACTICE / CYU,structural scaffold / prompt variety,MAJOR QUALITY DEFECT,REPAIR,Replaced stock cross-family reasoning wrapper with a task-specific family-level reasoning prompt/key.,YES,YES,NO,NO,52d0fb79fafebcaecde714f4f5c902ec363f89c1d53122313be66ca280fd08fb,432b6c43db1fb1f5651c7d1f088000c48e26ae1aa7d0ede26e1c76c2a2325ced,Assessment Plan + Framework section packets; family-level semantic QA; selected-response one-best-answer/position QA; Framework ~fix_mathjax_v8.py; Framework ~audit_bank_package_v3.py; custom v3 structural/table/grammar/security QA,PASS,Stable Bank ID preserved; machine and human-readable representations synchronized.
U1-S5-XP-Q14,1.5,Extra Practice,PHASE 3 — PRACTICE / CYU,selected-response QA,MAJOR QUALITY DEFECT,REPAIR,Reordered selected-response choices to repair answer-position pattern in Extra Practice 1.5.,NO,YES,NO,NO,5287c3a8e9b014a875b842f9dd0ccc2b08c6e6e99e187f897e68261061fc86e6,5287c3a8e9b014a875b842f9dd0ccc2b08c6e6e99e187f897e68261061fc86e6,Assessment Plan + Framework section packets; family-level semantic QA; selected-response one-best-answer/position QA; Framework ~fix_mathjax_v8.py; Framework ~audit_bank_package_v3.py; custom v3 structural/table/grammar/security QA,PASS,Stable Bank ID preserved; machine and human-readable representations synchronized.
U1-S5-XP-Q15,1.5,Extra Practice,PHASE 3 — PRACTICE / CYU,structural scaffold / prompt variety,MAJOR QUALITY DEFECT,REPAIR,Replaced stock cross-family reasoning wrapper with a task-specific family-level reasoning prompt/key.,YES,YES,NO,NO,f67f5b3ce612bffe08ad385b401a2de999f50339e78eaacbdcee401410d7341f,850c8ca0c6f39360f0c9221e9cffe90f7dac81cddcc591871c3de2737e3df999,Assessment Plan + Framework section packets; family-level semantic QA; selected-response one-best-answer/position QA; Framework ~fix_mathjax_v8.py; Framework ~audit_bank_package_v3.py; custom v3 structural/table/grammar/security QA,PASS,Stable Bank ID preserved; machine and human-readable representations synchronized.
U1-S5-XP-Q17,1.5,Extra Practice,PHASE 3 — PRACTICE / CYU,structural scaffold / prompt variety,MAJOR QUALITY DEFECT,REPAIR,Replaced stock cross-family reasoning wrapper with a task-specific family-level reasoning prompt/key. | Removed overused supplied-student-proposal scaffold; restored the family to a direct data/model/calculation task natural to the Physics content. | Resolved an exact parallel-form prompt collision with a family-specific task variation rather than a generic wrapper.,YES,YES,NO,YES,b8911ee757500620599f0ff562bf08614910ed1da17ca36944615e57520cf169,05c6b00d0bfd22821a700a30c1a1a1582374e4267b4ecb0dfbcdb0ec1263103e,Assessment Plan + Framework section packets; family-level semantic QA; selected-response one-best-answer/position QA; Framework ~fix_mathjax_v8.py; Framework ~audit_bank_package_v3.py; custom v3 structural/table/grammar/security QA,PASS,Stable Bank ID preserved; machine and human-readable representations synchronized.
U1-S5-XP-Q19,1.5,Extra Practice,PHASE 3 — PRACTICE / CYU,structural scaffold / prompt variety,MAJOR QUALITY DEFECT,REPAIR,Replaced stock cross-family reasoning wrapper with a task-specific family-level reasoning prompt/key.,YES,YES,NO,NO,58b76f968cbeb8954b987b078e379678bab5a6ee768a7b379f1dce5a005f2545,e4fed92c34e90d211d4ddc1cc3e95c2c8210ff17bd1be6158135be789dc7294a,Assessment Plan + Framework section packets; family-level semantic QA; selected-response one-best-answer/position QA; Framework ~fix_mathjax_v8.py; Framework ~audit_bank_package_v3.py; custom v3 structural/table/grammar/security QA,PASS,Stable Bank ID preserved; machine and human-readable representations synchronized.
U1-S5-XP-Q21,1.5,Extra Practice,PHASE 3 — PRACTICE / CYU,structural scaffold / prompt variety,MAJOR QUALITY DEFECT,REPAIR,Replaced stock cross-family reasoning wrapper with a task-specific family-level reasoning prompt/key.,YES,YES,NO,NO,2d5abc38210abefcfe4dc60bb289e1f4770af3585d6a681980ca6d578eb9b976,cb8e829d659c844e00740deb74298b839c99dc3c3ffb187c426b567daf2e88b3,Assessment Plan + Framework section packets; family-level semantic QA; selected-response one-best-answer/position QA; Framework ~fix_mathjax_v8.py; Framework ~audit_bank_package_v3.py; custom v3 structural/table/grammar/security QA,PASS,Stable Bank ID preserved; machine and human-readable representations synchronized.
U1-S5-XP-Q22,1.5,Extra Practice,PHASE 3 — PRACTICE / CYU,structural scaffold / prompt variety,MAJOR QUALITY DEFECT,REPAIR,Replaced stock cross-family reasoning wrapper with a task-specific family-level reasoning prompt/key. | Removed overused supplied-student-proposal scaffold; restored the family to a direct data/model/calculation task natural to the Physics content. | Resolved an exact parallel-form prompt collision with a family-specific task variation rather than a generic wrapper.,YES,YES,NO,YES,b10d2d87911f89b7a4dd2f40e2409e65c2a7bf131ace6eb2be52e0a0dfb34c1b,b4b060dc0a73a913d05959579070677a80d1ee4826bdb385cf418c26a4d0cfd9,Assessment Plan + Framework section packets; family-level semantic QA; selected-response one-best-answer/position QA; Framework ~fix_mathjax_v8.py; Framework ~audit_bank_package_v3.py; custom v3 structural/table/grammar/security QA,PASS,Stable Bank ID preserved; machine and human-readable representations synchronized.
U1-SUM-V1-Q03,1.2,Summative,PHASE 7 — SUMMATIVE,selected-response QA,MAJOR QUALITY DEFECT,REPAIR,Reordered selected-response choices to repair answer-position pattern in Summative V1.,NO,YES,NO,NO,eb506d0ba4b2ef0a6db00dbf936c1ea817f11ea4185b4f95f31f627e3e888d9c,eb506d0ba4b2ef0a6db00dbf936c1ea817f11ea4185b4f95f31f627e3e888d9c,Assessment Plan + Framework section packets; family-level semantic QA; selected-response one-best-answer/position QA; Framework ~fix_mathjax_v8.py; Framework ~audit_bank_package_v3.py; custom v3 structural/table/grammar/security QA,PASS,Stable Bank ID preserved; machine and human-readable representations synchronized.
U1-SUM-V1-Q05,1.3,Summative,PHASE 7 — SUMMATIVE,selected-response QA,MAJOR QUALITY DEFECT,REPAIR,Reordered selected-response choices to repair answer-position pattern in Summative V1.,NO,YES,NO,NO,9ab3376cd25442f85f6f72a16c4b08622fcd097208a669a7652b38f7d769c31c,9ab3376cd25442f85f6f72a16c4b08622fcd097208a669a7652b38f7d769c31c,Assessment Plan + Framework section packets; family-level semantic QA; selected-response one-best-answer/position QA; Framework ~fix_mathjax_v8.py; Framework ~audit_bank_package_v3.py; custom v3 structural/table/grammar/security QA,PASS,Stable Bank ID preserved; machine and human-readable representations synchronized.
U1-SUM-V1-Q07,1.4,Summative,PHASE 7 — SUMMATIVE,selected-response QA,MAJOR QUALITY DEFECT,REPAIR,Reordered selected-response choices to repair answer-position pattern in Summative V1.,NO,YES,NO,NO,332859605af333a4a7f30f2919e3fad80e269ffa4b3008aa82ff0a40bb9ae018,332859605af333a4a7f30f2919e3fad80e269ffa4b3008aa82ff0a40bb9ae018,Assessment Plan + Framework section packets; family-level semantic QA; selected-response one-best-answer/position QA; Framework ~fix_mathjax_v8.py; Framework ~audit_bank_package_v3.py; custom v3 structural/table/grammar/security QA,PASS,Stable Bank ID preserved; machine and human-readable representations synchronized.
U1-SUM-V2-Q02,1.1,Summative,PHASE 7 — SUMMATIVE,selected-response QA,MAJOR QUALITY DEFECT,REPAIR,Reordered selected-response choices to repair answer-position pattern in Summative V2.,NO,YES,NO,NO,febd7e7aaba83ab5c4c807322b08c2016ac2d13cfc57efd047815df44053ab90,febd7e7aaba83ab5c4c807322b08c2016ac2d13cfc57efd047815df44053ab90,Assessment Plan + Framework section packets; family-level semantic QA; selected-response one-best-answer/position QA; Framework ~fix_mathjax_v8.py; Framework ~audit_bank_package_v3.py; custom v3 structural/table/grammar/security QA,PASS,Stable Bank ID preserved; machine and human-readable representations synchronized.
U1-SUM-V2-Q03,1.3,Summative,PHASE 7 — SUMMATIVE,selected-response QA,MAJOR QUALITY DEFECT,REPAIR,Reordered selected-response choices to repair answer-position pattern in Summative V2.,NO,YES,NO,NO,fc2b8316b432452c107daaffc9bbc0adf8e7d3e6fcc58030ca3ddc6da96a5661,fc2b8316b432452c107daaffc9bbc0adf8e7d3e6fcc58030ca3ddc6da96a5661,Assessment Plan + Framework section packets; family-level semantic QA; selected-response one-best-answer/position QA; Framework ~fix_mathjax_v8.py; Framework ~audit_bank_package_v3.py; custom v3 structural/table/grammar/security QA,PASS,Stable Bank ID preserved; machine and human-readable representations synchronized.
U1-SUM-V2-Q05,1.4,Summative,PHASE 7 — SUMMATIVE,selected-response QA,MAJOR QUALITY DEFECT,REPAIR,Reordered selected-response choices to repair answer-position pattern in Summative V2.,NO,YES,NO,NO,94d82e1458666775e6eb5191f2371cbe68186b31d30e2dceaf1b116ab02e2eac,94d82e1458666775e6eb5191f2371cbe68186b31d30e2dceaf1b116ab02e2eac,Assessment Plan + Framework section packets; family-level semantic QA; selected-response one-best-answer/position QA; Framework ~fix_mathjax_v8.py; Framework ~audit_bank_package_v3.py; custom v3 structural/table/grammar/security QA,PASS,Stable Bank ID preserved; machine and human-readable representations synchronized.
U1-SUM-V4-Q05,1.2,Summative,PHASE 7 — SUMMATIVE,selected-response QA,MAJOR QUALITY DEFECT,REPAIR,Reordered selected-response choices to repair answer-position pattern in Summative V4.,NO,YES,NO,NO,a93d3e0f86cbfb8c20f86658a1d89c026b95f499913f476d672f4ee68f219368,a93d3e0f86cbfb8c20f86658a1d89c026b95f499913f476d672f4ee68f219368,Assessment Plan + Framework section packets; family-level semantic QA; selected-response one-best-answer/position QA; Framework ~fix_mathjax_v8.py; Framework ~audit_bank_package_v3.py; custom v3 structural/table/grammar/security QA,PASS,Stable Bank ID preserved; machine and human-readable representations synchronized.
U1-SUM-V4-Q07,1.3,Summative,PHASE 7 — SUMMATIVE,selected-response QA,MAJOR QUALITY DEFECT,REPAIR,Reordered selected-response choices to repair answer-position pattern in Summative V4.,NO,YES,NO,NO,8060ef4aa97a7683c387937d6b5d870087e9f6677e3849e6d1b1f9de8090fbc8,8060ef4aa97a7683c387937d6b5d870087e9f6677e3849e6d1b1f9de8090fbc8,Assessment Plan + Framework section packets; family-level semantic QA; selected-response one-best-answer/position QA; Framework ~fix_mathjax_v8.py; Framework ~audit_bank_package_v3.py; custom v3 structural/table/grammar/security QA,PASS,Stable Bank ID preserved; machine and human-readable representations synchronized.
U1-SUM-V4-Q09,1.4,Summative,PHASE 7 — SUMMATIVE,selected-response QA,MAJOR QUALITY DEFECT,REPAIR,Reordered selected-response choices to repair answer-position pattern in Summative V4.,NO,YES,NO,NO,945e351407f33efe1ae269b2be10fe209071c1695858034beb520b8c3bfb525a,945e351407f33efe1ae269b2be10fe209071c1695858034beb520b8c3bfb525a,Assessment Plan + Framework section packets; family-level semantic QA; selected-response one-best-answer/position QA; Framework ~fix_mathjax_v8.py; Framework ~audit_bank_package_v3.py; custom v3 structural/table/grammar/security QA,PASS,Stable Bank ID preserved; machine and human-readable representations synchronized.
