bank_id,pm_family,course,unit,section,destination,destination_group,destination_slot,retrieval_stage_or_scope,mastery_goal_id,evidence_point_id,summative_version,blueprint_slot_id,question_family_id,variation_mode,task_architecture,dok,learning_target,i_can,practice_standard,item_type,answer_type,security_level,estimated_time_sec,figure_files,figure_source,graph_tool_type,source_basis,notes
U1-S1-WTC01,AP/SCI,Conceptual Physics,1,1,What's To Come,WTC,WTC01,current-section,U1-MG01,,,,,,,2,"Students will explain how physics uses observation, measurement, evidence, models, and testable claims to understand the natural world.","I can use evidence from a short scenario to decide whether a physics explanation is supported and explain why formulas in physics are guides for thinking, not just tools for calculation.",Interpret Data and Representations,data interpretation,constructed response,instructional,180,u1_s1_measurement_scatter.png,graph_tool,TYPE 16,Unit 1 Assessment Plan; Course Framework,
U1-S2-WTC01,AP/SCI,Conceptual Physics,1,2,What's To Come,WTC,WTC01,current-section,U1-MG02,,,,,,,2,Students will explain Newton’s First Law and use the idea of inertia to predict whether an object’s motion will stay the same or change.,I can state Newton’s First Law in everyday language.,Develop and Use Models,short response,text,instructional,60,,,,Unit 1 Assessment Plan; Course Framework,
U1-S3-WTC01,AP/SCI,Conceptual Physics,1,3,What's To Come,WTC,WTC01,current-section,U1-MG03,,,,,,,2,Students will represent forces as vectors and determine the direction and relative size of the net force in one-dimensional and simple two-dimensional situations.,I can explain why force is a vector quantity.,Interpret Data and Representations,short response,text,instructional,60,u1_s3_perpendicular_3_4.png,original_custom,,Unit 1 Assessment Plan; Course Framework,
U1-S4-WTC01,AP/SCI,Conceptual Physics,1,4,What's To Come,WTC,WTC01,current-section,U1-MG02|U1-MG03,,,,,,,2,Students will determine whether an object is in mechanical equilibrium and explain how balanced forces relate to rest or constant straight-line motion.,I can recognize static equilibrium and dynamic equilibrium.,Develop and Use Models,short response,text,instructional,60,,,,Unit 1 Assessment Plan; Course Framework,
U1-S5-WTC01,AP/SCI,Conceptual Physics,1,5,What's To Come,WTC,WTC01,current-section,U1-MG04,,,,,,,3,"Students will create and critique force models for real-world situations involving inertia, support force, net force, and equilibrium.",I can draw a force diagram for an object in a real-world situation.,Scientific Explanation and Argument from Evidence,short response,text,instructional,60,u1_s5_model_missing_support.png,original_custom,,Unit 1 Assessment Plan; Course Framework,
U1-S1-NOTE-EX01,AP/SCI,Conceptual Physics,1,1,Notes,Notes,EX01,current-section,U1-MG01,,,,,,,2,"Students will explain how physics uses observation, measurement, evidence, models, and testable claims to understand the natural world.","I can distinguish between an observation, inference, hypothesis, law, and theory.",Scientific Explanation and Argument from Evidence,worked example,constructed response,instructional,150,,,,Unit 1 Assessment Plan; Course Framework,
U1-S1-NOTE-YTI01,AP/SCI,Conceptual Physics,1,1,Notes,Notes,YTI01,current-section,U1-MG01,,,,,,,2,"Students will explain how physics uses observation, measurement, evidence, models, and testable claims to understand the natural world.","I can distinguish between an observation, inference, hypothesis, law, and theory.",Scientific Explanation and Argument from Evidence,practice example,constructed response,instructional,150,,,,Unit 1 Assessment Plan; Course Framework,
U1-S1-NOTE-EX02,AP/SCI,Conceptual Physics,1,1,Notes,Notes,EX02,current-section,U1-MG01,,,,,,,2,"Students will explain how physics uses observation, measurement, evidence, models, and testable claims to understand the natural world.","I can distinguish between an observation, inference, hypothesis, law, and theory.",Plan / Evaluate Investigations,worked example,constructed response,instructional,150,,,,Unit 1 Assessment Plan; Course Framework,
U1-S1-NOTE-YTI02,AP/SCI,Conceptual Physics,1,1,Notes,Notes,YTI02,current-section,U1-MG01,,,,,,,2,"Students will explain how physics uses observation, measurement, evidence, models, and testable claims to understand the natural world.","I can distinguish between an observation, inference, hypothesis, law, and theory.",Plan / Evaluate Investigations,practice example,constructed response,instructional,150,,,,Unit 1 Assessment Plan; Course Framework,
U1-S1-NOTE-EX03,AP/SCI,Conceptual Physics,1,1,Notes,Notes,EX03,current-section,U1-MG01,,,,,,,2,"Students will explain how physics uses observation, measurement, evidence, models, and testable claims to understand the natural world.","I can distinguish between an observation, inference, hypothesis, law, and theory.",Interpret Data and Representations,worked example,constructed response,instructional,150,,,,Unit 1 Assessment Plan; Course Framework,
U1-S1-NOTE-YTI03,AP/SCI,Conceptual Physics,1,1,Notes,Notes,YTI03,current-section,U1-MG01,,,,,,,2,"Students will explain how physics uses observation, measurement, evidence, models, and testable claims to understand the natural world.","I can distinguish between an observation, inference, hypothesis, law, and theory.",Interpret Data and Representations,practice example,constructed response,instructional,150,,,,Unit 1 Assessment Plan; Course Framework,
U1-S1-NOTE-EX04,AP/SCI,Conceptual Physics,1,1,Notes,Notes,EX04,current-section,U1-MG01,,,,,,,2,"Students will explain how physics uses observation, measurement, evidence, models, and testable claims to understand the natural world.","I can distinguish between an observation, inference, hypothesis, law, and theory.",Develop and Use Models,worked example,constructed response,instructional,150,,,,Unit 1 Assessment Plan; Course Framework,
U1-S1-NOTE-YTI04,AP/SCI,Conceptual Physics,1,1,Notes,Notes,YTI04,current-section,U1-MG01,,,,,,,2,"Students will explain how physics uses observation, measurement, evidence, models, and testable claims to understand the natural world.","I can distinguish between an observation, inference, hypothesis, law, and theory.",Develop and Use Models,practice example,constructed response,instructional,150,,,,Unit 1 Assessment Plan; Course Framework,
U1-S2-NOTE-EX01,AP/SCI,Conceptual Physics,1,2,Notes,Notes,EX01,current-section,U1-MG02,,,,,,,2,Students will explain Newton’s First Law and use the idea of inertia to predict whether an object’s motion will stay the same or change.,I can state Newton’s First Law in everyday language.,Scientific Explanation and Argument from Evidence,worked example,constructed response,instructional,150,,,,Unit 1 Assessment Plan; Course Framework,
U1-S2-NOTE-YTI01,AP/SCI,Conceptual Physics,1,2,Notes,Notes,YTI01,current-section,U1-MG02,,,,,,,2,Students will explain Newton’s First Law and use the idea of inertia to predict whether an object’s motion will stay the same or change.,I can state Newton’s First Law in everyday language.,Scientific Explanation and Argument from Evidence,practice example,constructed response,instructional,150,,,,Unit 1 Assessment Plan; Course Framework,
U1-S2-NOTE-EX02,AP/SCI,Conceptual Physics,1,2,Notes,Notes,EX02,current-section,U1-MG02,,,,,,,2,Students will explain Newton’s First Law and use the idea of inertia to predict whether an object’s motion will stay the same or change.,I can state Newton’s First Law in everyday language.,Scientific Explanation and Argument from Evidence,worked example,constructed response,instructional,150,,,,Unit 1 Assessment Plan; Course Framework,
U1-S2-NOTE-YTI02,AP/SCI,Conceptual Physics,1,2,Notes,Notes,YTI02,current-section,U1-MG02,,,,,,,2,Students will explain Newton’s First Law and use the idea of inertia to predict whether an object’s motion will stay the same or change.,I can state Newton’s First Law in everyday language.,Scientific Explanation and Argument from Evidence,practice example,constructed response,instructional,150,,,,Unit 1 Assessment Plan; Course Framework,
U1-S2-NOTE-EX03,AP/SCI,Conceptual Physics,1,2,Notes,Notes,EX03,current-section,U1-MG02,,,,,,,2,Students will explain Newton’s First Law and use the idea of inertia to predict whether an object’s motion will stay the same or change.,I can state Newton’s First Law in everyday language.,Develop and Use Models,worked example,constructed response,instructional,150,,,,Unit 1 Assessment Plan; Course Framework,
U1-S2-NOTE-YTI03,AP/SCI,Conceptual Physics,1,2,Notes,Notes,YTI03,current-section,U1-MG02,,,,,,,2,Students will explain Newton’s First Law and use the idea of inertia to predict whether an object’s motion will stay the same or change.,I can state Newton’s First Law in everyday language.,Develop and Use Models,quantitative reasoning,constructed response,instructional,150,,,,Unit 1 Assessment Plan; Course Framework,
U1-S2-NOTE-EX04,AP/SCI,Conceptual Physics,1,2,Notes,Notes,EX04,current-section,U1-MG02,,,,,,,2,Students will explain Newton’s First Law and use the idea of inertia to predict whether an object’s motion will stay the same or change.,I can state Newton’s First Law in everyday language.,Interpret Data and Representations,worked example,constructed response,instructional,150,u1_s2_support_weight_balanced.png,original_custom,,Unit 1 Assessment Plan; Course Framework,
U1-S2-NOTE-YTI04,AP/SCI,Conceptual Physics,1,2,Notes,Notes,YTI04,current-section,U1-MG02,,,,,,,2,Students will explain Newton’s First Law and use the idea of inertia to predict whether an object’s motion will stay the same or change.,I can state Newton’s First Law in everyday language.,Interpret Data and Representations,practice example,constructed response,instructional,150,u1_s2_unbalanced_cart.png,original_custom,,Unit 1 Assessment Plan; Course Framework,
U1-S3-NOTE-EX01,AP/SCI,Conceptual Physics,1,3,Notes,Notes,EX01,current-section,U1-MG03,,,,,,,2,Students will represent forces as vectors and determine the direction and relative size of the net force in one-dimensional and simple two-dimensional situations.,I can explain why force is a vector quantity.,Develop and Use Models,worked example,constructed response,instructional,150,,,,Unit 1 Assessment Plan; Course Framework,
U1-S3-NOTE-YTI01,AP/SCI,Conceptual Physics,1,3,Notes,Notes,YTI01,current-section,U1-MG03,,,,,,,2,Students will represent forces as vectors and determine the direction and relative size of the net force in one-dimensional and simple two-dimensional situations.,I can explain why force is a vector quantity.,Develop and Use Models,practice example,constructed response,instructional,150,,,,Unit 1 Assessment Plan; Course Framework,
U1-S3-NOTE-EX02,AP/SCI,Conceptual Physics,1,3,Notes,Notes,EX02,current-section,U1-MG03,,,,,,,2,Students will represent forces as vectors and determine the direction and relative size of the net force in one-dimensional and simple two-dimensional situations.,I can explain why force is a vector quantity.,Mathematical / Computational Thinking,worked example,constructed response,instructional,150,,,,Unit 1 Assessment Plan; Course Framework,
U1-S3-NOTE-YTI02,AP/SCI,Conceptual Physics,1,3,Notes,Notes,YTI02,current-section,U1-MG03,,,,,,,2,Students will represent forces as vectors and determine the direction and relative size of the net force in one-dimensional and simple two-dimensional situations.,I can explain why force is a vector quantity.,Mathematical / Computational Thinking,practice example,constructed response,instructional,150,,,,Unit 1 Assessment Plan; Course Framework,
U1-S3-NOTE-EX03,AP/SCI,Conceptual Physics,1,3,Notes,Notes,EX03,current-section,U1-MG03,,,,,,,2,Students will represent forces as vectors and determine the direction and relative size of the net force in one-dimensional and simple two-dimensional situations.,I can explain why force is a vector quantity.,Mathematical / Computational Thinking,worked example,constructed response,instructional,150,u1_s3_perpendicular_3_4.png,original_custom,,Unit 1 Assessment Plan; Course Framework,
U1-S3-NOTE-YTI03,AP/SCI,Conceptual Physics,1,3,Notes,Notes,YTI03,current-section,U1-MG03,,,,,,,2,Students will represent forces as vectors and determine the direction and relative size of the net force in one-dimensional and simple two-dimensional situations.,I can explain why force is a vector quantity.,Mathematical / Computational Thinking,practice example,constructed response,instructional,150,,,,Unit 1 Assessment Plan; Course Framework,
U1-S3-NOTE-EX04,AP/SCI,Conceptual Physics,1,3,Notes,Notes,EX04,current-section,U1-MG03,,,,,,,2,Students will represent forces as vectors and determine the direction and relative size of the net force in one-dimensional and simple two-dimensional situations.,I can explain why force is a vector quantity.,Scientific Explanation and Argument from Evidence,worked example,constructed response,instructional,150,u1_s3_opposed_9_6.png,original_custom,,Unit 1 Assessment Plan; Course Framework,
U1-S3-NOTE-YTI04,AP/SCI,Conceptual Physics,1,3,Notes,Notes,YTI04,current-section,U1-MG03,,,,,,,2,Students will represent forces as vectors and determine the direction and relative size of the net force in one-dimensional and simple two-dimensional situations.,I can explain why force is a vector quantity.,Scientific Explanation and Argument from Evidence,practice example,constructed response,instructional,150,,,,Unit 1 Assessment Plan; Course Framework,
U1-S4-NOTE-EX01,AP/SCI,Conceptual Physics,1,4,Notes,Notes,EX01,current-section,U1-MG02|U1-MG03,,,,,,,2,Students will determine whether an object is in mechanical equilibrium and explain how balanced forces relate to rest or constant straight-line motion.,I can recognize static equilibrium and dynamic equilibrium.,Mathematical / Computational Thinking,worked example,constructed response,instructional,150,,,,Unit 1 Assessment Plan; Course Framework,
U1-S4-NOTE-YTI01,AP/SCI,Conceptual Physics,1,4,Notes,Notes,YTI01,current-section,U1-MG02|U1-MG03,,,,,,,2,Students will determine whether an object is in mechanical equilibrium and explain how balanced forces relate to rest or constant straight-line motion.,I can recognize static equilibrium and dynamic equilibrium.,Mathematical / Computational Thinking,practice example,constructed response,instructional,150,,,,Unit 1 Assessment Plan; Course Framework,
U1-S4-NOTE-EX02,AP/SCI,Conceptual Physics,1,4,Notes,Notes,EX02,current-section,U1-MG02|U1-MG03,,,,,,,2,Students will determine whether an object is in mechanical equilibrium and explain how balanced forces relate to rest or constant straight-line motion.,I can recognize static equilibrium and dynamic equilibrium.,Scientific Explanation and Argument from Evidence,worked example,constructed response,instructional,150,,,,Unit 1 Assessment Plan; Course Framework,
U1-S4-NOTE-YTI02,AP/SCI,Conceptual Physics,1,4,Notes,Notes,YTI02,current-section,U1-MG02|U1-MG03,,,,,,,2,Students will determine whether an object is in mechanical equilibrium and explain how balanced forces relate to rest or constant straight-line motion.,I can recognize static equilibrium and dynamic equilibrium.,Scientific Explanation and Argument from Evidence,practice example,constructed response,instructional,150,,,,Unit 1 Assessment Plan; Course Framework,
U1-S4-NOTE-EX03,AP/SCI,Conceptual Physics,1,4,Notes,Notes,EX03,current-section,U1-MG02|U1-MG03,,,,,,,2,Students will determine whether an object is in mechanical equilibrium and explain how balanced forces relate to rest or constant straight-line motion.,I can recognize static equilibrium and dynamic equilibrium.,Scientific Explanation and Argument from Evidence,worked example,constructed response,instructional,150,,,,Unit 1 Assessment Plan; Course Framework,
U1-S4-NOTE-YTI03,AP/SCI,Conceptual Physics,1,4,Notes,Notes,YTI03,current-section,U1-MG02|U1-MG03,,,,,,,2,Students will determine whether an object is in mechanical equilibrium and explain how balanced forces relate to rest or constant straight-line motion.,I can recognize static equilibrium and dynamic equilibrium.,Scientific Explanation and Argument from Evidence,practice example,constructed response,instructional,150,,,,Unit 1 Assessment Plan; Course Framework,
U1-S4-NOTE-EX04,AP/SCI,Conceptual Physics,1,4,Notes,Notes,EX04,current-section,U1-MG02|U1-MG03,,,,,,,2,Students will determine whether an object is in mechanical equilibrium and explain how balanced forces relate to rest or constant straight-line motion.,I can recognize static equilibrium and dynamic equilibrium.,Develop and Use Models,worked example,constructed response,instructional,150,u1_s4_dynamic_equilibrium.png,original_custom,,Unit 1 Assessment Plan; Course Framework,
U1-S4-NOTE-YTI04,AP/SCI,Conceptual Physics,1,4,Notes,Notes,YTI04,current-section,U1-MG02|U1-MG03,,,,,,,2,Students will determine whether an object is in mechanical equilibrium and explain how balanced forces relate to rest or constant straight-line motion.,I can recognize static equilibrium and dynamic equilibrium.,Develop and Use Models,practice example,constructed response,instructional,150,,,,Unit 1 Assessment Plan; Course Framework,
U1-S5-NOTE-EX01,AP/SCI,Conceptual Physics,1,5,Notes,Notes,EX01,current-section,U1-MG04,,,,,,,2,"Students will create and critique force models for real-world situations involving inertia, support force, net force, and equilibrium.",I can draw a force diagram for an object in a real-world situation.,Develop and Use Models,worked example,constructed response,instructional,150,,,,Unit 1 Assessment Plan; Course Framework,
U1-S5-NOTE-YTI01,AP/SCI,Conceptual Physics,1,5,Notes,Notes,YTI01,current-section,U1-MG04,,,,,,,2,"Students will create and critique force models for real-world situations involving inertia, support force, net force, and equilibrium.",I can draw a force diagram for an object in a real-world situation.,Develop and Use Models,practice example,constructed response,instructional,150,,,,Unit 1 Assessment Plan; Course Framework,
U1-S5-NOTE-EX02,AP/SCI,Conceptual Physics,1,5,Notes,Notes,EX02,current-section,U1-MG04,,,,,,,2,"Students will create and critique force models for real-world situations involving inertia, support force, net force, and equilibrium.",I can draw a force diagram for an object in a real-world situation.,Scientific Explanation and Argument from Evidence,worked example,constructed response,instructional,150,u1_s5_model_missing_support.png,original_custom,,Unit 1 Assessment Plan; Course Framework,
U1-S5-NOTE-YTI02,AP/SCI,Conceptual Physics,1,5,Notes,Notes,YTI02,current-section,U1-MG04,,,,,,,2,"Students will create and critique force models for real-world situations involving inertia, support force, net force, and equilibrium.",I can draw a force diagram for an object in a real-world situation.,Scientific Explanation and Argument from Evidence,practice example,constructed response,instructional,150,,,,Unit 1 Assessment Plan; Course Framework,
U1-S5-NOTE-EX03,AP/SCI,Conceptual Physics,1,5,Notes,Notes,EX03,current-section,U1-MG04,,,,,,,2,"Students will create and critique force models for real-world situations involving inertia, support force, net force, and equilibrium.",I can draw a force diagram for an object in a real-world situation.,Interpret Data and Representations,worked example,constructed response,instructional,150,u1_s5_model_balanced_sled.png,original_custom,,Unit 1 Assessment Plan; Course Framework,
U1-S5-NOTE-YTI03,AP/SCI,Conceptual Physics,1,5,Notes,Notes,YTI03,current-section,U1-MG04,,,,,,,2,"Students will create and critique force models for real-world situations involving inertia, support force, net force, and equilibrium.",I can draw a force diagram for an object in a real-world situation.,Interpret Data and Representations,practice example,constructed response,instructional,150,,,,Unit 1 Assessment Plan; Course Framework,
U1-S5-NOTE-EX04,AP/SCI,Conceptual Physics,1,5,Notes,Notes,EX04,current-section,U1-MG04,,,,,,,2,"Students will create and critique force models for real-world situations involving inertia, support force, net force, and equilibrium.",I can draw a force diagram for an object in a real-world situation.,Scientific Explanation and Argument from Evidence,worked example,constructed response,instructional,150,,,,Unit 1 Assessment Plan; Course Framework,
U1-S5-NOTE-YTI04,AP/SCI,Conceptual Physics,1,5,Notes,Notes,YTI04,current-section,U1-MG04,,,,,,,2,"Students will create and critique force models for real-world situations involving inertia, support force, net force, and equilibrium.",I can draw a force diagram for an object in a real-world situation.,Scientific Explanation and Argument from Evidence,practice example,constructed response,instructional,150,,,,Unit 1 Assessment Plan; Course Framework,
U1-S1-PS1-Q01,AP/SCI,Conceptual Physics,1,1,Practice Set 1,Practice,Q01,current-section,U1-MG01,,,,U1-S1-PF01,mixed,section1_practice_family_01,2,"Students will explain how physics uses observation, measurement, evidence, models, and testable claims to understand the natural world.","I can distinguish between an observation, inference, hypothesis, law, and theory.",Scientific Explanation and Argument from Evidence,multiple choice,selected response,instructional,60,,,,Unit 1 Assessment Plan; Course Framework; Conceptual Physics/CK-12/Holt style reference as applicable,
U1-S1-PS1-Q02,AP/SCI,Conceptual Physics,1,1,Practice Set 1,Practice,Q02,current-section,U1-MG01,,,,U1-S1-PF02,mixed,section1_practice_family_02,2,"Students will explain how physics uses observation, measurement, evidence, models, and testable claims to understand the natural world.","I can distinguish between an observation, inference, hypothesis, law, and theory.",Scientific Explanation and Argument from Evidence,short response,constructed response,instructional,60,,,,Unit 1 Assessment Plan; Course Framework; Conceptual Physics/CK-12/Holt style reference as applicable,
U1-S1-PS1-Q03,AP/SCI,Conceptual Physics,1,1,Practice Set 1,Practice,Q03,current-section,U1-MG01,,,,U1-S1-PF03,mixed,section1_practice_family_03,2,"Students will explain how physics uses observation, measurement, evidence, models, and testable claims to understand the natural world.","I can distinguish between an observation, inference, hypothesis, law, and theory.",Plan / Evaluate Investigations,short response,constructed response,instructional,60,,,,Unit 1 Assessment Plan; Course Framework; Conceptual Physics/CK-12/Holt style reference as applicable,
U1-S1-PS1-Q04,AP/SCI,Conceptual Physics,1,1,Practice Set 1,Practice,Q04,current-section,U1-MG01,,,,U1-S1-PF04,mixed,section1_practice_family_04,2,"Students will explain how physics uses observation, measurement, evidence, models, and testable claims to understand the natural world.","I can distinguish between an observation, inference, hypothesis, law, and theory.",Scientific Explanation and Argument from Evidence,multiple choice,selected response,instructional,60,,,,Unit 1 Assessment Plan; Course Framework; Conceptual Physics/CK-12/Holt style reference as applicable,
U1-S1-PS1-Q05,AP/SCI,Conceptual Physics,1,1,Practice Set 1,Practice,Q05,current-section,U1-MG01,,,,U1-S1-PF05,mixed,section1_practice_family_05,2,"Students will explain how physics uses observation, measurement, evidence, models, and testable claims to understand the natural world.","I can distinguish between an observation, inference, hypothesis, law, and theory.",Scientific Explanation and Argument from Evidence,multiple choice,selected response,instructional,60,,,,Unit 1 Assessment Plan; Course Framework; Conceptual Physics/CK-12/Holt style reference as applicable,
U1-S1-PS1-Q06,AP/SCI,Conceptual Physics,1,1,Practice Set 1,Practice,Q06,current-section,U1-MG01,,,,U1-S1-PF06,mixed,section1_practice_family_06,3,"Students will explain how physics uses observation, measurement, evidence, models, and testable claims to understand the natural world.","I can distinguish between an observation, inference, hypothesis, law, and theory.",Plan / Evaluate Investigations,short response,constructed response,instructional,60,,,,Unit 1 Assessment Plan; Course Framework; Conceptual Physics/CK-12/Holt style reference as applicable,
U1-S1-PS1-Q07,AP/SCI,Conceptual Physics,1,1,Practice Set 1,Practice,Q07,current-section,U1-MG01,,,,U1-S1-PF07,mixed,section1_practice_family_07,2,"Students will explain how physics uses observation, measurement, evidence, models, and testable claims to understand the natural world.","I can distinguish between an observation, inference, hypothesis, law, and theory.",Interpret Data and Representations,short response,constructed response,instructional,60,,,,Unit 1 Assessment Plan; Course Framework; Conceptual Physics/CK-12/Holt style reference as applicable,
U1-S1-PS1-Q08,AP/SCI,Conceptual Physics,1,1,Practice Set 1,Practice,Q08,current-section,U1-MG01,,,,U1-S1-PF08,mixed,section1_practice_family_08,2,"Students will explain how physics uses observation, measurement, evidence, models, and testable claims to understand the natural world.","I can distinguish between an observation, inference, hypothesis, law, and theory.",Interpret Data and Representations,multiple choice,selected response,instructional,60,,,,Unit 1 Assessment Plan; Course Framework; Conceptual Physics/CK-12/Holt style reference as applicable,
U1-S1-PS1-Q09,AP/SCI,Conceptual Physics,1,1,Practice Set 1,Practice,Q09,current-section,U1-MG01,,,,U1-S1-PF09,mixed,section1_practice_family_09,2,"Students will explain how physics uses observation, measurement, evidence, models, and testable claims to understand the natural world.","I can distinguish between an observation, inference, hypothesis, law, and theory.",Develop and Use Models,short response,constructed response,instructional,60,,,,Unit 1 Assessment Plan; Course Framework; Conceptual Physics/CK-12/Holt style reference as applicable,
U1-S1-PS1-Q10,AP/SCI,Conceptual Physics,1,1,Practice Set 1,Practice,Q10,current-section,U1-MG01,,,,U1-S1-PF10,mixed,section1_practice_family_10,2,"Students will explain how physics uses observation, measurement, evidence, models, and testable claims to understand the natural world.","I can distinguish between an observation, inference, hypothesis, law, and theory.",Develop and Use Models,multiple choice,selected response,instructional,60,,,,Unit 1 Assessment Plan; Course Framework; Conceptual Physics/CK-12/Holt style reference as applicable,
U1-S1-PS1-Q11,AP/SCI,Conceptual Physics,1,1,Practice Set 1,Practice,Q11,current-section,U1-MG01,,,,U1-S1-PF11,mixed,section1_practice_family_11,2,"Students will explain how physics uses observation, measurement, evidence, models, and testable claims to understand the natural world.","I can distinguish between an observation, inference, hypothesis, law, and theory.",Scientific Explanation and Argument from Evidence,multiple choice,selected response,instructional,60,,,,Unit 1 Assessment Plan; Course Framework; Conceptual Physics/CK-12/Holt style reference as applicable,
U1-S1-PS1-Q12,AP/SCI,Conceptual Physics,1,1,Practice Set 1,Practice,Q12,current-section,U1-MG01,,,,U1-S1-PF12,mixed,section1_practice_family_12,3,"Students will explain how physics uses observation, measurement, evidence, models, and testable claims to understand the natural world.","I can distinguish between an observation, inference, hypothesis, law, and theory.",Scientific Explanation and Argument from Evidence,short response,constructed response,instructional,60,,,,Unit 1 Assessment Plan; Course Framework; Conceptual Physics/CK-12/Holt style reference as applicable,
U1-S1-PS1-Q13,AP/SCI,Conceptual Physics,1,1,Practice Set 1,Practice,Q13,current-section,U1-MG01,,,,U1-S1-PF13,mixed,section1_practice_family_13,2,"Students will explain how physics uses observation, measurement, evidence, models, and testable claims to understand the natural world.","I can distinguish between an observation, inference, hypothesis, law, and theory.",Scientific Explanation and Argument from Evidence,short response,constructed response,instructional,60,,,,Unit 1 Assessment Plan; Course Framework; Conceptual Physics/CK-12/Holt style reference as applicable,
U1-S1-PS1-Q14,AP/SCI,Conceptual Physics,1,1,Practice Set 1,Practice,Q14,current-section,U1-MG01,,,,U1-S1-PF14,mixed,section1_practice_family_14,2,"Students will explain how physics uses observation, measurement, evidence, models, and testable claims to understand the natural world.","I can distinguish between an observation, inference, hypothesis, law, and theory.",Develop and Use Models,multiple choice,selected response,instructional,60,,,,Unit 1 Assessment Plan; Course Framework; Conceptual Physics/CK-12/Holt style reference as applicable,
U1-S1-PS1-Q15,AP/SCI,Conceptual Physics,1,1,Practice Set 1,Practice,Q15,current-section,U1-MG01,,,,U1-S1-PF15,mixed,section1_practice_family_15,2,"Students will explain how physics uses observation, measurement, evidence, models, and testable claims to understand the natural world.","I can distinguish between an observation, inference, hypothesis, law, and theory.",Scientific Explanation and Argument from Evidence,short response,constructed response,instructional,60,,,,Unit 1 Assessment Plan; Course Framework; Conceptual Physics/CK-12/Holt style reference as applicable,
U1-S1-PS1-Q16,AP/SCI,Conceptual Physics,1,1,Practice Set 1,Practice,Q16,current-section,U1-MG01,,,,U1-S1-PF16,mixed,section1_practice_family_16,2,"Students will explain how physics uses observation, measurement, evidence, models, and testable claims to understand the natural world.","I can distinguish between an observation, inference, hypothesis, law, and theory.",Plan / Evaluate Investigations,multiple choice,selected response,instructional,60,,,,Unit 1 Assessment Plan; Course Framework; Conceptual Physics/CK-12/Holt style reference as applicable,
U1-S1-PS1-Q17,AP/SCI,Conceptual Physics,1,1,Practice Set 1,Practice,Q17,current-section,U1-MG01,,,,U1-S1-PF17,mixed,section1_practice_family_17,3,"Students will explain how physics uses observation, measurement, evidence, models, and testable claims to understand the natural world.","I can distinguish between an observation, inference, hypothesis, law, and theory.",Plan / Evaluate Investigations,short response,constructed response,instructional,60,,,,Unit 1 Assessment Plan; Course Framework; Conceptual Physics/CK-12/Holt style reference as applicable,
U1-S1-PS1-Q18,AP/SCI,Conceptual Physics,1,1,Practice Set 1,Practice,Q18,current-section,U1-MG01,,,,U1-S1-PF18,mixed,section1_practice_family_18,3,"Students will explain how physics uses observation, measurement, evidence, models, and testable claims to understand the natural world.","I can distinguish between an observation, inference, hypothesis, law, and theory.",Scientific Explanation and Argument from Evidence,multipart,constructed response,instructional,60,,,,Unit 1 Assessment Plan; Course Framework; Conceptual Physics/CK-12/Holt style reference as applicable,
U1-S1-PS2-Q01,AP/SCI,Conceptual Physics,1,1,Practice Set 2,Practice,Q01,current-section,U1-MG01,,,,U1-S1-PF07,mixed,section1_practice_family_07,2,"Students will explain how physics uses observation, measurement, evidence, models, and testable claims to understand the natural world.","I can distinguish between an observation, inference, hypothesis, law, and theory.",Interpret Data and Representations,short response,constructed response,instructional,60,,,,Unit 1 Assessment Plan; Course Framework; Conceptual Physics/CK-12/Holt style reference as applicable,
U1-S1-PS2-Q02,AP/SCI,Conceptual Physics,1,1,Practice Set 2,Practice,Q02,current-section,U1-MG01,,,,U1-S1-PF01,mixed,section1_practice_family_01,2,"Students will explain how physics uses observation, measurement, evidence, models, and testable claims to understand the natural world.","I can distinguish between an observation, inference, hypothesis, law, and theory.",Scientific Explanation and Argument from Evidence,multiple choice,selected response,instructional,60,,,,Unit 1 Assessment Plan; Course Framework; Conceptual Physics/CK-12/Holt style reference as applicable,
U1-S1-PS2-Q03,AP/SCI,Conceptual Physics,1,1,Practice Set 2,Practice,Q03,current-section,U1-MG01,,,,U1-S1-PF12,context_shift,section1_practice_family_12,3,"Students will explain how physics uses observation, measurement, evidence, models, and testable claims to understand the natural world.","I can distinguish between an observation, inference, hypothesis, law, and theory.",Scientific Explanation and Argument from Evidence,short response,constructed response,instructional,60,,,,Unit 1 Assessment Plan; Course Framework; Conceptual Physics/CK-12/Holt style reference as applicable,
U1-S1-PS2-Q04,AP/SCI,Conceptual Physics,1,1,Practice Set 2,Practice,Q04,current-section,U1-MG01,,,,U1-S1-PF03,mixed,section1_practice_family_03,2,"Students will explain how physics uses observation, measurement, evidence, models, and testable claims to understand the natural world.","I can distinguish between an observation, inference, hypothesis, law, and theory.",Plan / Evaluate Investigations,short response,constructed response,instructional,60,,,,Unit 1 Assessment Plan; Course Framework; Conceptual Physics/CK-12/Holt style reference as applicable,
U1-S1-PS2-Q05,AP/SCI,Conceptual Physics,1,1,Practice Set 2,Practice,Q05,current-section,U1-MG01,,,,U1-S1-PF16,context_shift,section1_practice_family_16,2,"Students will explain how physics uses observation, measurement, evidence, models, and testable claims to understand the natural world.","I can distinguish between an observation, inference, hypothesis, law, and theory.",Plan / Evaluate Investigations,multiple choice,selected response,instructional,60,,,,Unit 1 Assessment Plan; Course Framework; Conceptual Physics/CK-12/Holt style reference as applicable,
U1-S1-PS2-Q06,AP/SCI,Conceptual Physics,1,1,Practice Set 2,Practice,Q06,current-section,U1-MG01,,,,U1-S1-PF05,context_shift,section1_practice_family_05,2,"Students will explain how physics uses observation, measurement, evidence, models, and testable claims to understand the natural world.","I can distinguish between an observation, inference, hypothesis, law, and theory.",Scientific Explanation and Argument from Evidence,multiple choice,selected response,instructional,60,,,,Unit 1 Assessment Plan; Course Framework; Conceptual Physics/CK-12/Holt style reference as applicable,
U1-S1-PS2-Q07,AP/SCI,Conceptual Physics,1,1,Practice Set 2,Practice,Q07,current-section,U1-MG01,,,,U1-S1-PF09,mixed,section1_practice_family_09,2,"Students will explain how physics uses observation, measurement, evidence, models, and testable claims to understand the natural world.","I can distinguish between an observation, inference, hypothesis, law, and theory.",Develop and Use Models,short response,constructed response,instructional,60,,,,Unit 1 Assessment Plan; Course Framework; Conceptual Physics/CK-12/Holt style reference as applicable,
U1-S1-PS2-Q08,AP/SCI,Conceptual Physics,1,1,Practice Set 2,Practice,Q08,current-section,U1-MG01,,,,U1-S1-PF02,mixed,section1_practice_family_02,2,"Students will explain how physics uses observation, measurement, evidence, models, and testable claims to understand the natural world.","I can distinguish between an observation, inference, hypothesis, law, and theory.",Scientific Explanation and Argument from Evidence,short response,constructed response,instructional,60,,,,Unit 1 Assessment Plan; Course Framework; Conceptual Physics/CK-12/Holt style reference as applicable,
U1-S1-PS2-Q09,AP/SCI,Conceptual Physics,1,1,Practice Set 2,Practice,Q09,current-section,U1-MG01,,,,U1-S1-PF14,context_shift,section1_practice_family_14,2,"Students will explain how physics uses observation, measurement, evidence, models, and testable claims to understand the natural world.","I can distinguish between an observation, inference, hypothesis, law, and theory.",Develop and Use Models,multiple choice,selected response,instructional,60,,,,Unit 1 Assessment Plan; Course Framework; Conceptual Physics/CK-12/Holt style reference as applicable,
U1-S1-PS2-Q10,AP/SCI,Conceptual Physics,1,1,Practice Set 2,Practice,Q10,current-section,U1-MG01,,,,U1-S1-PF08,context_shift,section1_practice_family_08,2,"Students will explain how physics uses observation, measurement, evidence, models, and testable claims to understand the natural world.","I can distinguish between an observation, inference, hypothesis, law, and theory.",Interpret Data and Representations,multiple choice,selected response,instructional,60,,,,Unit 1 Assessment Plan; Course Framework; Conceptual Physics/CK-12/Holt style reference as applicable,
U1-S1-PS2-Q11,AP/SCI,Conceptual Physics,1,1,Practice Set 2,Practice,Q11,current-section,U1-MG01,,,,U1-S1-PF18,context_shift,section1_practice_family_18,3,"Students will explain how physics uses observation, measurement, evidence, models, and testable claims to understand the natural world.","I can distinguish between an observation, inference, hypothesis, law, and theory.",Scientific Explanation and Argument from Evidence,multipart,constructed response,instructional,60,,,,Unit 1 Assessment Plan; Course Framework; Conceptual Physics/CK-12/Holt style reference as applicable,
U1-S1-PS2-Q12,AP/SCI,Conceptual Physics,1,1,Practice Set 2,Practice,Q12,current-section,U1-MG01,,,,U1-S1-PF04,mixed,section1_practice_family_04,2,"Students will explain how physics uses observation, measurement, evidence, models, and testable claims to understand the natural world.","I can distinguish between an observation, inference, hypothesis, law, and theory.",Scientific Explanation and Argument from Evidence,multiple choice,selected response,instructional,60,,,,Unit 1 Assessment Plan; Course Framework; Conceptual Physics/CK-12/Holt style reference as applicable,
U1-S1-PS2-Q13,AP/SCI,Conceptual Physics,1,1,Practice Set 2,Practice,Q13,current-section,U1-MG01,,,,U1-S1-PF11,mixed,section1_practice_family_11,2,"Students will explain how physics uses observation, measurement, evidence, models, and testable claims to understand the natural world.","I can distinguish between an observation, inference, hypothesis, law, and theory.",Scientific Explanation and Argument from Evidence,multiple choice,selected response,instructional,60,,,,Unit 1 Assessment Plan; Course Framework; Conceptual Physics/CK-12/Holt style reference as applicable,
U1-S1-PS2-Q14,AP/SCI,Conceptual Physics,1,1,Practice Set 2,Practice,Q14,current-section,U1-MG01,,,,U1-S1-PF06,mixed,section1_practice_family_06,3,"Students will explain how physics uses observation, measurement, evidence, models, and testable claims to understand the natural world.","I can distinguish between an observation, inference, hypothesis, law, and theory.",Plan / Evaluate Investigations,short response,constructed response,instructional,60,,,,Unit 1 Assessment Plan; Course Framework; Conceptual Physics/CK-12/Holt style reference as applicable,
U1-S1-PS2-Q15,AP/SCI,Conceptual Physics,1,1,Practice Set 2,Practice,Q15,current-section,U1-MG01,,,,U1-S1-PF15,mixed,section1_practice_family_15,2,"Students will explain how physics uses observation, measurement, evidence, models, and testable claims to understand the natural world.","I can distinguish between an observation, inference, hypothesis, law, and theory.",Scientific Explanation and Argument from Evidence,short response,constructed response,instructional,60,,,,Unit 1 Assessment Plan; Course Framework; Conceptual Physics/CK-12/Holt style reference as applicable,
U1-S1-PS2-Q16,AP/SCI,Conceptual Physics,1,1,Practice Set 2,Practice,Q16,current-section,U1-MG01,,,,U1-S1-PF10,context_shift,section1_practice_family_10,2,"Students will explain how physics uses observation, measurement, evidence, models, and testable claims to understand the natural world.","I can distinguish between an observation, inference, hypothesis, law, and theory.",Develop and Use Models,multiple choice,selected response,instructional,60,,,,Unit 1 Assessment Plan; Course Framework; Conceptual Physics/CK-12/Holt style reference as applicable,
U1-S1-PS2-Q17,AP/SCI,Conceptual Physics,1,1,Practice Set 2,Practice,Q17,current-section,U1-MG01,,,,U1-S1-PF13,mixed,section1_practice_family_13,2,"Students will explain how physics uses observation, measurement, evidence, models, and testable claims to understand the natural world.","I can distinguish between an observation, inference, hypothesis, law, and theory.",Scientific Explanation and Argument from Evidence,short response,constructed response,instructional,60,,,,Unit 1 Assessment Plan; Course Framework; Conceptual Physics/CK-12/Holt style reference as applicable,
U1-S1-PS2-Q18,AP/SCI,Conceptual Physics,1,1,Practice Set 2,Practice,Q18,current-section,U1-MG01,,,,U1-S1-PF17,mixed,section1_practice_family_17,3,"Students will explain how physics uses observation, measurement, evidence, models, and testable claims to understand the natural world.","I can distinguish between an observation, inference, hypothesis, law, and theory.",Plan / Evaluate Investigations,short response,constructed response,instructional,60,,,,Unit 1 Assessment Plan; Course Framework; Conceptual Physics/CK-12/Holt style reference as applicable,
U1-S1-PS3-Q01,AP/SCI,Conceptual Physics,1,1,Practice Set 3,Practice,Q01,current-section,U1-MG01,,,,U1-S1-PF04,mixed,section1_practice_family_04,2,"Students will explain how physics uses observation, measurement, evidence, models, and testable claims to understand the natural world.","I can distinguish between an observation, inference, hypothesis, law, and theory.",Scientific Explanation and Argument from Evidence,multiple choice,selected response,instructional,60,,,,Unit 1 Assessment Plan; Course Framework; Conceptual Physics/CK-12/Holt style reference as applicable,
U1-S1-PS3-Q02,AP/SCI,Conceptual Physics,1,1,Practice Set 3,Practice,Q02,current-section,U1-MG01,,,,U1-S1-PF10,reasoning_shift,section1_practice_family_10,2,"Students will explain how physics uses observation, measurement, evidence, models, and testable claims to understand the natural world.","I can distinguish between an observation, inference, hypothesis, law, and theory.",Develop and Use Models,multiple choice,selected response,instructional,60,,,,Unit 1 Assessment Plan; Course Framework; Conceptual Physics/CK-12/Holt style reference as applicable,
U1-S1-PS3-Q03,AP/SCI,Conceptual Physics,1,1,Practice Set 3,Practice,Q03,current-section,U1-MG01,,,,U1-S1-PF02,mixed,section1_practice_family_02,2,"Students will explain how physics uses observation, measurement, evidence, models, and testable claims to understand the natural world.","I can distinguish between an observation, inference, hypothesis, law, and theory.",Scientific Explanation and Argument from Evidence,short response,constructed response,instructional,60,,,,Unit 1 Assessment Plan; Course Framework; Conceptual Physics/CK-12/Holt style reference as applicable,
U1-S1-PS3-Q04,AP/SCI,Conceptual Physics,1,1,Practice Set 3,Practice,Q04,current-section,U1-MG01,,,,U1-S1-PF15,mixed,section1_practice_family_15,2,"Students will explain how physics uses observation, measurement, evidence, models, and testable claims to understand the natural world.","I can distinguish between an observation, inference, hypothesis, law, and theory.",Scientific Explanation and Argument from Evidence,short response,constructed response,instructional,60,,,,Unit 1 Assessment Plan; Course Framework; Conceptual Physics/CK-12/Holt style reference as applicable,
U1-S1-PS3-Q05,AP/SCI,Conceptual Physics,1,1,Practice Set 3,Practice,Q05,current-section,U1-MG01,,,,U1-S1-PF06,mixed,section1_practice_family_06,3,"Students will explain how physics uses observation, measurement, evidence, models, and testable claims to understand the natural world.","I can distinguish between an observation, inference, hypothesis, law, and theory.",Plan / Evaluate Investigations,short response,constructed response,instructional,60,,,,Unit 1 Assessment Plan; Course Framework; Conceptual Physics/CK-12/Holt style reference as applicable,
U1-S1-PS3-Q06,AP/SCI,Conceptual Physics,1,1,Practice Set 3,Practice,Q06,current-section,U1-MG01,,,,U1-S1-PF13,mixed,section1_practice_family_13,2,"Students will explain how physics uses observation, measurement, evidence, models, and testable claims to understand the natural world.","I can distinguish between an observation, inference, hypothesis, law, and theory.",Scientific Explanation and Argument from Evidence,short response,constructed response,instructional,60,,,,Unit 1 Assessment Plan; Course Framework; Conceptual Physics/CK-12/Holt style reference as applicable,
U1-S1-PS3-Q07,AP/SCI,Conceptual Physics,1,1,Practice Set 3,Practice,Q07,current-section,U1-MG01,,,,U1-S1-PF01,mixed,section1_practice_family_01,2,"Students will explain how physics uses observation, measurement, evidence, models, and testable claims to understand the natural world.","I can distinguish between an observation, inference, hypothesis, law, and theory.",Scientific Explanation and Argument from Evidence,multiple choice,selected response,instructional,60,,,,Unit 1 Assessment Plan; Course Framework; Conceptual Physics/CK-12/Holt style reference as applicable,
U1-S1-PS3-Q08,AP/SCI,Conceptual Physics,1,1,Practice Set 3,Practice,Q08,current-section,U1-MG01,,,,U1-S1-PF17,mixed,section1_practice_family_17,3,"Students will explain how physics uses observation, measurement, evidence, models, and testable claims to understand the natural world.","I can distinguish between an observation, inference, hypothesis, law, and theory.",Plan / Evaluate Investigations,short response,constructed response,instructional,60,,,,Unit 1 Assessment Plan; Course Framework; Conceptual Physics/CK-12/Holt style reference as applicable,
U1-S1-PS3-Q09,AP/SCI,Conceptual Physics,1,1,Practice Set 3,Practice,Q09,current-section,U1-MG01,,,,U1-S1-PF08,reasoning_shift,section1_practice_family_08,2,"Students will explain how physics uses observation, measurement, evidence, models, and testable claims to understand the natural world.","I can distinguish between an observation, inference, hypothesis, law, and theory.",Interpret Data and Representations,multiple choice,selected response,instructional,60,,,,Unit 1 Assessment Plan; Course Framework; Conceptual Physics/CK-12/Holt style reference as applicable,
U1-S1-PS3-Q10,AP/SCI,Conceptual Physics,1,1,Practice Set 3,Practice,Q10,current-section,U1-MG01,,,,U1-S1-PF12,reasoning_shift,section1_practice_family_12,3,"Students will explain how physics uses observation, measurement, evidence, models, and testable claims to understand the natural world.","I can distinguish between an observation, inference, hypothesis, law, and theory.",Scientific Explanation and Argument from Evidence,short response,constructed response,instructional,60,,,,Unit 1 Assessment Plan; Course Framework; Conceptual Physics/CK-12/Holt style reference as applicable,
U1-S1-PS3-Q11,AP/SCI,Conceptual Physics,1,1,Practice Set 3,Practice,Q11,current-section,U1-MG01,,,,U1-S1-PF05,reasoning_shift,section1_practice_family_05,2,"Students will explain how physics uses observation, measurement, evidence, models, and testable claims to understand the natural world.","I can distinguish between an observation, inference, hypothesis, law, and theory.",Scientific Explanation and Argument from Evidence,multiple choice,selected response,instructional,60,,,,Unit 1 Assessment Plan; Course Framework; Conceptual Physics/CK-12/Holt style reference as applicable,
U1-S1-PS3-Q12,AP/SCI,Conceptual Physics,1,1,Practice Set 3,Practice,Q12,current-section,U1-MG01,,,,U1-S1-PF18,reasoning_shift,section1_practice_family_18,3,"Students will explain how physics uses observation, measurement, evidence, models, and testable claims to understand the natural world.","I can distinguish between an observation, inference, hypothesis, law, and theory.",Scientific Explanation and Argument from Evidence,multipart,constructed response,instructional,60,,,,Unit 1 Assessment Plan; Course Framework; Conceptual Physics/CK-12/Holt style reference as applicable,
U1-S1-PS3-Q13,AP/SCI,Conceptual Physics,1,1,Practice Set 3,Practice,Q13,current-section,U1-MG01,,,,U1-S1-PF03,mixed,section1_practice_family_03,2,"Students will explain how physics uses observation, measurement, evidence, models, and testable claims to understand the natural world.","I can distinguish between an observation, inference, hypothesis, law, and theory.",Plan / Evaluate Investigations,short response,constructed response,instructional,60,,,,Unit 1 Assessment Plan; Course Framework; Conceptual Physics/CK-12/Holt style reference as applicable,
U1-S1-PS3-Q14,AP/SCI,Conceptual Physics,1,1,Practice Set 3,Practice,Q14,current-section,U1-MG01,,,,U1-S1-PF09,mixed,section1_practice_family_09,2,"Students will explain how physics uses observation, measurement, evidence, models, and testable claims to understand the natural world.","I can distinguish between an observation, inference, hypothesis, law, and theory.",Develop and Use Models,short response,constructed response,instructional,60,,,,Unit 1 Assessment Plan; Course Framework; Conceptual Physics/CK-12/Holt style reference as applicable,
U1-S1-PS3-Q15,AP/SCI,Conceptual Physics,1,1,Practice Set 3,Practice,Q15,current-section,U1-MG01,,,,U1-S1-PF14,reasoning_shift,section1_practice_family_14,2,"Students will explain how physics uses observation, measurement, evidence, models, and testable claims to understand the natural world.","I can distinguish between an observation, inference, hypothesis, law, and theory.",Develop and Use Models,multiple choice,selected response,instructional,60,,,,Unit 1 Assessment Plan; Course Framework; Conceptual Physics/CK-12/Holt style reference as applicable,
U1-S1-PS3-Q16,AP/SCI,Conceptual Physics,1,1,Practice Set 3,Practice,Q16,current-section,U1-MG01,,,,U1-S1-PF07,mixed,section1_practice_family_07,2,"Students will explain how physics uses observation, measurement, evidence, models, and testable claims to understand the natural world.","I can distinguish between an observation, inference, hypothesis, law, and theory.",Interpret Data and Representations,short response,constructed response,instructional,60,,,,Unit 1 Assessment Plan; Course Framework; Conceptual Physics/CK-12/Holt style reference as applicable,
U1-S1-PS3-Q17,AP/SCI,Conceptual Physics,1,1,Practice Set 3,Practice,Q17,current-section,U1-MG01,,,,U1-S1-PF16,reasoning_shift,section1_practice_family_16,2,"Students will explain how physics uses observation, measurement, evidence, models, and testable claims to understand the natural world.","I can distinguish between an observation, inference, hypothesis, law, and theory.",Plan / Evaluate Investigations,multiple choice,selected response,instructional,60,,,,Unit 1 Assessment Plan; Course Framework; Conceptual Physics/CK-12/Holt style reference as applicable,
U1-S1-PS3-Q18,AP/SCI,Conceptual Physics,1,1,Practice Set 3,Practice,Q18,current-section,U1-MG01,,,,U1-S1-PF11,mixed,section1_practice_family_11,2,"Students will explain how physics uses observation, measurement, evidence, models, and testable claims to understand the natural world.","I can distinguish between an observation, inference, hypothesis, law, and theory.",Scientific Explanation and Argument from Evidence,multiple choice,selected response,instructional,60,,,,Unit 1 Assessment Plan; Course Framework; Conceptual Physics/CK-12/Holt style reference as applicable,
U1-S1-XP-Q01,AP/SCI,Conceptual Physics,1,1,Extra Practice,Practice,Q01,current-section,U1-MG01,,,,U1-S1-PF11,mixed,section1_practice_family_11,2,"Students will explain how physics uses observation, measurement, evidence, models, and testable claims to understand the natural world.","I can distinguish between an observation, inference, hypothesis, law, and theory.",Scientific Explanation and Argument from Evidence,multiple choice,selected response,instructional,60,,,,Unit 1 Assessment Plan; Course Framework; Conceptual Physics/CK-12/Holt style reference as applicable,
U1-S1-XP-Q02,AP/SCI,Conceptual Physics,1,1,Extra Practice,Practice,Q02,current-section,U1-MG01,,,,U1-S1-PF05,context_shift,section1_practice_family_05,2,"Students will explain how physics uses observation, measurement, evidence, models, and testable claims to understand the natural world.","I can distinguish between an observation, inference, hypothesis, law, and theory.",Scientific Explanation and Argument from Evidence,multiple choice,selected response,instructional,60,,,,Unit 1 Assessment Plan; Course Framework; Conceptual Physics/CK-12/Holt style reference as applicable,
U1-S1-XP-Q03,AP/SCI,Conceptual Physics,1,1,Extra Practice,Practice,Q03,current-section,U1-MG01,,,,U1-S1-PF16,context_shift,section1_practice_family_16,2,"Students will explain how physics uses observation, measurement, evidence, models, and testable claims to understand the natural world.","I can distinguish between an observation, inference, hypothesis, law, and theory.",Plan / Evaluate Investigations,multiple choice,selected response,instructional,60,,,,Unit 1 Assessment Plan; Course Framework; Conceptual Physics/CK-12/Holt style reference as applicable,
U1-S1-XP-Q04,AP/SCI,Conceptual Physics,1,1,Extra Practice,Practice,Q04,current-section,U1-MG01,,,,U1-S1-PF08,context_shift,section1_practice_family_08,2,"Students will explain how physics uses observation, measurement, evidence, models, and testable claims to understand the natural world.","I can distinguish between an observation, inference, hypothesis, law, and theory.",Interpret Data and Representations,multiple choice,selected response,instructional,60,,,,Unit 1 Assessment Plan; Course Framework; Conceptual Physics/CK-12/Holt style reference as applicable,
U1-S1-XP-Q05,AP/SCI,Conceptual Physics,1,1,Extra Practice,Practice,Q05,current-section,U1-MG01,,,,U1-S1-PF02,mixed,section1_practice_family_02,2,"Students will explain how physics uses observation, measurement, evidence, models, and testable claims to understand the natural world.","I can distinguish between an observation, inference, hypothesis, law, and theory.",Scientific Explanation and Argument from Evidence,short response,constructed response,instructional,60,,,,Unit 1 Assessment Plan; Course Framework; Conceptual Physics/CK-12/Holt style reference as applicable,
U1-S1-XP-Q06,AP/SCI,Conceptual Physics,1,1,Extra Practice,Practice,Q06,current-section,U1-MG01,,,,U1-S1-PF18,context_shift,section1_practice_family_18,3,"Students will explain how physics uses observation, measurement, evidence, models, and testable claims to understand the natural world.","I can distinguish between an observation, inference, hypothesis, law, and theory.",Scientific Explanation and Argument from Evidence,multipart,constructed response,instructional,60,,,,Unit 1 Assessment Plan; Course Framework; Conceptual Physics/CK-12/Holt style reference as applicable,
U1-S1-XP-Q07,AP/SCI,Conceptual Physics,1,1,Extra Practice,Practice,Q07,current-section,U1-MG01,,,,U1-S1-PF13,mixed,section1_practice_family_13,2,"Students will explain how physics uses observation, measurement, evidence, models, and testable claims to understand the natural world.","I can distinguish between an observation, inference, hypothesis, law, and theory.",Scientific Explanation and Argument from Evidence,short response,constructed response,instructional,60,,,,Unit 1 Assessment Plan; Course Framework; Conceptual Physics/CK-12/Holt style reference as applicable,
U1-S1-XP-Q08,AP/SCI,Conceptual Physics,1,1,Extra Practice,Practice,Q08,current-section,U1-MG01,,,,U1-S1-PF06,mixed,section1_practice_family_06,3,"Students will explain how physics uses observation, measurement, evidence, models, and testable claims to understand the natural world.","I can distinguish between an observation, inference, hypothesis, law, and theory.",Plan / Evaluate Investigations,short response,constructed response,instructional,60,,,,Unit 1 Assessment Plan; Course Framework; Conceptual Physics/CK-12/Holt style reference as applicable,
U1-S1-XP-Q09,AP/SCI,Conceptual Physics,1,1,Extra Practice,Practice,Q09,current-section,U1-MG01,,,,U1-S1-PF01,mixed,section1_practice_family_01,2,"Students will explain how physics uses observation, measurement, evidence, models, and testable claims to understand the natural world.","I can distinguish between an observation, inference, hypothesis, law, and theory.",Scientific Explanation and Argument from Evidence,multiple choice,selected response,instructional,60,,,,Unit 1 Assessment Plan; Course Framework; Conceptual Physics/CK-12/Holt style reference as applicable,
U1-S1-XP-Q10,AP/SCI,Conceptual Physics,1,1,Extra Practice,Practice,Q10,current-section,U1-MG01,,,,U1-S1-PF14,context_shift,section1_practice_family_14,2,"Students will explain how physics uses observation, measurement, evidence, models, and testable claims to understand the natural world.","I can distinguish between an observation, inference, hypothesis, law, and theory.",Develop and Use Models,multiple choice,selected response,instructional,60,,,,Unit 1 Assessment Plan; Course Framework; Conceptual Physics/CK-12/Holt style reference as applicable,
U1-S1-XP-Q11,AP/SCI,Conceptual Physics,1,1,Extra Practice,Practice,Q11,current-section,U1-MG01,,,,U1-S1-PF09,mixed,section1_practice_family_09,2,"Students will explain how physics uses observation, measurement, evidence, models, and testable claims to understand the natural world.","I can distinguish between an observation, inference, hypothesis, law, and theory.",Develop and Use Models,short response,constructed response,instructional,60,,,,Unit 1 Assessment Plan; Course Framework; Conceptual Physics/CK-12/Holt style reference as applicable,
U1-S1-XP-Q12,AP/SCI,Conceptual Physics,1,1,Extra Practice,Practice,Q12,current-section,U1-MG01,,,,U1-S1-PF17,mixed,section1_practice_family_17,3,"Students will explain how physics uses observation, measurement, evidence, models, and testable claims to understand the natural world.","I can distinguish between an observation, inference, hypothesis, law, and theory.",Plan / Evaluate Investigations,short response,constructed response,instructional,60,,,,Unit 1 Assessment Plan; Course Framework; Conceptual Physics/CK-12/Holt style reference as applicable,
U1-S1-XP-Q13,AP/SCI,Conceptual Physics,1,1,Extra Practice,Practice,Q13,current-section,U1-MG01,,,,U1-S1-PF04,mixed,section1_practice_family_04,2,"Students will explain how physics uses observation, measurement, evidence, models, and testable claims to understand the natural world.","I can distinguish between an observation, inference, hypothesis, law, and theory.",Scientific Explanation and Argument from Evidence,multiple choice,selected response,instructional,60,,,,Unit 1 Assessment Plan; Course Framework; Conceptual Physics/CK-12/Holt style reference as applicable,
U1-S1-XP-Q14,AP/SCI,Conceptual Physics,1,1,Extra Practice,Practice,Q14,current-section,U1-MG01,,,,U1-S1-PF12,context_shift,section1_practice_family_12,3,"Students will explain how physics uses observation, measurement, evidence, models, and testable claims to understand the natural world.","I can distinguish between an observation, inference, hypothesis, law, and theory.",Scientific Explanation and Argument from Evidence,short response,constructed response,instructional,60,,,,Unit 1 Assessment Plan; Course Framework; Conceptual Physics/CK-12/Holt style reference as applicable,
U1-S1-XP-Q15,AP/SCI,Conceptual Physics,1,1,Extra Practice,Practice,Q15,current-section,U1-MG01,,,,U1-S1-PF07,mixed,section1_practice_family_07,2,"Students will explain how physics uses observation, measurement, evidence, models, and testable claims to understand the natural world.","I can distinguish between an observation, inference, hypothesis, law, and theory.",Interpret Data and Representations,short response,constructed response,instructional,60,,,,Unit 1 Assessment Plan; Course Framework; Conceptual Physics/CK-12/Holt style reference as applicable,
U1-S1-XP-Q16,AP/SCI,Conceptual Physics,1,1,Extra Practice,Practice,Q16,current-section,U1-MG01,,,,U1-S1-PF15,mixed,section1_practice_family_15,2,"Students will explain how physics uses observation, measurement, evidence, models, and testable claims to understand the natural world.","I can distinguish between an observation, inference, hypothesis, law, and theory.",Scientific Explanation and Argument from Evidence,short response,constructed response,instructional,60,,,,Unit 1 Assessment Plan; Course Framework; Conceptual Physics/CK-12/Holt style reference as applicable,
U1-S1-XP-Q17,AP/SCI,Conceptual Physics,1,1,Extra Practice,Practice,Q17,current-section,U1-MG01,,,,U1-S1-PF03,mixed,section1_practice_family_03,2,"Students will explain how physics uses observation, measurement, evidence, models, and testable claims to understand the natural world.","I can distinguish between an observation, inference, hypothesis, law, and theory.",Plan / Evaluate Investigations,short response,constructed response,instructional,60,,,,Unit 1 Assessment Plan; Course Framework; Conceptual Physics/CK-12/Holt style reference as applicable,
U1-S1-XP-Q18,AP/SCI,Conceptual Physics,1,1,Extra Practice,Practice,Q18,current-section,U1-MG01,,,,U1-S1-PF10,context_shift,section1_practice_family_10,2,"Students will explain how physics uses observation, measurement, evidence, models, and testable claims to understand the natural world.","I can distinguish between an observation, inference, hypothesis, law, and theory.",Develop and Use Models,multiple choice,selected response,instructional,60,,,,Unit 1 Assessment Plan; Course Framework; Conceptual Physics/CK-12/Holt style reference as applicable,
U1-S2-PS1-Q01,AP/SCI,Conceptual Physics,1,2,Practice Set 1,Practice,Q01,current-section,U1-MG02,,,,U1-S2-PF01,mixed,section2_practice_family_01,2,Students will explain Newton’s First Law and use the idea of inertia to predict whether an object’s motion will stay the same or change.,I can state Newton’s First Law in everyday language.,Scientific Explanation and Argument from Evidence,multiple choice,selected response,instructional,60,,,,Unit 1 Assessment Plan; Course Framework; Conceptual Physics/CK-12/Holt style reference as applicable,
U1-S2-PS1-Q02,AP/SCI,Conceptual Physics,1,2,Practice Set 1,Practice,Q02,current-section,U1-MG02,,,,U1-S2-PF02,mixed,section2_practice_family_02,2,Students will explain Newton’s First Law and use the idea of inertia to predict whether an object’s motion will stay the same or change.,I can state Newton’s First Law in everyday language.,Scientific Explanation and Argument from Evidence,multiple choice,selected response,instructional,60,,,,Unit 1 Assessment Plan; Course Framework; Conceptual Physics/CK-12/Holt style reference as applicable,
U1-S2-PS1-Q03,AP/SCI,Conceptual Physics,1,2,Practice Set 1,Practice,Q03,current-section,U1-MG02,,,,U1-S2-PF03,mixed,section2_practice_family_03,2,Students will explain Newton’s First Law and use the idea of inertia to predict whether an object’s motion will stay the same or change.,I can state Newton’s First Law in everyday language.,Scientific Explanation and Argument from Evidence,short response,constructed response,instructional,60,,,,Unit 1 Assessment Plan; Course Framework; Conceptual Physics/CK-12/Holt style reference as applicable,
U1-S2-PS1-Q04,AP/SCI,Conceptual Physics,1,2,Practice Set 1,Practice,Q04,current-section,U1-MG02,,,,U1-S2-PF04,mixed,section2_practice_family_04,2,Students will explain Newton’s First Law and use the idea of inertia to predict whether an object’s motion will stay the same or change.,I can state Newton’s First Law in everyday language.,Develop and Use Models,multiple choice,selected response,instructional,60,,,,Unit 1 Assessment Plan; Course Framework; Conceptual Physics/CK-12/Holt style reference as applicable,
U1-S2-PS1-Q05,AP/SCI,Conceptual Physics,1,2,Practice Set 1,Practice,Q05,current-section,U1-MG02,,,,U1-S2-PF05,routine_procedural_numeric,section2_practice_family_05,2,Students will explain Newton’s First Law and use the idea of inertia to predict whether an object’s motion will stay the same or change.,I can state Newton’s First Law in everyday language.,Mathematical / Computational Thinking,short response,constructed response,instructional,60,,,,Unit 1 Assessment Plan; Course Framework; Conceptual Physics/CK-12/Holt style reference as applicable,
U1-S2-PS1-Q06,AP/SCI,Conceptual Physics,1,2,Practice Set 1,Practice,Q06,current-section,U1-MG02,,,,U1-S2-PF06,mixed,section2_practice_family_06,2,Students will explain Newton’s First Law and use the idea of inertia to predict whether an object’s motion will stay the same or change.,I can state Newton’s First Law in everyday language.,Develop and Use Models,multiple choice,selected response,instructional,60,,,,Unit 1 Assessment Plan; Course Framework; Conceptual Physics/CK-12/Holt style reference as applicable,
U1-S2-PS1-Q07,AP/SCI,Conceptual Physics,1,2,Practice Set 1,Practice,Q07,current-section,U1-MG02,,,,U1-S2-PF07,mixed,section2_practice_family_07,2,Students will explain Newton’s First Law and use the idea of inertia to predict whether an object’s motion will stay the same or change.,I can state Newton’s First Law in everyday language.,Scientific Explanation and Argument from Evidence,short response,constructed response,instructional,60,,,,Unit 1 Assessment Plan; Course Framework; Conceptual Physics/CK-12/Holt style reference as applicable,
U1-S2-PS1-Q08,AP/SCI,Conceptual Physics,1,2,Practice Set 1,Practice,Q08,current-section,U1-MG02,,,,U1-S2-PF08,mixed,section2_practice_family_08,3,Students will explain Newton’s First Law and use the idea of inertia to predict whether an object’s motion will stay the same or change.,I can state Newton’s First Law in everyday language.,Scientific Explanation and Argument from Evidence,multiple choice,selected response,instructional,60,,,,Unit 1 Assessment Plan; Course Framework; Conceptual Physics/CK-12/Holt style reference as applicable,
U1-S2-PS1-Q09,AP/SCI,Conceptual Physics,1,2,Practice Set 1,Practice,Q09,current-section,U1-MG02,,,,U1-S2-PF09,routine_procedural_numeric,section2_practice_family_09,2,Students will explain Newton’s First Law and use the idea of inertia to predict whether an object’s motion will stay the same or change.,I can state Newton’s First Law in everyday language.,Mathematical / Computational Thinking,short response,constructed response,instructional,60,,,,Unit 1 Assessment Plan; Course Framework; Conceptual Physics/CK-12/Holt style reference as applicable,
U1-S2-PS1-Q10,AP/SCI,Conceptual Physics,1,2,Practice Set 1,Practice,Q10,current-section,U1-MG02,,,,U1-S2-PF10,mixed,section2_practice_family_10,2,Students will explain Newton’s First Law and use the idea of inertia to predict whether an object’s motion will stay the same or change.,I can state Newton’s First Law in everyday language.,Scientific Explanation and Argument from Evidence,multiple choice,selected response,instructional,60,,,,Unit 1 Assessment Plan; Course Framework; Conceptual Physics/CK-12/Holt style reference as applicable,
U1-S2-PS1-Q11,AP/SCI,Conceptual Physics,1,2,Practice Set 1,Practice,Q11,current-section,U1-MG02,,,,U1-S2-PF11,mixed,section2_practice_family_11,2,Students will explain Newton’s First Law and use the idea of inertia to predict whether an object’s motion will stay the same or change.,I can state Newton’s First Law in everyday language.,Scientific Explanation and Argument from Evidence,short response,constructed response,instructional,60,,,,Unit 1 Assessment Plan; Course Framework; Conceptual Physics/CK-12/Holt style reference as applicable,
U1-S2-PS1-Q12,AP/SCI,Conceptual Physics,1,2,Practice Set 1,Practice,Q12,current-section,U1-MG02,,,,U1-S2-PF12,mixed,section2_practice_family_12,2,Students will explain Newton’s First Law and use the idea of inertia to predict whether an object’s motion will stay the same or change.,I can state Newton’s First Law in everyday language.,Develop and Use Models,multiple choice,selected response,instructional,60,,,,Unit 1 Assessment Plan; Course Framework; Conceptual Physics/CK-12/Holt style reference as applicable,
U1-S2-PS1-Q13,AP/SCI,Conceptual Physics,1,2,Practice Set 1,Practice,Q13,current-section,U1-MG02,,,,U1-S2-PF13,mixed,section2_practice_family_13,2,Students will explain Newton’s First Law and use the idea of inertia to predict whether an object’s motion will stay the same or change.,I can state Newton’s First Law in everyday language.,Interpret Data and Representations,short response,constructed response,instructional,60,u1_s2_support_weight_balanced.png,original_custom,,Unit 1 Assessment Plan; Course Framework; Conceptual Physics/CK-12/Holt style reference as applicable,
U1-S2-PS1-Q14,AP/SCI,Conceptual Physics,1,2,Practice Set 1,Practice,Q14,current-section,U1-MG02,,,,U1-S2-PF14,mixed,section2_practice_family_14,2,Students will explain Newton’s First Law and use the idea of inertia to predict whether an object’s motion will stay the same or change.,I can state Newton’s First Law in everyday language.,Interpret Data and Representations,short response,constructed response,instructional,60,u1_s2_unbalanced_cart.png,original_custom,,Unit 1 Assessment Plan; Course Framework; Conceptual Physics/CK-12/Holt style reference as applicable,
U1-S2-PS1-Q15,AP/SCI,Conceptual Physics,1,2,Practice Set 1,Practice,Q15,current-section,U1-MG02,,,,U1-S2-PF15,mixed,section2_practice_family_15,2,Students will explain Newton’s First Law and use the idea of inertia to predict whether an object’s motion will stay the same or change.,I can state Newton’s First Law in everyday language.,Develop and Use Models,multiple choice,selected response,instructional,60,,,,Unit 1 Assessment Plan; Course Framework; Conceptual Physics/CK-12/Holt style reference as applicable,
U1-S2-PS1-Q16,AP/SCI,Conceptual Physics,1,2,Practice Set 1,Practice,Q16,current-section,U1-MG02,,,,U1-S2-PF16,mixed,section2_practice_family_16,3,Students will explain Newton’s First Law and use the idea of inertia to predict whether an object’s motion will stay the same or change.,I can state Newton’s First Law in everyday language.,Scientific Explanation and Argument from Evidence,short response,constructed response,instructional,60,,,,Unit 1 Assessment Plan; Course Framework; Conceptual Physics/CK-12/Holt style reference as applicable,
U1-S2-PS1-Q17,AP/SCI,Conceptual Physics,1,2,Practice Set 1,Practice,Q17,current-section,U1-MG02,,,,U1-S2-PF17,mixed,section2_practice_family_17,2,Students will explain Newton’s First Law and use the idea of inertia to predict whether an object’s motion will stay the same or change.,I can state Newton’s First Law in everyday language.,Interpret Data and Representations,multiple choice,selected response,instructional,60,,,,Unit 1 Assessment Plan; Course Framework; Conceptual Physics/CK-12/Holt style reference as applicable,
U1-S2-PS1-Q18,AP/SCI,Conceptual Physics,1,2,Practice Set 1,Practice,Q18,current-section,U1-MG02,,,,U1-S2-PF18,mixed,section2_practice_family_18,3,Students will explain Newton’s First Law and use the idea of inertia to predict whether an object’s motion will stay the same or change.,I can state Newton’s First Law in everyday language.,Scientific Explanation and Argument from Evidence,multipart,constructed response,instructional,60,,,,Unit 1 Assessment Plan; Course Framework; Conceptual Physics/CK-12/Holt style reference as applicable,
U1-S2-PS2-Q01,AP/SCI,Conceptual Physics,1,2,Practice Set 2,Practice,Q01,current-section,U1-MG02,,,,U1-S2-PF07,mixed,section2_practice_family_07,2,Students will explain Newton’s First Law and use the idea of inertia to predict whether an object’s motion will stay the same or change.,I can state Newton’s First Law in everyday language.,Scientific Explanation and Argument from Evidence,short response,constructed response,instructional,60,,,,Unit 1 Assessment Plan; Course Framework; Conceptual Physics/CK-12/Holt style reference as applicable,
U1-S2-PS2-Q02,AP/SCI,Conceptual Physics,1,2,Practice Set 2,Practice,Q02,current-section,U1-MG02,,,,U1-S2-PF01,mixed,section2_practice_family_01,2,Students will explain Newton’s First Law and use the idea of inertia to predict whether an object’s motion will stay the same or change.,I can state Newton’s First Law in everyday language.,Scientific Explanation and Argument from Evidence,multiple choice,selected response,instructional,60,,,,Unit 1 Assessment Plan; Course Framework; Conceptual Physics/CK-12/Holt style reference as applicable,
U1-S2-PS2-Q03,AP/SCI,Conceptual Physics,1,2,Practice Set 2,Practice,Q03,current-section,U1-MG02,,,,U1-S2-PF12,context_shift,section2_practice_family_12,2,Students will explain Newton’s First Law and use the idea of inertia to predict whether an object’s motion will stay the same or change.,I can state Newton’s First Law in everyday language.,Develop and Use Models,multiple choice,selected response,instructional,60,,,,Unit 1 Assessment Plan; Course Framework; Conceptual Physics/CK-12/Holt style reference as applicable,
U1-S2-PS2-Q04,AP/SCI,Conceptual Physics,1,2,Practice Set 2,Practice,Q04,current-section,U1-MG02,,,,U1-S2-PF03,mixed,section2_practice_family_03,2,Students will explain Newton’s First Law and use the idea of inertia to predict whether an object’s motion will stay the same or change.,I can state Newton’s First Law in everyday language.,Scientific Explanation and Argument from Evidence,short response,constructed response,instructional,60,,,,Unit 1 Assessment Plan; Course Framework; Conceptual Physics/CK-12/Holt style reference as applicable,
U1-S2-PS2-Q05,AP/SCI,Conceptual Physics,1,2,Practice Set 2,Practice,Q05,current-section,U1-MG02,,,,U1-S2-PF16,context_shift,section2_practice_family_16,3,Students will explain Newton’s First Law and use the idea of inertia to predict whether an object’s motion will stay the same or change.,I can state Newton’s First Law in everyday language.,Scientific Explanation and Argument from Evidence,short response,constructed response,instructional,60,,,,Unit 1 Assessment Plan; Course Framework; Conceptual Physics/CK-12/Holt style reference as applicable,
U1-S2-PS2-Q06,AP/SCI,Conceptual Physics,1,2,Practice Set 2,Practice,Q06,current-section,U1-MG02,,,,U1-S2-PF05,routine_procedural_numeric,section2_practice_family_05,2,Students will explain Newton’s First Law and use the idea of inertia to predict whether an object’s motion will stay the same or change.,I can state Newton’s First Law in everyday language.,Mathematical / Computational Thinking,short response,constructed response,instructional,60,,,,Unit 1 Assessment Plan; Course Framework; Conceptual Physics/CK-12/Holt style reference as applicable,
U1-S2-PS2-Q07,AP/SCI,Conceptual Physics,1,2,Practice Set 2,Practice,Q07,current-section,U1-MG02,,,,U1-S2-PF09,routine_procedural_numeric,section2_practice_family_09,2,Students will explain Newton’s First Law and use the idea of inertia to predict whether an object’s motion will stay the same or change.,I can state Newton’s First Law in everyday language.,Mathematical / Computational Thinking,short response,constructed response,instructional,60,,,,Unit 1 Assessment Plan; Course Framework; Conceptual Physics/CK-12/Holt style reference as applicable,
U1-S2-PS2-Q08,AP/SCI,Conceptual Physics,1,2,Practice Set 2,Practice,Q08,current-section,U1-MG02,,,,U1-S2-PF02,context_shift,section2_practice_family_02,2,Students will explain Newton’s First Law and use the idea of inertia to predict whether an object’s motion will stay the same or change.,I can state Newton’s First Law in everyday language.,Scientific Explanation and Argument from Evidence,multiple choice,selected response,instructional,60,,,,Unit 1 Assessment Plan; Course Framework; Conceptual Physics/CK-12/Holt style reference as applicable,
U1-S2-PS2-Q09,AP/SCI,Conceptual Physics,1,2,Practice Set 2,Practice,Q09,current-section,U1-MG02,,,,U1-S2-PF14,context_shift,section2_practice_family_14,2,Students will explain Newton’s First Law and use the idea of inertia to predict whether an object’s motion will stay the same or change.,I can state Newton’s First Law in everyday language.,Interpret Data and Representations,short response,constructed response,instructional,60,u1_s2_unbalanced_cart.png,original_custom,,Unit 1 Assessment Plan; Course Framework; Conceptual Physics/CK-12/Holt style reference as applicable,
U1-S2-PS2-Q10,AP/SCI,Conceptual Physics,1,2,Practice Set 2,Practice,Q10,current-section,U1-MG02,,,,U1-S2-PF08,context_shift,section2_practice_family_08,3,Students will explain Newton’s First Law and use the idea of inertia to predict whether an object’s motion will stay the same or change.,I can state Newton’s First Law in everyday language.,Scientific Explanation and Argument from Evidence,multiple choice,selected response,instructional,60,,,,Unit 1 Assessment Plan; Course Framework; Conceptual Physics/CK-12/Holt style reference as applicable,
U1-S2-PS2-Q11,AP/SCI,Conceptual Physics,1,2,Practice Set 2,Practice,Q11,current-section,U1-MG02,,,,U1-S2-PF18,context_shift,section2_practice_family_18,3,Students will explain Newton’s First Law and use the idea of inertia to predict whether an object’s motion will stay the same or change.,I can state Newton’s First Law in everyday language.,Scientific Explanation and Argument from Evidence,multipart,constructed response,instructional,60,,,,Unit 1 Assessment Plan; Course Framework; Conceptual Physics/CK-12/Holt style reference as applicable,
U1-S2-PS2-Q12,AP/SCI,Conceptual Physics,1,2,Practice Set 2,Practice,Q12,current-section,U1-MG02,,,,U1-S2-PF04,context_shift,section2_practice_family_04,2,Students will explain Newton’s First Law and use the idea of inertia to predict whether an object’s motion will stay the same or change.,I can state Newton’s First Law in everyday language.,Develop and Use Models,multiple choice,selected response,instructional,60,,,,Unit 1 Assessment Plan; Course Framework; Conceptual Physics/CK-12/Holt style reference as applicable,
U1-S2-PS2-Q13,AP/SCI,Conceptual Physics,1,2,Practice Set 2,Practice,Q13,current-section,U1-MG02,,,,U1-S2-PF11,mixed,section2_practice_family_11,2,Students will explain Newton’s First Law and use the idea of inertia to predict whether an object’s motion will stay the same or change.,I can state Newton’s First Law in everyday language.,Scientific Explanation and Argument from Evidence,short response,constructed response,instructional,60,,,,Unit 1 Assessment Plan; Course Framework; Conceptual Physics/CK-12/Holt style reference as applicable,
U1-S2-PS2-Q14,AP/SCI,Conceptual Physics,1,2,Practice Set 2,Practice,Q14,current-section,U1-MG02,,,,U1-S2-PF06,context_shift,section2_practice_family_06,2,Students will explain Newton’s First Law and use the idea of inertia to predict whether an object’s motion will stay the same or change.,I can state Newton’s First Law in everyday language.,Develop and Use Models,multiple choice,selected response,instructional,60,,,,Unit 1 Assessment Plan; Course Framework; Conceptual Physics/CK-12/Holt style reference as applicable,
U1-S2-PS2-Q15,AP/SCI,Conceptual Physics,1,2,Practice Set 2,Practice,Q15,current-section,U1-MG02,,,,U1-S2-PF15,context_shift,section2_practice_family_15,2,Students will explain Newton’s First Law and use the idea of inertia to predict whether an object’s motion will stay the same or change.,I can state Newton’s First Law in everyday language.,Develop and Use Models,multiple choice,selected response,instructional,60,,,,Unit 1 Assessment Plan; Course Framework; Conceptual Physics/CK-12/Holt style reference as applicable,
U1-S2-PS2-Q16,AP/SCI,Conceptual Physics,1,2,Practice Set 2,Practice,Q16,current-section,U1-MG02,,,,U1-S2-PF10,context_shift,section2_practice_family_10,2,Students will explain Newton’s First Law and use the idea of inertia to predict whether an object’s motion will stay the same or change.,I can state Newton’s First Law in everyday language.,Scientific Explanation and Argument from Evidence,multiple choice,selected response,instructional,60,,,,Unit 1 Assessment Plan; Course Framework; Conceptual Physics/CK-12/Holt style reference as applicable,
U1-S2-PS2-Q17,AP/SCI,Conceptual Physics,1,2,Practice Set 2,Practice,Q17,current-section,U1-MG02,,,,U1-S2-PF13,context_shift,section2_practice_family_13,2,Students will explain Newton’s First Law and use the idea of inertia to predict whether an object’s motion will stay the same or change.,I can state Newton’s First Law in everyday language.,Interpret Data and Representations,short response,constructed response,instructional,60,u1_s2_support_weight_balanced.png,original_custom,,Unit 1 Assessment Plan; Course Framework; Conceptual Physics/CK-12/Holt style reference as applicable,
U1-S2-PS2-Q18,AP/SCI,Conceptual Physics,1,2,Practice Set 2,Practice,Q18,current-section,U1-MG02,,,,U1-S2-PF17,context_shift,section2_practice_family_17,2,Students will explain Newton’s First Law and use the idea of inertia to predict whether an object’s motion will stay the same or change.,I can state Newton’s First Law in everyday language.,Interpret Data and Representations,multiple choice,selected response,instructional,60,,,,Unit 1 Assessment Plan; Course Framework; Conceptual Physics/CK-12/Holt style reference as applicable,
U1-S2-PS3-Q01,AP/SCI,Conceptual Physics,1,2,Practice Set 3,Practice,Q01,current-section,U1-MG02,,,,U1-S2-PF04,reasoning_shift,section2_practice_family_04,2,Students will explain Newton’s First Law and use the idea of inertia to predict whether an object’s motion will stay the same or change.,I can state Newton’s First Law in everyday language.,Develop and Use Models,multiple choice,selected response,instructional,60,,,,Unit 1 Assessment Plan; Course Framework; Conceptual Physics/CK-12/Holt style reference as applicable,
U1-S2-PS3-Q02,AP/SCI,Conceptual Physics,1,2,Practice Set 3,Practice,Q02,current-section,U1-MG02,,,,U1-S2-PF10,reasoning_shift,section2_practice_family_10,2,Students will explain Newton’s First Law and use the idea of inertia to predict whether an object’s motion will stay the same or change.,I can state Newton’s First Law in everyday language.,Scientific Explanation and Argument from Evidence,multiple choice,selected response,instructional,60,,,,Unit 1 Assessment Plan; Course Framework; Conceptual Physics/CK-12/Holt style reference as applicable,
U1-S2-PS3-Q03,AP/SCI,Conceptual Physics,1,2,Practice Set 3,Practice,Q03,current-section,U1-MG02,,,,U1-S2-PF02,reasoning_shift,section2_practice_family_02,2,Students will explain Newton’s First Law and use the idea of inertia to predict whether an object’s motion will stay the same or change.,I can state Newton’s First Law in everyday language.,Scientific Explanation and Argument from Evidence,multiple choice,selected response,instructional,60,,,,Unit 1 Assessment Plan; Course Framework; Conceptual Physics/CK-12/Holt style reference as applicable,
U1-S2-PS3-Q04,AP/SCI,Conceptual Physics,1,2,Practice Set 3,Practice,Q04,current-section,U1-MG02,,,,U1-S2-PF15,reasoning_shift,section2_practice_family_15,2,Students will explain Newton’s First Law and use the idea of inertia to predict whether an object’s motion will stay the same or change.,I can state Newton’s First Law in everyday language.,Develop and Use Models,multiple choice,selected response,instructional,60,,,,Unit 1 Assessment Plan; Course Framework; Conceptual Physics/CK-12/Holt style reference as applicable,
U1-S2-PS3-Q05,AP/SCI,Conceptual Physics,1,2,Practice Set 3,Practice,Q05,current-section,U1-MG02,,,,U1-S2-PF06,reasoning_shift,section2_practice_family_06,2,Students will explain Newton’s First Law and use the idea of inertia to predict whether an object’s motion will stay the same or change.,I can state Newton’s First Law in everyday language.,Develop and Use Models,multiple choice,selected response,instructional,60,,,,Unit 1 Assessment Plan; Course Framework; Conceptual Physics/CK-12/Holt style reference as applicable,
U1-S2-PS3-Q06,AP/SCI,Conceptual Physics,1,2,Practice Set 3,Practice,Q06,current-section,U1-MG02,,,,U1-S2-PF13,reasoning_shift,section2_practice_family_13,2,Students will explain Newton’s First Law and use the idea of inertia to predict whether an object’s motion will stay the same or change.,I can state Newton’s First Law in everyday language.,Interpret Data and Representations,short response,constructed response,instructional,60,u1_s2_support_weight_balanced.png,original_custom,,Unit 1 Assessment Plan; Course Framework; Conceptual Physics/CK-12/Holt style reference as applicable,
U1-S2-PS3-Q07,AP/SCI,Conceptual Physics,1,2,Practice Set 3,Practice,Q07,current-section,U1-MG02,,,,U1-S2-PF01,mixed,section2_practice_family_01,2,Students will explain Newton’s First Law and use the idea of inertia to predict whether an object’s motion will stay the same or change.,I can state Newton’s First Law in everyday language.,Scientific Explanation and Argument from Evidence,multiple choice,selected response,instructional,60,,,,Unit 1 Assessment Plan; Course Framework; Conceptual Physics/CK-12/Holt style reference as applicable,
U1-S2-PS3-Q08,AP/SCI,Conceptual Physics,1,2,Practice Set 3,Practice,Q08,current-section,U1-MG02,,,,U1-S2-PF17,reasoning_shift,section2_practice_family_17,2,Students will explain Newton’s First Law and use the idea of inertia to predict whether an object’s motion will stay the same or change.,I can state Newton’s First Law in everyday language.,Interpret Data and Representations,multiple choice,selected response,instructional,60,,,,Unit 1 Assessment Plan; Course Framework; Conceptual Physics/CK-12/Holt style reference as applicable,
U1-S2-PS3-Q09,AP/SCI,Conceptual Physics,1,2,Practice Set 3,Practice,Q09,current-section,U1-MG02,,,,U1-S2-PF08,reasoning_shift,section2_practice_family_08,3,Students will explain Newton’s First Law and use the idea of inertia to predict whether an object’s motion will stay the same or change.,I can state Newton’s First Law in everyday language.,Scientific Explanation and Argument from Evidence,multiple choice,selected response,instructional,60,,,,Unit 1 Assessment Plan; Course Framework; Conceptual Physics/CK-12/Holt style reference as applicable,
U1-S2-PS3-Q10,AP/SCI,Conceptual Physics,1,2,Practice Set 3,Practice,Q10,current-section,U1-MG02,,,,U1-S2-PF12,reasoning_shift,section2_practice_family_12,2,Students will explain Newton’s First Law and use the idea of inertia to predict whether an object’s motion will stay the same or change.,I can state Newton’s First Law in everyday language.,Develop and Use Models,multiple choice,selected response,instructional,60,,,,Unit 1 Assessment Plan; Course Framework; Conceptual Physics/CK-12/Holt style reference as applicable,
U1-S2-PS3-Q11,AP/SCI,Conceptual Physics,1,2,Practice Set 3,Practice,Q11,current-section,U1-MG02,,,,U1-S2-PF05,routine_procedural_numeric,section2_practice_family_05,2,Students will explain Newton’s First Law and use the idea of inertia to predict whether an object’s motion will stay the same or change.,I can state Newton’s First Law in everyday language.,Mathematical / Computational Thinking,short response,constructed response,instructional,60,,,,Unit 1 Assessment Plan; Course Framework; Conceptual Physics/CK-12/Holt style reference as applicable,
U1-S2-PS3-Q12,AP/SCI,Conceptual Physics,1,2,Practice Set 3,Practice,Q12,current-section,U1-MG02,,,,U1-S2-PF18,reasoning_shift,section2_practice_family_18,3,Students will explain Newton’s First Law and use the idea of inertia to predict whether an object’s motion will stay the same or change.,I can state Newton’s First Law in everyday language.,Scientific Explanation and Argument from Evidence,multipart,constructed response,instructional,60,,,,Unit 1 Assessment Plan; Course Framework; Conceptual Physics/CK-12/Holt style reference as applicable,
U1-S2-PS3-Q13,AP/SCI,Conceptual Physics,1,2,Practice Set 3,Practice,Q13,current-section,U1-MG02,,,,U1-S2-PF03,mixed,section2_practice_family_03,2,Students will explain Newton’s First Law and use the idea of inertia to predict whether an object’s motion will stay the same or change.,I can state Newton’s First Law in everyday language.,Scientific Explanation and Argument from Evidence,short response,constructed response,instructional,60,,,,Unit 1 Assessment Plan; Course Framework; Conceptual Physics/CK-12/Holt style reference as applicable,
U1-S2-PS3-Q14,AP/SCI,Conceptual Physics,1,2,Practice Set 3,Practice,Q14,current-section,U1-MG02,,,,U1-S2-PF09,routine_procedural_numeric,section2_practice_family_09,2,Students will explain Newton’s First Law and use the idea of inertia to predict whether an object’s motion will stay the same or change.,I can state Newton’s First Law in everyday language.,Mathematical / Computational Thinking,short response,constructed response,instructional,60,,,,Unit 1 Assessment Plan; Course Framework; Conceptual Physics/CK-12/Holt style reference as applicable,
U1-S2-PS3-Q15,AP/SCI,Conceptual Physics,1,2,Practice Set 3,Practice,Q15,current-section,U1-MG02,,,,U1-S2-PF14,reasoning_shift,section2_practice_family_14,2,Students will explain Newton’s First Law and use the idea of inertia to predict whether an object’s motion will stay the same or change.,I can state Newton’s First Law in everyday language.,Interpret Data and Representations,short response,constructed response,instructional,60,u1_s2_unbalanced_cart.png,original_custom,,Unit 1 Assessment Plan; Course Framework; Conceptual Physics/CK-12/Holt style reference as applicable,
U1-S2-PS3-Q16,AP/SCI,Conceptual Physics,1,2,Practice Set 3,Practice,Q16,current-section,U1-MG02,,,,U1-S2-PF07,mixed,section2_practice_family_07,2,Students will explain Newton’s First Law and use the idea of inertia to predict whether an object’s motion will stay the same or change.,I can state Newton’s First Law in everyday language.,Scientific Explanation and Argument from Evidence,short response,constructed response,instructional,60,,,,Unit 1 Assessment Plan; Course Framework; Conceptual Physics/CK-12/Holt style reference as applicable,
U1-S2-PS3-Q17,AP/SCI,Conceptual Physics,1,2,Practice Set 3,Practice,Q17,current-section,U1-MG02,,,,U1-S2-PF16,reasoning_shift,section2_practice_family_16,3,Students will explain Newton’s First Law and use the idea of inertia to predict whether an object’s motion will stay the same or change.,I can state Newton’s First Law in everyday language.,Scientific Explanation and Argument from Evidence,short response,constructed response,instructional,60,,,,Unit 1 Assessment Plan; Course Framework; Conceptual Physics/CK-12/Holt style reference as applicable,
U1-S2-PS3-Q18,AP/SCI,Conceptual Physics,1,2,Practice Set 3,Practice,Q18,current-section,U1-MG02,,,,U1-S2-PF11,mixed,section2_practice_family_11,2,Students will explain Newton’s First Law and use the idea of inertia to predict whether an object’s motion will stay the same or change.,I can state Newton’s First Law in everyday language.,Scientific Explanation and Argument from Evidence,short response,constructed response,instructional,60,,,,Unit 1 Assessment Plan; Course Framework; Conceptual Physics/CK-12/Holt style reference as applicable,
U1-S2-XP-Q01,AP/SCI,Conceptual Physics,1,2,Extra Practice,Practice,Q01,current-section,U1-MG02,,,,U1-S2-PF11,mixed,section2_practice_family_11,2,Students will explain Newton’s First Law and use the idea of inertia to predict whether an object’s motion will stay the same or change.,I can state Newton’s First Law in everyday language.,Scientific Explanation and Argument from Evidence,short response,constructed response,instructional,60,,,,Unit 1 Assessment Plan; Course Framework; Conceptual Physics/CK-12/Holt style reference as applicable,
U1-S2-XP-Q02,AP/SCI,Conceptual Physics,1,2,Extra Practice,Practice,Q02,current-section,U1-MG02,,,,U1-S2-PF05,routine_procedural_numeric,section2_practice_family_05,2,Students will explain Newton’s First Law and use the idea of inertia to predict whether an object’s motion will stay the same or change.,I can state Newton’s First Law in everyday language.,Mathematical / Computational Thinking,short response,constructed response,instructional,60,,,,Unit 1 Assessment Plan; Course Framework; Conceptual Physics/CK-12/Holt style reference as applicable,
U1-S2-XP-Q03,AP/SCI,Conceptual Physics,1,2,Extra Practice,Practice,Q03,current-section,U1-MG02,,,,U1-S2-PF16,context_shift,section2_practice_family_16,3,Students will explain Newton’s First Law and use the idea of inertia to predict whether an object’s motion will stay the same or change.,I can state Newton’s First Law in everyday language.,Scientific Explanation and Argument from Evidence,short response,constructed response,instructional,60,,,,Unit 1 Assessment Plan; Course Framework; Conceptual Physics/CK-12/Holt style reference as applicable,
U1-S2-XP-Q04,AP/SCI,Conceptual Physics,1,2,Extra Practice,Practice,Q04,current-section,U1-MG02,,,,U1-S2-PF08,context_shift,section2_practice_family_08,3,Students will explain Newton’s First Law and use the idea of inertia to predict whether an object’s motion will stay the same or change.,I can state Newton’s First Law in everyday language.,Scientific Explanation and Argument from Evidence,multiple choice,selected response,instructional,60,,,,Unit 1 Assessment Plan; Course Framework; Conceptual Physics/CK-12/Holt style reference as applicable,
U1-S2-XP-Q05,AP/SCI,Conceptual Physics,1,2,Extra Practice,Practice,Q05,current-section,U1-MG02,,,,U1-S2-PF02,context_shift,section2_practice_family_02,2,Students will explain Newton’s First Law and use the idea of inertia to predict whether an object’s motion will stay the same or change.,I can state Newton’s First Law in everyday language.,Scientific Explanation and Argument from Evidence,multiple choice,selected response,instructional,60,,,,Unit 1 Assessment Plan; Course Framework; Conceptual Physics/CK-12/Holt style reference as applicable,
U1-S2-XP-Q06,AP/SCI,Conceptual Physics,1,2,Extra Practice,Practice,Q06,current-section,U1-MG02,,,,U1-S2-PF18,context_shift,section2_practice_family_18,3,Students will explain Newton’s First Law and use the idea of inertia to predict whether an object’s motion will stay the same or change.,I can state Newton’s First Law in everyday language.,Scientific Explanation and Argument from Evidence,multipart,constructed response,instructional,60,,,,Unit 1 Assessment Plan; Course Framework; Conceptual Physics/CK-12/Holt style reference as applicable,
U1-S2-XP-Q07,AP/SCI,Conceptual Physics,1,2,Extra Practice,Practice,Q07,current-section,U1-MG02,,,,U1-S2-PF13,context_shift,section2_practice_family_13,2,Students will explain Newton’s First Law and use the idea of inertia to predict whether an object’s motion will stay the same or change.,I can state Newton’s First Law in everyday language.,Interpret Data and Representations,short response,constructed response,instructional,60,u1_s2_support_weight_balanced.png,original_custom,,Unit 1 Assessment Plan; Course Framework; Conceptual Physics/CK-12/Holt style reference as applicable,
U1-S2-XP-Q08,AP/SCI,Conceptual Physics,1,2,Extra Practice,Practice,Q08,current-section,U1-MG02,,,,U1-S2-PF06,context_shift,section2_practice_family_06,2,Students will explain Newton’s First Law and use the idea of inertia to predict whether an object’s motion will stay the same or change.,I can state Newton’s First Law in everyday language.,Develop and Use Models,multiple choice,selected response,instructional,60,,,,Unit 1 Assessment Plan; Course Framework; Conceptual Physics/CK-12/Holt style reference as applicable,
U1-S2-XP-Q09,AP/SCI,Conceptual Physics,1,2,Extra Practice,Practice,Q09,current-section,U1-MG02,,,,U1-S2-PF01,mixed,section2_practice_family_01,2,Students will explain Newton’s First Law and use the idea of inertia to predict whether an object’s motion will stay the same or change.,I can state Newton’s First Law in everyday language.,Scientific Explanation and Argument from Evidence,multiple choice,selected response,instructional,60,,,,Unit 1 Assessment Plan; Course Framework; Conceptual Physics/CK-12/Holt style reference as applicable,
U1-S2-XP-Q10,AP/SCI,Conceptual Physics,1,2,Extra Practice,Practice,Q10,current-section,U1-MG02,,,,U1-S2-PF14,context_shift,section2_practice_family_14,2,Students will explain Newton’s First Law and use the idea of inertia to predict whether an object’s motion will stay the same or change.,I can state Newton’s First Law in everyday language.,Interpret Data and Representations,short response,constructed response,instructional,60,u1_s2_unbalanced_cart.png,original_custom,,Unit 1 Assessment Plan; Course Framework; Conceptual Physics/CK-12/Holt style reference as applicable,
U1-S2-XP-Q11,AP/SCI,Conceptual Physics,1,2,Extra Practice,Practice,Q11,current-section,U1-MG02,,,,U1-S2-PF09,routine_procedural_numeric,section2_practice_family_09,2,Students will explain Newton’s First Law and use the idea of inertia to predict whether an object’s motion will stay the same or change.,I can state Newton’s First Law in everyday language.,Mathematical / Computational Thinking,short response,constructed response,instructional,60,,,,Unit 1 Assessment Plan; Course Framework; Conceptual Physics/CK-12/Holt style reference as applicable,
U1-S2-XP-Q12,AP/SCI,Conceptual Physics,1,2,Extra Practice,Practice,Q12,current-section,U1-MG02,,,,U1-S2-PF17,context_shift,section2_practice_family_17,2,Students will explain Newton’s First Law and use the idea of inertia to predict whether an object’s motion will stay the same or change.,I can state Newton’s First Law in everyday language.,Interpret Data and Representations,multiple choice,selected response,instructional,60,,,,Unit 1 Assessment Plan; Course Framework; Conceptual Physics/CK-12/Holt style reference as applicable,
U1-S2-XP-Q13,AP/SCI,Conceptual Physics,1,2,Extra Practice,Practice,Q13,current-section,U1-MG02,,,,U1-S2-PF04,context_shift,section2_practice_family_04,2,Students will explain Newton’s First Law and use the idea of inertia to predict whether an object’s motion will stay the same or change.,I can state Newton’s First Law in everyday language.,Develop and Use Models,multiple choice,selected response,instructional,60,,,,Unit 1 Assessment Plan; Course Framework; Conceptual Physics/CK-12/Holt style reference as applicable,
U1-S2-XP-Q14,AP/SCI,Conceptual Physics,1,2,Extra Practice,Practice,Q14,current-section,U1-MG02,,,,U1-S2-PF12,context_shift,section2_practice_family_12,2,Students will explain Newton’s First Law and use the idea of inertia to predict whether an object’s motion will stay the same or change.,I can state Newton’s First Law in everyday language.,Develop and Use Models,multiple choice,selected response,instructional,60,,,,Unit 1 Assessment Plan; Course Framework; Conceptual Physics/CK-12/Holt style reference as applicable,
U1-S2-XP-Q15,AP/SCI,Conceptual Physics,1,2,Extra Practice,Practice,Q15,current-section,U1-MG02,,,,U1-S2-PF07,mixed,section2_practice_family_07,2,Students will explain Newton’s First Law and use the idea of inertia to predict whether an object’s motion will stay the same or change.,I can state Newton’s First Law in everyday language.,Scientific Explanation and Argument from Evidence,short response,constructed response,instructional,60,,,,Unit 1 Assessment Plan; Course Framework; Conceptual Physics/CK-12/Holt style reference as applicable,
U1-S2-XP-Q16,AP/SCI,Conceptual Physics,1,2,Extra Practice,Practice,Q16,current-section,U1-MG02,,,,U1-S2-PF15,context_shift,section2_practice_family_15,2,Students will explain Newton’s First Law and use the idea of inertia to predict whether an object’s motion will stay the same or change.,I can state Newton’s First Law in everyday language.,Develop and Use Models,multiple choice,selected response,instructional,60,,,,Unit 1 Assessment Plan; Course Framework; Conceptual Physics/CK-12/Holt style reference as applicable,
U1-S2-XP-Q17,AP/SCI,Conceptual Physics,1,2,Extra Practice,Practice,Q17,current-section,U1-MG02,,,,U1-S2-PF03,mixed,section2_practice_family_03,2,Students will explain Newton’s First Law and use the idea of inertia to predict whether an object’s motion will stay the same or change.,I can state Newton’s First Law in everyday language.,Scientific Explanation and Argument from Evidence,short response,constructed response,instructional,60,,,,Unit 1 Assessment Plan; Course Framework; Conceptual Physics/CK-12/Holt style reference as applicable,
U1-S2-XP-Q18,AP/SCI,Conceptual Physics,1,2,Extra Practice,Practice,Q18,current-section,U1-MG02,,,,U1-S2-PF10,context_shift,section2_practice_family_10,2,Students will explain Newton’s First Law and use the idea of inertia to predict whether an object’s motion will stay the same or change.,I can state Newton’s First Law in everyday language.,Scientific Explanation and Argument from Evidence,multiple choice,selected response,instructional,60,,,,Unit 1 Assessment Plan; Course Framework; Conceptual Physics/CK-12/Holt style reference as applicable,
U1-S3-PS1-Q01,AP/SCI,Conceptual Physics,1,3,Practice Set 1,Practice,Q01,current-section,U1-MG03,,,,U1-S3-PF01,routine_procedural_numeric,section3_practice_family_01,2,Students will represent forces as vectors and determine the direction and relative size of the net force in one-dimensional and simple two-dimensional situations.,I can explain why force is a vector quantity.,Mathematical / Computational Thinking,short response,constructed response,instructional,60,,,,Unit 1 Assessment Plan; Course Framework; Conceptual Physics/CK-12/Holt style reference as applicable,
U1-S3-PS1-Q02,AP/SCI,Conceptual Physics,1,3,Practice Set 1,Practice,Q02,current-section,U1-MG03,,,,U1-S3-PF02,routine_procedural_numeric,section3_practice_family_02,2,Students will represent forces as vectors and determine the direction and relative size of the net force in one-dimensional and simple two-dimensional situations.,I can explain why force is a vector quantity.,Mathematical / Computational Thinking,short response,constructed response,instructional,60,,,,Unit 1 Assessment Plan; Course Framework; Conceptual Physics/CK-12/Holt style reference as applicable,
U1-S3-PS1-Q03,AP/SCI,Conceptual Physics,1,3,Practice Set 1,Practice,Q03,current-section,U1-MG03,,,,U1-S3-PF03,mixed,section3_practice_family_03,2,Students will represent forces as vectors and determine the direction and relative size of the net force in one-dimensional and simple two-dimensional situations.,I can explain why force is a vector quantity.,Develop and Use Models,multiple choice,selected response,instructional,60,,,,Unit 1 Assessment Plan; Course Framework; Conceptual Physics/CK-12/Holt style reference as applicable,
U1-S3-PS1-Q04,AP/SCI,Conceptual Physics,1,3,Practice Set 1,Practice,Q04,current-section,U1-MG03,,,,U1-S3-PF04,mixed,section3_practice_family_04,2,Students will represent forces as vectors and determine the direction and relative size of the net force in one-dimensional and simple two-dimensional situations.,I can explain why force is a vector quantity.,Interpret Data and Representations,multiple choice,selected response,instructional,60,,,,Unit 1 Assessment Plan; Course Framework; Conceptual Physics/CK-12/Holt style reference as applicable,
U1-S3-PS1-Q05,AP/SCI,Conceptual Physics,1,3,Practice Set 1,Practice,Q05,current-section,U1-MG03,,,,U1-S3-PF05,routine_procedural_numeric,section3_practice_family_05,2,Students will represent forces as vectors and determine the direction and relative size of the net force in one-dimensional and simple two-dimensional situations.,I can explain why force is a vector quantity.,Mathematical / Computational Thinking,multiple choice,selected response,instructional,60,,,,Unit 1 Assessment Plan; Course Framework; Conceptual Physics/CK-12/Holt style reference as applicable,
U1-S3-PS1-Q06,AP/SCI,Conceptual Physics,1,3,Practice Set 1,Practice,Q06,current-section,U1-MG03,,,,U1-S3-PF06,mixed,section3_practice_family_06,2,Students will represent forces as vectors and determine the direction and relative size of the net force in one-dimensional and simple two-dimensional situations.,I can explain why force is a vector quantity.,Interpret Data and Representations,short response,constructed response,instructional,60,u1_s3_opposed_9_6.png,original_custom,,Unit 1 Assessment Plan; Course Framework; Conceptual Physics/CK-12/Holt style reference as applicable,
U1-S3-PS1-Q07,AP/SCI,Conceptual Physics,1,3,Practice Set 1,Practice,Q07,current-section,U1-MG03,,,,U1-S3-PF07,routine_procedural_numeric,section3_practice_family_07,2,Students will represent forces as vectors and determine the direction and relative size of the net force in one-dimensional and simple two-dimensional situations.,I can explain why force is a vector quantity.,Mathematical / Computational Thinking,short response,constructed response,instructional,60,,,,Unit 1 Assessment Plan; Course Framework; Conceptual Physics/CK-12/Holt style reference as applicable,
U1-S3-PS1-Q08,AP/SCI,Conceptual Physics,1,3,Practice Set 1,Practice,Q08,current-section,U1-MG03,,,,U1-S3-PF08,mixed,section3_practice_family_08,2,Students will represent forces as vectors and determine the direction and relative size of the net force in one-dimensional and simple two-dimensional situations.,I can explain why force is a vector quantity.,Interpret Data and Representations,multiple choice,selected response,instructional,60,,,,Unit 1 Assessment Plan; Course Framework; Conceptual Physics/CK-12/Holt style reference as applicable,
U1-S3-PS1-Q09,AP/SCI,Conceptual Physics,1,3,Practice Set 1,Practice,Q09,current-section,U1-MG03,,,,U1-S3-PF09,routine_procedural_numeric,section3_practice_family_09,2,Students will represent forces as vectors and determine the direction and relative size of the net force in one-dimensional and simple two-dimensional situations.,I can explain why force is a vector quantity.,Mathematical / Computational Thinking,short response,constructed response,instructional,60,,,,Unit 1 Assessment Plan; Course Framework; Conceptual Physics/CK-12/Holt style reference as applicable,
U1-S3-PS1-Q10,AP/SCI,Conceptual Physics,1,3,Practice Set 1,Practice,Q10,current-section,U1-MG03,,,,U1-S3-PF10,mixed,section3_practice_family_10,2,Students will represent forces as vectors and determine the direction and relative size of the net force in one-dimensional and simple two-dimensional situations.,I can explain why force is a vector quantity.,Scientific Explanation and Argument from Evidence,multiple choice,selected response,instructional,60,,,,Unit 1 Assessment Plan; Course Framework; Conceptual Physics/CK-12/Holt style reference as applicable,
U1-S3-PS1-Q11,AP/SCI,Conceptual Physics,1,3,Practice Set 1,Practice,Q11,current-section,U1-MG03,,,,U1-S3-PF11,mixed,section3_practice_family_11,2,Students will represent forces as vectors and determine the direction and relative size of the net force in one-dimensional and simple two-dimensional situations.,I can explain why force is a vector quantity.,Develop and Use Models,short response,constructed response,instructional,60,,,,Unit 1 Assessment Plan; Course Framework; Conceptual Physics/CK-12/Holt style reference as applicable,
U1-S3-PS1-Q12,AP/SCI,Conceptual Physics,1,3,Practice Set 1,Practice,Q12,current-section,U1-MG03,,,,U1-S3-PF12,routine_procedural_numeric,section3_practice_family_12,2,Students will represent forces as vectors and determine the direction and relative size of the net force in one-dimensional and simple two-dimensional situations.,I can explain why force is a vector quantity.,Mathematical / Computational Thinking,short response,constructed response,instructional,60,,,,Unit 1 Assessment Plan; Course Framework; Conceptual Physics/CK-12/Holt style reference as applicable,
U1-S3-PS1-Q13,AP/SCI,Conceptual Physics,1,3,Practice Set 1,Practice,Q13,current-section,U1-MG03,,,,U1-S3-PF13,mixed,section3_practice_family_13,2,Students will represent forces as vectors and determine the direction and relative size of the net force in one-dimensional and simple two-dimensional situations.,I can explain why force is a vector quantity.,Interpret Data and Representations,multiple choice,selected response,instructional,60,,,,Unit 1 Assessment Plan; Course Framework; Conceptual Physics/CK-12/Holt style reference as applicable,
U1-S3-PS1-Q14,AP/SCI,Conceptual Physics,1,3,Practice Set 1,Practice,Q14,current-section,U1-MG03,,,,U1-S3-PF14,mixed,section3_practice_family_14,2,Students will represent forces as vectors and determine the direction and relative size of the net force in one-dimensional and simple two-dimensional situations.,I can explain why force is a vector quantity.,Mathematical / Computational Thinking,multipart,constructed response,instructional,60,u1_s3_perpendicular_3_4.png,original_custom,,Unit 1 Assessment Plan; Course Framework; Conceptual Physics/CK-12/Holt style reference as applicable,
U1-S3-PS1-Q15,AP/SCI,Conceptual Physics,1,3,Practice Set 1,Practice,Q15,current-section,U1-MG03,,,,U1-S3-PF15,routine_procedural_numeric,section3_practice_family_15,2,Students will represent forces as vectors and determine the direction and relative size of the net force in one-dimensional and simple two-dimensional situations.,I can explain why force is a vector quantity.,Interpret Data and Representations,multiple choice,selected response,instructional,60,,,,Unit 1 Assessment Plan; Course Framework; Conceptual Physics/CK-12/Holt style reference as applicable,
U1-S3-PS1-Q16,AP/SCI,Conceptual Physics,1,3,Practice Set 1,Practice,Q16,current-section,U1-MG03,,,,U1-S3-PF16,mixed,section3_practice_family_16,3,Students will represent forces as vectors and determine the direction and relative size of the net force in one-dimensional and simple two-dimensional situations.,I can explain why force is a vector quantity.,Develop and Use Models,short response,constructed response,instructional,60,,,,Unit 1 Assessment Plan; Course Framework; Conceptual Physics/CK-12/Holt style reference as applicable,
U1-S3-PS1-Q17,AP/SCI,Conceptual Physics,1,3,Practice Set 1,Practice,Q17,current-section,U1-MG03,,,,U1-S3-PF17,routine_procedural_numeric,section3_practice_family_17,2,Students will represent forces as vectors and determine the direction and relative size of the net force in one-dimensional and simple two-dimensional situations.,I can explain why force is a vector quantity.,Mathematical / Computational Thinking,multiple choice,selected response,instructional,60,,,,Unit 1 Assessment Plan; Course Framework; Conceptual Physics/CK-12/Holt style reference as applicable,
U1-S3-PS1-Q18,AP/SCI,Conceptual Physics,1,3,Practice Set 1,Practice,Q18,current-section,U1-MG03,,,,U1-S3-PF18,mixed,section3_practice_family_18,3,Students will represent forces as vectors and determine the direction and relative size of the net force in one-dimensional and simple two-dimensional situations.,I can explain why force is a vector quantity.,Scientific Explanation and Argument from Evidence,multipart,constructed response,instructional,60,,,,Unit 1 Assessment Plan; Course Framework; Conceptual Physics/CK-12/Holt style reference as applicable,
U1-S3-PS2-Q01,AP/SCI,Conceptual Physics,1,3,Practice Set 2,Practice,Q01,current-section,U1-MG03,,,,U1-S3-PF07,routine_procedural_numeric,section3_practice_family_07,2,Students will represent forces as vectors and determine the direction and relative size of the net force in one-dimensional and simple two-dimensional situations.,I can explain why force is a vector quantity.,Mathematical / Computational Thinking,short response,constructed response,instructional,60,,,,Unit 1 Assessment Plan; Course Framework; Conceptual Physics/CK-12/Holt style reference as applicable,
U1-S3-PS2-Q02,AP/SCI,Conceptual Physics,1,3,Practice Set 2,Practice,Q02,current-section,U1-MG03,,,,U1-S3-PF01,routine_procedural_numeric,section3_practice_family_01,2,Students will represent forces as vectors and determine the direction and relative size of the net force in one-dimensional and simple two-dimensional situations.,I can explain why force is a vector quantity.,Mathematical / Computational Thinking,short response,constructed response,instructional,60,,,,Unit 1 Assessment Plan; Course Framework; Conceptual Physics/CK-12/Holt style reference as applicable,
U1-S3-PS2-Q03,AP/SCI,Conceptual Physics,1,3,Practice Set 2,Practice,Q03,current-section,U1-MG03,,,,U1-S3-PF12,routine_procedural_numeric,section3_practice_family_12,2,Students will represent forces as vectors and determine the direction and relative size of the net force in one-dimensional and simple two-dimensional situations.,I can explain why force is a vector quantity.,Mathematical / Computational Thinking,short response,constructed response,instructional,60,,,,Unit 1 Assessment Plan; Course Framework; Conceptual Physics/CK-12/Holt style reference as applicable,
U1-S3-PS2-Q04,AP/SCI,Conceptual Physics,1,3,Practice Set 2,Practice,Q04,current-section,U1-MG03,,,,U1-S3-PF03,context_shift,section3_practice_family_03,2,Students will represent forces as vectors and determine the direction and relative size of the net force in one-dimensional and simple two-dimensional situations.,I can explain why force is a vector quantity.,Develop and Use Models,multiple choice,selected response,instructional,60,,,,Unit 1 Assessment Plan; Course Framework; Conceptual Physics/CK-12/Holt style reference as applicable,
U1-S3-PS2-Q05,AP/SCI,Conceptual Physics,1,3,Practice Set 2,Practice,Q05,current-section,U1-MG03,,,,U1-S3-PF16,context_shift,section3_practice_family_16,3,Students will represent forces as vectors and determine the direction and relative size of the net force in one-dimensional and simple two-dimensional situations.,I can explain why force is a vector quantity.,Develop and Use Models,short response,constructed response,instructional,60,,,,Unit 1 Assessment Plan; Course Framework; Conceptual Physics/CK-12/Holt style reference as applicable,
U1-S3-PS2-Q06,AP/SCI,Conceptual Physics,1,3,Practice Set 2,Practice,Q06,current-section,U1-MG03,,,,U1-S3-PF05,routine_procedural_numeric,section3_practice_family_05,2,Students will represent forces as vectors and determine the direction and relative size of the net force in one-dimensional and simple two-dimensional situations.,I can explain why force is a vector quantity.,Mathematical / Computational Thinking,multiple choice,selected response,instructional,60,,,,Unit 1 Assessment Plan; Course Framework; Conceptual Physics/CK-12/Holt style reference as applicable,
U1-S3-PS2-Q07,AP/SCI,Conceptual Physics,1,3,Practice Set 2,Practice,Q07,current-section,U1-MG03,,,,U1-S3-PF09,routine_procedural_numeric,section3_practice_family_09,2,Students will represent forces as vectors and determine the direction and relative size of the net force in one-dimensional and simple two-dimensional situations.,I can explain why force is a vector quantity.,Mathematical / Computational Thinking,short response,constructed response,instructional,60,,,,Unit 1 Assessment Plan; Course Framework; Conceptual Physics/CK-12/Holt style reference as applicable,
U1-S3-PS2-Q08,AP/SCI,Conceptual Physics,1,3,Practice Set 2,Practice,Q08,current-section,U1-MG03,,,,U1-S3-PF02,routine_procedural_numeric,section3_practice_family_02,2,Students will represent forces as vectors and determine the direction and relative size of the net force in one-dimensional and simple two-dimensional situations.,I can explain why force is a vector quantity.,Mathematical / Computational Thinking,short response,constructed response,instructional,60,,,,Unit 1 Assessment Plan; Course Framework; Conceptual Physics/CK-12/Holt style reference as applicable,
U1-S3-PS2-Q09,AP/SCI,Conceptual Physics,1,3,Practice Set 2,Practice,Q09,current-section,U1-MG03,,,,U1-S3-PF14,context_shift,section3_practice_family_14,2,Students will represent forces as vectors and determine the direction and relative size of the net force in one-dimensional and simple two-dimensional situations.,I can explain why force is a vector quantity.,Mathematical / Computational Thinking,multipart,constructed response,instructional,60,u1_s3_perpendicular_3_4.png,original_custom,,Unit 1 Assessment Plan; Course Framework; Conceptual Physics/CK-12/Holt style reference as applicable,
U1-S3-PS2-Q10,AP/SCI,Conceptual Physics,1,3,Practice Set 2,Practice,Q10,current-section,U1-MG03,,,,U1-S3-PF08,context_shift,section3_practice_family_08,2,Students will represent forces as vectors and determine the direction and relative size of the net force in one-dimensional and simple two-dimensional situations.,I can explain why force is a vector quantity.,Interpret Data and Representations,multiple choice,selected response,instructional,60,,,,Unit 1 Assessment Plan; Course Framework; Conceptual Physics/CK-12/Holt style reference as applicable,
U1-S3-PS2-Q11,AP/SCI,Conceptual Physics,1,3,Practice Set 2,Practice,Q11,current-section,U1-MG03,,,,U1-S3-PF18,context_shift,section3_practice_family_18,3,Students will represent forces as vectors and determine the direction and relative size of the net force in one-dimensional and simple two-dimensional situations.,I can explain why force is a vector quantity.,Scientific Explanation and Argument from Evidence,multipart,constructed response,instructional,60,,,,Unit 1 Assessment Plan; Course Framework; Conceptual Physics/CK-12/Holt style reference as applicable,
U1-S3-PS2-Q12,AP/SCI,Conceptual Physics,1,3,Practice Set 2,Practice,Q12,current-section,U1-MG03,,,,U1-S3-PF04,context_shift,section3_practice_family_04,2,Students will represent forces as vectors and determine the direction and relative size of the net force in one-dimensional and simple two-dimensional situations.,I can explain why force is a vector quantity.,Interpret Data and Representations,multiple choice,selected response,instructional,60,,,,Unit 1 Assessment Plan; Course Framework; Conceptual Physics/CK-12/Holt style reference as applicable,
U1-S3-PS2-Q13,AP/SCI,Conceptual Physics,1,3,Practice Set 2,Practice,Q13,current-section,U1-MG03,,,,U1-S3-PF11,context_shift,section3_practice_family_11,2,Students will represent forces as vectors and determine the direction and relative size of the net force in one-dimensional and simple two-dimensional situations.,I can explain why force is a vector quantity.,Develop and Use Models,short response,constructed response,instructional,60,,,,Unit 1 Assessment Plan; Course Framework; Conceptual Physics/CK-12/Holt style reference as applicable,
U1-S3-PS2-Q14,AP/SCI,Conceptual Physics,1,3,Practice Set 2,Practice,Q14,current-section,U1-MG03,,,,U1-S3-PF06,context_shift,section3_practice_family_06,2,Students will represent forces as vectors and determine the direction and relative size of the net force in one-dimensional and simple two-dimensional situations.,I can explain why force is a vector quantity.,Interpret Data and Representations,short response,constructed response,instructional,60,u1_s3_opposed_9_6.png,original_custom,,Unit 1 Assessment Plan; Course Framework; Conceptual Physics/CK-12/Holt style reference as applicable,
U1-S3-PS2-Q15,AP/SCI,Conceptual Physics,1,3,Practice Set 2,Practice,Q15,current-section,U1-MG03,,,,U1-S3-PF15,routine_procedural_numeric,section3_practice_family_15,2,Students will represent forces as vectors and determine the direction and relative size of the net force in one-dimensional and simple two-dimensional situations.,I can explain why force is a vector quantity.,Interpret Data and Representations,multiple choice,selected response,instructional,60,,,,Unit 1 Assessment Plan; Course Framework; Conceptual Physics/CK-12/Holt style reference as applicable,
U1-S3-PS2-Q16,AP/SCI,Conceptual Physics,1,3,Practice Set 2,Practice,Q16,current-section,U1-MG03,,,,U1-S3-PF10,context_shift,section3_practice_family_10,2,Students will represent forces as vectors and determine the direction and relative size of the net force in one-dimensional and simple two-dimensional situations.,I can explain why force is a vector quantity.,Scientific Explanation and Argument from Evidence,multiple choice,selected response,instructional,60,,,,Unit 1 Assessment Plan; Course Framework; Conceptual Physics/CK-12/Holt style reference as applicable,
U1-S3-PS2-Q17,AP/SCI,Conceptual Physics,1,3,Practice Set 2,Practice,Q17,current-section,U1-MG03,,,,U1-S3-PF13,context_shift,section3_practice_family_13,2,Students will represent forces as vectors and determine the direction and relative size of the net force in one-dimensional and simple two-dimensional situations.,I can explain why force is a vector quantity.,Interpret Data and Representations,multiple choice,selected response,instructional,60,,,,Unit 1 Assessment Plan; Course Framework; Conceptual Physics/CK-12/Holt style reference as applicable,
U1-S3-PS2-Q18,AP/SCI,Conceptual Physics,1,3,Practice Set 2,Practice,Q18,current-section,U1-MG03,,,,U1-S3-PF17,context_shift,section3_practice_family_17,2,Students will represent forces as vectors and determine the direction and relative size of the net force in one-dimensional and simple two-dimensional situations.,I can explain why force is a vector quantity.,Mathematical / Computational Thinking,multiple choice,selected response,instructional,60,,,,Unit 1 Assessment Plan; Course Framework; Conceptual Physics/CK-12/Holt style reference as applicable,
U1-S3-PS3-Q01,AP/SCI,Conceptual Physics,1,3,Practice Set 3,Practice,Q01,current-section,U1-MG03,,,,U1-S3-PF04,reasoning_shift,section3_practice_family_04,2,Students will represent forces as vectors and determine the direction and relative size of the net force in one-dimensional and simple two-dimensional situations.,I can explain why force is a vector quantity.,Interpret Data and Representations,multiple choice,selected response,instructional,60,,,,Unit 1 Assessment Plan; Course Framework; Conceptual Physics/CK-12/Holt style reference as applicable,
U1-S3-PS3-Q02,AP/SCI,Conceptual Physics,1,3,Practice Set 3,Practice,Q02,current-section,U1-MG03,,,,U1-S3-PF10,reasoning_shift,section3_practice_family_10,2,Students will represent forces as vectors and determine the direction and relative size of the net force in one-dimensional and simple two-dimensional situations.,I can explain why force is a vector quantity.,Scientific Explanation and Argument from Evidence,multiple choice,selected response,instructional,60,,,,Unit 1 Assessment Plan; Course Framework; Conceptual Physics/CK-12/Holt style reference as applicable,
U1-S3-PS3-Q03,AP/SCI,Conceptual Physics,1,3,Practice Set 3,Practice,Q03,current-section,U1-MG03,,,,U1-S3-PF02,routine_procedural_numeric,section3_practice_family_02,2,Students will represent forces as vectors and determine the direction and relative size of the net force in one-dimensional and simple two-dimensional situations.,I can explain why force is a vector quantity.,Mathematical / Computational Thinking,short response,constructed response,instructional,60,,,,Unit 1 Assessment Plan; Course Framework; Conceptual Physics/CK-12/Holt style reference as applicable,
U1-S3-PS3-Q04,AP/SCI,Conceptual Physics,1,3,Practice Set 3,Practice,Q04,current-section,U1-MG03,,,,U1-S3-PF15,routine_procedural_numeric,section3_practice_family_15,2,Students will represent forces as vectors and determine the direction and relative size of the net force in one-dimensional and simple two-dimensional situations.,I can explain why force is a vector quantity.,Interpret Data and Representations,multiple choice,selected response,instructional,60,,,,Unit 1 Assessment Plan; Course Framework; Conceptual Physics/CK-12/Holt style reference as applicable,
U1-S3-PS3-Q05,AP/SCI,Conceptual Physics,1,3,Practice Set 3,Practice,Q05,current-section,U1-MG03,,,,U1-S3-PF06,reasoning_shift,section3_practice_family_06,2,Students will represent forces as vectors and determine the direction and relative size of the net force in one-dimensional and simple two-dimensional situations.,I can explain why force is a vector quantity.,Interpret Data and Representations,short response,constructed response,instructional,60,u1_s3_opposed_9_6.png,original_custom,,Unit 1 Assessment Plan; Course Framework; Conceptual Physics/CK-12/Holt style reference as applicable,
U1-S3-PS3-Q06,AP/SCI,Conceptual Physics,1,3,Practice Set 3,Practice,Q06,current-section,U1-MG03,,,,U1-S3-PF13,reasoning_shift,section3_practice_family_13,2,Students will represent forces as vectors and determine the direction and relative size of the net force in one-dimensional and simple two-dimensional situations.,I can explain why force is a vector quantity.,Interpret Data and Representations,multiple choice,selected response,instructional,60,,,,Unit 1 Assessment Plan; Course Framework; Conceptual Physics/CK-12/Holt style reference as applicable,
U1-S3-PS3-Q07,AP/SCI,Conceptual Physics,1,3,Practice Set 3,Practice,Q07,current-section,U1-MG03,,,,U1-S3-PF01,routine_procedural_numeric,section3_practice_family_01,2,Students will represent forces as vectors and determine the direction and relative size of the net force in one-dimensional and simple two-dimensional situations.,I can explain why force is a vector quantity.,Mathematical / Computational Thinking,short response,constructed response,instructional,60,,,,Unit 1 Assessment Plan; Course Framework; Conceptual Physics/CK-12/Holt style reference as applicable,
U1-S3-PS3-Q08,AP/SCI,Conceptual Physics,1,3,Practice Set 3,Practice,Q08,current-section,U1-MG03,,,,U1-S3-PF17,reasoning_shift,section3_practice_family_17,2,Students will represent forces as vectors and determine the direction and relative size of the net force in one-dimensional and simple two-dimensional situations.,I can explain why force is a vector quantity.,Mathematical / Computational Thinking,multiple choice,selected response,instructional,60,,,,Unit 1 Assessment Plan; Course Framework; Conceptual Physics/CK-12/Holt style reference as applicable,
U1-S3-PS3-Q09,AP/SCI,Conceptual Physics,1,3,Practice Set 3,Practice,Q09,current-section,U1-MG03,,,,U1-S3-PF08,reasoning_shift,section3_practice_family_08,2,Students will represent forces as vectors and determine the direction and relative size of the net force in one-dimensional and simple two-dimensional situations.,I can explain why force is a vector quantity.,Interpret Data and Representations,multiple choice,selected response,instructional,60,,,,Unit 1 Assessment Plan; Course Framework; Conceptual Physics/CK-12/Holt style reference as applicable,
U1-S3-PS3-Q10,AP/SCI,Conceptual Physics,1,3,Practice Set 3,Practice,Q10,current-section,U1-MG03,,,,U1-S3-PF12,routine_procedural_numeric,section3_practice_family_12,2,Students will represent forces as vectors and determine the direction and relative size of the net force in one-dimensional and simple two-dimensional situations.,I can explain why force is a vector quantity.,Mathematical / Computational Thinking,short response,constructed response,instructional,60,,,,Unit 1 Assessment Plan; Course Framework; Conceptual Physics/CK-12/Holt style reference as applicable,
U1-S3-PS3-Q11,AP/SCI,Conceptual Physics,1,3,Practice Set 3,Practice,Q11,current-section,U1-MG03,,,,U1-S3-PF05,routine_procedural_numeric,section3_practice_family_05,2,Students will represent forces as vectors and determine the direction and relative size of the net force in one-dimensional and simple two-dimensional situations.,I can explain why force is a vector quantity.,Mathematical / Computational Thinking,multiple choice,selected response,instructional,60,,,,Unit 1 Assessment Plan; Course Framework; Conceptual Physics/CK-12/Holt style reference as applicable,
U1-S3-PS3-Q12,AP/SCI,Conceptual Physics,1,3,Practice Set 3,Practice,Q12,current-section,U1-MG03,,,,U1-S3-PF18,reasoning_shift,section3_practice_family_18,3,Students will represent forces as vectors and determine the direction and relative size of the net force in one-dimensional and simple two-dimensional situations.,I can explain why force is a vector quantity.,Scientific Explanation and Argument from Evidence,multipart,constructed response,instructional,60,,,,Unit 1 Assessment Plan; Course Framework; Conceptual Physics/CK-12/Holt style reference as applicable,
U1-S3-PS3-Q13,AP/SCI,Conceptual Physics,1,3,Practice Set 3,Practice,Q13,current-section,U1-MG03,,,,U1-S3-PF03,reasoning_shift,section3_practice_family_03,2,Students will represent forces as vectors and determine the direction and relative size of the net force in one-dimensional and simple two-dimensional situations.,I can explain why force is a vector quantity.,Develop and Use Models,multiple choice,selected response,instructional,60,,,,Unit 1 Assessment Plan; Course Framework; Conceptual Physics/CK-12/Holt style reference as applicable,
U1-S3-PS3-Q14,AP/SCI,Conceptual Physics,1,3,Practice Set 3,Practice,Q14,current-section,U1-MG03,,,,U1-S3-PF09,routine_procedural_numeric,section3_practice_family_09,2,Students will represent forces as vectors and determine the direction and relative size of the net force in one-dimensional and simple two-dimensional situations.,I can explain why force is a vector quantity.,Mathematical / Computational Thinking,short response,constructed response,instructional,60,,,,Unit 1 Assessment Plan; Course Framework; Conceptual Physics/CK-12/Holt style reference as applicable,
U1-S3-PS3-Q15,AP/SCI,Conceptual Physics,1,3,Practice Set 3,Practice,Q15,current-section,U1-MG03,,,,U1-S3-PF14,reasoning_shift,section3_practice_family_14,2,Students will represent forces as vectors and determine the direction and relative size of the net force in one-dimensional and simple two-dimensional situations.,I can explain why force is a vector quantity.,Mathematical / Computational Thinking,multipart,constructed response,instructional,60,u1_s3_perpendicular_3_4.png,original_custom,,Unit 1 Assessment Plan; Course Framework; Conceptual Physics/CK-12/Holt style reference as applicable,
U1-S3-PS3-Q16,AP/SCI,Conceptual Physics,1,3,Practice Set 3,Practice,Q16,current-section,U1-MG03,,,,U1-S3-PF07,routine_procedural_numeric,section3_practice_family_07,2,Students will represent forces as vectors and determine the direction and relative size of the net force in one-dimensional and simple two-dimensional situations.,I can explain why force is a vector quantity.,Mathematical / Computational Thinking,short response,constructed response,instructional,60,,,,Unit 1 Assessment Plan; Course Framework; Conceptual Physics/CK-12/Holt style reference as applicable,
U1-S3-PS3-Q17,AP/SCI,Conceptual Physics,1,3,Practice Set 3,Practice,Q17,current-section,U1-MG03,,,,U1-S3-PF16,reasoning_shift,section3_practice_family_16,3,Students will represent forces as vectors and determine the direction and relative size of the net force in one-dimensional and simple two-dimensional situations.,I can explain why force is a vector quantity.,Develop and Use Models,short response,constructed response,instructional,60,,,,Unit 1 Assessment Plan; Course Framework; Conceptual Physics/CK-12/Holt style reference as applicable,
U1-S3-PS3-Q18,AP/SCI,Conceptual Physics,1,3,Practice Set 3,Practice,Q18,current-section,U1-MG03,,,,U1-S3-PF11,reasoning_shift,section3_practice_family_11,2,Students will represent forces as vectors and determine the direction and relative size of the net force in one-dimensional and simple two-dimensional situations.,I can explain why force is a vector quantity.,Develop and Use Models,short response,constructed response,instructional,60,,,,Unit 1 Assessment Plan; Course Framework; Conceptual Physics/CK-12/Holt style reference as applicable,
U1-S3-XP-Q01,AP/SCI,Conceptual Physics,1,3,Extra Practice,Practice,Q01,current-section,U1-MG03,,,,U1-S3-PF11,context_shift,section3_practice_family_11,2,Students will represent forces as vectors and determine the direction and relative size of the net force in one-dimensional and simple two-dimensional situations.,I can explain why force is a vector quantity.,Develop and Use Models,short response,constructed response,instructional,60,,,,Unit 1 Assessment Plan; Course Framework; Conceptual Physics/CK-12/Holt style reference as applicable,
U1-S3-XP-Q02,AP/SCI,Conceptual Physics,1,3,Extra Practice,Practice,Q02,current-section,U1-MG03,,,,U1-S3-PF05,routine_procedural_numeric,section3_practice_family_05,2,Students will represent forces as vectors and determine the direction and relative size of the net force in one-dimensional and simple two-dimensional situations.,I can explain why force is a vector quantity.,Mathematical / Computational Thinking,multiple choice,selected response,instructional,60,,,,Unit 1 Assessment Plan; Course Framework; Conceptual Physics/CK-12/Holt style reference as applicable,
U1-S3-XP-Q03,AP/SCI,Conceptual Physics,1,3,Extra Practice,Practice,Q03,current-section,U1-MG03,,,,U1-S3-PF16,context_shift,section3_practice_family_16,3,Students will represent forces as vectors and determine the direction and relative size of the net force in one-dimensional and simple two-dimensional situations.,I can explain why force is a vector quantity.,Develop and Use Models,short response,constructed response,instructional,60,,,,Unit 1 Assessment Plan; Course Framework; Conceptual Physics/CK-12/Holt style reference as applicable,
U1-S3-XP-Q04,AP/SCI,Conceptual Physics,1,3,Extra Practice,Practice,Q04,current-section,U1-MG03,,,,U1-S3-PF08,context_shift,section3_practice_family_08,2,Students will represent forces as vectors and determine the direction and relative size of the net force in one-dimensional and simple two-dimensional situations.,I can explain why force is a vector quantity.,Interpret Data and Representations,multiple choice,selected response,instructional,60,,,,Unit 1 Assessment Plan; Course Framework; Conceptual Physics/CK-12/Holt style reference as applicable,
U1-S3-XP-Q05,AP/SCI,Conceptual Physics,1,3,Extra Practice,Practice,Q05,current-section,U1-MG03,,,,U1-S3-PF02,routine_procedural_numeric,section3_practice_family_02,2,Students will represent forces as vectors and determine the direction and relative size of the net force in one-dimensional and simple two-dimensional situations.,I can explain why force is a vector quantity.,Mathematical / Computational Thinking,short response,constructed response,instructional,60,,,,Unit 1 Assessment Plan; Course Framework; Conceptual Physics/CK-12/Holt style reference as applicable,
U1-S3-XP-Q06,AP/SCI,Conceptual Physics,1,3,Extra Practice,Practice,Q06,current-section,U1-MG03,,,,U1-S3-PF18,context_shift,section3_practice_family_18,3,Students will represent forces as vectors and determine the direction and relative size of the net force in one-dimensional and simple two-dimensional situations.,I can explain why force is a vector quantity.,Scientific Explanation and Argument from Evidence,multipart,constructed response,instructional,60,,,,Unit 1 Assessment Plan; Course Framework; Conceptual Physics/CK-12/Holt style reference as applicable,
U1-S3-XP-Q07,AP/SCI,Conceptual Physics,1,3,Extra Practice,Practice,Q07,current-section,U1-MG03,,,,U1-S3-PF13,context_shift,section3_practice_family_13,2,Students will represent forces as vectors and determine the direction and relative size of the net force in one-dimensional and simple two-dimensional situations.,I can explain why force is a vector quantity.,Interpret Data and Representations,multiple choice,selected response,instructional,60,,,,Unit 1 Assessment Plan; Course Framework; Conceptual Physics/CK-12/Holt style reference as applicable,
U1-S3-XP-Q08,AP/SCI,Conceptual Physics,1,3,Extra Practice,Practice,Q08,current-section,U1-MG03,,,,U1-S3-PF06,context_shift,section3_practice_family_06,2,Students will represent forces as vectors and determine the direction and relative size of the net force in one-dimensional and simple two-dimensional situations.,I can explain why force is a vector quantity.,Interpret Data and Representations,short response,constructed response,instructional,60,u1_s3_opposed_9_6.png,original_custom,,Unit 1 Assessment Plan; Course Framework; Conceptual Physics/CK-12/Holt style reference as applicable,
U1-S3-XP-Q09,AP/SCI,Conceptual Physics,1,3,Extra Practice,Practice,Q09,current-section,U1-MG03,,,,U1-S3-PF01,routine_procedural_numeric,section3_practice_family_01,2,Students will represent forces as vectors and determine the direction and relative size of the net force in one-dimensional and simple two-dimensional situations.,I can explain why force is a vector quantity.,Mathematical / Computational Thinking,short response,constructed response,instructional,60,,,,Unit 1 Assessment Plan; Course Framework; Conceptual Physics/CK-12/Holt style reference as applicable,
U1-S3-XP-Q10,AP/SCI,Conceptual Physics,1,3,Extra Practice,Practice,Q10,current-section,U1-MG03,,,,U1-S3-PF14,context_shift,section3_practice_family_14,2,Students will represent forces as vectors and determine the direction and relative size of the net force in one-dimensional and simple two-dimensional situations.,I can explain why force is a vector quantity.,Mathematical / Computational Thinking,multipart,constructed response,instructional,60,u1_s3_perpendicular_3_4.png,original_custom,,Unit 1 Assessment Plan; Course Framework; Conceptual Physics/CK-12/Holt style reference as applicable,
U1-S3-XP-Q11,AP/SCI,Conceptual Physics,1,3,Extra Practice,Practice,Q11,current-section,U1-MG03,,,,U1-S3-PF09,routine_procedural_numeric,section3_practice_family_09,2,Students will represent forces as vectors and determine the direction and relative size of the net force in one-dimensional and simple two-dimensional situations.,I can explain why force is a vector quantity.,Mathematical / Computational Thinking,short response,constructed response,instructional,60,,,,Unit 1 Assessment Plan; Course Framework; Conceptual Physics/CK-12/Holt style reference as applicable,
U1-S3-XP-Q12,AP/SCI,Conceptual Physics,1,3,Extra Practice,Practice,Q12,current-section,U1-MG03,,,,U1-S3-PF17,context_shift,section3_practice_family_17,2,Students will represent forces as vectors and determine the direction and relative size of the net force in one-dimensional and simple two-dimensional situations.,I can explain why force is a vector quantity.,Mathematical / Computational Thinking,multiple choice,selected response,instructional,60,,,,Unit 1 Assessment Plan; Course Framework; Conceptual Physics/CK-12/Holt style reference as applicable,
U1-S3-XP-Q13,AP/SCI,Conceptual Physics,1,3,Extra Practice,Practice,Q13,current-section,U1-MG03,,,,U1-S3-PF04,context_shift,section3_practice_family_04,2,Students will represent forces as vectors and determine the direction and relative size of the net force in one-dimensional and simple two-dimensional situations.,I can explain why force is a vector quantity.,Interpret Data and Representations,multiple choice,selected response,instructional,60,,,,Unit 1 Assessment Plan; Course Framework; Conceptual Physics/CK-12/Holt style reference as applicable,
U1-S3-XP-Q14,AP/SCI,Conceptual Physics,1,3,Extra Practice,Practice,Q14,current-section,U1-MG03,,,,U1-S3-PF12,routine_procedural_numeric,section3_practice_family_12,2,Students will represent forces as vectors and determine the direction and relative size of the net force in one-dimensional and simple two-dimensional situations.,I can explain why force is a vector quantity.,Mathematical / Computational Thinking,short response,constructed response,instructional,60,,,,Unit 1 Assessment Plan; Course Framework; Conceptual Physics/CK-12/Holt style reference as applicable,
U1-S3-XP-Q15,AP/SCI,Conceptual Physics,1,3,Extra Practice,Practice,Q15,current-section,U1-MG03,,,,U1-S3-PF07,routine_procedural_numeric,section3_practice_family_07,2,Students will represent forces as vectors and determine the direction and relative size of the net force in one-dimensional and simple two-dimensional situations.,I can explain why force is a vector quantity.,Mathematical / Computational Thinking,short response,constructed response,instructional,60,,,,Unit 1 Assessment Plan; Course Framework; Conceptual Physics/CK-12/Holt style reference as applicable,
U1-S3-XP-Q16,AP/SCI,Conceptual Physics,1,3,Extra Practice,Practice,Q16,current-section,U1-MG03,,,,U1-S3-PF15,routine_procedural_numeric,section3_practice_family_15,2,Students will represent forces as vectors and determine the direction and relative size of the net force in one-dimensional and simple two-dimensional situations.,I can explain why force is a vector quantity.,Interpret Data and Representations,multiple choice,selected response,instructional,60,,,,Unit 1 Assessment Plan; Course Framework; Conceptual Physics/CK-12/Holt style reference as applicable,
U1-S3-XP-Q17,AP/SCI,Conceptual Physics,1,3,Extra Practice,Practice,Q17,current-section,U1-MG03,,,,U1-S3-PF03,context_shift,section3_practice_family_03,2,Students will represent forces as vectors and determine the direction and relative size of the net force in one-dimensional and simple two-dimensional situations.,I can explain why force is a vector quantity.,Develop and Use Models,multiple choice,selected response,instructional,60,,,,Unit 1 Assessment Plan; Course Framework; Conceptual Physics/CK-12/Holt style reference as applicable,
U1-S3-XP-Q18,AP/SCI,Conceptual Physics,1,3,Extra Practice,Practice,Q18,current-section,U1-MG03,,,,U1-S3-PF10,context_shift,section3_practice_family_10,2,Students will represent forces as vectors and determine the direction and relative size of the net force in one-dimensional and simple two-dimensional situations.,I can explain why force is a vector quantity.,Scientific Explanation and Argument from Evidence,multiple choice,selected response,instructional,60,,,,Unit 1 Assessment Plan; Course Framework; Conceptual Physics/CK-12/Holt style reference as applicable,
U1-S4-PS1-Q01,AP/SCI,Conceptual Physics,1,4,Practice Set 1,Practice,Q01,current-section,U1-MG02|U1-MG03,,,,U1-S4-PF01,mixed,section4_practice_family_01,2,Students will determine whether an object is in mechanical equilibrium and explain how balanced forces relate to rest or constant straight-line motion.,I can recognize static equilibrium and dynamic equilibrium.,Interpret Data and Representations,multiple choice,selected response,instructional,60,,,,Unit 1 Assessment Plan; Course Framework; Conceptual Physics/CK-12/Holt style reference as applicable,
U1-S4-PS1-Q02,AP/SCI,Conceptual Physics,1,4,Practice Set 1,Practice,Q02,current-section,U1-MG02|U1-MG03,,,,U1-S4-PF02,mixed,section4_practice_family_02,2,Students will determine whether an object is in mechanical equilibrium and explain how balanced forces relate to rest or constant straight-line motion.,I can recognize static equilibrium and dynamic equilibrium.,Interpret Data and Representations,multiple choice,selected response,instructional,60,,,,Unit 1 Assessment Plan; Course Framework; Conceptual Physics/CK-12/Holt style reference as applicable,
U1-S4-PS1-Q03,AP/SCI,Conceptual Physics,1,4,Practice Set 1,Practice,Q03,current-section,U1-MG02|U1-MG03,,,,U1-S4-PF03,mixed,section4_practice_family_03,2,Students will determine whether an object is in mechanical equilibrium and explain how balanced forces relate to rest or constant straight-line motion.,I can recognize static equilibrium and dynamic equilibrium.,Mathematical / Computational Thinking,short response,constructed response,instructional,60,,,,Unit 1 Assessment Plan; Course Framework; Conceptual Physics/CK-12/Holt style reference as applicable,
U1-S4-PS1-Q04,AP/SCI,Conceptual Physics,1,4,Practice Set 1,Practice,Q04,current-section,U1-MG02|U1-MG03,,,,U1-S4-PF04,mixed,section4_practice_family_04,2,Students will determine whether an object is in mechanical equilibrium and explain how balanced forces relate to rest or constant straight-line motion.,I can recognize static equilibrium and dynamic equilibrium.,Mathematical / Computational Thinking,short response,constructed response,instructional,60,,,,Unit 1 Assessment Plan; Course Framework; Conceptual Physics/CK-12/Holt style reference as applicable,
U1-S4-PS1-Q05,AP/SCI,Conceptual Physics,1,4,Practice Set 1,Practice,Q05,current-section,U1-MG02|U1-MG03,,,,U1-S4-PF05,routine_procedural_numeric,section4_practice_family_05,2,Students will determine whether an object is in mechanical equilibrium and explain how balanced forces relate to rest or constant straight-line motion.,I can recognize static equilibrium and dynamic equilibrium.,Scientific Explanation and Argument from Evidence,multiple choice,selected response,instructional,60,,,,Unit 1 Assessment Plan; Course Framework; Conceptual Physics/CK-12/Holt style reference as applicable,
U1-S4-PS1-Q06,AP/SCI,Conceptual Physics,1,4,Practice Set 1,Practice,Q06,current-section,U1-MG02|U1-MG03,,,,U1-S4-PF06,mixed,section4_practice_family_06,2,Students will determine whether an object is in mechanical equilibrium and explain how balanced forces relate to rest or constant straight-line motion.,I can recognize static equilibrium and dynamic equilibrium.,Scientific Explanation and Argument from Evidence,multiple choice,selected response,instructional,60,,,,Unit 1 Assessment Plan; Course Framework; Conceptual Physics/CK-12/Holt style reference as applicable,
U1-S4-PS1-Q07,AP/SCI,Conceptual Physics,1,4,Practice Set 1,Practice,Q07,current-section,U1-MG02|U1-MG03,,,,U1-S4-PF07,mixed,section4_practice_family_07,2,Students will determine whether an object is in mechanical equilibrium and explain how balanced forces relate to rest or constant straight-line motion.,I can recognize static equilibrium and dynamic equilibrium.,Interpret Data and Representations,short response,constructed response,instructional,60,u1_s4_dynamic_equilibrium.png,original_custom,,Unit 1 Assessment Plan; Course Framework; Conceptual Physics/CK-12/Holt style reference as applicable,
U1-S4-PS1-Q08,AP/SCI,Conceptual Physics,1,4,Practice Set 1,Practice,Q08,current-section,U1-MG02|U1-MG03,,,,U1-S4-PF08,mixed,section4_practice_family_08,2,Students will determine whether an object is in mechanical equilibrium and explain how balanced forces relate to rest or constant straight-line motion.,I can recognize static equilibrium and dynamic equilibrium.,Mathematical / Computational Thinking,short response,constructed response,instructional,60,,,,Unit 1 Assessment Plan; Course Framework; Conceptual Physics/CK-12/Holt style reference as applicable,
U1-S4-PS1-Q09,AP/SCI,Conceptual Physics,1,4,Practice Set 1,Practice,Q09,current-section,U1-MG02|U1-MG03,,,,U1-S4-PF09,routine_procedural_numeric,section4_practice_family_09,2,Students will determine whether an object is in mechanical equilibrium and explain how balanced forces relate to rest or constant straight-line motion.,I can recognize static equilibrium and dynamic equilibrium.,Develop and Use Models,multiple choice,selected response,instructional,60,,,,Unit 1 Assessment Plan; Course Framework; Conceptual Physics/CK-12/Holt style reference as applicable,
U1-S4-PS1-Q10,AP/SCI,Conceptual Physics,1,4,Practice Set 1,Practice,Q10,current-section,U1-MG02|U1-MG03,,,,U1-S4-PF10,mixed,section4_practice_family_10,2,Students will determine whether an object is in mechanical equilibrium and explain how balanced forces relate to rest or constant straight-line motion.,I can recognize static equilibrium and dynamic equilibrium.,Scientific Explanation and Argument from Evidence,short response,constructed response,instructional,60,,,,Unit 1 Assessment Plan; Course Framework; Conceptual Physics/CK-12/Holt style reference as applicable,
U1-S4-PS1-Q11,AP/SCI,Conceptual Physics,1,4,Practice Set 1,Practice,Q11,current-section,U1-MG02|U1-MG03,,,,U1-S4-PF11,routine_procedural_numeric,section4_practice_family_11,2,Students will determine whether an object is in mechanical equilibrium and explain how balanced forces relate to rest or constant straight-line motion.,I can recognize static equilibrium and dynamic equilibrium.,Mathematical / Computational Thinking,multiple choice,selected response,instructional,60,,,,Unit 1 Assessment Plan; Course Framework; Conceptual Physics/CK-12/Holt style reference as applicable,
U1-S4-PS1-Q12,AP/SCI,Conceptual Physics,1,4,Practice Set 1,Practice,Q12,current-section,U1-MG02|U1-MG03,,,,U1-S4-PF12,routine_procedural_numeric,section4_practice_family_12,2,Students will determine whether an object is in mechanical equilibrium and explain how balanced forces relate to rest or constant straight-line motion.,I can recognize static equilibrium and dynamic equilibrium.,Scientific Explanation and Argument from Evidence,short response,constructed response,instructional,60,,,,Unit 1 Assessment Plan; Course Framework; Conceptual Physics/CK-12/Holt style reference as applicable,
U1-S4-PS1-Q13,AP/SCI,Conceptual Physics,1,4,Practice Set 1,Practice,Q13,current-section,U1-MG02|U1-MG03,,,,U1-S4-PF13,mixed,section4_practice_family_13,2,Students will determine whether an object is in mechanical equilibrium and explain how balanced forces relate to rest or constant straight-line motion.,I can recognize static equilibrium and dynamic equilibrium.,Develop and Use Models,multiple choice,selected response,instructional,60,,,,Unit 1 Assessment Plan; Course Framework; Conceptual Physics/CK-12/Holt style reference as applicable,
U1-S4-PS1-Q14,AP/SCI,Conceptual Physics,1,4,Practice Set 1,Practice,Q14,current-section,U1-MG02|U1-MG03,,,,U1-S4-PF14,routine_procedural_numeric,section4_practice_family_14,2,Students will determine whether an object is in mechanical equilibrium and explain how balanced forces relate to rest or constant straight-line motion.,I can recognize static equilibrium and dynamic equilibrium.,Mathematical / Computational Thinking,short response,constructed response,instructional,60,,,,Unit 1 Assessment Plan; Course Framework; Conceptual Physics/CK-12/Holt style reference as applicable,
U1-S4-PS1-Q15,AP/SCI,Conceptual Physics,1,4,Practice Set 1,Practice,Q15,current-section,U1-MG02|U1-MG03,,,,U1-S4-PF15,mixed,section4_practice_family_15,2,Students will determine whether an object is in mechanical equilibrium and explain how balanced forces relate to rest or constant straight-line motion.,I can recognize static equilibrium and dynamic equilibrium.,Interpret Data and Representations,multiple choice,selected response,instructional,60,,,,Unit 1 Assessment Plan; Course Framework; Conceptual Physics/CK-12/Holt style reference as applicable,
U1-S4-PS1-Q16,AP/SCI,Conceptual Physics,1,4,Practice Set 1,Practice,Q16,current-section,U1-MG02|U1-MG03,,,,U1-S4-PF16,mixed,section4_practice_family_16,3,Students will determine whether an object is in mechanical equilibrium and explain how balanced forces relate to rest or constant straight-line motion.,I can recognize static equilibrium and dynamic equilibrium.,Scientific Explanation and Argument from Evidence,multipart,constructed response,instructional,60,,,,Unit 1 Assessment Plan; Course Framework; Conceptual Physics/CK-12/Holt style reference as applicable,
U1-S4-PS1-Q17,AP/SCI,Conceptual Physics,1,4,Practice Set 1,Practice,Q17,current-section,U1-MG02|U1-MG03,,,,U1-S4-PF17,mixed,section4_practice_family_17,2,Students will determine whether an object is in mechanical equilibrium and explain how balanced forces relate to rest or constant straight-line motion.,I can recognize static equilibrium and dynamic equilibrium.,Develop and Use Models,short response,constructed response,instructional,60,,,,Unit 1 Assessment Plan; Course Framework; Conceptual Physics/CK-12/Holt style reference as applicable,
U1-S4-PS1-Q18,AP/SCI,Conceptual Physics,1,4,Practice Set 1,Practice,Q18,current-section,U1-MG02|U1-MG03,,,,U1-S4-PF18,mixed,section4_practice_family_18,3,Students will determine whether an object is in mechanical equilibrium and explain how balanced forces relate to rest or constant straight-line motion.,I can recognize static equilibrium and dynamic equilibrium.,Scientific Explanation and Argument from Evidence,multipart,constructed response,instructional,60,,,,Unit 1 Assessment Plan; Course Framework; Conceptual Physics/CK-12/Holt style reference as applicable,
U1-S4-PS2-Q01,AP/SCI,Conceptual Physics,1,4,Practice Set 2,Practice,Q01,current-section,U1-MG02|U1-MG03,,,,U1-S4-PF07,context_shift,section4_practice_family_07,2,Students will determine whether an object is in mechanical equilibrium and explain how balanced forces relate to rest or constant straight-line motion.,I can recognize static equilibrium and dynamic equilibrium.,Interpret Data and Representations,short response,constructed response,instructional,60,u1_s4_dynamic_equilibrium.png,original_custom,,Unit 1 Assessment Plan; Course Framework; Conceptual Physics/CK-12/Holt style reference as applicable,
U1-S4-PS2-Q02,AP/SCI,Conceptual Physics,1,4,Practice Set 2,Practice,Q02,current-section,U1-MG02|U1-MG03,,,,U1-S4-PF01,context_shift,section4_practice_family_01,2,Students will determine whether an object is in mechanical equilibrium and explain how balanced forces relate to rest or constant straight-line motion.,I can recognize static equilibrium and dynamic equilibrium.,Interpret Data and Representations,multiple choice,selected response,instructional,60,,,,Unit 1 Assessment Plan; Course Framework; Conceptual Physics/CK-12/Holt style reference as applicable,
U1-S4-PS2-Q03,AP/SCI,Conceptual Physics,1,4,Practice Set 2,Practice,Q03,current-section,U1-MG02|U1-MG03,,,,U1-S4-PF12,routine_procedural_numeric,section4_practice_family_12,2,Students will determine whether an object is in mechanical equilibrium and explain how balanced forces relate to rest or constant straight-line motion.,I can recognize static equilibrium and dynamic equilibrium.,Scientific Explanation and Argument from Evidence,short response,constructed response,instructional,60,,,,Unit 1 Assessment Plan; Course Framework; Conceptual Physics/CK-12/Holt style reference as applicable,
U1-S4-PS2-Q04,AP/SCI,Conceptual Physics,1,4,Practice Set 2,Practice,Q04,current-section,U1-MG02|U1-MG03,,,,U1-S4-PF03,mixed,section4_practice_family_03,2,Students will determine whether an object is in mechanical equilibrium and explain how balanced forces relate to rest or constant straight-line motion.,I can recognize static equilibrium and dynamic equilibrium.,Mathematical / Computational Thinking,short response,constructed response,instructional,60,,,,Unit 1 Assessment Plan; Course Framework; Conceptual Physics/CK-12/Holt style reference as applicable,
U1-S4-PS2-Q05,AP/SCI,Conceptual Physics,1,4,Practice Set 2,Practice,Q05,current-section,U1-MG02|U1-MG03,,,,U1-S4-PF16,context_shift,section4_practice_family_16,3,Students will determine whether an object is in mechanical equilibrium and explain how balanced forces relate to rest or constant straight-line motion.,I can recognize static equilibrium and dynamic equilibrium.,Scientific Explanation and Argument from Evidence,multipart,constructed response,instructional,60,,,,Unit 1 Assessment Plan; Course Framework; Conceptual Physics/CK-12/Holt style reference as applicable,
U1-S4-PS2-Q06,AP/SCI,Conceptual Physics,1,4,Practice Set 2,Practice,Q06,current-section,U1-MG02|U1-MG03,,,,U1-S4-PF05,context_shift,section4_practice_family_05,2,Students will determine whether an object is in mechanical equilibrium and explain how balanced forces relate to rest or constant straight-line motion.,I can recognize static equilibrium and dynamic equilibrium.,Scientific Explanation and Argument from Evidence,multiple choice,selected response,instructional,60,,,,Unit 1 Assessment Plan; Course Framework; Conceptual Physics/CK-12/Holt style reference as applicable,
U1-S4-PS2-Q07,AP/SCI,Conceptual Physics,1,4,Practice Set 2,Practice,Q07,current-section,U1-MG02|U1-MG03,,,,U1-S4-PF09,context_shift,section4_practice_family_09,2,Students will determine whether an object is in mechanical equilibrium and explain how balanced forces relate to rest or constant straight-line motion.,I can recognize static equilibrium and dynamic equilibrium.,Develop and Use Models,multiple choice,selected response,instructional,60,,,,Unit 1 Assessment Plan; Course Framework; Conceptual Physics/CK-12/Holt style reference as applicable,
U1-S4-PS2-Q08,AP/SCI,Conceptual Physics,1,4,Practice Set 2,Practice,Q08,current-section,U1-MG02|U1-MG03,,,,U1-S4-PF02,context_shift,section4_practice_family_02,2,Students will determine whether an object is in mechanical equilibrium and explain how balanced forces relate to rest or constant straight-line motion.,I can recognize static equilibrium and dynamic equilibrium.,Interpret Data and Representations,multiple choice,selected response,instructional,60,,,,Unit 1 Assessment Plan; Course Framework; Conceptual Physics/CK-12/Holt style reference as applicable,
U1-S4-PS2-Q09,AP/SCI,Conceptual Physics,1,4,Practice Set 2,Practice,Q09,current-section,U1-MG02|U1-MG03,,,,U1-S4-PF14,context_shift,section4_practice_family_14,2,Students will determine whether an object is in mechanical equilibrium and explain how balanced forces relate to rest or constant straight-line motion.,I can recognize static equilibrium and dynamic equilibrium.,Mathematical / Computational Thinking,short response,constructed response,instructional,60,,,,Unit 1 Assessment Plan; Course Framework; Conceptual Physics/CK-12/Holt style reference as applicable,
U1-S4-PS2-Q10,AP/SCI,Conceptual Physics,1,4,Practice Set 2,Practice,Q10,current-section,U1-MG02|U1-MG03,,,,U1-S4-PF08,mixed,section4_practice_family_08,2,Students will determine whether an object is in mechanical equilibrium and explain how balanced forces relate to rest or constant straight-line motion.,I can recognize static equilibrium and dynamic equilibrium.,Mathematical / Computational Thinking,short response,constructed response,instructional,60,,,,Unit 1 Assessment Plan; Course Framework; Conceptual Physics/CK-12/Holt style reference as applicable,
U1-S4-PS2-Q11,AP/SCI,Conceptual Physics,1,4,Practice Set 2,Practice,Q11,current-section,U1-MG02|U1-MG03,,,,U1-S4-PF18,context_shift,section4_practice_family_18,3,Students will determine whether an object is in mechanical equilibrium and explain how balanced forces relate to rest or constant straight-line motion.,I can recognize static equilibrium and dynamic equilibrium.,Scientific Explanation and Argument from Evidence,multipart,constructed response,instructional,60,,,,Unit 1 Assessment Plan; Course Framework; Conceptual Physics/CK-12/Holt style reference as applicable,
U1-S4-PS2-Q12,AP/SCI,Conceptual Physics,1,4,Practice Set 2,Practice,Q12,current-section,U1-MG02|U1-MG03,,,,U1-S4-PF04,mixed,section4_practice_family_04,2,Students will determine whether an object is in mechanical equilibrium and explain how balanced forces relate to rest or constant straight-line motion.,I can recognize static equilibrium and dynamic equilibrium.,Mathematical / Computational Thinking,short response,constructed response,instructional,60,,,,Unit 1 Assessment Plan; Course Framework; Conceptual Physics/CK-12/Holt style reference as applicable,
U1-S4-PS2-Q13,AP/SCI,Conceptual Physics,1,4,Practice Set 2,Practice,Q13,current-section,U1-MG02|U1-MG03,,,,U1-S4-PF11,routine_procedural_numeric,section4_practice_family_11,2,Students will determine whether an object is in mechanical equilibrium and explain how balanced forces relate to rest or constant straight-line motion.,I can recognize static equilibrium and dynamic equilibrium.,Mathematical / Computational Thinking,multiple choice,selected response,instructional,60,,,,Unit 1 Assessment Plan; Course Framework; Conceptual Physics/CK-12/Holt style reference as applicable,
U1-S4-PS2-Q14,AP/SCI,Conceptual Physics,1,4,Practice Set 2,Practice,Q14,current-section,U1-MG02|U1-MG03,,,,U1-S4-PF06,context_shift,section4_practice_family_06,2,Students will determine whether an object is in mechanical equilibrium and explain how balanced forces relate to rest or constant straight-line motion.,I can recognize static equilibrium and dynamic equilibrium.,Scientific Explanation and Argument from Evidence,multiple choice,selected response,instructional,60,,,,Unit 1 Assessment Plan; Course Framework; Conceptual Physics/CK-12/Holt style reference as applicable,
U1-S4-PS2-Q15,AP/SCI,Conceptual Physics,1,4,Practice Set 2,Practice,Q15,current-section,U1-MG02|U1-MG03,,,,U1-S4-PF15,context_shift,section4_practice_family_15,2,Students will determine whether an object is in mechanical equilibrium and explain how balanced forces relate to rest or constant straight-line motion.,I can recognize static equilibrium and dynamic equilibrium.,Interpret Data and Representations,multiple choice,selected response,instructional,60,,,,Unit 1 Assessment Plan; Course Framework; Conceptual Physics/CK-12/Holt style reference as applicable,
U1-S4-PS2-Q16,AP/SCI,Conceptual Physics,1,4,Practice Set 2,Practice,Q16,current-section,U1-MG02|U1-MG03,,,,U1-S4-PF10,context_shift,section4_practice_family_10,2,Students will determine whether an object is in mechanical equilibrium and explain how balanced forces relate to rest or constant straight-line motion.,I can recognize static equilibrium and dynamic equilibrium.,Scientific Explanation and Argument from Evidence,short response,constructed response,instructional,60,,,,Unit 1 Assessment Plan; Course Framework; Conceptual Physics/CK-12/Holt style reference as applicable,
U1-S4-PS2-Q17,AP/SCI,Conceptual Physics,1,4,Practice Set 2,Practice,Q17,current-section,U1-MG02|U1-MG03,,,,U1-S4-PF13,context_shift,section4_practice_family_13,2,Students will determine whether an object is in mechanical equilibrium and explain how balanced forces relate to rest or constant straight-line motion.,I can recognize static equilibrium and dynamic equilibrium.,Develop and Use Models,multiple choice,selected response,instructional,60,,,,Unit 1 Assessment Plan; Course Framework; Conceptual Physics/CK-12/Holt style reference as applicable,
U1-S4-PS2-Q18,AP/SCI,Conceptual Physics,1,4,Practice Set 2,Practice,Q18,current-section,U1-MG02|U1-MG03,,,,U1-S4-PF17,context_shift,section4_practice_family_17,2,Students will determine whether an object is in mechanical equilibrium and explain how balanced forces relate to rest or constant straight-line motion.,I can recognize static equilibrium and dynamic equilibrium.,Develop and Use Models,short response,constructed response,instructional,60,,,,Unit 1 Assessment Plan; Course Framework; Conceptual Physics/CK-12/Holt style reference as applicable,
U1-S4-PS3-Q01,AP/SCI,Conceptual Physics,1,4,Practice Set 3,Practice,Q01,current-section,U1-MG02|U1-MG03,,,,U1-S4-PF04,mixed,section4_practice_family_04,2,Students will determine whether an object is in mechanical equilibrium and explain how balanced forces relate to rest or constant straight-line motion.,I can recognize static equilibrium and dynamic equilibrium.,Mathematical / Computational Thinking,short response,constructed response,instructional,60,,,,Unit 1 Assessment Plan; Course Framework; Conceptual Physics/CK-12/Holt style reference as applicable,
U1-S4-PS3-Q02,AP/SCI,Conceptual Physics,1,4,Practice Set 3,Practice,Q02,current-section,U1-MG02|U1-MG03,,,,U1-S4-PF10,reasoning_shift,section4_practice_family_10,2,Students will determine whether an object is in mechanical equilibrium and explain how balanced forces relate to rest or constant straight-line motion.,I can recognize static equilibrium and dynamic equilibrium.,Scientific Explanation and Argument from Evidence,short response,constructed response,instructional,60,,,,Unit 1 Assessment Plan; Course Framework; Conceptual Physics/CK-12/Holt style reference as applicable,
U1-S4-PS3-Q03,AP/SCI,Conceptual Physics,1,4,Practice Set 3,Practice,Q03,current-section,U1-MG02|U1-MG03,,,,U1-S4-PF02,reasoning_shift,section4_practice_family_02,2,Students will determine whether an object is in mechanical equilibrium and explain how balanced forces relate to rest or constant straight-line motion.,I can recognize static equilibrium and dynamic equilibrium.,Interpret Data and Representations,multiple choice,selected response,instructional,60,,,,Unit 1 Assessment Plan; Course Framework; Conceptual Physics/CK-12/Holt style reference as applicable,
U1-S4-PS3-Q04,AP/SCI,Conceptual Physics,1,4,Practice Set 3,Practice,Q04,current-section,U1-MG02|U1-MG03,,,,U1-S4-PF15,reasoning_shift,section4_practice_family_15,2,Students will determine whether an object is in mechanical equilibrium and explain how balanced forces relate to rest or constant straight-line motion.,I can recognize static equilibrium and dynamic equilibrium.,Interpret Data and Representations,multiple choice,selected response,instructional,60,,,,Unit 1 Assessment Plan; Course Framework; Conceptual Physics/CK-12/Holt style reference as applicable,
U1-S4-PS3-Q05,AP/SCI,Conceptual Physics,1,4,Practice Set 3,Practice,Q05,current-section,U1-MG02|U1-MG03,,,,U1-S4-PF06,reasoning_shift,section4_practice_family_06,2,Students will determine whether an object is in mechanical equilibrium and explain how balanced forces relate to rest or constant straight-line motion.,I can recognize static equilibrium and dynamic equilibrium.,Scientific Explanation and Argument from Evidence,multiple choice,selected response,instructional,60,,,,Unit 1 Assessment Plan; Course Framework; Conceptual Physics/CK-12/Holt style reference as applicable,
U1-S4-PS3-Q06,AP/SCI,Conceptual Physics,1,4,Practice Set 3,Practice,Q06,current-section,U1-MG02|U1-MG03,,,,U1-S4-PF13,reasoning_shift,section4_practice_family_13,2,Students will determine whether an object is in mechanical equilibrium and explain how balanced forces relate to rest or constant straight-line motion.,I can recognize static equilibrium and dynamic equilibrium.,Develop and Use Models,multiple choice,selected response,instructional,60,,,,Unit 1 Assessment Plan; Course Framework; Conceptual Physics/CK-12/Holt style reference as applicable,
U1-S4-PS3-Q07,AP/SCI,Conceptual Physics,1,4,Practice Set 3,Practice,Q07,current-section,U1-MG02|U1-MG03,,,,U1-S4-PF01,reasoning_shift,section4_practice_family_01,2,Students will determine whether an object is in mechanical equilibrium and explain how balanced forces relate to rest or constant straight-line motion.,I can recognize static equilibrium and dynamic equilibrium.,Interpret Data and Representations,multiple choice,selected response,instructional,60,,,,Unit 1 Assessment Plan; Course Framework; Conceptual Physics/CK-12/Holt style reference as applicable,
U1-S4-PS3-Q08,AP/SCI,Conceptual Physics,1,4,Practice Set 3,Practice,Q08,current-section,U1-MG02|U1-MG03,,,,U1-S4-PF17,reasoning_shift,section4_practice_family_17,2,Students will determine whether an object is in mechanical equilibrium and explain how balanced forces relate to rest or constant straight-line motion.,I can recognize static equilibrium and dynamic equilibrium.,Develop and Use Models,short response,constructed response,instructional,60,,,,Unit 1 Assessment Plan; Course Framework; Conceptual Physics/CK-12/Holt style reference as applicable,
U1-S4-PS3-Q09,AP/SCI,Conceptual Physics,1,4,Practice Set 3,Practice,Q09,current-section,U1-MG02|U1-MG03,,,,U1-S4-PF08,mixed,section4_practice_family_08,2,Students will determine whether an object is in mechanical equilibrium and explain how balanced forces relate to rest or constant straight-line motion.,I can recognize static equilibrium and dynamic equilibrium.,Mathematical / Computational Thinking,short response,constructed response,instructional,60,,,,Unit 1 Assessment Plan; Course Framework; Conceptual Physics/CK-12/Holt style reference as applicable,
U1-S4-PS3-Q10,AP/SCI,Conceptual Physics,1,4,Practice Set 3,Practice,Q10,current-section,U1-MG02|U1-MG03,,,,U1-S4-PF12,routine_procedural_numeric,section4_practice_family_12,2,Students will determine whether an object is in mechanical equilibrium and explain how balanced forces relate to rest or constant straight-line motion.,I can recognize static equilibrium and dynamic equilibrium.,Scientific Explanation and Argument from Evidence,short response,constructed response,instructional,60,,,,Unit 1 Assessment Plan; Course Framework; Conceptual Physics/CK-12/Holt style reference as applicable,
U1-S4-PS3-Q11,AP/SCI,Conceptual Physics,1,4,Practice Set 3,Practice,Q11,current-section,U1-MG02|U1-MG03,,,,U1-S4-PF05,reasoning_shift,section4_practice_family_05,2,Students will determine whether an object is in mechanical equilibrium and explain how balanced forces relate to rest or constant straight-line motion.,I can recognize static equilibrium and dynamic equilibrium.,Scientific Explanation and Argument from Evidence,multiple choice,selected response,instructional,60,,,,Unit 1 Assessment Plan; Course Framework; Conceptual Physics/CK-12/Holt style reference as applicable,
U1-S4-PS3-Q12,AP/SCI,Conceptual Physics,1,4,Practice Set 3,Practice,Q12,current-section,U1-MG02|U1-MG03,,,,U1-S4-PF18,reasoning_shift,section4_practice_family_18,3,Students will determine whether an object is in mechanical equilibrium and explain how balanced forces relate to rest or constant straight-line motion.,I can recognize static equilibrium and dynamic equilibrium.,Scientific Explanation and Argument from Evidence,multipart,constructed response,instructional,60,,,,Unit 1 Assessment Plan; Course Framework; Conceptual Physics/CK-12/Holt style reference as applicable,
U1-S4-PS3-Q13,AP/SCI,Conceptual Physics,1,4,Practice Set 3,Practice,Q13,current-section,U1-MG02|U1-MG03,,,,U1-S4-PF03,mixed,section4_practice_family_03,2,Students will determine whether an object is in mechanical equilibrium and explain how balanced forces relate to rest or constant straight-line motion.,I can recognize static equilibrium and dynamic equilibrium.,Mathematical / Computational Thinking,short response,constructed response,instructional,60,,,,Unit 1 Assessment Plan; Course Framework; Conceptual Physics/CK-12/Holt style reference as applicable,
U1-S4-PS3-Q14,AP/SCI,Conceptual Physics,1,4,Practice Set 3,Practice,Q14,current-section,U1-MG02|U1-MG03,,,,U1-S4-PF09,reasoning_shift,section4_practice_family_09,2,Students will determine whether an object is in mechanical equilibrium and explain how balanced forces relate to rest or constant straight-line motion.,I can recognize static equilibrium and dynamic equilibrium.,Develop and Use Models,multiple choice,selected response,instructional,60,,,,Unit 1 Assessment Plan; Course Framework; Conceptual Physics/CK-12/Holt style reference as applicable,
U1-S4-PS3-Q15,AP/SCI,Conceptual Physics,1,4,Practice Set 3,Practice,Q15,current-section,U1-MG02|U1-MG03,,,,U1-S4-PF14,reasoning_shift,section4_practice_family_14,2,Students will determine whether an object is in mechanical equilibrium and explain how balanced forces relate to rest or constant straight-line motion.,I can recognize static equilibrium and dynamic equilibrium.,Mathematical / Computational Thinking,short response,constructed response,instructional,60,,,,Unit 1 Assessment Plan; Course Framework; Conceptual Physics/CK-12/Holt style reference as applicable,
U1-S4-PS3-Q16,AP/SCI,Conceptual Physics,1,4,Practice Set 3,Practice,Q16,current-section,U1-MG02|U1-MG03,,,,U1-S4-PF07,reasoning_shift,section4_practice_family_07,2,Students will determine whether an object is in mechanical equilibrium and explain how balanced forces relate to rest or constant straight-line motion.,I can recognize static equilibrium and dynamic equilibrium.,Interpret Data and Representations,short response,constructed response,instructional,60,u1_s4_dynamic_equilibrium.png,original_custom,,Unit 1 Assessment Plan; Course Framework; Conceptual Physics/CK-12/Holt style reference as applicable,
U1-S4-PS3-Q17,AP/SCI,Conceptual Physics,1,4,Practice Set 3,Practice,Q17,current-section,U1-MG02|U1-MG03,,,,U1-S4-PF16,reasoning_shift,section4_practice_family_16,3,Students will determine whether an object is in mechanical equilibrium and explain how balanced forces relate to rest or constant straight-line motion.,I can recognize static equilibrium and dynamic equilibrium.,Scientific Explanation and Argument from Evidence,multipart,constructed response,instructional,60,,,,Unit 1 Assessment Plan; Course Framework; Conceptual Physics/CK-12/Holt style reference as applicable,
U1-S4-PS3-Q18,AP/SCI,Conceptual Physics,1,4,Practice Set 3,Practice,Q18,current-section,U1-MG02|U1-MG03,,,,U1-S4-PF11,routine_procedural_numeric,section4_practice_family_11,2,Students will determine whether an object is in mechanical equilibrium and explain how balanced forces relate to rest or constant straight-line motion.,I can recognize static equilibrium and dynamic equilibrium.,Mathematical / Computational Thinking,multiple choice,selected response,instructional,60,,,,Unit 1 Assessment Plan; Course Framework; Conceptual Physics/CK-12/Holt style reference as applicable,
U1-S4-XP-Q01,AP/SCI,Conceptual Physics,1,4,Extra Practice,Practice,Q01,current-section,U1-MG02|U1-MG03,,,,U1-S4-PF11,routine_procedural_numeric,section4_practice_family_11,2,Students will determine whether an object is in mechanical equilibrium and explain how balanced forces relate to rest or constant straight-line motion.,I can recognize static equilibrium and dynamic equilibrium.,Mathematical / Computational Thinking,multiple choice,selected response,instructional,60,,,,Unit 1 Assessment Plan; Course Framework; Conceptual Physics/CK-12/Holt style reference as applicable,
U1-S4-XP-Q02,AP/SCI,Conceptual Physics,1,4,Extra Practice,Practice,Q02,current-section,U1-MG02|U1-MG03,,,,U1-S4-PF05,context_shift,section4_practice_family_05,2,Students will determine whether an object is in mechanical equilibrium and explain how balanced forces relate to rest or constant straight-line motion.,I can recognize static equilibrium and dynamic equilibrium.,Scientific Explanation and Argument from Evidence,multiple choice,selected response,instructional,60,,,,Unit 1 Assessment Plan; Course Framework; Conceptual Physics/CK-12/Holt style reference as applicable,
U1-S4-XP-Q03,AP/SCI,Conceptual Physics,1,4,Extra Practice,Practice,Q03,current-section,U1-MG02|U1-MG03,,,,U1-S4-PF16,context_shift,section4_practice_family_16,3,Students will determine whether an object is in mechanical equilibrium and explain how balanced forces relate to rest or constant straight-line motion.,I can recognize static equilibrium and dynamic equilibrium.,Scientific Explanation and Argument from Evidence,multipart,constructed response,instructional,60,,,,Unit 1 Assessment Plan; Course Framework; Conceptual Physics/CK-12/Holt style reference as applicable,
U1-S4-XP-Q04,AP/SCI,Conceptual Physics,1,4,Extra Practice,Practice,Q04,current-section,U1-MG02|U1-MG03,,,,U1-S4-PF08,mixed,section4_practice_family_08,2,Students will determine whether an object is in mechanical equilibrium and explain how balanced forces relate to rest or constant straight-line motion.,I can recognize static equilibrium and dynamic equilibrium.,Mathematical / Computational Thinking,short response,constructed response,instructional,60,,,,Unit 1 Assessment Plan; Course Framework; Conceptual Physics/CK-12/Holt style reference as applicable,
U1-S4-XP-Q05,AP/SCI,Conceptual Physics,1,4,Extra Practice,Practice,Q05,current-section,U1-MG02|U1-MG03,,,,U1-S4-PF02,context_shift,section4_practice_family_02,2,Students will determine whether an object is in mechanical equilibrium and explain how balanced forces relate to rest or constant straight-line motion.,I can recognize static equilibrium and dynamic equilibrium.,Interpret Data and Representations,multiple choice,selected response,instructional,60,,,,Unit 1 Assessment Plan; Course Framework; Conceptual Physics/CK-12/Holt style reference as applicable,
U1-S4-XP-Q06,AP/SCI,Conceptual Physics,1,4,Extra Practice,Practice,Q06,current-section,U1-MG02|U1-MG03,,,,U1-S4-PF18,context_shift,section4_practice_family_18,3,Students will determine whether an object is in mechanical equilibrium and explain how balanced forces relate to rest or constant straight-line motion.,I can recognize static equilibrium and dynamic equilibrium.,Scientific Explanation and Argument from Evidence,multipart,constructed response,instructional,60,,,,Unit 1 Assessment Plan; Course Framework; Conceptual Physics/CK-12/Holt style reference as applicable,
U1-S4-XP-Q07,AP/SCI,Conceptual Physics,1,4,Extra Practice,Practice,Q07,current-section,U1-MG02|U1-MG03,,,,U1-S4-PF13,context_shift,section4_practice_family_13,2,Students will determine whether an object is in mechanical equilibrium and explain how balanced forces relate to rest or constant straight-line motion.,I can recognize static equilibrium and dynamic equilibrium.,Develop and Use Models,multiple choice,selected response,instructional,60,,,,Unit 1 Assessment Plan; Course Framework; Conceptual Physics/CK-12/Holt style reference as applicable,
U1-S4-XP-Q08,AP/SCI,Conceptual Physics,1,4,Extra Practice,Practice,Q08,current-section,U1-MG02|U1-MG03,,,,U1-S4-PF06,context_shift,section4_practice_family_06,2,Students will determine whether an object is in mechanical equilibrium and explain how balanced forces relate to rest or constant straight-line motion.,I can recognize static equilibrium and dynamic equilibrium.,Scientific Explanation and Argument from Evidence,multiple choice,selected response,instructional,60,,,,Unit 1 Assessment Plan; Course Framework; Conceptual Physics/CK-12/Holt style reference as applicable,
U1-S4-XP-Q09,AP/SCI,Conceptual Physics,1,4,Extra Practice,Practice,Q09,current-section,U1-MG02|U1-MG03,,,,U1-S4-PF01,context_shift,section4_practice_family_01,2,Students will determine whether an object is in mechanical equilibrium and explain how balanced forces relate to rest or constant straight-line motion.,I can recognize static equilibrium and dynamic equilibrium.,Interpret Data and Representations,multiple choice,selected response,instructional,60,,,,Unit 1 Assessment Plan; Course Framework; Conceptual Physics/CK-12/Holt style reference as applicable,
U1-S4-XP-Q10,AP/SCI,Conceptual Physics,1,4,Extra Practice,Practice,Q10,current-section,U1-MG02|U1-MG03,,,,U1-S4-PF14,context_shift,section4_practice_family_14,2,Students will determine whether an object is in mechanical equilibrium and explain how balanced forces relate to rest or constant straight-line motion.,I can recognize static equilibrium and dynamic equilibrium.,Mathematical / Computational Thinking,short response,constructed response,instructional,60,,,,Unit 1 Assessment Plan; Course Framework; Conceptual Physics/CK-12/Holt style reference as applicable,
U1-S4-XP-Q11,AP/SCI,Conceptual Physics,1,4,Extra Practice,Practice,Q11,current-section,U1-MG02|U1-MG03,,,,U1-S4-PF09,context_shift,section4_practice_family_09,2,Students will determine whether an object is in mechanical equilibrium and explain how balanced forces relate to rest or constant straight-line motion.,I can recognize static equilibrium and dynamic equilibrium.,Develop and Use Models,multiple choice,selected response,instructional,60,,,,Unit 1 Assessment Plan; Course Framework; Conceptual Physics/CK-12/Holt style reference as applicable,
U1-S4-XP-Q12,AP/SCI,Conceptual Physics,1,4,Extra Practice,Practice,Q12,current-section,U1-MG02|U1-MG03,,,,U1-S4-PF17,context_shift,section4_practice_family_17,2,Students will determine whether an object is in mechanical equilibrium and explain how balanced forces relate to rest or constant straight-line motion.,I can recognize static equilibrium and dynamic equilibrium.,Develop and Use Models,short response,constructed response,instructional,60,,,,Unit 1 Assessment Plan; Course Framework; Conceptual Physics/CK-12/Holt style reference as applicable,
U1-S4-XP-Q13,AP/SCI,Conceptual Physics,1,4,Extra Practice,Practice,Q13,current-section,U1-MG02|U1-MG03,,,,U1-S4-PF04,mixed,section4_practice_family_04,2,Students will determine whether an object is in mechanical equilibrium and explain how balanced forces relate to rest or constant straight-line motion.,I can recognize static equilibrium and dynamic equilibrium.,Mathematical / Computational Thinking,short response,constructed response,instructional,60,,,,Unit 1 Assessment Plan; Course Framework; Conceptual Physics/CK-12/Holt style reference as applicable,
U1-S4-XP-Q14,AP/SCI,Conceptual Physics,1,4,Extra Practice,Practice,Q14,current-section,U1-MG02|U1-MG03,,,,U1-S4-PF12,routine_procedural_numeric,section4_practice_family_12,2,Students will determine whether an object is in mechanical equilibrium and explain how balanced forces relate to rest or constant straight-line motion.,I can recognize static equilibrium and dynamic equilibrium.,Scientific Explanation and Argument from Evidence,short response,constructed response,instructional,60,,,,Unit 1 Assessment Plan; Course Framework; Conceptual Physics/CK-12/Holt style reference as applicable,
U1-S4-XP-Q15,AP/SCI,Conceptual Physics,1,4,Extra Practice,Practice,Q15,current-section,U1-MG02|U1-MG03,,,,U1-S4-PF07,context_shift,section4_practice_family_07,2,Students will determine whether an object is in mechanical equilibrium and explain how balanced forces relate to rest or constant straight-line motion.,I can recognize static equilibrium and dynamic equilibrium.,Interpret Data and Representations,short response,constructed response,instructional,60,u1_s4_dynamic_equilibrium.png,original_custom,,Unit 1 Assessment Plan; Course Framework; Conceptual Physics/CK-12/Holt style reference as applicable,
U1-S4-XP-Q16,AP/SCI,Conceptual Physics,1,4,Extra Practice,Practice,Q16,current-section,U1-MG02|U1-MG03,,,,U1-S4-PF15,context_shift,section4_practice_family_15,2,Students will determine whether an object is in mechanical equilibrium and explain how balanced forces relate to rest or constant straight-line motion.,I can recognize static equilibrium and dynamic equilibrium.,Interpret Data and Representations,multiple choice,selected response,instructional,60,,,,Unit 1 Assessment Plan; Course Framework; Conceptual Physics/CK-12/Holt style reference as applicable,
U1-S4-XP-Q17,AP/SCI,Conceptual Physics,1,4,Extra Practice,Practice,Q17,current-section,U1-MG02|U1-MG03,,,,U1-S4-PF03,mixed,section4_practice_family_03,2,Students will determine whether an object is in mechanical equilibrium and explain how balanced forces relate to rest or constant straight-line motion.,I can recognize static equilibrium and dynamic equilibrium.,Mathematical / Computational Thinking,short response,constructed response,instructional,60,,,,Unit 1 Assessment Plan; Course Framework; Conceptual Physics/CK-12/Holt style reference as applicable,
U1-S4-XP-Q18,AP/SCI,Conceptual Physics,1,4,Extra Practice,Practice,Q18,current-section,U1-MG02|U1-MG03,,,,U1-S4-PF10,context_shift,section4_practice_family_10,2,Students will determine whether an object is in mechanical equilibrium and explain how balanced forces relate to rest or constant straight-line motion.,I can recognize static equilibrium and dynamic equilibrium.,Scientific Explanation and Argument from Evidence,short response,constructed response,instructional,60,,,,Unit 1 Assessment Plan; Course Framework; Conceptual Physics/CK-12/Holt style reference as applicable,
U1-S5-PS1-Q01,AP/SCI,Conceptual Physics,1,5,Practice Set 1,Practice,Q01,current-section,U1-MG04,,,,U1-S5-PF01,mixed,section5_practice_family_01,2,"Students will create and critique force models for real-world situations involving inertia, support force, net force, and equilibrium.",I can draw a force diagram for an object in a real-world situation.,Develop and Use Models,short response,constructed response,instructional,60,,,,Unit 1 Assessment Plan; Course Framework; Conceptual Physics/CK-12/Holt style reference as applicable,
U1-S5-PS1-Q02,AP/SCI,Conceptual Physics,1,5,Practice Set 1,Practice,Q02,current-section,U1-MG04,,,,U1-S5-PF02,mixed,section5_practice_family_02,3,"Students will create and critique force models for real-world situations involving inertia, support force, net force, and equilibrium.",I can draw a force diagram for an object in a real-world situation.,Scientific Explanation and Argument from Evidence,short response,constructed response,instructional,60,u1_s5_model_missing_support.png,original_custom,,Unit 1 Assessment Plan; Course Framework; Conceptual Physics/CK-12/Holt style reference as applicable,
U1-S5-PS1-Q03,AP/SCI,Conceptual Physics,1,5,Practice Set 1,Practice,Q03,current-section,U1-MG04,,,,U1-S5-PF03,mixed,section5_practice_family_03,2,"Students will create and critique force models for real-world situations involving inertia, support force, net force, and equilibrium.",I can draw a force diagram for an object in a real-world situation.,Interpret Data and Representations,short response,constructed response,instructional,60,u1_s5_model_balanced_sled.png,original_custom,,Unit 1 Assessment Plan; Course Framework; Conceptual Physics/CK-12/Holt style reference as applicable,
U1-S5-PS1-Q04,AP/SCI,Conceptual Physics,1,5,Practice Set 1,Practice,Q04,current-section,U1-MG04,,,,U1-S5-PF04,mixed,section5_practice_family_04,2,"Students will create and critique force models for real-world situations involving inertia, support force, net force, and equilibrium.",I can draw a force diagram for an object in a real-world situation.,Develop and Use Models,multiple choice,selected response,instructional,60,,,,Unit 1 Assessment Plan; Course Framework; Conceptual Physics/CK-12/Holt style reference as applicable,
U1-S5-PS1-Q05,AP/SCI,Conceptual Physics,1,5,Practice Set 1,Practice,Q05,current-section,U1-MG04,,,,U1-S5-PF05,mixed,section5_practice_family_05,2,"Students will create and critique force models for real-world situations involving inertia, support force, net force, and equilibrium.",I can draw a force diagram for an object in a real-world situation.,Scientific Explanation and Argument from Evidence,short response,constructed response,instructional,60,,,,Unit 1 Assessment Plan; Course Framework; Conceptual Physics/CK-12/Holt style reference as applicable,
U1-S5-PS1-Q06,AP/SCI,Conceptual Physics,1,5,Practice Set 1,Practice,Q06,current-section,U1-MG04,,,,U1-S5-PF06,routine_procedural_numeric,section5_practice_family_06,2,"Students will create and critique force models for real-world situations involving inertia, support force, net force, and equilibrium.",I can draw a force diagram for an object in a real-world situation.,Mathematical / Computational Thinking,short response,constructed response,instructional,60,,,,Unit 1 Assessment Plan; Course Framework; Conceptual Physics/CK-12/Holt style reference as applicable,
U1-S5-PS1-Q07,AP/SCI,Conceptual Physics,1,5,Practice Set 1,Practice,Q07,current-section,U1-MG04,,,,U1-S5-PF07,mixed,section5_practice_family_07,2,"Students will create and critique force models for real-world situations involving inertia, support force, net force, and equilibrium.",I can draw a force diagram for an object in a real-world situation.,Develop and Use Models,multiple choice,selected response,instructional,60,,,,Unit 1 Assessment Plan; Course Framework; Conceptual Physics/CK-12/Holt style reference as applicable,
U1-S5-PS1-Q08,AP/SCI,Conceptual Physics,1,5,Practice Set 1,Practice,Q08,current-section,U1-MG04,,,,U1-S5-PF08,mixed,section5_practice_family_08,3,"Students will create and critique force models for real-world situations involving inertia, support force, net force, and equilibrium.",I can draw a force diagram for an object in a real-world situation.,Scientific Explanation and Argument from Evidence,multipart,constructed response,instructional,60,,,,Unit 1 Assessment Plan; Course Framework; Conceptual Physics/CK-12/Holt style reference as applicable,
U1-S5-PS1-Q09,AP/SCI,Conceptual Physics,1,5,Practice Set 1,Practice,Q09,current-section,U1-MG04,,,,U1-S5-PF09,mixed,section5_practice_family_09,3,"Students will create and critique force models for real-world situations involving inertia, support force, net force, and equilibrium.",I can draw a force diagram for an object in a real-world situation.,Develop and Use Models,short response,constructed response,instructional,60,,,,Unit 1 Assessment Plan; Course Framework; Conceptual Physics/CK-12/Holt style reference as applicable,
U1-S5-PS1-Q10,AP/SCI,Conceptual Physics,1,5,Practice Set 1,Practice,Q10,current-section,U1-MG04,,,,U1-S5-PF10,mixed,section5_practice_family_10,2,"Students will create and critique force models for real-world situations involving inertia, support force, net force, and equilibrium.",I can draw a force diagram for an object in a real-world situation.,Develop and Use Models,multiple choice,selected response,instructional,60,,,,Unit 1 Assessment Plan; Course Framework; Conceptual Physics/CK-12/Holt style reference as applicable,
U1-S5-PS1-Q11,AP/SCI,Conceptual Physics,1,5,Practice Set 1,Practice,Q11,current-section,U1-MG04,,,,U1-S5-PF11,mixed,section5_practice_family_11,2,"Students will create and critique force models for real-world situations involving inertia, support force, net force, and equilibrium.",I can draw a force diagram for an object in a real-world situation.,Interpret Data and Representations,short response,constructed response,instructional,60,,,,Unit 1 Assessment Plan; Course Framework; Conceptual Physics/CK-12/Holt style reference as applicable,
U1-S5-PS1-Q12,AP/SCI,Conceptual Physics,1,5,Practice Set 1,Practice,Q12,current-section,U1-MG04,,,,U1-S5-PF12,mixed,section5_practice_family_12,3,"Students will create and critique force models for real-world situations involving inertia, support force, net force, and equilibrium.",I can draw a force diagram for an object in a real-world situation.,Scientific Explanation and Argument from Evidence,multipart,constructed response,instructional,60,,,,Unit 1 Assessment Plan; Course Framework; Conceptual Physics/CK-12/Holt style reference as applicable,
U1-S5-PS1-Q13,AP/SCI,Conceptual Physics,1,5,Practice Set 1,Practice,Q13,current-section,U1-MG04,,,,U1-S5-PF13,mixed,section5_practice_family_13,2,"Students will create and critique force models for real-world situations involving inertia, support force, net force, and equilibrium.",I can draw a force diagram for an object in a real-world situation.,Develop and Use Models,multiple choice,selected response,instructional,60,,,,Unit 1 Assessment Plan; Course Framework; Conceptual Physics/CK-12/Holt style reference as applicable,
U1-S5-PS1-Q14,AP/SCI,Conceptual Physics,1,5,Practice Set 1,Practice,Q14,current-section,U1-MG04,,,,U1-S5-PF14,routine_procedural_numeric,section5_practice_family_14,2,"Students will create and critique force models for real-world situations involving inertia, support force, net force, and equilibrium.",I can draw a force diagram for an object in a real-world situation.,Mathematical / Computational Thinking,short response,constructed response,instructional,60,,,,Unit 1 Assessment Plan; Course Framework; Conceptual Physics/CK-12/Holt style reference as applicable,
U1-S5-PS1-Q15,AP/SCI,Conceptual Physics,1,5,Practice Set 1,Practice,Q15,current-section,U1-MG04,,,,U1-S5-PF15,mixed,section5_practice_family_15,3,"Students will create and critique force models for real-world situations involving inertia, support force, net force, and equilibrium.",I can draw a force diagram for an object in a real-world situation.,Scientific Explanation and Argument from Evidence,multipart,constructed response,instructional,60,,,,Unit 1 Assessment Plan; Course Framework; Conceptual Physics/CK-12/Holt style reference as applicable,
U1-S5-PS1-Q16,AP/SCI,Conceptual Physics,1,5,Practice Set 1,Practice,Q16,current-section,U1-MG04,,,,U1-S5-PF16,mixed,section5_practice_family_16,3,"Students will create and critique force models for real-world situations involving inertia, support force, net force, and equilibrium.",I can draw a force diagram for an object in a real-world situation.,Develop and Use Models,short response,constructed response,instructional,60,,,,Unit 1 Assessment Plan; Course Framework; Conceptual Physics/CK-12/Holt style reference as applicable,
U1-S5-PS1-Q17,AP/SCI,Conceptual Physics,1,5,Practice Set 1,Practice,Q17,current-section,U1-MG04,,,,U1-S5-PF17,mixed,section5_practice_family_17,3,"Students will create and critique force models for real-world situations involving inertia, support force, net force, and equilibrium.",I can draw a force diagram for an object in a real-world situation.,Scientific Explanation and Argument from Evidence,multiple choice,selected response,instructional,60,,,,Unit 1 Assessment Plan; Course Framework; Conceptual Physics/CK-12/Holt style reference as applicable,
U1-S5-PS1-Q18,AP/SCI,Conceptual Physics,1,5,Practice Set 1,Practice,Q18,current-section,U1-MG04,,,,U1-S5-PF18,mixed,section5_practice_family_18,3,"Students will create and critique force models for real-world situations involving inertia, support force, net force, and equilibrium.",I can draw a force diagram for an object in a real-world situation.,Scientific Explanation and Argument from Evidence,multipart,constructed response,instructional,60,,,,Unit 1 Assessment Plan; Course Framework; Conceptual Physics/CK-12/Holt style reference as applicable,
U1-S5-PS2-Q01,AP/SCI,Conceptual Physics,1,5,Practice Set 2,Practice,Q01,current-section,U1-MG04,,,,U1-S5-PF07,context_shift,section5_practice_family_07,2,"Students will create and critique force models for real-world situations involving inertia, support force, net force, and equilibrium.",I can draw a force diagram for an object in a real-world situation.,Develop and Use Models,multiple choice,selected response,instructional,60,,,,Unit 1 Assessment Plan; Course Framework; Conceptual Physics/CK-12/Holt style reference as applicable,
U1-S5-PS2-Q02,AP/SCI,Conceptual Physics,1,5,Practice Set 2,Practice,Q02,current-section,U1-MG04,,,,U1-S5-PF01,mixed,section5_practice_family_01,2,"Students will create and critique force models for real-world situations involving inertia, support force, net force, and equilibrium.",I can draw a force diagram for an object in a real-world situation.,Develop and Use Models,short response,constructed response,instructional,60,,,,Unit 1 Assessment Plan; Course Framework; Conceptual Physics/CK-12/Holt style reference as applicable,
U1-S5-PS2-Q03,AP/SCI,Conceptual Physics,1,5,Practice Set 2,Practice,Q03,current-section,U1-MG04,,,,U1-S5-PF12,context_shift,section5_practice_family_12,3,"Students will create and critique force models for real-world situations involving inertia, support force, net force, and equilibrium.",I can draw a force diagram for an object in a real-world situation.,Scientific Explanation and Argument from Evidence,multipart,constructed response,instructional,60,,,,Unit 1 Assessment Plan; Course Framework; Conceptual Physics/CK-12/Holt style reference as applicable,
U1-S5-PS2-Q04,AP/SCI,Conceptual Physics,1,5,Practice Set 2,Practice,Q04,current-section,U1-MG04,,,,U1-S5-PF03,context_shift,section5_practice_family_03,2,"Students will create and critique force models for real-world situations involving inertia, support force, net force, and equilibrium.",I can draw a force diagram for an object in a real-world situation.,Interpret Data and Representations,short response,constructed response,instructional,60,u1_s5_model_balanced_sled.png,original_custom,,Unit 1 Assessment Plan; Course Framework; Conceptual Physics/CK-12/Holt style reference as applicable,
U1-S5-PS2-Q05,AP/SCI,Conceptual Physics,1,5,Practice Set 2,Practice,Q05,current-section,U1-MG04,,,,U1-S5-PF16,context_shift,section5_practice_family_16,3,"Students will create and critique force models for real-world situations involving inertia, support force, net force, and equilibrium.",I can draw a force diagram for an object in a real-world situation.,Develop and Use Models,short response,constructed response,instructional,60,,,,Unit 1 Assessment Plan; Course Framework; Conceptual Physics/CK-12/Holt style reference as applicable,
U1-S5-PS2-Q06,AP/SCI,Conceptual Physics,1,5,Practice Set 2,Practice,Q06,current-section,U1-MG04,,,,U1-S5-PF05,context_shift,section5_practice_family_05,2,"Students will create and critique force models for real-world situations involving inertia, support force, net force, and equilibrium.",I can draw a force diagram for an object in a real-world situation.,Scientific Explanation and Argument from Evidence,short response,constructed response,instructional,60,,,,Unit 1 Assessment Plan; Course Framework; Conceptual Physics/CK-12/Holt style reference as applicable,
U1-S5-PS2-Q07,AP/SCI,Conceptual Physics,1,5,Practice Set 2,Practice,Q07,current-section,U1-MG04,,,,U1-S5-PF09,context_shift,section5_practice_family_09,3,"Students will create and critique force models for real-world situations involving inertia, support force, net force, and equilibrium.",I can draw a force diagram for an object in a real-world situation.,Develop and Use Models,short response,constructed response,instructional,60,,,,Unit 1 Assessment Plan; Course Framework; Conceptual Physics/CK-12/Holt style reference as applicable,
U1-S5-PS2-Q08,AP/SCI,Conceptual Physics,1,5,Practice Set 2,Practice,Q08,current-section,U1-MG04,,,,U1-S5-PF02,context_shift,section5_practice_family_02,3,"Students will create and critique force models for real-world situations involving inertia, support force, net force, and equilibrium.",I can draw a force diagram for an object in a real-world situation.,Scientific Explanation and Argument from Evidence,short response,constructed response,instructional,60,u1_s5_model_missing_support.png,original_custom,,Unit 1 Assessment Plan; Course Framework; Conceptual Physics/CK-12/Holt style reference as applicable,
U1-S5-PS2-Q09,AP/SCI,Conceptual Physics,1,5,Practice Set 2,Practice,Q09,current-section,U1-MG04,,,,U1-S5-PF14,context_shift,section5_practice_family_14,2,"Students will create and critique force models for real-world situations involving inertia, support force, net force, and equilibrium.",I can draw a force diagram for an object in a real-world situation.,Mathematical / Computational Thinking,short response,constructed response,instructional,60,,,,Unit 1 Assessment Plan; Course Framework; Conceptual Physics/CK-12/Holt style reference as applicable,
U1-S5-PS2-Q10,AP/SCI,Conceptual Physics,1,5,Practice Set 2,Practice,Q10,current-section,U1-MG04,,,,U1-S5-PF08,context_shift,section5_practice_family_08,3,"Students will create and critique force models for real-world situations involving inertia, support force, net force, and equilibrium.",I can draw a force diagram for an object in a real-world situation.,Scientific Explanation and Argument from Evidence,multipart,constructed response,instructional,60,,,,Unit 1 Assessment Plan; Course Framework; Conceptual Physics/CK-12/Holt style reference as applicable,
U1-S5-PS2-Q11,AP/SCI,Conceptual Physics,1,5,Practice Set 2,Practice,Q11,current-section,U1-MG04,,,,U1-S5-PF18,context_shift,section5_practice_family_18,3,"Students will create and critique force models for real-world situations involving inertia, support force, net force, and equilibrium.",I can draw a force diagram for an object in a real-world situation.,Scientific Explanation and Argument from Evidence,multipart,constructed response,instructional,60,,,,Unit 1 Assessment Plan; Course Framework; Conceptual Physics/CK-12/Holt style reference as applicable,
U1-S5-PS2-Q12,AP/SCI,Conceptual Physics,1,5,Practice Set 2,Practice,Q12,current-section,U1-MG04,,,,U1-S5-PF04,context_shift,section5_practice_family_04,2,"Students will create and critique force models for real-world situations involving inertia, support force, net force, and equilibrium.",I can draw a force diagram for an object in a real-world situation.,Develop and Use Models,multiple choice,selected response,instructional,60,,,,Unit 1 Assessment Plan; Course Framework; Conceptual Physics/CK-12/Holt style reference as applicable,
U1-S5-PS2-Q13,AP/SCI,Conceptual Physics,1,5,Practice Set 2,Practice,Q13,current-section,U1-MG04,,,,U1-S5-PF11,mixed,section5_practice_family_11,2,"Students will create and critique force models for real-world situations involving inertia, support force, net force, and equilibrium.",I can draw a force diagram for an object in a real-world situation.,Interpret Data and Representations,short response,constructed response,instructional,60,,,,Unit 1 Assessment Plan; Course Framework; Conceptual Physics/CK-12/Holt style reference as applicable,
U1-S5-PS2-Q14,AP/SCI,Conceptual Physics,1,5,Practice Set 2,Practice,Q14,current-section,U1-MG04,,,,U1-S5-PF06,routine_procedural_numeric,section5_practice_family_06,2,"Students will create and critique force models for real-world situations involving inertia, support force, net force, and equilibrium.",I can draw a force diagram for an object in a real-world situation.,Mathematical / Computational Thinking,short response,constructed response,instructional,60,,,,Unit 1 Assessment Plan; Course Framework; Conceptual Physics/CK-12/Holt style reference as applicable,
U1-S5-PS2-Q15,AP/SCI,Conceptual Physics,1,5,Practice Set 2,Practice,Q15,current-section,U1-MG04,,,,U1-S5-PF15,context_shift,section5_practice_family_15,3,"Students will create and critique force models for real-world situations involving inertia, support force, net force, and equilibrium.",I can draw a force diagram for an object in a real-world situation.,Scientific Explanation and Argument from Evidence,multipart,constructed response,instructional,60,,,,Unit 1 Assessment Plan; Course Framework; Conceptual Physics/CK-12/Holt style reference as applicable,
U1-S5-PS2-Q16,AP/SCI,Conceptual Physics,1,5,Practice Set 2,Practice,Q16,current-section,U1-MG04,,,,U1-S5-PF10,context_shift,section5_practice_family_10,2,"Students will create and critique force models for real-world situations involving inertia, support force, net force, and equilibrium.",I can draw a force diagram for an object in a real-world situation.,Develop and Use Models,multiple choice,selected response,instructional,60,,,,Unit 1 Assessment Plan; Course Framework; Conceptual Physics/CK-12/Holt style reference as applicable,
U1-S5-PS2-Q17,AP/SCI,Conceptual Physics,1,5,Practice Set 2,Practice,Q17,current-section,U1-MG04,,,,U1-S5-PF13,context_shift,section5_practice_family_13,2,"Students will create and critique force models for real-world situations involving inertia, support force, net force, and equilibrium.",I can draw a force diagram for an object in a real-world situation.,Develop and Use Models,multiple choice,selected response,instructional,60,,,,Unit 1 Assessment Plan; Course Framework; Conceptual Physics/CK-12/Holt style reference as applicable,
U1-S5-PS2-Q18,AP/SCI,Conceptual Physics,1,5,Practice Set 2,Practice,Q18,current-section,U1-MG04,,,,U1-S5-PF17,context_shift,section5_practice_family_17,3,"Students will create and critique force models for real-world situations involving inertia, support force, net force, and equilibrium.",I can draw a force diagram for an object in a real-world situation.,Scientific Explanation and Argument from Evidence,multiple choice,selected response,instructional,60,,,,Unit 1 Assessment Plan; Course Framework; Conceptual Physics/CK-12/Holt style reference as applicable,
U1-S5-PS3-Q01,AP/SCI,Conceptual Physics,1,5,Practice Set 3,Practice,Q01,current-section,U1-MG04,,,,U1-S5-PF04,reasoning_shift,section5_practice_family_04,2,"Students will create and critique force models for real-world situations involving inertia, support force, net force, and equilibrium.",I can draw a force diagram for an object in a real-world situation.,Develop and Use Models,multiple choice,selected response,instructional,60,,,,Unit 1 Assessment Plan; Course Framework; Conceptual Physics/CK-12/Holt style reference as applicable,
U1-S5-PS3-Q02,AP/SCI,Conceptual Physics,1,5,Practice Set 3,Practice,Q02,current-section,U1-MG04,,,,U1-S5-PF10,reasoning_shift,section5_practice_family_10,2,"Students will create and critique force models for real-world situations involving inertia, support force, net force, and equilibrium.",I can draw a force diagram for an object in a real-world situation.,Develop and Use Models,multiple choice,selected response,instructional,60,,,,Unit 1 Assessment Plan; Course Framework; Conceptual Physics/CK-12/Holt style reference as applicable,
U1-S5-PS3-Q03,AP/SCI,Conceptual Physics,1,5,Practice Set 3,Practice,Q03,current-section,U1-MG04,,,,U1-S5-PF02,reasoning_shift,section5_practice_family_02,3,"Students will create and critique force models for real-world situations involving inertia, support force, net force, and equilibrium.",I can draw a force diagram for an object in a real-world situation.,Scientific Explanation and Argument from Evidence,short response,constructed response,instructional,60,u1_s5_model_missing_support.png,original_custom,,Unit 1 Assessment Plan; Course Framework; Conceptual Physics/CK-12/Holt style reference as applicable,
U1-S5-PS3-Q04,AP/SCI,Conceptual Physics,1,5,Practice Set 3,Practice,Q04,current-section,U1-MG04,,,,U1-S5-PF15,reasoning_shift,section5_practice_family_15,3,"Students will create and critique force models for real-world situations involving inertia, support force, net force, and equilibrium.",I can draw a force diagram for an object in a real-world situation.,Scientific Explanation and Argument from Evidence,multipart,constructed response,instructional,60,,,,Unit 1 Assessment Plan; Course Framework; Conceptual Physics/CK-12/Holt style reference as applicable,
U1-S5-PS3-Q05,AP/SCI,Conceptual Physics,1,5,Practice Set 3,Practice,Q05,current-section,U1-MG04,,,,U1-S5-PF06,routine_procedural_numeric,section5_practice_family_06,2,"Students will create and critique force models for real-world situations involving inertia, support force, net force, and equilibrium.",I can draw a force diagram for an object in a real-world situation.,Mathematical / Computational Thinking,short response,constructed response,instructional,60,,,,Unit 1 Assessment Plan; Course Framework; Conceptual Physics/CK-12/Holt style reference as applicable,
U1-S5-PS3-Q06,AP/SCI,Conceptual Physics,1,5,Practice Set 3,Practice,Q06,current-section,U1-MG04,,,,U1-S5-PF13,reasoning_shift,section5_practice_family_13,2,"Students will create and critique force models for real-world situations involving inertia, support force, net force, and equilibrium.",I can draw a force diagram for an object in a real-world situation.,Develop and Use Models,multiple choice,selected response,instructional,60,,,,Unit 1 Assessment Plan; Course Framework; Conceptual Physics/CK-12/Holt style reference as applicable,
U1-S5-PS3-Q07,AP/SCI,Conceptual Physics,1,5,Practice Set 3,Practice,Q07,current-section,U1-MG04,,,,U1-S5-PF01,mixed,section5_practice_family_01,2,"Students will create and critique force models for real-world situations involving inertia, support force, net force, and equilibrium.",I can draw a force diagram for an object in a real-world situation.,Develop and Use Models,short response,constructed response,instructional,60,,,,Unit 1 Assessment Plan; Course Framework; Conceptual Physics/CK-12/Holt style reference as applicable,
U1-S5-PS3-Q08,AP/SCI,Conceptual Physics,1,5,Practice Set 3,Practice,Q08,current-section,U1-MG04,,,,U1-S5-PF17,reasoning_shift,section5_practice_family_17,3,"Students will create and critique force models for real-world situations involving inertia, support force, net force, and equilibrium.",I can draw a force diagram for an object in a real-world situation.,Scientific Explanation and Argument from Evidence,multiple choice,selected response,instructional,60,,,,Unit 1 Assessment Plan; Course Framework; Conceptual Physics/CK-12/Holt style reference as applicable,
U1-S5-PS3-Q09,AP/SCI,Conceptual Physics,1,5,Practice Set 3,Practice,Q09,current-section,U1-MG04,,,,U1-S5-PF08,reasoning_shift,section5_practice_family_08,3,"Students will create and critique force models for real-world situations involving inertia, support force, net force, and equilibrium.",I can draw a force diagram for an object in a real-world situation.,Scientific Explanation and Argument from Evidence,multipart,constructed response,instructional,60,,,,Unit 1 Assessment Plan; Course Framework; Conceptual Physics/CK-12/Holt style reference as applicable,
U1-S5-PS3-Q10,AP/SCI,Conceptual Physics,1,5,Practice Set 3,Practice,Q10,current-section,U1-MG04,,,,U1-S5-PF12,reasoning_shift,section5_practice_family_12,3,"Students will create and critique force models for real-world situations involving inertia, support force, net force, and equilibrium.",I can draw a force diagram for an object in a real-world situation.,Scientific Explanation and Argument from Evidence,multipart,constructed response,instructional,60,,,,Unit 1 Assessment Plan; Course Framework; Conceptual Physics/CK-12/Holt style reference as applicable,
U1-S5-PS3-Q11,AP/SCI,Conceptual Physics,1,5,Practice Set 3,Practice,Q11,current-section,U1-MG04,,,,U1-S5-PF05,reasoning_shift,section5_practice_family_05,2,"Students will create and critique force models for real-world situations involving inertia, support force, net force, and equilibrium.",I can draw a force diagram for an object in a real-world situation.,Scientific Explanation and Argument from Evidence,short response,constructed response,instructional,60,,,,Unit 1 Assessment Plan; Course Framework; Conceptual Physics/CK-12/Holt style reference as applicable,
U1-S5-PS3-Q12,AP/SCI,Conceptual Physics,1,5,Practice Set 3,Practice,Q12,current-section,U1-MG04,,,,U1-S5-PF18,reasoning_shift,section5_practice_family_18,3,"Students will create and critique force models for real-world situations involving inertia, support force, net force, and equilibrium.",I can draw a force diagram for an object in a real-world situation.,Scientific Explanation and Argument from Evidence,multipart,constructed response,instructional,60,,,,Unit 1 Assessment Plan; Course Framework; Conceptual Physics/CK-12/Holt style reference as applicable,
U1-S5-PS3-Q13,AP/SCI,Conceptual Physics,1,5,Practice Set 3,Practice,Q13,current-section,U1-MG04,,,,U1-S5-PF03,reasoning_shift,section5_practice_family_03,2,"Students will create and critique force models for real-world situations involving inertia, support force, net force, and equilibrium.",I can draw a force diagram for an object in a real-world situation.,Interpret Data and Representations,short response,constructed response,instructional,60,u1_s5_model_balanced_sled.png,original_custom,,Unit 1 Assessment Plan; Course Framework; Conceptual Physics/CK-12/Holt style reference as applicable,
U1-S5-PS3-Q14,AP/SCI,Conceptual Physics,1,5,Practice Set 3,Practice,Q14,current-section,U1-MG04,,,,U1-S5-PF09,reasoning_shift,section5_practice_family_09,3,"Students will create and critique force models for real-world situations involving inertia, support force, net force, and equilibrium.",I can draw a force diagram for an object in a real-world situation.,Develop and Use Models,short response,constructed response,instructional,60,,,,Unit 1 Assessment Plan; Course Framework; Conceptual Physics/CK-12/Holt style reference as applicable,
U1-S5-PS3-Q15,AP/SCI,Conceptual Physics,1,5,Practice Set 3,Practice,Q15,current-section,U1-MG04,,,,U1-S5-PF14,reasoning_shift,section5_practice_family_14,2,"Students will create and critique force models for real-world situations involving inertia, support force, net force, and equilibrium.",I can draw a force diagram for an object in a real-world situation.,Mathematical / Computational Thinking,short response,constructed response,instructional,60,,,,Unit 1 Assessment Plan; Course Framework; Conceptual Physics/CK-12/Holt style reference as applicable,
U1-S5-PS3-Q16,AP/SCI,Conceptual Physics,1,5,Practice Set 3,Practice,Q16,current-section,U1-MG04,,,,U1-S5-PF07,reasoning_shift,section5_practice_family_07,2,"Students will create and critique force models for real-world situations involving inertia, support force, net force, and equilibrium.",I can draw a force diagram for an object in a real-world situation.,Develop and Use Models,multiple choice,selected response,instructional,60,,,,Unit 1 Assessment Plan; Course Framework; Conceptual Physics/CK-12/Holt style reference as applicable,
U1-S5-PS3-Q17,AP/SCI,Conceptual Physics,1,5,Practice Set 3,Practice,Q17,current-section,U1-MG04,,,,U1-S5-PF16,reasoning_shift,section5_practice_family_16,3,"Students will create and critique force models for real-world situations involving inertia, support force, net force, and equilibrium.",I can draw a force diagram for an object in a real-world situation.,Develop and Use Models,short response,constructed response,instructional,60,,,,Unit 1 Assessment Plan; Course Framework; Conceptual Physics/CK-12/Holt style reference as applicable,
U1-S5-PS3-Q18,AP/SCI,Conceptual Physics,1,5,Practice Set 3,Practice,Q18,current-section,U1-MG04,,,,U1-S5-PF11,mixed,section5_practice_family_11,2,"Students will create and critique force models for real-world situations involving inertia, support force, net force, and equilibrium.",I can draw a force diagram for an object in a real-world situation.,Interpret Data and Representations,short response,constructed response,instructional,60,,,,Unit 1 Assessment Plan; Course Framework; Conceptual Physics/CK-12/Holt style reference as applicable,
U1-S5-XP-Q01,AP/SCI,Conceptual Physics,1,5,Extra Practice,Practice,Q01,current-section,U1-MG04,,,,U1-S5-PF11,mixed,section5_practice_family_11,2,"Students will create and critique force models for real-world situations involving inertia, support force, net force, and equilibrium.",I can draw a force diagram for an object in a real-world situation.,Interpret Data and Representations,short response,constructed response,instructional,60,,,,Unit 1 Assessment Plan; Course Framework; Conceptual Physics/CK-12/Holt style reference as applicable,
U1-S5-XP-Q02,AP/SCI,Conceptual Physics,1,5,Extra Practice,Practice,Q02,current-section,U1-MG04,,,,U1-S5-PF05,context_shift,section5_practice_family_05,2,"Students will create and critique force models for real-world situations involving inertia, support force, net force, and equilibrium.",I can draw a force diagram for an object in a real-world situation.,Scientific Explanation and Argument from Evidence,short response,constructed response,instructional,60,,,,Unit 1 Assessment Plan; Course Framework; Conceptual Physics/CK-12/Holt style reference as applicable,
U1-S5-XP-Q03,AP/SCI,Conceptual Physics,1,5,Extra Practice,Practice,Q03,current-section,U1-MG04,,,,U1-S5-PF16,context_shift,section5_practice_family_16,3,"Students will create and critique force models for real-world situations involving inertia, support force, net force, and equilibrium.",I can draw a force diagram for an object in a real-world situation.,Develop and Use Models,short response,constructed response,instructional,60,,,,Unit 1 Assessment Plan; Course Framework; Conceptual Physics/CK-12/Holt style reference as applicable,
U1-S5-XP-Q04,AP/SCI,Conceptual Physics,1,5,Extra Practice,Practice,Q04,current-section,U1-MG04,,,,U1-S5-PF08,context_shift,section5_practice_family_08,3,"Students will create and critique force models for real-world situations involving inertia, support force, net force, and equilibrium.",I can draw a force diagram for an object in a real-world situation.,Scientific Explanation and Argument from Evidence,multipart,constructed response,instructional,60,,,,Unit 1 Assessment Plan; Course Framework; Conceptual Physics/CK-12/Holt style reference as applicable,
U1-S5-XP-Q05,AP/SCI,Conceptual Physics,1,5,Extra Practice,Practice,Q05,current-section,U1-MG04,,,,U1-S5-PF02,context_shift,section5_practice_family_02,3,"Students will create and critique force models for real-world situations involving inertia, support force, net force, and equilibrium.",I can draw a force diagram for an object in a real-world situation.,Scientific Explanation and Argument from Evidence,short response,constructed response,instructional,60,u1_s5_model_missing_support.png,original_custom,,Unit 1 Assessment Plan; Course Framework; Conceptual Physics/CK-12/Holt style reference as applicable,
U1-S5-XP-Q06,AP/SCI,Conceptual Physics,1,5,Extra Practice,Practice,Q06,current-section,U1-MG04,,,,U1-S5-PF18,context_shift,section5_practice_family_18,3,"Students will create and critique force models for real-world situations involving inertia, support force, net force, and equilibrium.",I can draw a force diagram for an object in a real-world situation.,Scientific Explanation and Argument from Evidence,multipart,constructed response,instructional,60,,,,Unit 1 Assessment Plan; Course Framework; Conceptual Physics/CK-12/Holt style reference as applicable,
U1-S5-XP-Q07,AP/SCI,Conceptual Physics,1,5,Extra Practice,Practice,Q07,current-section,U1-MG04,,,,U1-S5-PF13,context_shift,section5_practice_family_13,2,"Students will create and critique force models for real-world situations involving inertia, support force, net force, and equilibrium.",I can draw a force diagram for an object in a real-world situation.,Develop and Use Models,multiple choice,selected response,instructional,60,,,,Unit 1 Assessment Plan; Course Framework; Conceptual Physics/CK-12/Holt style reference as applicable,
U1-S5-XP-Q08,AP/SCI,Conceptual Physics,1,5,Extra Practice,Practice,Q08,current-section,U1-MG04,,,,U1-S5-PF06,routine_procedural_numeric,section5_practice_family_06,2,"Students will create and critique force models for real-world situations involving inertia, support force, net force, and equilibrium.",I can draw a force diagram for an object in a real-world situation.,Mathematical / Computational Thinking,short response,constructed response,instructional,60,,,,Unit 1 Assessment Plan; Course Framework; Conceptual Physics/CK-12/Holt style reference as applicable,
U1-S5-XP-Q09,AP/SCI,Conceptual Physics,1,5,Extra Practice,Practice,Q09,current-section,U1-MG04,,,,U1-S5-PF01,mixed,section5_practice_family_01,2,"Students will create and critique force models for real-world situations involving inertia, support force, net force, and equilibrium.",I can draw a force diagram for an object in a real-world situation.,Develop and Use Models,short response,constructed response,instructional,60,,,,Unit 1 Assessment Plan; Course Framework; Conceptual Physics/CK-12/Holt style reference as applicable,
U1-S5-XP-Q10,AP/SCI,Conceptual Physics,1,5,Extra Practice,Practice,Q10,current-section,U1-MG04,,,,U1-S5-PF14,context_shift,section5_practice_family_14,2,"Students will create and critique force models for real-world situations involving inertia, support force, net force, and equilibrium.",I can draw a force diagram for an object in a real-world situation.,Mathematical / Computational Thinking,short response,constructed response,instructional,60,,,,Unit 1 Assessment Plan; Course Framework; Conceptual Physics/CK-12/Holt style reference as applicable,
U1-S5-XP-Q11,AP/SCI,Conceptual Physics,1,5,Extra Practice,Practice,Q11,current-section,U1-MG04,,,,U1-S5-PF09,context_shift,section5_practice_family_09,3,"Students will create and critique force models for real-world situations involving inertia, support force, net force, and equilibrium.",I can draw a force diagram for an object in a real-world situation.,Develop and Use Models,short response,constructed response,instructional,60,,,,Unit 1 Assessment Plan; Course Framework; Conceptual Physics/CK-12/Holt style reference as applicable,
U1-S5-XP-Q12,AP/SCI,Conceptual Physics,1,5,Extra Practice,Practice,Q12,current-section,U1-MG04,,,,U1-S5-PF17,context_shift,section5_practice_family_17,3,"Students will create and critique force models for real-world situations involving inertia, support force, net force, and equilibrium.",I can draw a force diagram for an object in a real-world situation.,Scientific Explanation and Argument from Evidence,multiple choice,selected response,instructional,60,,,,Unit 1 Assessment Plan; Course Framework; Conceptual Physics/CK-12/Holt style reference as applicable,
U1-S5-XP-Q13,AP/SCI,Conceptual Physics,1,5,Extra Practice,Practice,Q13,current-section,U1-MG04,,,,U1-S5-PF04,context_shift,section5_practice_family_04,2,"Students will create and critique force models for real-world situations involving inertia, support force, net force, and equilibrium.",I can draw a force diagram for an object in a real-world situation.,Develop and Use Models,multiple choice,selected response,instructional,60,,,,Unit 1 Assessment Plan; Course Framework; Conceptual Physics/CK-12/Holt style reference as applicable,
U1-S5-XP-Q14,AP/SCI,Conceptual Physics,1,5,Extra Practice,Practice,Q14,current-section,U1-MG04,,,,U1-S5-PF12,context_shift,section5_practice_family_12,3,"Students will create and critique force models for real-world situations involving inertia, support force, net force, and equilibrium.",I can draw a force diagram for an object in a real-world situation.,Scientific Explanation and Argument from Evidence,multipart,constructed response,instructional,60,,,,Unit 1 Assessment Plan; Course Framework; Conceptual Physics/CK-12/Holt style reference as applicable,
U1-S5-XP-Q15,AP/SCI,Conceptual Physics,1,5,Extra Practice,Practice,Q15,current-section,U1-MG04,,,,U1-S5-PF07,context_shift,section5_practice_family_07,2,"Students will create and critique force models for real-world situations involving inertia, support force, net force, and equilibrium.",I can draw a force diagram for an object in a real-world situation.,Develop and Use Models,multiple choice,selected response,instructional,60,,,,Unit 1 Assessment Plan; Course Framework; Conceptual Physics/CK-12/Holt style reference as applicable,
U1-S5-XP-Q16,AP/SCI,Conceptual Physics,1,5,Extra Practice,Practice,Q16,current-section,U1-MG04,,,,U1-S5-PF15,context_shift,section5_practice_family_15,3,"Students will create and critique force models for real-world situations involving inertia, support force, net force, and equilibrium.",I can draw a force diagram for an object in a real-world situation.,Scientific Explanation and Argument from Evidence,multipart,constructed response,instructional,60,,,,Unit 1 Assessment Plan; Course Framework; Conceptual Physics/CK-12/Holt style reference as applicable,
U1-S5-XP-Q17,AP/SCI,Conceptual Physics,1,5,Extra Practice,Practice,Q17,current-section,U1-MG04,,,,U1-S5-PF03,context_shift,section5_practice_family_03,2,"Students will create and critique force models for real-world situations involving inertia, support force, net force, and equilibrium.",I can draw a force diagram for an object in a real-world situation.,Interpret Data and Representations,short response,constructed response,instructional,60,u1_s5_model_balanced_sled.png,original_custom,,Unit 1 Assessment Plan; Course Framework; Conceptual Physics/CK-12/Holt style reference as applicable,
U1-S5-XP-Q18,AP/SCI,Conceptual Physics,1,5,Extra Practice,Practice,Q18,current-section,U1-MG04,,,,U1-S5-PF10,context_shift,section5_practice_family_10,2,"Students will create and critique force models for real-world situations involving inertia, support force, net force, and equilibrium.",I can draw a force diagram for an object in a real-world situation.,Develop and Use Models,multiple choice,selected response,instructional,60,,,,Unit 1 Assessment Plan; Course Framework; Conceptual Physics/CK-12/Holt style reference as applicable,
U1-S1-CYU-Q01,AP/SCI,Conceptual Physics,1,1,Check Your Understanding,CYU,Q01,current-section,U1-MG01,,,,U1-S1-CYU-FAM01,mixed,,2,"Students will explain how physics uses observation, measurement, evidence, models, and testable claims to understand the natural world.","I can distinguish between an observation, inference, hypothesis, law, and theory.",Scientific Explanation and Argument from Evidence,short response,constructed response,instructional,90,,,,Unit 1 Assessment Plan; Course Framework,
U1-S1-CYU-Q02,AP/SCI,Conceptual Physics,1,1,Check Your Understanding,CYU,Q02,current-section,U1-MG01,,,,U1-S1-CYU-FAM02,mixed,,2,"Students will explain how physics uses observation, measurement, evidence, models, and testable claims to understand the natural world.","I can distinguish between an observation, inference, hypothesis, law, and theory.",Plan / Evaluate Investigations,multiple choice,selected response,instructional,90,,,,Unit 1 Assessment Plan; Course Framework,
U1-S1-CYU-Q03,AP/SCI,Conceptual Physics,1,1,Check Your Understanding,CYU,Q03,current-section,U1-MG01,,,,U1-S1-CYU-FAM03,mixed,,2,"Students will explain how physics uses observation, measurement, evidence, models, and testable claims to understand the natural world.","I can distinguish between an observation, inference, hypothesis, law, and theory.",Scientific Explanation and Argument from Evidence,short response,constructed response,instructional,90,,,,Unit 1 Assessment Plan; Course Framework,
U1-S1-CYU-Q04,AP/SCI,Conceptual Physics,1,1,Check Your Understanding,CYU,Q04,current-section,U1-MG01,,,,U1-S1-CYU-FAM04,mixed,,2,"Students will explain how physics uses observation, measurement, evidence, models, and testable claims to understand the natural world.","I can distinguish between an observation, inference, hypothesis, law, and theory.",Scientific Explanation and Argument from Evidence,multiple choice,selected response,instructional,90,,,,Unit 1 Assessment Plan; Course Framework,
U1-S1-CYU-Q05,AP/SCI,Conceptual Physics,1,1,Check Your Understanding,CYU,Q05,current-section,U1-MG01,,,,U1-S1-CYU-FAM05,mixed,,2,"Students will explain how physics uses observation, measurement, evidence, models, and testable claims to understand the natural world.","I can distinguish between an observation, inference, hypothesis, law, and theory.",Plan / Evaluate Investigations,multipart,constructed response,instructional,90,,,,Unit 1 Assessment Plan; Course Framework,
U1-S1-CYU-Q06,AP/SCI,Conceptual Physics,1,1,Check Your Understanding,CYU,Q06,current-section,U1-MG01,,,,U1-S1-CYU-FAM06,mixed,,2,"Students will explain how physics uses observation, measurement, evidence, models, and testable claims to understand the natural world.","I can distinguish between an observation, inference, hypothesis, law, and theory.",Develop and Use Models,short response,constructed response,instructional,90,,,,Unit 1 Assessment Plan; Course Framework,
U1-S2-CYU-Q01,AP/SCI,Conceptual Physics,1,2,Check Your Understanding,CYU,Q01,current-section,U1-MG02,,,,U1-S2-CYU-FAM01,mixed,,2,Students will explain Newton’s First Law and use the idea of inertia to predict whether an object’s motion will stay the same or change.,I can state Newton’s First Law in everyday language.,Interpret Data and Representations,multiple choice,selected response,instructional,90,,,,Unit 1 Assessment Plan; Course Framework,
U1-S2-CYU-Q02,AP/SCI,Conceptual Physics,1,2,Check Your Understanding,CYU,Q02,current-section,U1-MG02,,,,U1-S2-CYU-FAM02,mixed,,2,Students will explain Newton’s First Law and use the idea of inertia to predict whether an object’s motion will stay the same or change.,I can state Newton’s First Law in everyday language.,Scientific Explanation and Argument from Evidence,short response,constructed response,instructional,90,,,,Unit 1 Assessment Plan; Course Framework,
U1-S2-CYU-Q03,AP/SCI,Conceptual Physics,1,2,Check Your Understanding,CYU,Q03,current-section,U1-MG02,,,,U1-S2-CYU-FAM03,mixed,,2,Students will explain Newton’s First Law and use the idea of inertia to predict whether an object’s motion will stay the same or change.,I can state Newton’s First Law in everyday language.,Mathematical / Computational Thinking,short response,constructed response,instructional,90,,,,Unit 1 Assessment Plan; Course Framework,
U1-S2-CYU-Q04,AP/SCI,Conceptual Physics,1,2,Check Your Understanding,CYU,Q04,current-section,U1-MG02,,,,U1-S2-CYU-FAM04,mixed,,2,Students will explain Newton’s First Law and use the idea of inertia to predict whether an object’s motion will stay the same or change.,I can state Newton’s First Law in everyday language.,Develop and Use Models,multiple choice,selected response,instructional,90,,,,Unit 1 Assessment Plan; Course Framework,
U1-S2-CYU-Q05,AP/SCI,Conceptual Physics,1,2,Check Your Understanding,CYU,Q05,current-section,U1-MG02,,,,U1-S2-CYU-FAM05,mixed,,2,Students will explain Newton’s First Law and use the idea of inertia to predict whether an object’s motion will stay the same or change.,I can state Newton’s First Law in everyday language.,Scientific Explanation and Argument from Evidence,multipart,constructed response,instructional,90,,,,Unit 1 Assessment Plan; Course Framework,
U1-S2-CYU-Q06,AP/SCI,Conceptual Physics,1,2,Check Your Understanding,CYU,Q06,current-section,U1-MG02,,,,U1-S2-CYU-FAM06,mixed,,2,Students will explain Newton’s First Law and use the idea of inertia to predict whether an object’s motion will stay the same or change.,I can state Newton’s First Law in everyday language.,Scientific Explanation and Argument from Evidence,short response,constructed response,instructional,90,,,,Unit 1 Assessment Plan; Course Framework,
U1-S3-CYU-Q01,AP/SCI,Conceptual Physics,1,3,Check Your Understanding,CYU,Q01,current-section,U1-MG03,,,,U1-S3-CYU-FAM01,mixed,,2,Students will represent forces as vectors and determine the direction and relative size of the net force in one-dimensional and simple two-dimensional situations.,I can explain why force is a vector quantity.,Mathematical / Computational Thinking,short response,constructed response,instructional,90,,,,Unit 1 Assessment Plan; Course Framework,
U1-S3-CYU-Q02,AP/SCI,Conceptual Physics,1,3,Check Your Understanding,CYU,Q02,current-section,U1-MG03,,,,U1-S3-CYU-FAM02,mixed,,2,Students will represent forces as vectors and determine the direction and relative size of the net force in one-dimensional and simple two-dimensional situations.,I can explain why force is a vector quantity.,Interpret Data and Representations,multiple choice,selected response,instructional,90,,,,Unit 1 Assessment Plan; Course Framework,
U1-S3-CYU-Q03,AP/SCI,Conceptual Physics,1,3,Check Your Understanding,CYU,Q03,current-section,U1-MG03,,,,U1-S3-CYU-FAM03,mixed,,2,Students will represent forces as vectors and determine the direction and relative size of the net force in one-dimensional and simple two-dimensional situations.,I can explain why force is a vector quantity.,Mathematical / Computational Thinking,short response,constructed response,instructional,90,,,,Unit 1 Assessment Plan; Course Framework,
U1-S3-CYU-Q04,AP/SCI,Conceptual Physics,1,3,Check Your Understanding,CYU,Q04,current-section,U1-MG03,,,,U1-S3-CYU-FAM04,mixed,,2,Students will represent forces as vectors and determine the direction and relative size of the net force in one-dimensional and simple two-dimensional situations.,I can explain why force is a vector quantity.,Mathematical / Computational Thinking,multiple choice,selected response,instructional,90,,,,Unit 1 Assessment Plan; Course Framework,
U1-S3-CYU-Q05,AP/SCI,Conceptual Physics,1,3,Check Your Understanding,CYU,Q05,current-section,U1-MG03,,,,U1-S3-CYU-FAM05,mixed,,2,Students will represent forces as vectors and determine the direction and relative size of the net force in one-dimensional and simple two-dimensional situations.,I can explain why force is a vector quantity.,Scientific Explanation and Argument from Evidence,short response,constructed response,instructional,90,,,,Unit 1 Assessment Plan; Course Framework,
U1-S3-CYU-Q06,AP/SCI,Conceptual Physics,1,3,Check Your Understanding,CYU,Q06,current-section,U1-MG03,,,,U1-S3-CYU-FAM06,mixed,,2,Students will represent forces as vectors and determine the direction and relative size of the net force in one-dimensional and simple two-dimensional situations.,I can explain why force is a vector quantity.,Develop and Use Models,short response,constructed response,instructional,90,,,,Unit 1 Assessment Plan; Course Framework,
U1-S4-CYU-Q01,AP/SCI,Conceptual Physics,1,4,Check Your Understanding,CYU,Q01,current-section,U1-MG02|U1-MG03,,,,U1-S4-CYU-FAM01,mixed,,2,Students will determine whether an object is in mechanical equilibrium and explain how balanced forces relate to rest or constant straight-line motion.,I can recognize static equilibrium and dynamic equilibrium.,Interpret Data and Representations,multiple choice,selected response,instructional,90,,,,Unit 1 Assessment Plan; Course Framework,
U1-S4-CYU-Q02,AP/SCI,Conceptual Physics,1,4,Check Your Understanding,CYU,Q02,current-section,U1-MG02|U1-MG03,,,,U1-S4-CYU-FAM02,mixed,,2,Students will determine whether an object is in mechanical equilibrium and explain how balanced forces relate to rest or constant straight-line motion.,I can recognize static equilibrium and dynamic equilibrium.,Mathematical / Computational Thinking,short response,constructed response,instructional,90,,,,Unit 1 Assessment Plan; Course Framework,
U1-S4-CYU-Q03,AP/SCI,Conceptual Physics,1,4,Check Your Understanding,CYU,Q03,current-section,U1-MG02|U1-MG03,,,,U1-S4-CYU-FAM03,mixed,,2,Students will determine whether an object is in mechanical equilibrium and explain how balanced forces relate to rest or constant straight-line motion.,I can recognize static equilibrium and dynamic equilibrium.,Develop and Use Models,short response,constructed response,instructional,90,,,,Unit 1 Assessment Plan; Course Framework,
U1-S4-CYU-Q04,AP/SCI,Conceptual Physics,1,4,Check Your Understanding,CYU,Q04,current-section,U1-MG02|U1-MG03,,,,U1-S4-CYU-FAM04,mixed,,2,Students will determine whether an object is in mechanical equilibrium and explain how balanced forces relate to rest or constant straight-line motion.,I can recognize static equilibrium and dynamic equilibrium.,Scientific Explanation and Argument from Evidence,multiple choice,selected response,instructional,90,,,,Unit 1 Assessment Plan; Course Framework,
U1-S4-CYU-Q05,AP/SCI,Conceptual Physics,1,4,Check Your Understanding,CYU,Q05,current-section,U1-MG02|U1-MG03,,,,U1-S4-CYU-FAM05,mixed,,2,Students will determine whether an object is in mechanical equilibrium and explain how balanced forces relate to rest or constant straight-line motion.,I can recognize static equilibrium and dynamic equilibrium.,Scientific Explanation and Argument from Evidence,multipart,constructed response,instructional,90,,,,Unit 1 Assessment Plan; Course Framework,
U1-S4-CYU-Q06,AP/SCI,Conceptual Physics,1,4,Check Your Understanding,CYU,Q06,current-section,U1-MG02|U1-MG03,,,,U1-S4-CYU-FAM06,mixed,,2,Students will determine whether an object is in mechanical equilibrium and explain how balanced forces relate to rest or constant straight-line motion.,I can recognize static equilibrium and dynamic equilibrium.,Scientific Explanation and Argument from Evidence,short response,constructed response,instructional,90,,,,Unit 1 Assessment Plan; Course Framework,
U1-S5-CYU-Q01,AP/SCI,Conceptual Physics,1,5,Check Your Understanding,CYU,Q01,current-section,U1-MG04,,,,U1-S5-CYU-FAM01,mixed,,2,"Students will create and critique force models for real-world situations involving inertia, support force, net force, and equilibrium.",I can draw a force diagram for an object in a real-world situation.,Develop and Use Models,short response,constructed response,instructional,90,,,,Unit 1 Assessment Plan; Course Framework,
U1-S5-CYU-Q02,AP/SCI,Conceptual Physics,1,5,Check Your Understanding,CYU,Q02,current-section,U1-MG04,,,,U1-S5-CYU-FAM02,mixed,,2,"Students will create and critique force models for real-world situations involving inertia, support force, net force, and equilibrium.",I can draw a force diagram for an object in a real-world situation.,Develop and Use Models,multiple choice,selected response,instructional,90,,,,Unit 1 Assessment Plan; Course Framework,
U1-S5-CYU-Q03,AP/SCI,Conceptual Physics,1,5,Check Your Understanding,CYU,Q03,current-section,U1-MG04,,,,U1-S5-CYU-FAM03,mixed,,2,"Students will create and critique force models for real-world situations involving inertia, support force, net force, and equilibrium.",I can draw a force diagram for an object in a real-world situation.,Mathematical / Computational Thinking,short response,constructed response,instructional,90,,,,Unit 1 Assessment Plan; Course Framework,
U1-S5-CYU-Q04,AP/SCI,Conceptual Physics,1,5,Check Your Understanding,CYU,Q04,current-section,U1-MG04,,,,U1-S5-CYU-FAM04,mixed,,2,"Students will create and critique force models for real-world situations involving inertia, support force, net force, and equilibrium.",I can draw a force diagram for an object in a real-world situation.,Scientific Explanation and Argument from Evidence,multipart,constructed response,instructional,90,,,,Unit 1 Assessment Plan; Course Framework,
U1-S5-CYU-Q05,AP/SCI,Conceptual Physics,1,5,Check Your Understanding,CYU,Q05,current-section,U1-MG04,,,,U1-S5-CYU-FAM05,mixed,,2,"Students will create and critique force models for real-world situations involving inertia, support force, net force, and equilibrium.",I can draw a force diagram for an object in a real-world situation.,Interpret Data and Representations,short response,constructed response,instructional,90,,,,Unit 1 Assessment Plan; Course Framework,
U1-S5-CYU-Q06,AP/SCI,Conceptual Physics,1,5,Check Your Understanding,CYU,Q06,current-section,U1-MG04,,,,U1-S5-CYU-FAM06,mixed,,2,"Students will create and critique force models for real-world situations involving inertia, support force, net force, and equilibrium.",I can draw a force diagram for an object in a real-world situation.,Scientific Explanation and Argument from Evidence,multipart,constructed response,instructional,90,,,,Unit 1 Assessment Plan; Course Framework,
U1-S1-TAR-Q01,AP/SCI,Conceptual Physics,1,1,Tarsia,Tarsia,Q01,current-section,U1-MG01,,,,U1-S1-TAR-FAM01,mixed,,1,"Students will explain how physics uses observation, measurement, evidence, models, and testable claims to understand the natural world.","I can distinguish between an observation, inference, hypothesis, law, and theory.",Scientific Explanation and Argument from Evidence,matching pair,short match,instructional,25,,,,Unit 1 Assessment Plan; Course Framework; Conceptual Physics terminology,
U1-S1-TAR-Q02,AP/SCI,Conceptual Physics,1,1,Tarsia,Tarsia,Q02,current-section,U1-MG01,,,,U1-S1-TAR-FAM02,mixed,,1,"Students will explain how physics uses observation, measurement, evidence, models, and testable claims to understand the natural world.","I can distinguish between an observation, inference, hypothesis, law, and theory.",Scientific Explanation and Argument from Evidence,matching pair,short match,instructional,25,,,,Unit 1 Assessment Plan; Course Framework; Conceptual Physics terminology,
U1-S1-TAR-Q03,AP/SCI,Conceptual Physics,1,1,Tarsia,Tarsia,Q03,current-section,U1-MG01,,,,U1-S1-TAR-FAM03,mixed,,1,"Students will explain how physics uses observation, measurement, evidence, models, and testable claims to understand the natural world.","I can distinguish between an observation, inference, hypothesis, law, and theory.",Scientific Explanation and Argument from Evidence,matching pair,short match,instructional,25,,,,Unit 1 Assessment Plan; Course Framework; Conceptual Physics terminology,
U1-S1-TAR-Q04,AP/SCI,Conceptual Physics,1,1,Tarsia,Tarsia,Q04,current-section,U1-MG01,,,,U1-S1-TAR-FAM04,mixed,,1,"Students will explain how physics uses observation, measurement, evidence, models, and testable claims to understand the natural world.","I can distinguish between an observation, inference, hypothesis, law, and theory.",Scientific Explanation and Argument from Evidence,matching pair,short match,instructional,25,,,,Unit 1 Assessment Plan; Course Framework; Conceptual Physics terminology,
U1-S1-TAR-Q05,AP/SCI,Conceptual Physics,1,1,Tarsia,Tarsia,Q05,current-section,U1-MG01,,,,U1-S1-TAR-FAM05,mixed,,1,"Students will explain how physics uses observation, measurement, evidence, models, and testable claims to understand the natural world.","I can distinguish between an observation, inference, hypothesis, law, and theory.",Scientific Explanation and Argument from Evidence,matching pair,short match,instructional,25,,,,Unit 1 Assessment Plan; Course Framework; Conceptual Physics terminology,
U1-S1-TAR-Q06,AP/SCI,Conceptual Physics,1,1,Tarsia,Tarsia,Q06,current-section,U1-MG01,,,,U1-S1-TAR-FAM06,mixed,,1,"Students will explain how physics uses observation, measurement, evidence, models, and testable claims to understand the natural world.","I can distinguish between an observation, inference, hypothesis, law, and theory.",Scientific Explanation and Argument from Evidence,matching pair,short match,instructional,25,,,,Unit 1 Assessment Plan; Course Framework; Conceptual Physics terminology,
U1-S1-TAR-Q07,AP/SCI,Conceptual Physics,1,1,Tarsia,Tarsia,Q07,current-section,U1-MG01,,,,U1-S1-TAR-FAM01,mixed,,1,"Students will explain how physics uses observation, measurement, evidence, models, and testable claims to understand the natural world.","I can distinguish between an observation, inference, hypothesis, law, and theory.",Scientific Explanation and Argument from Evidence,matching pair,short match,instructional,25,,,,Unit 1 Assessment Plan; Course Framework; Conceptual Physics terminology,
U1-S1-TAR-Q08,AP/SCI,Conceptual Physics,1,1,Tarsia,Tarsia,Q08,current-section,U1-MG01,,,,U1-S1-TAR-FAM02,mixed,,1,"Students will explain how physics uses observation, measurement, evidence, models, and testable claims to understand the natural world.","I can distinguish between an observation, inference, hypothesis, law, and theory.",Scientific Explanation and Argument from Evidence,matching pair,short match,instructional,25,,,,Unit 1 Assessment Plan; Course Framework; Conceptual Physics terminology,
U1-S1-TAR-Q09,AP/SCI,Conceptual Physics,1,1,Tarsia,Tarsia,Q09,current-section,U1-MG01,,,,U1-S1-TAR-FAM03,mixed,,2,"Students will explain how physics uses observation, measurement, evidence, models, and testable claims to understand the natural world.","I can distinguish between an observation, inference, hypothesis, law, and theory.",Scientific Explanation and Argument from Evidence,matching pair,short match,instructional,25,,,,Unit 1 Assessment Plan; Course Framework; Conceptual Physics terminology,
U1-S1-TAR-Q10,AP/SCI,Conceptual Physics,1,1,Tarsia,Tarsia,Q10,current-section,U1-MG01,,,,U1-S1-TAR-FAM04,mixed,,2,"Students will explain how physics uses observation, measurement, evidence, models, and testable claims to understand the natural world.","I can distinguish between an observation, inference, hypothesis, law, and theory.",Scientific Explanation and Argument from Evidence,matching pair,short match,instructional,25,,,,Unit 1 Assessment Plan; Course Framework; Conceptual Physics terminology,
U1-S1-TAR-Q11,AP/SCI,Conceptual Physics,1,1,Tarsia,Tarsia,Q11,current-section,U1-MG01,,,,U1-S1-TAR-FAM05,mixed,,2,"Students will explain how physics uses observation, measurement, evidence, models, and testable claims to understand the natural world.","I can distinguish between an observation, inference, hypothesis, law, and theory.",Scientific Explanation and Argument from Evidence,matching pair,short match,instructional,25,,,,Unit 1 Assessment Plan; Course Framework; Conceptual Physics terminology,
U1-S1-TAR-Q12,AP/SCI,Conceptual Physics,1,1,Tarsia,Tarsia,Q12,current-section,U1-MG01,,,,U1-S1-TAR-FAM06,mixed,,2,"Students will explain how physics uses observation, measurement, evidence, models, and testable claims to understand the natural world.","I can distinguish between an observation, inference, hypothesis, law, and theory.",Scientific Explanation and Argument from Evidence,matching pair,short match,instructional,25,,,,Unit 1 Assessment Plan; Course Framework; Conceptual Physics terminology,
U1-S1-TAR-Q13,AP/SCI,Conceptual Physics,1,1,Tarsia,Tarsia,Q13,current-section,U1-MG01,,,,U1-S1-TAR-FAM01,mixed,,2,"Students will explain how physics uses observation, measurement, evidence, models, and testable claims to understand the natural world.","I can distinguish between an observation, inference, hypothesis, law, and theory.",Scientific Explanation and Argument from Evidence,matching pair,short match,instructional,25,,,,Unit 1 Assessment Plan; Course Framework; Conceptual Physics terminology,
U1-S1-TAR-Q14,AP/SCI,Conceptual Physics,1,1,Tarsia,Tarsia,Q14,current-section,U1-MG01,,,,U1-S1-TAR-FAM02,mixed,,2,"Students will explain how physics uses observation, measurement, evidence, models, and testable claims to understand the natural world.","I can distinguish between an observation, inference, hypothesis, law, and theory.",Scientific Explanation and Argument from Evidence,matching pair,short match,instructional,25,,,,Unit 1 Assessment Plan; Course Framework; Conceptual Physics terminology,
U1-S1-TAR-Q15,AP/SCI,Conceptual Physics,1,1,Tarsia,Tarsia,Q15,current-section,U1-MG01,,,,U1-S1-TAR-FAM03,mixed,,2,"Students will explain how physics uses observation, measurement, evidence, models, and testable claims to understand the natural world.","I can distinguish between an observation, inference, hypothesis, law, and theory.",Scientific Explanation and Argument from Evidence,matching pair,short match,instructional,25,,,,Unit 1 Assessment Plan; Course Framework; Conceptual Physics terminology,
U1-S1-TAR-Q16,AP/SCI,Conceptual Physics,1,1,Tarsia,Tarsia,Q16,current-section,U1-MG01,,,,U1-S1-TAR-FAM04,mixed,,2,"Students will explain how physics uses observation, measurement, evidence, models, and testable claims to understand the natural world.","I can distinguish between an observation, inference, hypothesis, law, and theory.",Scientific Explanation and Argument from Evidence,matching pair,short match,instructional,25,,,,Unit 1 Assessment Plan; Course Framework; Conceptual Physics terminology,
U1-S1-TAR-Q17,AP/SCI,Conceptual Physics,1,1,Tarsia,Tarsia,Q17,current-section,U1-MG01,,,,U1-S1-TAR-FAM05,mixed,,2,"Students will explain how physics uses observation, measurement, evidence, models, and testable claims to understand the natural world.","I can distinguish between an observation, inference, hypothesis, law, and theory.",Scientific Explanation and Argument from Evidence,matching pair,short match,instructional,25,,,,Unit 1 Assessment Plan; Course Framework; Conceptual Physics terminology,
U1-S1-TAR-Q18,AP/SCI,Conceptual Physics,1,1,Tarsia,Tarsia,Q18,current-section,U1-MG01,,,,U1-S1-TAR-FAM06,mixed,,2,"Students will explain how physics uses observation, measurement, evidence, models, and testable claims to understand the natural world.","I can distinguish between an observation, inference, hypothesis, law, and theory.",Scientific Explanation and Argument from Evidence,matching pair,short match,instructional,25,,,,Unit 1 Assessment Plan; Course Framework; Conceptual Physics terminology,
U1-S2-TAR-Q01,AP/SCI,Conceptual Physics,1,2,Tarsia,Tarsia,Q01,current-section,U1-MG02,,,,U1-S2-TAR-FAM01,mixed,,1,Students will explain Newton’s First Law and use the idea of inertia to predict whether an object’s motion will stay the same or change.,I can state Newton’s First Law in everyday language.,Interpret Data and Representations,matching pair,short match,instructional,25,,,,Unit 1 Assessment Plan; Course Framework; Conceptual Physics terminology,
U1-S2-TAR-Q02,AP/SCI,Conceptual Physics,1,2,Tarsia,Tarsia,Q02,current-section,U1-MG02,,,,U1-S2-TAR-FAM02,mixed,,1,Students will explain Newton’s First Law and use the idea of inertia to predict whether an object’s motion will stay the same or change.,I can state Newton’s First Law in everyday language.,Interpret Data and Representations,matching pair,short match,instructional,25,,,,Unit 1 Assessment Plan; Course Framework; Conceptual Physics terminology,
U1-S2-TAR-Q03,AP/SCI,Conceptual Physics,1,2,Tarsia,Tarsia,Q03,current-section,U1-MG02,,,,U1-S2-TAR-FAM03,mixed,,1,Students will explain Newton’s First Law and use the idea of inertia to predict whether an object’s motion will stay the same or change.,I can state Newton’s First Law in everyday language.,Interpret Data and Representations,matching pair,short match,instructional,25,,,,Unit 1 Assessment Plan; Course Framework; Conceptual Physics terminology,
U1-S2-TAR-Q04,AP/SCI,Conceptual Physics,1,2,Tarsia,Tarsia,Q04,current-section,U1-MG02,,,,U1-S2-TAR-FAM04,mixed,,1,Students will explain Newton’s First Law and use the idea of inertia to predict whether an object’s motion will stay the same or change.,I can state Newton’s First Law in everyday language.,Interpret Data and Representations,matching pair,short match,instructional,25,,,,Unit 1 Assessment Plan; Course Framework; Conceptual Physics terminology,
U1-S2-TAR-Q05,AP/SCI,Conceptual Physics,1,2,Tarsia,Tarsia,Q05,current-section,U1-MG02,,,,U1-S2-TAR-FAM05,mixed,,1,Students will explain Newton’s First Law and use the idea of inertia to predict whether an object’s motion will stay the same or change.,I can state Newton’s First Law in everyday language.,Interpret Data and Representations,matching pair,short match,instructional,25,,,,Unit 1 Assessment Plan; Course Framework; Conceptual Physics terminology,
U1-S2-TAR-Q06,AP/SCI,Conceptual Physics,1,2,Tarsia,Tarsia,Q06,current-section,U1-MG02,,,,U1-S2-TAR-FAM06,mixed,,1,Students will explain Newton’s First Law and use the idea of inertia to predict whether an object’s motion will stay the same or change.,I can state Newton’s First Law in everyday language.,Interpret Data and Representations,matching pair,short match,instructional,25,,,,Unit 1 Assessment Plan; Course Framework; Conceptual Physics terminology,
U1-S2-TAR-Q07,AP/SCI,Conceptual Physics,1,2,Tarsia,Tarsia,Q07,current-section,U1-MG02,,,,U1-S2-TAR-FAM01,mixed,,1,Students will explain Newton’s First Law and use the idea of inertia to predict whether an object’s motion will stay the same or change.,I can state Newton’s First Law in everyday language.,Interpret Data and Representations,matching pair,short match,instructional,25,,,,Unit 1 Assessment Plan; Course Framework; Conceptual Physics terminology,
U1-S2-TAR-Q08,AP/SCI,Conceptual Physics,1,2,Tarsia,Tarsia,Q08,current-section,U1-MG02,,,,U1-S2-TAR-FAM02,mixed,,1,Students will explain Newton’s First Law and use the idea of inertia to predict whether an object’s motion will stay the same or change.,I can state Newton’s First Law in everyday language.,Interpret Data and Representations,matching pair,short match,instructional,25,,,,Unit 1 Assessment Plan; Course Framework; Conceptual Physics terminology,
U1-S2-TAR-Q09,AP/SCI,Conceptual Physics,1,2,Tarsia,Tarsia,Q09,current-section,U1-MG02,,,,U1-S2-TAR-FAM03,mixed,,2,Students will explain Newton’s First Law and use the idea of inertia to predict whether an object’s motion will stay the same or change.,I can state Newton’s First Law in everyday language.,Interpret Data and Representations,matching pair,short match,instructional,25,,,,Unit 1 Assessment Plan; Course Framework; Conceptual Physics terminology,
U1-S2-TAR-Q10,AP/SCI,Conceptual Physics,1,2,Tarsia,Tarsia,Q10,current-section,U1-MG02,,,,U1-S2-TAR-FAM04,mixed,,2,Students will explain Newton’s First Law and use the idea of inertia to predict whether an object’s motion will stay the same or change.,I can state Newton’s First Law in everyday language.,Interpret Data and Representations,matching pair,short match,instructional,25,,,,Unit 1 Assessment Plan; Course Framework; Conceptual Physics terminology,
U1-S2-TAR-Q11,AP/SCI,Conceptual Physics,1,2,Tarsia,Tarsia,Q11,current-section,U1-MG02,,,,U1-S2-TAR-FAM05,mixed,,2,Students will explain Newton’s First Law and use the idea of inertia to predict whether an object’s motion will stay the same or change.,I can state Newton’s First Law in everyday language.,Interpret Data and Representations,matching pair,short match,instructional,25,,,,Unit 1 Assessment Plan; Course Framework; Conceptual Physics terminology,
U1-S2-TAR-Q12,AP/SCI,Conceptual Physics,1,2,Tarsia,Tarsia,Q12,current-section,U1-MG02,,,,U1-S2-TAR-FAM06,mixed,,2,Students will explain Newton’s First Law and use the idea of inertia to predict whether an object’s motion will stay the same or change.,I can state Newton’s First Law in everyday language.,Interpret Data and Representations,matching pair,short match,instructional,25,,,,Unit 1 Assessment Plan; Course Framework; Conceptual Physics terminology,
U1-S2-TAR-Q13,AP/SCI,Conceptual Physics,1,2,Tarsia,Tarsia,Q13,current-section,U1-MG02,,,,U1-S2-TAR-FAM01,mixed,,2,Students will explain Newton’s First Law and use the idea of inertia to predict whether an object’s motion will stay the same or change.,I can state Newton’s First Law in everyday language.,Interpret Data and Representations,matching pair,short match,instructional,25,,,,Unit 1 Assessment Plan; Course Framework; Conceptual Physics terminology,
U1-S2-TAR-Q14,AP/SCI,Conceptual Physics,1,2,Tarsia,Tarsia,Q14,current-section,U1-MG02,,,,U1-S2-TAR-FAM02,mixed,,2,Students will explain Newton’s First Law and use the idea of inertia to predict whether an object’s motion will stay the same or change.,I can state Newton’s First Law in everyday language.,Interpret Data and Representations,matching pair,short match,instructional,25,,,,Unit 1 Assessment Plan; Course Framework; Conceptual Physics terminology,
U1-S2-TAR-Q15,AP/SCI,Conceptual Physics,1,2,Tarsia,Tarsia,Q15,current-section,U1-MG02,,,,U1-S2-TAR-FAM03,mixed,,2,Students will explain Newton’s First Law and use the idea of inertia to predict whether an object’s motion will stay the same or change.,I can state Newton’s First Law in everyday language.,Interpret Data and Representations,matching pair,short match,instructional,25,,,,Unit 1 Assessment Plan; Course Framework; Conceptual Physics terminology,
U1-S2-TAR-Q16,AP/SCI,Conceptual Physics,1,2,Tarsia,Tarsia,Q16,current-section,U1-MG02,,,,U1-S2-TAR-FAM04,mixed,,2,Students will explain Newton’s First Law and use the idea of inertia to predict whether an object’s motion will stay the same or change.,I can state Newton’s First Law in everyday language.,Interpret Data and Representations,matching pair,short match,instructional,25,,,,Unit 1 Assessment Plan; Course Framework; Conceptual Physics terminology,
U1-S2-TAR-Q17,AP/SCI,Conceptual Physics,1,2,Tarsia,Tarsia,Q17,current-section,U1-MG02,,,,U1-S2-TAR-FAM05,mixed,,2,Students will explain Newton’s First Law and use the idea of inertia to predict whether an object’s motion will stay the same or change.,I can state Newton’s First Law in everyday language.,Interpret Data and Representations,matching pair,short match,instructional,25,,,,Unit 1 Assessment Plan; Course Framework; Conceptual Physics terminology,
U1-S2-TAR-Q18,AP/SCI,Conceptual Physics,1,2,Tarsia,Tarsia,Q18,current-section,U1-MG02,,,,U1-S2-TAR-FAM06,mixed,,2,Students will explain Newton’s First Law and use the idea of inertia to predict whether an object’s motion will stay the same or change.,I can state Newton’s First Law in everyday language.,Interpret Data and Representations,matching pair,short match,instructional,25,,,,Unit 1 Assessment Plan; Course Framework; Conceptual Physics terminology,
U1-S3-TAR-Q01,AP/SCI,Conceptual Physics,1,3,Tarsia,Tarsia,Q01,current-section,U1-MG03,,,,U1-S3-TAR-FAM01,mixed,,1,Students will represent forces as vectors and determine the direction and relative size of the net force in one-dimensional and simple two-dimensional situations.,I can explain why force is a vector quantity.,Interpret Data and Representations,matching pair,short match,instructional,25,,,,Unit 1 Assessment Plan; Course Framework; Conceptual Physics terminology,
U1-S3-TAR-Q02,AP/SCI,Conceptual Physics,1,3,Tarsia,Tarsia,Q02,current-section,U1-MG03,,,,U1-S3-TAR-FAM02,mixed,,1,Students will represent forces as vectors and determine the direction and relative size of the net force in one-dimensional and simple two-dimensional situations.,I can explain why force is a vector quantity.,Interpret Data and Representations,matching pair,short match,instructional,25,,,,Unit 1 Assessment Plan; Course Framework; Conceptual Physics terminology,
U1-S3-TAR-Q03,AP/SCI,Conceptual Physics,1,3,Tarsia,Tarsia,Q03,current-section,U1-MG03,,,,U1-S3-TAR-FAM03,mixed,,1,Students will represent forces as vectors and determine the direction and relative size of the net force in one-dimensional and simple two-dimensional situations.,I can explain why force is a vector quantity.,Interpret Data and Representations,matching pair,short match,instructional,25,,,,Unit 1 Assessment Plan; Course Framework; Conceptual Physics terminology,
U1-S3-TAR-Q04,AP/SCI,Conceptual Physics,1,3,Tarsia,Tarsia,Q04,current-section,U1-MG03,,,,U1-S3-TAR-FAM04,mixed,,1,Students will represent forces as vectors and determine the direction and relative size of the net force in one-dimensional and simple two-dimensional situations.,I can explain why force is a vector quantity.,Interpret Data and Representations,matching pair,short match,instructional,25,,,,Unit 1 Assessment Plan; Course Framework; Conceptual Physics terminology,
U1-S3-TAR-Q05,AP/SCI,Conceptual Physics,1,3,Tarsia,Tarsia,Q05,current-section,U1-MG03,,,,U1-S3-TAR-FAM05,mixed,,1,Students will represent forces as vectors and determine the direction and relative size of the net force in one-dimensional and simple two-dimensional situations.,I can explain why force is a vector quantity.,Interpret Data and Representations,matching pair,short match,instructional,25,,,,Unit 1 Assessment Plan; Course Framework; Conceptual Physics terminology,
U1-S3-TAR-Q06,AP/SCI,Conceptual Physics,1,3,Tarsia,Tarsia,Q06,current-section,U1-MG03,,,,U1-S3-TAR-FAM06,mixed,,1,Students will represent forces as vectors and determine the direction and relative size of the net force in one-dimensional and simple two-dimensional situations.,I can explain why force is a vector quantity.,Interpret Data and Representations,matching pair,short match,instructional,25,,,,Unit 1 Assessment Plan; Course Framework; Conceptual Physics terminology,
U1-S3-TAR-Q07,AP/SCI,Conceptual Physics,1,3,Tarsia,Tarsia,Q07,current-section,U1-MG03,,,,U1-S3-TAR-FAM01,mixed,,1,Students will represent forces as vectors and determine the direction and relative size of the net force in one-dimensional and simple two-dimensional situations.,I can explain why force is a vector quantity.,Interpret Data and Representations,matching pair,short match,instructional,25,,,,Unit 1 Assessment Plan; Course Framework; Conceptual Physics terminology,
U1-S3-TAR-Q08,AP/SCI,Conceptual Physics,1,3,Tarsia,Tarsia,Q08,current-section,U1-MG03,,,,U1-S3-TAR-FAM02,mixed,,1,Students will represent forces as vectors and determine the direction and relative size of the net force in one-dimensional and simple two-dimensional situations.,I can explain why force is a vector quantity.,Interpret Data and Representations,matching pair,short match,instructional,25,,,,Unit 1 Assessment Plan; Course Framework; Conceptual Physics terminology,
U1-S3-TAR-Q09,AP/SCI,Conceptual Physics,1,3,Tarsia,Tarsia,Q09,current-section,U1-MG03,,,,U1-S3-TAR-FAM03,mixed,,2,Students will represent forces as vectors and determine the direction and relative size of the net force in one-dimensional and simple two-dimensional situations.,I can explain why force is a vector quantity.,Interpret Data and Representations,matching pair,short match,instructional,25,,,,Unit 1 Assessment Plan; Course Framework; Conceptual Physics terminology,
U1-S3-TAR-Q10,AP/SCI,Conceptual Physics,1,3,Tarsia,Tarsia,Q10,current-section,U1-MG03,,,,U1-S3-TAR-FAM04,mixed,,2,Students will represent forces as vectors and determine the direction and relative size of the net force in one-dimensional and simple two-dimensional situations.,I can explain why force is a vector quantity.,Interpret Data and Representations,matching pair,short match,instructional,25,,,,Unit 1 Assessment Plan; Course Framework; Conceptual Physics terminology,
U1-S3-TAR-Q11,AP/SCI,Conceptual Physics,1,3,Tarsia,Tarsia,Q11,current-section,U1-MG03,,,,U1-S3-TAR-FAM05,mixed,,2,Students will represent forces as vectors and determine the direction and relative size of the net force in one-dimensional and simple two-dimensional situations.,I can explain why force is a vector quantity.,Interpret Data and Representations,matching pair,short match,instructional,25,,,,Unit 1 Assessment Plan; Course Framework; Conceptual Physics terminology,
U1-S3-TAR-Q12,AP/SCI,Conceptual Physics,1,3,Tarsia,Tarsia,Q12,current-section,U1-MG03,,,,U1-S3-TAR-FAM06,mixed,,2,Students will represent forces as vectors and determine the direction and relative size of the net force in one-dimensional and simple two-dimensional situations.,I can explain why force is a vector quantity.,Interpret Data and Representations,matching pair,short match,instructional,25,,,,Unit 1 Assessment Plan; Course Framework; Conceptual Physics terminology,
U1-S3-TAR-Q13,AP/SCI,Conceptual Physics,1,3,Tarsia,Tarsia,Q13,current-section,U1-MG03,,,,U1-S3-TAR-FAM01,mixed,,2,Students will represent forces as vectors and determine the direction and relative size of the net force in one-dimensional and simple two-dimensional situations.,I can explain why force is a vector quantity.,Interpret Data and Representations,matching pair,short match,instructional,25,,,,Unit 1 Assessment Plan; Course Framework; Conceptual Physics terminology,
U1-S3-TAR-Q14,AP/SCI,Conceptual Physics,1,3,Tarsia,Tarsia,Q14,current-section,U1-MG03,,,,U1-S3-TAR-FAM02,mixed,,2,Students will represent forces as vectors and determine the direction and relative size of the net force in one-dimensional and simple two-dimensional situations.,I can explain why force is a vector quantity.,Interpret Data and Representations,matching pair,short match,instructional,25,,,,Unit 1 Assessment Plan; Course Framework; Conceptual Physics terminology,
U1-S3-TAR-Q15,AP/SCI,Conceptual Physics,1,3,Tarsia,Tarsia,Q15,current-section,U1-MG03,,,,U1-S3-TAR-FAM03,mixed,,2,Students will represent forces as vectors and determine the direction and relative size of the net force in one-dimensional and simple two-dimensional situations.,I can explain why force is a vector quantity.,Interpret Data and Representations,matching pair,short match,instructional,25,,,,Unit 1 Assessment Plan; Course Framework; Conceptual Physics terminology,
U1-S3-TAR-Q16,AP/SCI,Conceptual Physics,1,3,Tarsia,Tarsia,Q16,current-section,U1-MG03,,,,U1-S3-TAR-FAM04,mixed,,2,Students will represent forces as vectors and determine the direction and relative size of the net force in one-dimensional and simple two-dimensional situations.,I can explain why force is a vector quantity.,Interpret Data and Representations,matching pair,short match,instructional,25,,,,Unit 1 Assessment Plan; Course Framework; Conceptual Physics terminology,
U1-S3-TAR-Q17,AP/SCI,Conceptual Physics,1,3,Tarsia,Tarsia,Q17,current-section,U1-MG03,,,,U1-S3-TAR-FAM05,mixed,,2,Students will represent forces as vectors and determine the direction and relative size of the net force in one-dimensional and simple two-dimensional situations.,I can explain why force is a vector quantity.,Interpret Data and Representations,matching pair,short match,instructional,25,,,,Unit 1 Assessment Plan; Course Framework; Conceptual Physics terminology,
U1-S3-TAR-Q18,AP/SCI,Conceptual Physics,1,3,Tarsia,Tarsia,Q18,current-section,U1-MG03,,,,U1-S3-TAR-FAM06,mixed,,2,Students will represent forces as vectors and determine the direction and relative size of the net force in one-dimensional and simple two-dimensional situations.,I can explain why force is a vector quantity.,Interpret Data and Representations,matching pair,short match,instructional,25,,,,Unit 1 Assessment Plan; Course Framework; Conceptual Physics terminology,
U1-S4-TAR-Q01,AP/SCI,Conceptual Physics,1,4,Tarsia,Tarsia,Q01,current-section,U1-MG02|U1-MG03,,,,U1-S4-TAR-FAM01,mixed,,1,Students will determine whether an object is in mechanical equilibrium and explain how balanced forces relate to rest or constant straight-line motion.,I can recognize static equilibrium and dynamic equilibrium.,Interpret Data and Representations,matching pair,short match,instructional,25,,,,Unit 1 Assessment Plan; Course Framework; Conceptual Physics terminology,
U1-S4-TAR-Q02,AP/SCI,Conceptual Physics,1,4,Tarsia,Tarsia,Q02,current-section,U1-MG02|U1-MG03,,,,U1-S4-TAR-FAM02,mixed,,1,Students will determine whether an object is in mechanical equilibrium and explain how balanced forces relate to rest or constant straight-line motion.,I can recognize static equilibrium and dynamic equilibrium.,Interpret Data and Representations,matching pair,short match,instructional,25,,,,Unit 1 Assessment Plan; Course Framework; Conceptual Physics terminology,
U1-S4-TAR-Q03,AP/SCI,Conceptual Physics,1,4,Tarsia,Tarsia,Q03,current-section,U1-MG02|U1-MG03,,,,U1-S4-TAR-FAM03,mixed,,1,Students will determine whether an object is in mechanical equilibrium and explain how balanced forces relate to rest or constant straight-line motion.,I can recognize static equilibrium and dynamic equilibrium.,Interpret Data and Representations,matching pair,short match,instructional,25,,,,Unit 1 Assessment Plan; Course Framework; Conceptual Physics terminology,
U1-S4-TAR-Q04,AP/SCI,Conceptual Physics,1,4,Tarsia,Tarsia,Q04,current-section,U1-MG02|U1-MG03,,,,U1-S4-TAR-FAM04,mixed,,1,Students will determine whether an object is in mechanical equilibrium and explain how balanced forces relate to rest or constant straight-line motion.,I can recognize static equilibrium and dynamic equilibrium.,Interpret Data and Representations,matching pair,short match,instructional,25,,,,Unit 1 Assessment Plan; Course Framework; Conceptual Physics terminology,
U1-S4-TAR-Q05,AP/SCI,Conceptual Physics,1,4,Tarsia,Tarsia,Q05,current-section,U1-MG02|U1-MG03,,,,U1-S4-TAR-FAM05,mixed,,1,Students will determine whether an object is in mechanical equilibrium and explain how balanced forces relate to rest or constant straight-line motion.,I can recognize static equilibrium and dynamic equilibrium.,Interpret Data and Representations,matching pair,short match,instructional,25,,,,Unit 1 Assessment Plan; Course Framework; Conceptual Physics terminology,
U1-S4-TAR-Q06,AP/SCI,Conceptual Physics,1,4,Tarsia,Tarsia,Q06,current-section,U1-MG02|U1-MG03,,,,U1-S4-TAR-FAM06,mixed,,1,Students will determine whether an object is in mechanical equilibrium and explain how balanced forces relate to rest or constant straight-line motion.,I can recognize static equilibrium and dynamic equilibrium.,Interpret Data and Representations,matching pair,short match,instructional,25,,,,Unit 1 Assessment Plan; Course Framework; Conceptual Physics terminology,
U1-S4-TAR-Q07,AP/SCI,Conceptual Physics,1,4,Tarsia,Tarsia,Q07,current-section,U1-MG02|U1-MG03,,,,U1-S4-TAR-FAM01,mixed,,1,Students will determine whether an object is in mechanical equilibrium and explain how balanced forces relate to rest or constant straight-line motion.,I can recognize static equilibrium and dynamic equilibrium.,Interpret Data and Representations,matching pair,short match,instructional,25,,,,Unit 1 Assessment Plan; Course Framework; Conceptual Physics terminology,
U1-S4-TAR-Q08,AP/SCI,Conceptual Physics,1,4,Tarsia,Tarsia,Q08,current-section,U1-MG02|U1-MG03,,,,U1-S4-TAR-FAM02,mixed,,1,Students will determine whether an object is in mechanical equilibrium and explain how balanced forces relate to rest or constant straight-line motion.,I can recognize static equilibrium and dynamic equilibrium.,Interpret Data and Representations,matching pair,short match,instructional,25,,,,Unit 1 Assessment Plan; Course Framework; Conceptual Physics terminology,
U1-S4-TAR-Q09,AP/SCI,Conceptual Physics,1,4,Tarsia,Tarsia,Q09,current-section,U1-MG02|U1-MG03,,,,U1-S4-TAR-FAM03,mixed,,2,Students will determine whether an object is in mechanical equilibrium and explain how balanced forces relate to rest or constant straight-line motion.,I can recognize static equilibrium and dynamic equilibrium.,Interpret Data and Representations,matching pair,short match,instructional,25,,,,Unit 1 Assessment Plan; Course Framework; Conceptual Physics terminology,
U1-S4-TAR-Q10,AP/SCI,Conceptual Physics,1,4,Tarsia,Tarsia,Q10,current-section,U1-MG02|U1-MG03,,,,U1-S4-TAR-FAM04,mixed,,2,Students will determine whether an object is in mechanical equilibrium and explain how balanced forces relate to rest or constant straight-line motion.,I can recognize static equilibrium and dynamic equilibrium.,Interpret Data and Representations,matching pair,short match,instructional,25,,,,Unit 1 Assessment Plan; Course Framework; Conceptual Physics terminology,
U1-S4-TAR-Q11,AP/SCI,Conceptual Physics,1,4,Tarsia,Tarsia,Q11,current-section,U1-MG02|U1-MG03,,,,U1-S4-TAR-FAM05,mixed,,2,Students will determine whether an object is in mechanical equilibrium and explain how balanced forces relate to rest or constant straight-line motion.,I can recognize static equilibrium and dynamic equilibrium.,Interpret Data and Representations,matching pair,short match,instructional,25,,,,Unit 1 Assessment Plan; Course Framework; Conceptual Physics terminology,
U1-S4-TAR-Q12,AP/SCI,Conceptual Physics,1,4,Tarsia,Tarsia,Q12,current-section,U1-MG02|U1-MG03,,,,U1-S4-TAR-FAM06,mixed,,2,Students will determine whether an object is in mechanical equilibrium and explain how balanced forces relate to rest or constant straight-line motion.,I can recognize static equilibrium and dynamic equilibrium.,Interpret Data and Representations,matching pair,short match,instructional,25,,,,Unit 1 Assessment Plan; Course Framework; Conceptual Physics terminology,
U1-S4-TAR-Q13,AP/SCI,Conceptual Physics,1,4,Tarsia,Tarsia,Q13,current-section,U1-MG02|U1-MG03,,,,U1-S4-TAR-FAM01,mixed,,2,Students will determine whether an object is in mechanical equilibrium and explain how balanced forces relate to rest or constant straight-line motion.,I can recognize static equilibrium and dynamic equilibrium.,Interpret Data and Representations,matching pair,short match,instructional,25,,,,Unit 1 Assessment Plan; Course Framework; Conceptual Physics terminology,
U1-S4-TAR-Q14,AP/SCI,Conceptual Physics,1,4,Tarsia,Tarsia,Q14,current-section,U1-MG02|U1-MG03,,,,U1-S4-TAR-FAM02,mixed,,2,Students will determine whether an object is in mechanical equilibrium and explain how balanced forces relate to rest or constant straight-line motion.,I can recognize static equilibrium and dynamic equilibrium.,Interpret Data and Representations,matching pair,short match,instructional,25,,,,Unit 1 Assessment Plan; Course Framework; Conceptual Physics terminology,
U1-S4-TAR-Q15,AP/SCI,Conceptual Physics,1,4,Tarsia,Tarsia,Q15,current-section,U1-MG02|U1-MG03,,,,U1-S4-TAR-FAM03,mixed,,2,Students will determine whether an object is in mechanical equilibrium and explain how balanced forces relate to rest or constant straight-line motion.,I can recognize static equilibrium and dynamic equilibrium.,Interpret Data and Representations,matching pair,short match,instructional,25,,,,Unit 1 Assessment Plan; Course Framework; Conceptual Physics terminology,
U1-S4-TAR-Q16,AP/SCI,Conceptual Physics,1,4,Tarsia,Tarsia,Q16,current-section,U1-MG02|U1-MG03,,,,U1-S4-TAR-FAM04,mixed,,2,Students will determine whether an object is in mechanical equilibrium and explain how balanced forces relate to rest or constant straight-line motion.,I can recognize static equilibrium and dynamic equilibrium.,Interpret Data and Representations,matching pair,short match,instructional,25,,,,Unit 1 Assessment Plan; Course Framework; Conceptual Physics terminology,
U1-S4-TAR-Q17,AP/SCI,Conceptual Physics,1,4,Tarsia,Tarsia,Q17,current-section,U1-MG02|U1-MG03,,,,U1-S4-TAR-FAM05,mixed,,2,Students will determine whether an object is in mechanical equilibrium and explain how balanced forces relate to rest or constant straight-line motion.,I can recognize static equilibrium and dynamic equilibrium.,Interpret Data and Representations,matching pair,short match,instructional,25,,,,Unit 1 Assessment Plan; Course Framework; Conceptual Physics terminology,
U1-S4-TAR-Q18,AP/SCI,Conceptual Physics,1,4,Tarsia,Tarsia,Q18,current-section,U1-MG02|U1-MG03,,,,U1-S4-TAR-FAM06,mixed,,2,Students will determine whether an object is in mechanical equilibrium and explain how balanced forces relate to rest or constant straight-line motion.,I can recognize static equilibrium and dynamic equilibrium.,Interpret Data and Representations,matching pair,short match,instructional,25,,,,Unit 1 Assessment Plan; Course Framework; Conceptual Physics terminology,
U1-S5-TAR-Q01,AP/SCI,Conceptual Physics,1,5,Tarsia,Tarsia,Q01,current-section,U1-MG04,,,,U1-S5-TAR-FAM01,mixed,,1,"Students will create and critique force models for real-world situations involving inertia, support force, net force, and equilibrium.",I can draw a force diagram for an object in a real-world situation.,Interpret Data and Representations,matching pair,short match,instructional,25,,,,Unit 1 Assessment Plan; Course Framework; Conceptual Physics terminology,
U1-S5-TAR-Q02,AP/SCI,Conceptual Physics,1,5,Tarsia,Tarsia,Q02,current-section,U1-MG04,,,,U1-S5-TAR-FAM02,mixed,,1,"Students will create and critique force models for real-world situations involving inertia, support force, net force, and equilibrium.",I can draw a force diagram for an object in a real-world situation.,Interpret Data and Representations,matching pair,short match,instructional,25,,,,Unit 1 Assessment Plan; Course Framework; Conceptual Physics terminology,
U1-S5-TAR-Q03,AP/SCI,Conceptual Physics,1,5,Tarsia,Tarsia,Q03,current-section,U1-MG04,,,,U1-S5-TAR-FAM03,mixed,,1,"Students will create and critique force models for real-world situations involving inertia, support force, net force, and equilibrium.",I can draw a force diagram for an object in a real-world situation.,Interpret Data and Representations,matching pair,short match,instructional,25,,,,Unit 1 Assessment Plan; Course Framework; Conceptual Physics terminology,
U1-S5-TAR-Q04,AP/SCI,Conceptual Physics,1,5,Tarsia,Tarsia,Q04,current-section,U1-MG04,,,,U1-S5-TAR-FAM04,mixed,,1,"Students will create and critique force models for real-world situations involving inertia, support force, net force, and equilibrium.",I can draw a force diagram for an object in a real-world situation.,Interpret Data and Representations,matching pair,short match,instructional,25,,,,Unit 1 Assessment Plan; Course Framework; Conceptual Physics terminology,
U1-S5-TAR-Q05,AP/SCI,Conceptual Physics,1,5,Tarsia,Tarsia,Q05,current-section,U1-MG04,,,,U1-S5-TAR-FAM05,mixed,,1,"Students will create and critique force models for real-world situations involving inertia, support force, net force, and equilibrium.",I can draw a force diagram for an object in a real-world situation.,Interpret Data and Representations,matching pair,short match,instructional,25,,,,Unit 1 Assessment Plan; Course Framework; Conceptual Physics terminology,
U1-S5-TAR-Q06,AP/SCI,Conceptual Physics,1,5,Tarsia,Tarsia,Q06,current-section,U1-MG04,,,,U1-S5-TAR-FAM06,mixed,,1,"Students will create and critique force models for real-world situations involving inertia, support force, net force, and equilibrium.",I can draw a force diagram for an object in a real-world situation.,Interpret Data and Representations,matching pair,short match,instructional,25,,,,Unit 1 Assessment Plan; Course Framework; Conceptual Physics terminology,
U1-S5-TAR-Q07,AP/SCI,Conceptual Physics,1,5,Tarsia,Tarsia,Q07,current-section,U1-MG04,,,,U1-S5-TAR-FAM01,mixed,,1,"Students will create and critique force models for real-world situations involving inertia, support force, net force, and equilibrium.",I can draw a force diagram for an object in a real-world situation.,Interpret Data and Representations,matching pair,short match,instructional,25,,,,Unit 1 Assessment Plan; Course Framework; Conceptual Physics terminology,
U1-S5-TAR-Q08,AP/SCI,Conceptual Physics,1,5,Tarsia,Tarsia,Q08,current-section,U1-MG04,,,,U1-S5-TAR-FAM02,mixed,,1,"Students will create and critique force models for real-world situations involving inertia, support force, net force, and equilibrium.",I can draw a force diagram for an object in a real-world situation.,Interpret Data and Representations,matching pair,short match,instructional,25,,,,Unit 1 Assessment Plan; Course Framework; Conceptual Physics terminology,
U1-S5-TAR-Q09,AP/SCI,Conceptual Physics,1,5,Tarsia,Tarsia,Q09,current-section,U1-MG04,,,,U1-S5-TAR-FAM03,mixed,,2,"Students will create and critique force models for real-world situations involving inertia, support force, net force, and equilibrium.",I can draw a force diagram for an object in a real-world situation.,Interpret Data and Representations,matching pair,short match,instructional,25,,,,Unit 1 Assessment Plan; Course Framework; Conceptual Physics terminology,
U1-S5-TAR-Q10,AP/SCI,Conceptual Physics,1,5,Tarsia,Tarsia,Q10,current-section,U1-MG04,,,,U1-S5-TAR-FAM04,mixed,,2,"Students will create and critique force models for real-world situations involving inertia, support force, net force, and equilibrium.",I can draw a force diagram for an object in a real-world situation.,Interpret Data and Representations,matching pair,short match,instructional,25,,,,Unit 1 Assessment Plan; Course Framework; Conceptual Physics terminology,
U1-S5-TAR-Q11,AP/SCI,Conceptual Physics,1,5,Tarsia,Tarsia,Q11,current-section,U1-MG04,,,,U1-S5-TAR-FAM05,mixed,,2,"Students will create and critique force models for real-world situations involving inertia, support force, net force, and equilibrium.",I can draw a force diagram for an object in a real-world situation.,Interpret Data and Representations,matching pair,short match,instructional,25,,,,Unit 1 Assessment Plan; Course Framework; Conceptual Physics terminology,
U1-S5-TAR-Q12,AP/SCI,Conceptual Physics,1,5,Tarsia,Tarsia,Q12,current-section,U1-MG04,,,,U1-S5-TAR-FAM06,mixed,,2,"Students will create and critique force models for real-world situations involving inertia, support force, net force, and equilibrium.",I can draw a force diagram for an object in a real-world situation.,Interpret Data and Representations,matching pair,short match,instructional,25,,,,Unit 1 Assessment Plan; Course Framework; Conceptual Physics terminology,
U1-S5-TAR-Q13,AP/SCI,Conceptual Physics,1,5,Tarsia,Tarsia,Q13,current-section,U1-MG04,,,,U1-S5-TAR-FAM01,mixed,,2,"Students will create and critique force models for real-world situations involving inertia, support force, net force, and equilibrium.",I can draw a force diagram for an object in a real-world situation.,Interpret Data and Representations,matching pair,short match,instructional,25,,,,Unit 1 Assessment Plan; Course Framework; Conceptual Physics terminology,
U1-S5-TAR-Q14,AP/SCI,Conceptual Physics,1,5,Tarsia,Tarsia,Q14,current-section,U1-MG04,,,,U1-S5-TAR-FAM02,mixed,,2,"Students will create and critique force models for real-world situations involving inertia, support force, net force, and equilibrium.",I can draw a force diagram for an object in a real-world situation.,Interpret Data and Representations,matching pair,short match,instructional,25,,,,Unit 1 Assessment Plan; Course Framework; Conceptual Physics terminology,
U1-S5-TAR-Q15,AP/SCI,Conceptual Physics,1,5,Tarsia,Tarsia,Q15,current-section,U1-MG04,,,,U1-S5-TAR-FAM03,mixed,,2,"Students will create and critique force models for real-world situations involving inertia, support force, net force, and equilibrium.",I can draw a force diagram for an object in a real-world situation.,Interpret Data and Representations,matching pair,short match,instructional,25,,,,Unit 1 Assessment Plan; Course Framework; Conceptual Physics terminology,
U1-S5-TAR-Q16,AP/SCI,Conceptual Physics,1,5,Tarsia,Tarsia,Q16,current-section,U1-MG04,,,,U1-S5-TAR-FAM04,mixed,,2,"Students will create and critique force models for real-world situations involving inertia, support force, net force, and equilibrium.",I can draw a force diagram for an object in a real-world situation.,Interpret Data and Representations,matching pair,short match,instructional,25,,,,Unit 1 Assessment Plan; Course Framework; Conceptual Physics terminology,
U1-S5-TAR-Q17,AP/SCI,Conceptual Physics,1,5,Tarsia,Tarsia,Q17,current-section,U1-MG04,,,,U1-S5-TAR-FAM05,mixed,,2,"Students will create and critique force models for real-world situations involving inertia, support force, net force, and equilibrium.",I can draw a force diagram for an object in a real-world situation.,Interpret Data and Representations,matching pair,short match,instructional,25,,,,Unit 1 Assessment Plan; Course Framework; Conceptual Physics terminology,
U1-S5-TAR-Q18,AP/SCI,Conceptual Physics,1,5,Tarsia,Tarsia,Q18,current-section,U1-MG04,,,,U1-S5-TAR-FAM06,mixed,,2,"Students will create and critique force models for real-world situations involving inertia, support force, net force, and equilibrium.",I can draw a force diagram for an object in a real-world situation.,Interpret Data and Representations,matching pair,short match,instructional,25,,,,Unit 1 Assessment Plan; Course Framework; Conceptual Physics terminology,
U1-S1-BLK-Q01,AP/SCI,Conceptual Physics,1,1,Blooket,Blooket,Q01,current-section,U1-MG01,,,,U1-S1-BLK-FAM01,mixed,,1,"Students will explain how physics uses observation, measurement, evidence, models, and testable claims to understand the natural world.","I can distinguish between an observation, inference, hypothesis, law, and theory.",Interpret Data and Representations,multiple choice,selected response,instructional,40,,,,Unit 1 Assessment Plan; Course Framework; optional texts used only for style calibration,
U1-S1-BLK-Q02,AP/SCI,Conceptual Physics,1,1,Blooket,Blooket,Q02,current-section,U1-MG01,,,,U1-S1-BLK-FAM02,mixed,,1,"Students will explain how physics uses observation, measurement, evidence, models, and testable claims to understand the natural world.","I can distinguish between an observation, inference, hypothesis, law, and theory.",Interpret Data and Representations,multiple choice,selected response,instructional,40,,,,Unit 1 Assessment Plan; Course Framework; optional texts used only for style calibration,
U1-S1-BLK-Q03,AP/SCI,Conceptual Physics,1,1,Blooket,Blooket,Q03,current-section,U1-MG01,,,,U1-S1-BLK-FAM03,mixed,,1,"Students will explain how physics uses observation, measurement, evidence, models, and testable claims to understand the natural world.","I can distinguish between an observation, inference, hypothesis, law, and theory.",Interpret Data and Representations,multiple choice,selected response,instructional,40,,,,Unit 1 Assessment Plan; Course Framework; optional texts used only for style calibration,
U1-S1-BLK-Q04,AP/SCI,Conceptual Physics,1,1,Blooket,Blooket,Q04,current-section,U1-MG01,,,,U1-S1-BLK-FAM04,mixed,,1,"Students will explain how physics uses observation, measurement, evidence, models, and testable claims to understand the natural world.","I can distinguish between an observation, inference, hypothesis, law, and theory.",Interpret Data and Representations,multiple choice,selected response,instructional,40,,,,Unit 1 Assessment Plan; Course Framework; optional texts used only for style calibration,
U1-S1-BLK-Q05,AP/SCI,Conceptual Physics,1,1,Blooket,Blooket,Q05,current-section,U1-MG01,,,,U1-S1-BLK-FAM05,mixed,,1,"Students will explain how physics uses observation, measurement, evidence, models, and testable claims to understand the natural world.","I can distinguish between an observation, inference, hypothesis, law, and theory.",Interpret Data and Representations,multiple choice,selected response,instructional,40,,,,Unit 1 Assessment Plan; Course Framework; optional texts used only for style calibration,
U1-S1-BLK-Q06,AP/SCI,Conceptual Physics,1,1,Blooket,Blooket,Q06,current-section,U1-MG01,,,,U1-S1-BLK-FAM06,mixed,,1,"Students will explain how physics uses observation, measurement, evidence, models, and testable claims to understand the natural world.","I can distinguish between an observation, inference, hypothesis, law, and theory.",Interpret Data and Representations,multiple choice,selected response,instructional,40,,,,Unit 1 Assessment Plan; Course Framework; optional texts used only for style calibration,
U1-S1-BLK-Q07,AP/SCI,Conceptual Physics,1,1,Blooket,Blooket,Q07,current-section,U1-MG01,,,,U1-S1-BLK-FAM07,mixed,,1,"Students will explain how physics uses observation, measurement, evidence, models, and testable claims to understand the natural world.","I can distinguish between an observation, inference, hypothesis, law, and theory.",Interpret Data and Representations,multiple choice,selected response,instructional,40,,,,Unit 1 Assessment Plan; Course Framework; optional texts used only for style calibration,
U1-S1-BLK-Q08,AP/SCI,Conceptual Physics,1,1,Blooket,Blooket,Q08,current-section,U1-MG01,,,,U1-S1-BLK-FAM08,mixed,,1,"Students will explain how physics uses observation, measurement, evidence, models, and testable claims to understand the natural world.","I can distinguish between an observation, inference, hypothesis, law, and theory.",Interpret Data and Representations,multiple choice,selected response,instructional,40,,,,Unit 1 Assessment Plan; Course Framework; optional texts used only for style calibration,
U1-S1-BLK-Q09,AP/SCI,Conceptual Physics,1,1,Blooket,Blooket,Q09,current-section,U1-MG01,,,,U1-S1-BLK-FAM09,mixed,,1,"Students will explain how physics uses observation, measurement, evidence, models, and testable claims to understand the natural world.","I can distinguish between an observation, inference, hypothesis, law, and theory.",Interpret Data and Representations,multiple choice,selected response,instructional,40,,,,Unit 1 Assessment Plan; Course Framework; optional texts used only for style calibration,
U1-S1-BLK-Q10,AP/SCI,Conceptual Physics,1,1,Blooket,Blooket,Q10,current-section,U1-MG01,,,,U1-S1-BLK-FAM10,mixed,,1,"Students will explain how physics uses observation, measurement, evidence, models, and testable claims to understand the natural world.","I can distinguish between an observation, inference, hypothesis, law, and theory.",Interpret Data and Representations,multiple choice,selected response,instructional,40,,,,Unit 1 Assessment Plan; Course Framework; optional texts used only for style calibration,
U1-S1-BLK-Q11,AP/SCI,Conceptual Physics,1,1,Blooket,Blooket,Q11,current-section,U1-MG01,,,,U1-S1-BLK-FAM11,mixed,,1,"Students will explain how physics uses observation, measurement, evidence, models, and testable claims to understand the natural world.","I can distinguish between an observation, inference, hypothesis, law, and theory.",Interpret Data and Representations,multiple choice,selected response,instructional,40,,,,Unit 1 Assessment Plan; Course Framework; optional texts used only for style calibration,
U1-S1-BLK-Q12,AP/SCI,Conceptual Physics,1,1,Blooket,Blooket,Q12,current-section,U1-MG01,,,,U1-S1-BLK-FAM12,mixed,,1,"Students will explain how physics uses observation, measurement, evidence, models, and testable claims to understand the natural world.","I can distinguish between an observation, inference, hypothesis, law, and theory.",Interpret Data and Representations,multiple choice,selected response,instructional,40,,,,Unit 1 Assessment Plan; Course Framework; optional texts used only for style calibration,
U1-S1-BLK-Q13,AP/SCI,Conceptual Physics,1,1,Blooket,Blooket,Q13,current-section,U1-MG01,,,,U1-S1-BLK-FAM13,mixed,,1,"Students will explain how physics uses observation, measurement, evidence, models, and testable claims to understand the natural world.","I can distinguish between an observation, inference, hypothesis, law, and theory.",Interpret Data and Representations,multiple choice,selected response,instructional,40,,,,Unit 1 Assessment Plan; Course Framework; optional texts used only for style calibration,
U1-S1-BLK-Q14,AP/SCI,Conceptual Physics,1,1,Blooket,Blooket,Q14,current-section,U1-MG01,,,,U1-S1-BLK-FAM14,mixed,,1,"Students will explain how physics uses observation, measurement, evidence, models, and testable claims to understand the natural world.","I can distinguish between an observation, inference, hypothesis, law, and theory.",Interpret Data and Representations,multiple choice,selected response,instructional,40,,,,Unit 1 Assessment Plan; Course Framework; optional texts used only for style calibration,
U1-S1-BLK-Q15,AP/SCI,Conceptual Physics,1,1,Blooket,Blooket,Q15,current-section,U1-MG01,,,,U1-S1-BLK-FAM15,mixed,,1,"Students will explain how physics uses observation, measurement, evidence, models, and testable claims to understand the natural world.","I can distinguish between an observation, inference, hypothesis, law, and theory.",Interpret Data and Representations,multiple choice,selected response,instructional,40,,,,Unit 1 Assessment Plan; Course Framework; optional texts used only for style calibration,
U1-S1-BLK-Q16,AP/SCI,Conceptual Physics,1,1,Blooket,Blooket,Q16,current-section,U1-MG01,,,,U1-S1-BLK-FAM16,mixed,,1,"Students will explain how physics uses observation, measurement, evidence, models, and testable claims to understand the natural world.","I can distinguish between an observation, inference, hypothesis, law, and theory.",Interpret Data and Representations,multiple choice,selected response,instructional,40,,,,Unit 1 Assessment Plan; Course Framework; optional texts used only for style calibration,
U1-S1-BLK-Q17,AP/SCI,Conceptual Physics,1,1,Blooket,Blooket,Q17,current-section,U1-MG01,,,,U1-S1-BLK-FAM17,mixed,,1,"Students will explain how physics uses observation, measurement, evidence, models, and testable claims to understand the natural world.","I can distinguish between an observation, inference, hypothesis, law, and theory.",Interpret Data and Representations,multiple choice,selected response,instructional,40,,,,Unit 1 Assessment Plan; Course Framework; optional texts used only for style calibration,
U1-S1-BLK-Q18,AP/SCI,Conceptual Physics,1,1,Blooket,Blooket,Q18,current-section,U1-MG01,,,,U1-S1-BLK-FAM18,mixed,,1,"Students will explain how physics uses observation, measurement, evidence, models, and testable claims to understand the natural world.","I can distinguish between an observation, inference, hypothesis, law, and theory.",Interpret Data and Representations,multiple choice,selected response,instructional,40,,,,Unit 1 Assessment Plan; Course Framework; optional texts used only for style calibration,
U1-S1-BLK-Q19,AP/SCI,Conceptual Physics,1,1,Blooket,Blooket,Q19,current-section,U1-MG01,,,,U1-S1-BLK-FAM19,mixed,,1,"Students will explain how physics uses observation, measurement, evidence, models, and testable claims to understand the natural world.","I can distinguish between an observation, inference, hypothesis, law, and theory.",Interpret Data and Representations,multiple choice,selected response,instructional,40,,,,Unit 1 Assessment Plan; Course Framework; optional texts used only for style calibration,
U1-S1-BLK-Q20,AP/SCI,Conceptual Physics,1,1,Blooket,Blooket,Q20,current-section,U1-MG01,,,,U1-S1-BLK-FAM20,mixed,,1,"Students will explain how physics uses observation, measurement, evidence, models, and testable claims to understand the natural world.","I can distinguish between an observation, inference, hypothesis, law, and theory.",Interpret Data and Representations,multiple choice,selected response,instructional,40,,,,Unit 1 Assessment Plan; Course Framework; optional texts used only for style calibration,
U1-S2-BLK-Q01,AP/SCI,Conceptual Physics,1,2,Blooket,Blooket,Q01,current-section,U1-MG02,,,,U1-S2-BLK-FAM01,mixed,,1,Students will explain Newton’s First Law and use the idea of inertia to predict whether an object’s motion will stay the same or change.,I can state Newton’s First Law in everyday language.,Interpret Data and Representations,multiple choice,selected response,instructional,40,,,,Unit 1 Assessment Plan; Course Framework; optional texts used only for style calibration,
U1-S2-BLK-Q02,AP/SCI,Conceptual Physics,1,2,Blooket,Blooket,Q02,current-section,U1-MG02,,,,U1-S2-BLK-FAM02,mixed,,1,Students will explain Newton’s First Law and use the idea of inertia to predict whether an object’s motion will stay the same or change.,I can state Newton’s First Law in everyday language.,Interpret Data and Representations,multiple choice,selected response,instructional,40,,,,Unit 1 Assessment Plan; Course Framework; optional texts used only for style calibration,
U1-S2-BLK-Q03,AP/SCI,Conceptual Physics,1,2,Blooket,Blooket,Q03,current-section,U1-MG02,,,,U1-S2-BLK-FAM03,mixed,,1,Students will explain Newton’s First Law and use the idea of inertia to predict whether an object’s motion will stay the same or change.,I can state Newton’s First Law in everyday language.,Interpret Data and Representations,multiple choice,selected response,instructional,40,,,,Unit 1 Assessment Plan; Course Framework; optional texts used only for style calibration,
U1-S2-BLK-Q04,AP/SCI,Conceptual Physics,1,2,Blooket,Blooket,Q04,current-section,U1-MG02,,,,U1-S2-BLK-FAM04,mixed,,1,Students will explain Newton’s First Law and use the idea of inertia to predict whether an object’s motion will stay the same or change.,I can state Newton’s First Law in everyday language.,Interpret Data and Representations,multiple choice,selected response,instructional,40,,,,Unit 1 Assessment Plan; Course Framework; optional texts used only for style calibration,
U1-S2-BLK-Q05,AP/SCI,Conceptual Physics,1,2,Blooket,Blooket,Q05,current-section,U1-MG02,,,,U1-S2-BLK-FAM05,mixed,,1,Students will explain Newton’s First Law and use the idea of inertia to predict whether an object’s motion will stay the same or change.,I can state Newton’s First Law in everyday language.,Interpret Data and Representations,multiple choice,selected response,instructional,40,,,,Unit 1 Assessment Plan; Course Framework; optional texts used only for style calibration,
U1-S2-BLK-Q06,AP/SCI,Conceptual Physics,1,2,Blooket,Blooket,Q06,current-section,U1-MG02,,,,U1-S2-BLK-FAM06,mixed,,1,Students will explain Newton’s First Law and use the idea of inertia to predict whether an object’s motion will stay the same or change.,I can state Newton’s First Law in everyday language.,Interpret Data and Representations,multiple choice,selected response,instructional,40,,,,Unit 1 Assessment Plan; Course Framework; optional texts used only for style calibration,
U1-S2-BLK-Q07,AP/SCI,Conceptual Physics,1,2,Blooket,Blooket,Q07,current-section,U1-MG02,,,,U1-S2-BLK-FAM07,mixed,,1,Students will explain Newton’s First Law and use the idea of inertia to predict whether an object’s motion will stay the same or change.,I can state Newton’s First Law in everyday language.,Interpret Data and Representations,multiple choice,selected response,instructional,40,,,,Unit 1 Assessment Plan; Course Framework; optional texts used only for style calibration,
U1-S2-BLK-Q08,AP/SCI,Conceptual Physics,1,2,Blooket,Blooket,Q08,current-section,U1-MG02,,,,U1-S2-BLK-FAM08,mixed,,1,Students will explain Newton’s First Law and use the idea of inertia to predict whether an object’s motion will stay the same or change.,I can state Newton’s First Law in everyday language.,Interpret Data and Representations,multiple choice,selected response,instructional,40,,,,Unit 1 Assessment Plan; Course Framework; optional texts used only for style calibration,
U1-S2-BLK-Q09,AP/SCI,Conceptual Physics,1,2,Blooket,Blooket,Q09,current-section,U1-MG02,,,,U1-S2-BLK-FAM09,mixed,,1,Students will explain Newton’s First Law and use the idea of inertia to predict whether an object’s motion will stay the same or change.,I can state Newton’s First Law in everyday language.,Interpret Data and Representations,multiple choice,selected response,instructional,40,,,,Unit 1 Assessment Plan; Course Framework; optional texts used only for style calibration,
U1-S2-BLK-Q10,AP/SCI,Conceptual Physics,1,2,Blooket,Blooket,Q10,current-section,U1-MG02,,,,U1-S2-BLK-FAM10,mixed,,1,Students will explain Newton’s First Law and use the idea of inertia to predict whether an object’s motion will stay the same or change.,I can state Newton’s First Law in everyday language.,Interpret Data and Representations,multiple choice,selected response,instructional,40,,,,Unit 1 Assessment Plan; Course Framework; optional texts used only for style calibration,
U1-S2-BLK-Q11,AP/SCI,Conceptual Physics,1,2,Blooket,Blooket,Q11,current-section,U1-MG02,,,,U1-S2-BLK-FAM11,mixed,,1,Students will explain Newton’s First Law and use the idea of inertia to predict whether an object’s motion will stay the same or change.,I can state Newton’s First Law in everyday language.,Interpret Data and Representations,multiple choice,selected response,instructional,40,,,,Unit 1 Assessment Plan; Course Framework; optional texts used only for style calibration,
U1-S2-BLK-Q12,AP/SCI,Conceptual Physics,1,2,Blooket,Blooket,Q12,current-section,U1-MG02,,,,U1-S2-BLK-FAM12,mixed,,1,Students will explain Newton’s First Law and use the idea of inertia to predict whether an object’s motion will stay the same or change.,I can state Newton’s First Law in everyday language.,Interpret Data and Representations,multiple choice,selected response,instructional,40,,,,Unit 1 Assessment Plan; Course Framework; optional texts used only for style calibration,
U1-S2-BLK-Q13,AP/SCI,Conceptual Physics,1,2,Blooket,Blooket,Q13,current-section,U1-MG02,,,,U1-S2-BLK-FAM13,mixed,,1,Students will explain Newton’s First Law and use the idea of inertia to predict whether an object’s motion will stay the same or change.,I can state Newton’s First Law in everyday language.,Interpret Data and Representations,multiple choice,selected response,instructional,40,,,,Unit 1 Assessment Plan; Course Framework; optional texts used only for style calibration,
U1-S2-BLK-Q14,AP/SCI,Conceptual Physics,1,2,Blooket,Blooket,Q14,current-section,U1-MG02,,,,U1-S2-BLK-FAM14,mixed,,1,Students will explain Newton’s First Law and use the idea of inertia to predict whether an object’s motion will stay the same or change.,I can state Newton’s First Law in everyday language.,Interpret Data and Representations,multiple choice,selected response,instructional,40,,,,Unit 1 Assessment Plan; Course Framework; optional texts used only for style calibration,
U1-S2-BLK-Q15,AP/SCI,Conceptual Physics,1,2,Blooket,Blooket,Q15,current-section,U1-MG02,,,,U1-S2-BLK-FAM15,mixed,,1,Students will explain Newton’s First Law and use the idea of inertia to predict whether an object’s motion will stay the same or change.,I can state Newton’s First Law in everyday language.,Interpret Data and Representations,multiple choice,selected response,instructional,40,,,,Unit 1 Assessment Plan; Course Framework; optional texts used only for style calibration,
U1-S2-BLK-Q16,AP/SCI,Conceptual Physics,1,2,Blooket,Blooket,Q16,current-section,U1-MG02,,,,U1-S2-BLK-FAM16,mixed,,1,Students will explain Newton’s First Law and use the idea of inertia to predict whether an object’s motion will stay the same or change.,I can state Newton’s First Law in everyday language.,Interpret Data and Representations,multiple choice,selected response,instructional,40,,,,Unit 1 Assessment Plan; Course Framework; optional texts used only for style calibration,
U1-S2-BLK-Q17,AP/SCI,Conceptual Physics,1,2,Blooket,Blooket,Q17,current-section,U1-MG02,,,,U1-S2-BLK-FAM17,mixed,,1,Students will explain Newton’s First Law and use the idea of inertia to predict whether an object’s motion will stay the same or change.,I can state Newton’s First Law in everyday language.,Interpret Data and Representations,multiple choice,selected response,instructional,40,,,,Unit 1 Assessment Plan; Course Framework; optional texts used only for style calibration,
U1-S2-BLK-Q18,AP/SCI,Conceptual Physics,1,2,Blooket,Blooket,Q18,current-section,U1-MG02,,,,U1-S2-BLK-FAM18,mixed,,1,Students will explain Newton’s First Law and use the idea of inertia to predict whether an object’s motion will stay the same or change.,I can state Newton’s First Law in everyday language.,Interpret Data and Representations,multiple choice,selected response,instructional,40,,,,Unit 1 Assessment Plan; Course Framework; optional texts used only for style calibration,
U1-S2-BLK-Q19,AP/SCI,Conceptual Physics,1,2,Blooket,Blooket,Q19,current-section,U1-MG02,,,,U1-S2-BLK-FAM19,mixed,,1,Students will explain Newton’s First Law and use the idea of inertia to predict whether an object’s motion will stay the same or change.,I can state Newton’s First Law in everyday language.,Interpret Data and Representations,multiple choice,selected response,instructional,40,,,,Unit 1 Assessment Plan; Course Framework; optional texts used only for style calibration,
U1-S2-BLK-Q20,AP/SCI,Conceptual Physics,1,2,Blooket,Blooket,Q20,current-section,U1-MG02,,,,U1-S2-BLK-FAM20,mixed,,1,Students will explain Newton’s First Law and use the idea of inertia to predict whether an object’s motion will stay the same or change.,I can state Newton’s First Law in everyday language.,Interpret Data and Representations,multiple choice,selected response,instructional,40,,,,Unit 1 Assessment Plan; Course Framework; optional texts used only for style calibration,
U1-S3-BLK-Q01,AP/SCI,Conceptual Physics,1,3,Blooket,Blooket,Q01,current-section,U1-MG03,,,,U1-S3-BLK-FAM01,mixed,,1,Students will represent forces as vectors and determine the direction and relative size of the net force in one-dimensional and simple two-dimensional situations.,I can explain why force is a vector quantity.,Interpret Data and Representations,multiple choice,selected response,instructional,40,,,,Unit 1 Assessment Plan; Course Framework; optional texts used only for style calibration,
U1-S3-BLK-Q02,AP/SCI,Conceptual Physics,1,3,Blooket,Blooket,Q02,current-section,U1-MG03,,,,U1-S3-BLK-FAM02,mixed,,1,Students will represent forces as vectors and determine the direction and relative size of the net force in one-dimensional and simple two-dimensional situations.,I can explain why force is a vector quantity.,Interpret Data and Representations,multiple choice,selected response,instructional,40,,,,Unit 1 Assessment Plan; Course Framework; optional texts used only for style calibration,
U1-S3-BLK-Q03,AP/SCI,Conceptual Physics,1,3,Blooket,Blooket,Q03,current-section,U1-MG03,,,,U1-S3-BLK-FAM03,mixed,,1,Students will represent forces as vectors and determine the direction and relative size of the net force in one-dimensional and simple two-dimensional situations.,I can explain why force is a vector quantity.,Interpret Data and Representations,multiple choice,selected response,instructional,40,,,,Unit 1 Assessment Plan; Course Framework; optional texts used only for style calibration,
U1-S3-BLK-Q04,AP/SCI,Conceptual Physics,1,3,Blooket,Blooket,Q04,current-section,U1-MG03,,,,U1-S3-BLK-FAM04,mixed,,1,Students will represent forces as vectors and determine the direction and relative size of the net force in one-dimensional and simple two-dimensional situations.,I can explain why force is a vector quantity.,Interpret Data and Representations,multiple choice,selected response,instructional,40,,,,Unit 1 Assessment Plan; Course Framework; optional texts used only for style calibration,
U1-S3-BLK-Q05,AP/SCI,Conceptual Physics,1,3,Blooket,Blooket,Q05,current-section,U1-MG03,,,,U1-S3-BLK-FAM05,mixed,,1,Students will represent forces as vectors and determine the direction and relative size of the net force in one-dimensional and simple two-dimensional situations.,I can explain why force is a vector quantity.,Interpret Data and Representations,multiple choice,selected response,instructional,40,,,,Unit 1 Assessment Plan; Course Framework; optional texts used only for style calibration,
U1-S3-BLK-Q06,AP/SCI,Conceptual Physics,1,3,Blooket,Blooket,Q06,current-section,U1-MG03,,,,U1-S3-BLK-FAM06,mixed,,1,Students will represent forces as vectors and determine the direction and relative size of the net force in one-dimensional and simple two-dimensional situations.,I can explain why force is a vector quantity.,Interpret Data and Representations,multiple choice,selected response,instructional,40,,,,Unit 1 Assessment Plan; Course Framework; optional texts used only for style calibration,
U1-S3-BLK-Q07,AP/SCI,Conceptual Physics,1,3,Blooket,Blooket,Q07,current-section,U1-MG03,,,,U1-S3-BLK-FAM07,mixed,,1,Students will represent forces as vectors and determine the direction and relative size of the net force in one-dimensional and simple two-dimensional situations.,I can explain why force is a vector quantity.,Interpret Data and Representations,multiple choice,selected response,instructional,40,,,,Unit 1 Assessment Plan; Course Framework; optional texts used only for style calibration,
U1-S3-BLK-Q08,AP/SCI,Conceptual Physics,1,3,Blooket,Blooket,Q08,current-section,U1-MG03,,,,U1-S3-BLK-FAM08,mixed,,1,Students will represent forces as vectors and determine the direction and relative size of the net force in one-dimensional and simple two-dimensional situations.,I can explain why force is a vector quantity.,Interpret Data and Representations,multiple choice,selected response,instructional,40,,,,Unit 1 Assessment Plan; Course Framework; optional texts used only for style calibration,
U1-S3-BLK-Q09,AP/SCI,Conceptual Physics,1,3,Blooket,Blooket,Q09,current-section,U1-MG03,,,,U1-S3-BLK-FAM09,mixed,,1,Students will represent forces as vectors and determine the direction and relative size of the net force in one-dimensional and simple two-dimensional situations.,I can explain why force is a vector quantity.,Interpret Data and Representations,multiple choice,selected response,instructional,40,,,,Unit 1 Assessment Plan; Course Framework; optional texts used only for style calibration,
U1-S3-BLK-Q10,AP/SCI,Conceptual Physics,1,3,Blooket,Blooket,Q10,current-section,U1-MG03,,,,U1-S3-BLK-FAM10,mixed,,1,Students will represent forces as vectors and determine the direction and relative size of the net force in one-dimensional and simple two-dimensional situations.,I can explain why force is a vector quantity.,Interpret Data and Representations,multiple choice,selected response,instructional,40,,,,Unit 1 Assessment Plan; Course Framework; optional texts used only for style calibration,
U1-S3-BLK-Q11,AP/SCI,Conceptual Physics,1,3,Blooket,Blooket,Q11,current-section,U1-MG03,,,,U1-S3-BLK-FAM11,mixed,,1,Students will represent forces as vectors and determine the direction and relative size of the net force in one-dimensional and simple two-dimensional situations.,I can explain why force is a vector quantity.,Interpret Data and Representations,multiple choice,selected response,instructional,40,,,,Unit 1 Assessment Plan; Course Framework; optional texts used only for style calibration,
U1-S3-BLK-Q12,AP/SCI,Conceptual Physics,1,3,Blooket,Blooket,Q12,current-section,U1-MG03,,,,U1-S3-BLK-FAM12,mixed,,1,Students will represent forces as vectors and determine the direction and relative size of the net force in one-dimensional and simple two-dimensional situations.,I can explain why force is a vector quantity.,Interpret Data and Representations,multiple choice,selected response,instructional,40,,,,Unit 1 Assessment Plan; Course Framework; optional texts used only for style calibration,
U1-S3-BLK-Q13,AP/SCI,Conceptual Physics,1,3,Blooket,Blooket,Q13,current-section,U1-MG03,,,,U1-S3-BLK-FAM13,mixed,,1,Students will represent forces as vectors and determine the direction and relative size of the net force in one-dimensional and simple two-dimensional situations.,I can explain why force is a vector quantity.,Interpret Data and Representations,multiple choice,selected response,instructional,40,,,,Unit 1 Assessment Plan; Course Framework; optional texts used only for style calibration,
U1-S3-BLK-Q14,AP/SCI,Conceptual Physics,1,3,Blooket,Blooket,Q14,current-section,U1-MG03,,,,U1-S3-BLK-FAM14,mixed,,1,Students will represent forces as vectors and determine the direction and relative size of the net force in one-dimensional and simple two-dimensional situations.,I can explain why force is a vector quantity.,Interpret Data and Representations,multiple choice,selected response,instructional,40,,,,Unit 1 Assessment Plan; Course Framework; optional texts used only for style calibration,
U1-S3-BLK-Q15,AP/SCI,Conceptual Physics,1,3,Blooket,Blooket,Q15,current-section,U1-MG03,,,,U1-S3-BLK-FAM15,mixed,,1,Students will represent forces as vectors and determine the direction and relative size of the net force in one-dimensional and simple two-dimensional situations.,I can explain why force is a vector quantity.,Interpret Data and Representations,multiple choice,selected response,instructional,40,,,,Unit 1 Assessment Plan; Course Framework; optional texts used only for style calibration,
U1-S3-BLK-Q16,AP/SCI,Conceptual Physics,1,3,Blooket,Blooket,Q16,current-section,U1-MG03,,,,U1-S3-BLK-FAM16,mixed,,1,Students will represent forces as vectors and determine the direction and relative size of the net force in one-dimensional and simple two-dimensional situations.,I can explain why force is a vector quantity.,Interpret Data and Representations,multiple choice,selected response,instructional,40,,,,Unit 1 Assessment Plan; Course Framework; optional texts used only for style calibration,
U1-S3-BLK-Q17,AP/SCI,Conceptual Physics,1,3,Blooket,Blooket,Q17,current-section,U1-MG03,,,,U1-S3-BLK-FAM17,mixed,,1,Students will represent forces as vectors and determine the direction and relative size of the net force in one-dimensional and simple two-dimensional situations.,I can explain why force is a vector quantity.,Interpret Data and Representations,multiple choice,selected response,instructional,40,,,,Unit 1 Assessment Plan; Course Framework; optional texts used only for style calibration,
U1-S3-BLK-Q18,AP/SCI,Conceptual Physics,1,3,Blooket,Blooket,Q18,current-section,U1-MG03,,,,U1-S3-BLK-FAM18,mixed,,1,Students will represent forces as vectors and determine the direction and relative size of the net force in one-dimensional and simple two-dimensional situations.,I can explain why force is a vector quantity.,Interpret Data and Representations,multiple choice,selected response,instructional,40,,,,Unit 1 Assessment Plan; Course Framework; optional texts used only for style calibration,
U1-S3-BLK-Q19,AP/SCI,Conceptual Physics,1,3,Blooket,Blooket,Q19,current-section,U1-MG03,,,,U1-S3-BLK-FAM19,mixed,,1,Students will represent forces as vectors and determine the direction and relative size of the net force in one-dimensional and simple two-dimensional situations.,I can explain why force is a vector quantity.,Interpret Data and Representations,multiple choice,selected response,instructional,40,,,,Unit 1 Assessment Plan; Course Framework; optional texts used only for style calibration,
U1-S3-BLK-Q20,AP/SCI,Conceptual Physics,1,3,Blooket,Blooket,Q20,current-section,U1-MG03,,,,U1-S3-BLK-FAM20,mixed,,1,Students will represent forces as vectors and determine the direction and relative size of the net force in one-dimensional and simple two-dimensional situations.,I can explain why force is a vector quantity.,Interpret Data and Representations,multiple choice,selected response,instructional,40,,,,Unit 1 Assessment Plan; Course Framework; optional texts used only for style calibration,
U1-S4-BLK-Q01,AP/SCI,Conceptual Physics,1,4,Blooket,Blooket,Q01,current-section,U1-MG02|U1-MG03,,,,U1-S4-BLK-FAM01,mixed,,1,Students will determine whether an object is in mechanical equilibrium and explain how balanced forces relate to rest or constant straight-line motion.,I can recognize static equilibrium and dynamic equilibrium.,Interpret Data and Representations,multiple choice,selected response,instructional,40,,,,Unit 1 Assessment Plan; Course Framework; optional texts used only for style calibration,
U1-S4-BLK-Q02,AP/SCI,Conceptual Physics,1,4,Blooket,Blooket,Q02,current-section,U1-MG02|U1-MG03,,,,U1-S4-BLK-FAM02,mixed,,1,Students will determine whether an object is in mechanical equilibrium and explain how balanced forces relate to rest or constant straight-line motion.,I can recognize static equilibrium and dynamic equilibrium.,Interpret Data and Representations,multiple choice,selected response,instructional,40,,,,Unit 1 Assessment Plan; Course Framework; optional texts used only for style calibration,
U1-S4-BLK-Q03,AP/SCI,Conceptual Physics,1,4,Blooket,Blooket,Q03,current-section,U1-MG02|U1-MG03,,,,U1-S4-BLK-FAM03,mixed,,1,Students will determine whether an object is in mechanical equilibrium and explain how balanced forces relate to rest or constant straight-line motion.,I can recognize static equilibrium and dynamic equilibrium.,Interpret Data and Representations,multiple choice,selected response,instructional,40,,,,Unit 1 Assessment Plan; Course Framework; optional texts used only for style calibration,
U1-S4-BLK-Q04,AP/SCI,Conceptual Physics,1,4,Blooket,Blooket,Q04,current-section,U1-MG02|U1-MG03,,,,U1-S4-BLK-FAM04,mixed,,1,Students will determine whether an object is in mechanical equilibrium and explain how balanced forces relate to rest or constant straight-line motion.,I can recognize static equilibrium and dynamic equilibrium.,Interpret Data and Representations,multiple choice,selected response,instructional,40,,,,Unit 1 Assessment Plan; Course Framework; optional texts used only for style calibration,
U1-S4-BLK-Q05,AP/SCI,Conceptual Physics,1,4,Blooket,Blooket,Q05,current-section,U1-MG02|U1-MG03,,,,U1-S4-BLK-FAM05,mixed,,1,Students will determine whether an object is in mechanical equilibrium and explain how balanced forces relate to rest or constant straight-line motion.,I can recognize static equilibrium and dynamic equilibrium.,Interpret Data and Representations,multiple choice,selected response,instructional,40,,,,Unit 1 Assessment Plan; Course Framework; optional texts used only for style calibration,
U1-S4-BLK-Q06,AP/SCI,Conceptual Physics,1,4,Blooket,Blooket,Q06,current-section,U1-MG02|U1-MG03,,,,U1-S4-BLK-FAM06,mixed,,1,Students will determine whether an object is in mechanical equilibrium and explain how balanced forces relate to rest or constant straight-line motion.,I can recognize static equilibrium and dynamic equilibrium.,Interpret Data and Representations,multiple choice,selected response,instructional,40,,,,Unit 1 Assessment Plan; Course Framework; optional texts used only for style calibration,
U1-S4-BLK-Q07,AP/SCI,Conceptual Physics,1,4,Blooket,Blooket,Q07,current-section,U1-MG02|U1-MG03,,,,U1-S4-BLK-FAM07,mixed,,1,Students will determine whether an object is in mechanical equilibrium and explain how balanced forces relate to rest or constant straight-line motion.,I can recognize static equilibrium and dynamic equilibrium.,Interpret Data and Representations,multiple choice,selected response,instructional,40,,,,Unit 1 Assessment Plan; Course Framework; optional texts used only for style calibration,
U1-S4-BLK-Q08,AP/SCI,Conceptual Physics,1,4,Blooket,Blooket,Q08,current-section,U1-MG02|U1-MG03,,,,U1-S4-BLK-FAM08,mixed,,1,Students will determine whether an object is in mechanical equilibrium and explain how balanced forces relate to rest or constant straight-line motion.,I can recognize static equilibrium and dynamic equilibrium.,Interpret Data and Representations,multiple choice,selected response,instructional,40,,,,Unit 1 Assessment Plan; Course Framework; optional texts used only for style calibration,
U1-S4-BLK-Q09,AP/SCI,Conceptual Physics,1,4,Blooket,Blooket,Q09,current-section,U1-MG02|U1-MG03,,,,U1-S4-BLK-FAM09,mixed,,1,Students will determine whether an object is in mechanical equilibrium and explain how balanced forces relate to rest or constant straight-line motion.,I can recognize static equilibrium and dynamic equilibrium.,Interpret Data and Representations,multiple choice,selected response,instructional,40,,,,Unit 1 Assessment Plan; Course Framework; optional texts used only for style calibration,
U1-S4-BLK-Q10,AP/SCI,Conceptual Physics,1,4,Blooket,Blooket,Q10,current-section,U1-MG02|U1-MG03,,,,U1-S4-BLK-FAM10,mixed,,1,Students will determine whether an object is in mechanical equilibrium and explain how balanced forces relate to rest or constant straight-line motion.,I can recognize static equilibrium and dynamic equilibrium.,Interpret Data and Representations,multiple choice,selected response,instructional,40,,,,Unit 1 Assessment Plan; Course Framework; optional texts used only for style calibration,
U1-S4-BLK-Q11,AP/SCI,Conceptual Physics,1,4,Blooket,Blooket,Q11,current-section,U1-MG02|U1-MG03,,,,U1-S4-BLK-FAM11,mixed,,1,Students will determine whether an object is in mechanical equilibrium and explain how balanced forces relate to rest or constant straight-line motion.,I can recognize static equilibrium and dynamic equilibrium.,Interpret Data and Representations,multiple choice,selected response,instructional,40,,,,Unit 1 Assessment Plan; Course Framework; optional texts used only for style calibration,
U1-S4-BLK-Q12,AP/SCI,Conceptual Physics,1,4,Blooket,Blooket,Q12,current-section,U1-MG02|U1-MG03,,,,U1-S4-BLK-FAM12,mixed,,1,Students will determine whether an object is in mechanical equilibrium and explain how balanced forces relate to rest or constant straight-line motion.,I can recognize static equilibrium and dynamic equilibrium.,Interpret Data and Representations,multiple choice,selected response,instructional,40,,,,Unit 1 Assessment Plan; Course Framework; optional texts used only for style calibration,
U1-S4-BLK-Q13,AP/SCI,Conceptual Physics,1,4,Blooket,Blooket,Q13,current-section,U1-MG02|U1-MG03,,,,U1-S4-BLK-FAM13,mixed,,1,Students will determine whether an object is in mechanical equilibrium and explain how balanced forces relate to rest or constant straight-line motion.,I can recognize static equilibrium and dynamic equilibrium.,Interpret Data and Representations,multiple choice,selected response,instructional,40,,,,Unit 1 Assessment Plan; Course Framework; optional texts used only for style calibration,
U1-S4-BLK-Q14,AP/SCI,Conceptual Physics,1,4,Blooket,Blooket,Q14,current-section,U1-MG02|U1-MG03,,,,U1-S4-BLK-FAM14,mixed,,1,Students will determine whether an object is in mechanical equilibrium and explain how balanced forces relate to rest or constant straight-line motion.,I can recognize static equilibrium and dynamic equilibrium.,Interpret Data and Representations,multiple choice,selected response,instructional,40,,,,Unit 1 Assessment Plan; Course Framework; optional texts used only for style calibration,
U1-S4-BLK-Q15,AP/SCI,Conceptual Physics,1,4,Blooket,Blooket,Q15,current-section,U1-MG02|U1-MG03,,,,U1-S4-BLK-FAM15,mixed,,1,Students will determine whether an object is in mechanical equilibrium and explain how balanced forces relate to rest or constant straight-line motion.,I can recognize static equilibrium and dynamic equilibrium.,Interpret Data and Representations,multiple choice,selected response,instructional,40,,,,Unit 1 Assessment Plan; Course Framework; optional texts used only for style calibration,
U1-S4-BLK-Q16,AP/SCI,Conceptual Physics,1,4,Blooket,Blooket,Q16,current-section,U1-MG02|U1-MG03,,,,U1-S4-BLK-FAM16,mixed,,1,Students will determine whether an object is in mechanical equilibrium and explain how balanced forces relate to rest or constant straight-line motion.,I can recognize static equilibrium and dynamic equilibrium.,Interpret Data and Representations,multiple choice,selected response,instructional,40,,,,Unit 1 Assessment Plan; Course Framework; optional texts used only for style calibration,
U1-S4-BLK-Q17,AP/SCI,Conceptual Physics,1,4,Blooket,Blooket,Q17,current-section,U1-MG02|U1-MG03,,,,U1-S4-BLK-FAM17,mixed,,1,Students will determine whether an object is in mechanical equilibrium and explain how balanced forces relate to rest or constant straight-line motion.,I can recognize static equilibrium and dynamic equilibrium.,Interpret Data and Representations,multiple choice,selected response,instructional,40,,,,Unit 1 Assessment Plan; Course Framework; optional texts used only for style calibration,
U1-S4-BLK-Q18,AP/SCI,Conceptual Physics,1,4,Blooket,Blooket,Q18,current-section,U1-MG02|U1-MG03,,,,U1-S4-BLK-FAM18,mixed,,1,Students will determine whether an object is in mechanical equilibrium and explain how balanced forces relate to rest or constant straight-line motion.,I can recognize static equilibrium and dynamic equilibrium.,Interpret Data and Representations,multiple choice,selected response,instructional,40,,,,Unit 1 Assessment Plan; Course Framework; optional texts used only for style calibration,
U1-S4-BLK-Q19,AP/SCI,Conceptual Physics,1,4,Blooket,Blooket,Q19,current-section,U1-MG02|U1-MG03,,,,U1-S4-BLK-FAM19,mixed,,1,Students will determine whether an object is in mechanical equilibrium and explain how balanced forces relate to rest or constant straight-line motion.,I can recognize static equilibrium and dynamic equilibrium.,Interpret Data and Representations,multiple choice,selected response,instructional,40,,,,Unit 1 Assessment Plan; Course Framework; optional texts used only for style calibration,
U1-S4-BLK-Q20,AP/SCI,Conceptual Physics,1,4,Blooket,Blooket,Q20,current-section,U1-MG02|U1-MG03,,,,U1-S4-BLK-FAM20,mixed,,1,Students will determine whether an object is in mechanical equilibrium and explain how balanced forces relate to rest or constant straight-line motion.,I can recognize static equilibrium and dynamic equilibrium.,Interpret Data and Representations,multiple choice,selected response,instructional,40,,,,Unit 1 Assessment Plan; Course Framework; optional texts used only for style calibration,
U1-S5-BLK-Q01,AP/SCI,Conceptual Physics,1,5,Blooket,Blooket,Q01,current-section,U1-MG04,,,,U1-S5-BLK-FAM01,mixed,,1,"Students will create and critique force models for real-world situations involving inertia, support force, net force, and equilibrium.",I can draw a force diagram for an object in a real-world situation.,Interpret Data and Representations,multiple choice,selected response,instructional,40,,,,Unit 1 Assessment Plan; Course Framework; optional texts used only for style calibration,
U1-S5-BLK-Q02,AP/SCI,Conceptual Physics,1,5,Blooket,Blooket,Q02,current-section,U1-MG04,,,,U1-S5-BLK-FAM02,mixed,,1,"Students will create and critique force models for real-world situations involving inertia, support force, net force, and equilibrium.",I can draw a force diagram for an object in a real-world situation.,Interpret Data and Representations,multiple choice,selected response,instructional,40,,,,Unit 1 Assessment Plan; Course Framework; optional texts used only for style calibration,
U1-S5-BLK-Q03,AP/SCI,Conceptual Physics,1,5,Blooket,Blooket,Q03,current-section,U1-MG04,,,,U1-S5-BLK-FAM03,mixed,,1,"Students will create and critique force models for real-world situations involving inertia, support force, net force, and equilibrium.",I can draw a force diagram for an object in a real-world situation.,Interpret Data and Representations,multiple choice,selected response,instructional,40,,,,Unit 1 Assessment Plan; Course Framework; optional texts used only for style calibration,
U1-S5-BLK-Q04,AP/SCI,Conceptual Physics,1,5,Blooket,Blooket,Q04,current-section,U1-MG04,,,,U1-S5-BLK-FAM04,mixed,,1,"Students will create and critique force models for real-world situations involving inertia, support force, net force, and equilibrium.",I can draw a force diagram for an object in a real-world situation.,Interpret Data and Representations,multiple choice,selected response,instructional,40,,,,Unit 1 Assessment Plan; Course Framework; optional texts used only for style calibration,
U1-S5-BLK-Q05,AP/SCI,Conceptual Physics,1,5,Blooket,Blooket,Q05,current-section,U1-MG04,,,,U1-S5-BLK-FAM05,mixed,,1,"Students will create and critique force models for real-world situations involving inertia, support force, net force, and equilibrium.",I can draw a force diagram for an object in a real-world situation.,Interpret Data and Representations,multiple choice,selected response,instructional,40,,,,Unit 1 Assessment Plan; Course Framework; optional texts used only for style calibration,
U1-S5-BLK-Q06,AP/SCI,Conceptual Physics,1,5,Blooket,Blooket,Q06,current-section,U1-MG04,,,,U1-S5-BLK-FAM06,mixed,,1,"Students will create and critique force models for real-world situations involving inertia, support force, net force, and equilibrium.",I can draw a force diagram for an object in a real-world situation.,Interpret Data and Representations,multiple choice,selected response,instructional,40,,,,Unit 1 Assessment Plan; Course Framework; optional texts used only for style calibration,
U1-S5-BLK-Q07,AP/SCI,Conceptual Physics,1,5,Blooket,Blooket,Q07,current-section,U1-MG04,,,,U1-S5-BLK-FAM07,mixed,,1,"Students will create and critique force models for real-world situations involving inertia, support force, net force, and equilibrium.",I can draw a force diagram for an object in a real-world situation.,Interpret Data and Representations,multiple choice,selected response,instructional,40,,,,Unit 1 Assessment Plan; Course Framework; optional texts used only for style calibration,
U1-S5-BLK-Q08,AP/SCI,Conceptual Physics,1,5,Blooket,Blooket,Q08,current-section,U1-MG04,,,,U1-S5-BLK-FAM08,mixed,,1,"Students will create and critique force models for real-world situations involving inertia, support force, net force, and equilibrium.",I can draw a force diagram for an object in a real-world situation.,Interpret Data and Representations,multiple choice,selected response,instructional,40,,,,Unit 1 Assessment Plan; Course Framework; optional texts used only for style calibration,
U1-S5-BLK-Q09,AP/SCI,Conceptual Physics,1,5,Blooket,Blooket,Q09,current-section,U1-MG04,,,,U1-S5-BLK-FAM09,mixed,,1,"Students will create and critique force models for real-world situations involving inertia, support force, net force, and equilibrium.",I can draw a force diagram for an object in a real-world situation.,Interpret Data and Representations,multiple choice,selected response,instructional,40,,,,Unit 1 Assessment Plan; Course Framework; optional texts used only for style calibration,
U1-S5-BLK-Q10,AP/SCI,Conceptual Physics,1,5,Blooket,Blooket,Q10,current-section,U1-MG04,,,,U1-S5-BLK-FAM10,mixed,,1,"Students will create and critique force models for real-world situations involving inertia, support force, net force, and equilibrium.",I can draw a force diagram for an object in a real-world situation.,Interpret Data and Representations,multiple choice,selected response,instructional,40,,,,Unit 1 Assessment Plan; Course Framework; optional texts used only for style calibration,
U1-S5-BLK-Q11,AP/SCI,Conceptual Physics,1,5,Blooket,Blooket,Q11,current-section,U1-MG04,,,,U1-S5-BLK-FAM11,mixed,,1,"Students will create and critique force models for real-world situations involving inertia, support force, net force, and equilibrium.",I can draw a force diagram for an object in a real-world situation.,Interpret Data and Representations,multiple choice,selected response,instructional,40,,,,Unit 1 Assessment Plan; Course Framework; optional texts used only for style calibration,
U1-S5-BLK-Q12,AP/SCI,Conceptual Physics,1,5,Blooket,Blooket,Q12,current-section,U1-MG04,,,,U1-S5-BLK-FAM12,mixed,,1,"Students will create and critique force models for real-world situations involving inertia, support force, net force, and equilibrium.",I can draw a force diagram for an object in a real-world situation.,Interpret Data and Representations,multiple choice,selected response,instructional,40,,,,Unit 1 Assessment Plan; Course Framework; optional texts used only for style calibration,
U1-S5-BLK-Q13,AP/SCI,Conceptual Physics,1,5,Blooket,Blooket,Q13,current-section,U1-MG04,,,,U1-S5-BLK-FAM13,mixed,,1,"Students will create and critique force models for real-world situations involving inertia, support force, net force, and equilibrium.",I can draw a force diagram for an object in a real-world situation.,Interpret Data and Representations,multiple choice,selected response,instructional,40,,,,Unit 1 Assessment Plan; Course Framework; optional texts used only for style calibration,
U1-S5-BLK-Q14,AP/SCI,Conceptual Physics,1,5,Blooket,Blooket,Q14,current-section,U1-MG04,,,,U1-S5-BLK-FAM14,mixed,,1,"Students will create and critique force models for real-world situations involving inertia, support force, net force, and equilibrium.",I can draw a force diagram for an object in a real-world situation.,Interpret Data and Representations,multiple choice,selected response,instructional,40,,,,Unit 1 Assessment Plan; Course Framework; optional texts used only for style calibration,
U1-S5-BLK-Q15,AP/SCI,Conceptual Physics,1,5,Blooket,Blooket,Q15,current-section,U1-MG04,,,,U1-S5-BLK-FAM15,mixed,,1,"Students will create and critique force models for real-world situations involving inertia, support force, net force, and equilibrium.",I can draw a force diagram for an object in a real-world situation.,Interpret Data and Representations,multiple choice,selected response,instructional,40,,,,Unit 1 Assessment Plan; Course Framework; optional texts used only for style calibration,
U1-S5-BLK-Q16,AP/SCI,Conceptual Physics,1,5,Blooket,Blooket,Q16,current-section,U1-MG04,,,,U1-S5-BLK-FAM16,mixed,,1,"Students will create and critique force models for real-world situations involving inertia, support force, net force, and equilibrium.",I can draw a force diagram for an object in a real-world situation.,Interpret Data and Representations,multiple choice,selected response,instructional,40,,,,Unit 1 Assessment Plan; Course Framework; optional texts used only for style calibration,
U1-S5-BLK-Q17,AP/SCI,Conceptual Physics,1,5,Blooket,Blooket,Q17,current-section,U1-MG04,,,,U1-S5-BLK-FAM17,mixed,,1,"Students will create and critique force models for real-world situations involving inertia, support force, net force, and equilibrium.",I can draw a force diagram for an object in a real-world situation.,Interpret Data and Representations,multiple choice,selected response,instructional,40,,,,Unit 1 Assessment Plan; Course Framework; optional texts used only for style calibration,
U1-S5-BLK-Q18,AP/SCI,Conceptual Physics,1,5,Blooket,Blooket,Q18,current-section,U1-MG04,,,,U1-S5-BLK-FAM18,mixed,,1,"Students will create and critique force models for real-world situations involving inertia, support force, net force, and equilibrium.",I can draw a force diagram for an object in a real-world situation.,Interpret Data and Representations,multiple choice,selected response,instructional,40,,,,Unit 1 Assessment Plan; Course Framework; optional texts used only for style calibration,
U1-S5-BLK-Q19,AP/SCI,Conceptual Physics,1,5,Blooket,Blooket,Q19,current-section,U1-MG04,,,,U1-S5-BLK-FAM19,mixed,,1,"Students will create and critique force models for real-world situations involving inertia, support force, net force, and equilibrium.",I can draw a force diagram for an object in a real-world situation.,Interpret Data and Representations,multiple choice,selected response,instructional,40,,,,Unit 1 Assessment Plan; Course Framework; optional texts used only for style calibration,
U1-S5-BLK-Q20,AP/SCI,Conceptual Physics,1,5,Blooket,Blooket,Q20,current-section,U1-MG04,,,,U1-S5-BLK-FAM20,mixed,,1,"Students will create and critique force models for real-world situations involving inertia, support force, net force, and equilibrium.",I can draw a force diagram for an object in a real-world situation.,Interpret Data and Representations,multiple choice,selected response,instructional,40,,,,Unit 1 Assessment Plan; Course Framework; optional texts used only for style calibration,
U1-S1-WU1-Q01,AP/SCI,Conceptual Physics,1,1,Warm-Up 1,Warm-Up,WU1-Q01,prior-knowledge,U1-MG01,,,,U1-S1-WU1-FAM01,mixed,,1,"Students will explain how physics uses observation, measurement, evidence, models, and testable claims to understand the natural world.","I can distinguish between an observation, inference, hypothesis, law, and theory.",Plan / Evaluate Investigations,warm-up prompt,constructed response,instructional,120,,,,Unit 1 Assessment Plan; Course Framework,
U1-S1-WU1-Q02,AP/SCI,Conceptual Physics,1,1,Warm-Up 1,Warm-Up,WU1-Q02,prior-knowledge,U1-MG01,,,,U1-S1-WU1-FAM02,mixed,,1,"Students will explain how physics uses observation, measurement, evidence, models, and testable claims to understand the natural world.","I can distinguish between an observation, inference, hypothesis, law, and theory.",Scientific Explanation and Argument from Evidence,warm-up prompt,constructed response,instructional,120,,,,Unit 1 Assessment Plan; Course Framework,
U1-S1-WU2-Q01,AP/SCI,Conceptual Physics,1,1,Warm-Up 2,Warm-Up,WU2-Q01,current-section,U1-MG01,,,,U1-S1-WU2-FAM01,mixed,,2,"Students will explain how physics uses observation, measurement, evidence, models, and testable claims to understand the natural world.","I can distinguish between an observation, inference, hypothesis, law, and theory.",Scientific Explanation and Argument from Evidence,warm-up prompt,constructed response,instructional,120,,,,Unit 1 Assessment Plan; Course Framework,
U1-S1-WU2-Q02,AP/SCI,Conceptual Physics,1,1,Warm-Up 2,Warm-Up,WU2-Q02,current-section,U1-MG01,,,,U1-S1-WU2-FAM02,mixed,,2,"Students will explain how physics uses observation, measurement, evidence, models, and testable claims to understand the natural world.","I can distinguish between an observation, inference, hypothesis, law, and theory.",Develop and Use Models,warm-up prompt,constructed response,instructional,120,,,,Unit 1 Assessment Plan; Course Framework,
U1-S1-WU3-Q01,AP/SCI,Conceptual Physics,1,1,Warm-Up 3,Warm-Up,WU3-Q01,unit-to-date,U1-MG01,,,,U1-S1-WU3-FAM01,mixed,,2,"Students will explain how physics uses observation, measurement, evidence, models, and testable claims to understand the natural world.","I can distinguish between an observation, inference, hypothesis, law, and theory.",Develop and Use Models,warm-up prompt,constructed response,instructional,120,,,,Unit 1 Assessment Plan; Course Framework,
U1-S1-WU3-Q02,AP/SCI,Conceptual Physics,1,1,Warm-Up 3,Warm-Up,WU3-Q02,unit-to-date,U1-MG01,,,,U1-S1-WU3-FAM02,mixed,,2,"Students will explain how physics uses observation, measurement, evidence, models, and testable claims to understand the natural world.","I can distinguish between an observation, inference, hypothesis, law, and theory.",Interpret Data and Representations,warm-up prompt,constructed response,instructional,120,,,,Unit 1 Assessment Plan; Course Framework,
U1-S2-WU1-Q01,AP/SCI,Conceptual Physics,1,2,Warm-Up 1,Warm-Up,WU1-Q01,prior-knowledge,U1-MG02,,,,U1-S2-WU1-FAM01,mixed,,1,Students will explain Newton’s First Law and use the idea of inertia to predict whether an object’s motion will stay the same or change.,I can state Newton’s First Law in everyday language.,Scientific Explanation and Argument from Evidence,warm-up prompt,constructed response,instructional,120,,,,Unit 1 Assessment Plan; Course Framework,
U1-S2-WU1-Q02,AP/SCI,Conceptual Physics,1,2,Warm-Up 1,Warm-Up,WU1-Q02,prior-knowledge,U1-MG02,,,,U1-S2-WU1-FAM02,mixed,,1,Students will explain Newton’s First Law and use the idea of inertia to predict whether an object’s motion will stay the same or change.,I can state Newton’s First Law in everyday language.,Develop and Use Models,warm-up prompt,constructed response,instructional,120,,,,Unit 1 Assessment Plan; Course Framework,
U1-S2-WU2-Q01,AP/SCI,Conceptual Physics,1,2,Warm-Up 2,Warm-Up,WU2-Q01,current-section,U1-MG02,,,,U1-S2-WU2-FAM01,mixed,,2,Students will explain Newton’s First Law and use the idea of inertia to predict whether an object’s motion will stay the same or change.,I can state Newton’s First Law in everyday language.,Develop and Use Models,warm-up prompt,constructed response,instructional,120,,,,Unit 1 Assessment Plan; Course Framework,
U1-S2-WU2-Q02,AP/SCI,Conceptual Physics,1,2,Warm-Up 2,Warm-Up,WU2-Q02,current-section,U1-MG02,,,,U1-S2-WU2-FAM02,mixed,,2,Students will explain Newton’s First Law and use the idea of inertia to predict whether an object’s motion will stay the same or change.,I can state Newton’s First Law in everyday language.,Interpret Data and Representations,warm-up prompt,constructed response,instructional,120,,,,Unit 1 Assessment Plan; Course Framework,
U1-S2-WU3-Q01,AP/SCI,Conceptual Physics,1,2,Warm-Up 3,Warm-Up,WU3-Q01,unit-to-date,U1-MG02,,,,U1-S2-WU3-FAM01,mixed,,2,Students will explain Newton’s First Law and use the idea of inertia to predict whether an object’s motion will stay the same or change.,I can state Newton’s First Law in everyday language.,Interpret Data and Representations,warm-up prompt,constructed response,instructional,120,,,,Unit 1 Assessment Plan; Course Framework,
U1-S2-WU3-Q02,AP/SCI,Conceptual Physics,1,2,Warm-Up 3,Warm-Up,WU3-Q02,unit-to-date,U1-MG02,,,,U1-S2-WU3-FAM02,mixed,,2,Students will explain Newton’s First Law and use the idea of inertia to predict whether an object’s motion will stay the same or change.,I can state Newton’s First Law in everyday language.,Mathematical / Computational Thinking,warm-up prompt,constructed response,instructional,120,,,,Unit 1 Assessment Plan; Course Framework,
U1-S3-WU1-Q01,AP/SCI,Conceptual Physics,1,3,Warm-Up 1,Warm-Up,WU1-Q01,prior-knowledge,U1-MG03,,,,U1-S3-WU1-FAM01,mixed,,1,Students will represent forces as vectors and determine the direction and relative size of the net force in one-dimensional and simple two-dimensional situations.,I can explain why force is a vector quantity.,Develop and Use Models,warm-up prompt,constructed response,instructional,120,,,,Unit 1 Assessment Plan; Course Framework,
U1-S3-WU1-Q02,AP/SCI,Conceptual Physics,1,3,Warm-Up 1,Warm-Up,WU1-Q02,prior-knowledge,U1-MG03,,,,U1-S3-WU1-FAM02,mixed,,1,Students will represent forces as vectors and determine the direction and relative size of the net force in one-dimensional and simple two-dimensional situations.,I can explain why force is a vector quantity.,Interpret Data and Representations,warm-up prompt,constructed response,instructional,120,,,,Unit 1 Assessment Plan; Course Framework,
U1-S3-WU2-Q01,AP/SCI,Conceptual Physics,1,3,Warm-Up 2,Warm-Up,WU2-Q01,current-section,U1-MG03,,,,U1-S3-WU2-FAM01,mixed,,2,Students will represent forces as vectors and determine the direction and relative size of the net force in one-dimensional and simple two-dimensional situations.,I can explain why force is a vector quantity.,Interpret Data and Representations,warm-up prompt,constructed response,instructional,120,,,,Unit 1 Assessment Plan; Course Framework,
U1-S3-WU2-Q02,AP/SCI,Conceptual Physics,1,3,Warm-Up 2,Warm-Up,WU2-Q02,current-section,U1-MG03,,,,U1-S3-WU2-FAM02,mixed,,2,Students will represent forces as vectors and determine the direction and relative size of the net force in one-dimensional and simple two-dimensional situations.,I can explain why force is a vector quantity.,Mathematical / Computational Thinking,warm-up prompt,constructed response,instructional,120,,,,Unit 1 Assessment Plan; Course Framework,
U1-S3-WU3-Q01,AP/SCI,Conceptual Physics,1,3,Warm-Up 3,Warm-Up,WU3-Q01,unit-to-date,U1-MG03,,,,U1-S3-WU3-FAM01,mixed,,2,Students will represent forces as vectors and determine the direction and relative size of the net force in one-dimensional and simple two-dimensional situations.,I can explain why force is a vector quantity.,Mathematical / Computational Thinking,warm-up prompt,constructed response,instructional,120,,,,Unit 1 Assessment Plan; Course Framework,
U1-S3-WU3-Q02,AP/SCI,Conceptual Physics,1,3,Warm-Up 3,Warm-Up,WU3-Q02,unit-to-date,U1-MG03,,,,U1-S3-WU3-FAM02,mixed,,2,Students will represent forces as vectors and determine the direction and relative size of the net force in one-dimensional and simple two-dimensional situations.,I can explain why force is a vector quantity.,Plan / Evaluate Investigations,warm-up prompt,constructed response,instructional,120,,,,Unit 1 Assessment Plan; Course Framework,
U1-S4-WU1-Q01,AP/SCI,Conceptual Physics,1,4,Warm-Up 1,Warm-Up,WU1-Q01,prior-knowledge,U1-MG02|U1-MG03,,,,U1-S4-WU1-FAM01,mixed,,1,Students will determine whether an object is in mechanical equilibrium and explain how balanced forces relate to rest or constant straight-line motion.,I can recognize static equilibrium and dynamic equilibrium.,Interpret Data and Representations,warm-up prompt,constructed response,instructional,120,,,,Unit 1 Assessment Plan; Course Framework,
U1-S4-WU1-Q02,AP/SCI,Conceptual Physics,1,4,Warm-Up 1,Warm-Up,WU1-Q02,prior-knowledge,U1-MG02|U1-MG03,,,,U1-S4-WU1-FAM02,mixed,,1,Students will determine whether an object is in mechanical equilibrium and explain how balanced forces relate to rest or constant straight-line motion.,I can recognize static equilibrium and dynamic equilibrium.,Mathematical / Computational Thinking,warm-up prompt,constructed response,instructional,120,,,,Unit 1 Assessment Plan; Course Framework,
U1-S4-WU2-Q01,AP/SCI,Conceptual Physics,1,4,Warm-Up 2,Warm-Up,WU2-Q01,current-section,U1-MG02|U1-MG03,,,,U1-S4-WU2-FAM01,mixed,,2,Students will determine whether an object is in mechanical equilibrium and explain how balanced forces relate to rest or constant straight-line motion.,I can recognize static equilibrium and dynamic equilibrium.,Mathematical / Computational Thinking,warm-up prompt,constructed response,instructional,120,,,,Unit 1 Assessment Plan; Course Framework,
U1-S4-WU2-Q02,AP/SCI,Conceptual Physics,1,4,Warm-Up 2,Warm-Up,WU2-Q02,current-section,U1-MG02|U1-MG03,,,,U1-S4-WU2-FAM02,mixed,,2,Students will determine whether an object is in mechanical equilibrium and explain how balanced forces relate to rest or constant straight-line motion.,I can recognize static equilibrium and dynamic equilibrium.,Plan / Evaluate Investigations,warm-up prompt,constructed response,instructional,120,,,,Unit 1 Assessment Plan; Course Framework,
U1-S4-WU3-Q01,AP/SCI,Conceptual Physics,1,4,Warm-Up 3,Warm-Up,WU3-Q01,unit-to-date,U1-MG02|U1-MG03,,,,U1-S4-WU3-FAM01,mixed,,2,Students will determine whether an object is in mechanical equilibrium and explain how balanced forces relate to rest or constant straight-line motion.,I can recognize static equilibrium and dynamic equilibrium.,Plan / Evaluate Investigations,warm-up prompt,constructed response,instructional,120,,,,Unit 1 Assessment Plan; Course Framework,
U1-S4-WU3-Q02,AP/SCI,Conceptual Physics,1,4,Warm-Up 3,Warm-Up,WU3-Q02,unit-to-date,U1-MG02|U1-MG03,,,,U1-S4-WU3-FAM02,mixed,,2,Students will determine whether an object is in mechanical equilibrium and explain how balanced forces relate to rest or constant straight-line motion.,I can recognize static equilibrium and dynamic equilibrium.,Scientific Explanation and Argument from Evidence,warm-up prompt,constructed response,instructional,120,,,,Unit 1 Assessment Plan; Course Framework,
U1-S5-WU1-Q01,AP/SCI,Conceptual Physics,1,5,Warm-Up 1,Warm-Up,WU1-Q01,prior-knowledge,U1-MG04,,,,U1-S5-WU1-FAM01,mixed,,1,"Students will create and critique force models for real-world situations involving inertia, support force, net force, and equilibrium.",I can draw a force diagram for an object in a real-world situation.,Mathematical / Computational Thinking,warm-up prompt,constructed response,instructional,120,,,,Unit 1 Assessment Plan; Course Framework,
U1-S5-WU1-Q02,AP/SCI,Conceptual Physics,1,5,Warm-Up 1,Warm-Up,WU1-Q02,prior-knowledge,U1-MG04,,,,U1-S5-WU1-FAM02,mixed,,1,"Students will create and critique force models for real-world situations involving inertia, support force, net force, and equilibrium.",I can draw a force diagram for an object in a real-world situation.,Plan / Evaluate Investigations,warm-up prompt,constructed response,instructional,120,,,,Unit 1 Assessment Plan; Course Framework,
U1-S5-WU2-Q01,AP/SCI,Conceptual Physics,1,5,Warm-Up 2,Warm-Up,WU2-Q01,current-section,U1-MG04,,,,U1-S5-WU2-FAM01,mixed,,2,"Students will create and critique force models for real-world situations involving inertia, support force, net force, and equilibrium.",I can draw a force diagram for an object in a real-world situation.,Plan / Evaluate Investigations,warm-up prompt,constructed response,instructional,120,,,,Unit 1 Assessment Plan; Course Framework,
U1-S5-WU2-Q02,AP/SCI,Conceptual Physics,1,5,Warm-Up 2,Warm-Up,WU2-Q02,current-section,U1-MG04,,,,U1-S5-WU2-FAM02,mixed,,2,"Students will create and critique force models for real-world situations involving inertia, support force, net force, and equilibrium.",I can draw a force diagram for an object in a real-world situation.,Scientific Explanation and Argument from Evidence,warm-up prompt,constructed response,instructional,120,,,,Unit 1 Assessment Plan; Course Framework,
U1-S5-WU3-Q01,AP/SCI,Conceptual Physics,1,5,Warm-Up 3,Warm-Up,WU3-Q01,unit-to-date,U1-MG04,,,,U1-S5-WU3-FAM01,mixed,,2,"Students will create and critique force models for real-world situations involving inertia, support force, net force, and equilibrium.",I can draw a force diagram for an object in a real-world situation.,Scientific Explanation and Argument from Evidence,warm-up prompt,constructed response,instructional,120,,,,Unit 1 Assessment Plan; Course Framework,
U1-S5-WU3-Q02,AP/SCI,Conceptual Physics,1,5,Warm-Up 3,Warm-Up,WU3-Q02,unit-to-date,U1-MG04,,,,U1-S5-WU3-FAM02,mixed,,2,"Students will create and critique force models for real-world situations involving inertia, support force, net force, and equilibrium.",I can draw a force diagram for an object in a real-world situation.,Develop and Use Models,warm-up prompt,constructed response,instructional,120,,,,Unit 1 Assessment Plan; Course Framework,
U1-S1-ETA-Q01,AP/SCI,Conceptual Physics,1,1,Exit Ticket A,Exit Ticket,ETA-Q01,secure-evidence,U1-MG01,U1-EP-S1-ETA-Q01,,,U1-S1-ETA-FAM01,mixed,,2,"Students will explain how physics uses observation, measurement, evidence, models, and testable claims to understand the natural world.","I can distinguish between an observation, inference, hypothesis, law, and theory.",Scientific Explanation and Argument from Evidence,evidence prompt,constructed response,formative-secure,120,,,,Unit 1 Assessment Plan — Evidence Opportunity Plan,
U1-S1-ETB-Q01,AP/SCI,Conceptual Physics,1,1,Exit Ticket B,Exit Ticket,ETB-Q01,secure-evidence,U1-MG01,U1-EP-S1-ETB-Q01,,,U1-S1-ETB-FAM01,mixed,,2,"Students will explain how physics uses observation, measurement, evidence, models, and testable claims to understand the natural world.","I can distinguish between an observation, inference, hypothesis, law, and theory.",Scientific Explanation and Argument from Evidence,evidence prompt,constructed response,formative-secure,120,,,,Unit 1 Assessment Plan — Evidence Opportunity Plan,
U1-S1-ETC-Q01,AP/SCI,Conceptual Physics,1,1,Exit Ticket C,Exit Ticket,ETC-Q01,secure-evidence,U1-MG01,U1-EP-S1-ETC-Q01,,,U1-S1-ETC-FAM01,mixed,,3,"Students will explain how physics uses observation, measurement, evidence, models, and testable claims to understand the natural world.","I can distinguish between an observation, inference, hypothesis, law, and theory.",Scientific Explanation and Argument from Evidence,evidence prompt,constructed response,formative-secure,120,,,,Unit 1 Assessment Plan — Evidence Opportunity Plan,
U1-S1-ETC-Q02,AP/SCI,Conceptual Physics,1,1,Exit Ticket C,Exit Ticket,ETC-Q02,secure-evidence,U1-MG01,U1-EP-S1-ETC-Q02,,,U1-S1-ETC-FAM02,mixed,,3,"Students will explain how physics uses observation, measurement, evidence, models, and testable claims to understand the natural world.","I can distinguish between an observation, inference, hypothesis, law, and theory.",Scientific Explanation and Argument from Evidence,evidence prompt,constructed response,formative-secure,120,,,,Unit 1 Assessment Plan — Evidence Opportunity Plan,
U1-S2-ETA-Q01,AP/SCI,Conceptual Physics,1,2,Exit Ticket A,Exit Ticket,ETA-Q01,secure-evidence,U1-MG02,U1-EP-S2-ETA-Q01,,,U1-S2-ETA-FAM01,mixed,,2,Students will explain Newton’s First Law and use the idea of inertia to predict whether an object’s motion will stay the same or change.,I can state Newton’s First Law in everyday language.,Scientific Explanation and Argument from Evidence,evidence prompt,constructed response,formative-secure,120,,,,Unit 1 Assessment Plan — Evidence Opportunity Plan,
U1-S2-ETB-Q01,AP/SCI,Conceptual Physics,1,2,Exit Ticket B,Exit Ticket,ETB-Q01,secure-evidence,U1-MG02,U1-EP-S2-ETB-Q01,,,U1-S2-ETB-FAM01,mixed,,2,Students will explain Newton’s First Law and use the idea of inertia to predict whether an object’s motion will stay the same or change.,I can state Newton’s First Law in everyday language.,Scientific Explanation and Argument from Evidence,evidence prompt,constructed response,formative-secure,120,,,,Unit 1 Assessment Plan — Evidence Opportunity Plan,
U1-S2-ETC-Q01,AP/SCI,Conceptual Physics,1,2,Exit Ticket C,Exit Ticket,ETC-Q01,secure-evidence,U1-MG02,U1-EP-S2-ETC-Q01,,,U1-S2-ETC-FAM01,mixed,,3,Students will explain Newton’s First Law and use the idea of inertia to predict whether an object’s motion will stay the same or change.,I can state Newton’s First Law in everyday language.,Scientific Explanation and Argument from Evidence,evidence prompt,constructed response,formative-secure,120,,,,Unit 1 Assessment Plan — Evidence Opportunity Plan,
U1-S2-ETC-Q02,AP/SCI,Conceptual Physics,1,2,Exit Ticket C,Exit Ticket,ETC-Q02,secure-evidence,U1-MG02,U1-EP-S2-ETC-Q02,,,U1-S2-ETC-FAM02,mixed,,3,Students will explain Newton’s First Law and use the idea of inertia to predict whether an object’s motion will stay the same or change.,I can state Newton’s First Law in everyday language.,Scientific Explanation and Argument from Evidence,evidence prompt,constructed response,formative-secure,120,,,,Unit 1 Assessment Plan — Evidence Opportunity Plan,
U1-S3-ETA-Q01,AP/SCI,Conceptual Physics,1,3,Exit Ticket A,Exit Ticket,ETA-Q01,secure-evidence,U1-MG03,U1-EP-S3-ETA-Q01,,,U1-S3-ETA-FAM01,mixed,,2,Students will represent forces as vectors and determine the direction and relative size of the net force in one-dimensional and simple two-dimensional situations.,I can explain why force is a vector quantity.,Mathematical / Computational Thinking,evidence prompt,constructed response,formative-secure,120,,,,Unit 1 Assessment Plan — Evidence Opportunity Plan,
U1-S3-ETB-Q01,AP/SCI,Conceptual Physics,1,3,Exit Ticket B,Exit Ticket,ETB-Q01,secure-evidence,U1-MG03,U1-EP-S3-ETB-Q01,,,U1-S3-ETB-FAM01,mixed,,2,Students will represent forces as vectors and determine the direction and relative size of the net force in one-dimensional and simple two-dimensional situations.,I can explain why force is a vector quantity.,Mathematical / Computational Thinking,evidence prompt,constructed response,formative-secure,120,,,,Unit 1 Assessment Plan — Evidence Opportunity Plan,
U1-S3-ETC-Q01,AP/SCI,Conceptual Physics,1,3,Exit Ticket C,Exit Ticket,ETC-Q01,secure-evidence,U1-MG03,U1-EP-S3-ETC-Q01,,,U1-S3-ETC-FAM01,mixed,,3,Students will represent forces as vectors and determine the direction and relative size of the net force in one-dimensional and simple two-dimensional situations.,I can explain why force is a vector quantity.,Mathematical / Computational Thinking,evidence prompt,constructed response,formative-secure,120,,,,Unit 1 Assessment Plan — Evidence Opportunity Plan,
U1-S3-ETC-Q02,AP/SCI,Conceptual Physics,1,3,Exit Ticket C,Exit Ticket,ETC-Q02,secure-evidence,U1-MG03,U1-EP-S3-ETC-Q02,,,U1-S3-ETC-FAM02,mixed,,3,Students will represent forces as vectors and determine the direction and relative size of the net force in one-dimensional and simple two-dimensional situations.,I can explain why force is a vector quantity.,Mathematical / Computational Thinking,evidence prompt,constructed response,formative-secure,120,,,,Unit 1 Assessment Plan — Evidence Opportunity Plan,
U1-S4-ETA-Q01,AP/SCI,Conceptual Physics,1,4,Exit Ticket A,Exit Ticket,ETA-Q01,secure-evidence,U1-MG03,U1-EP-S4-ETA-Q01,,,U1-S4-ETA-FAM01,mixed,,2,Students will determine whether an object is in mechanical equilibrium and explain how balanced forces relate to rest or constant straight-line motion.,I can recognize static equilibrium and dynamic equilibrium.,Scientific Explanation and Argument from Evidence,evidence prompt,constructed response,formative-secure,120,,,,Unit 1 Assessment Plan — Evidence Opportunity Plan,
U1-S4-ETB-Q01,AP/SCI,Conceptual Physics,1,4,Exit Ticket B,Exit Ticket,ETB-Q01,secure-evidence,U1-MG02,U1-EP-S4-ETB-Q01,,,U1-S4-ETB-FAM01,mixed,,2,Students will determine whether an object is in mechanical equilibrium and explain how balanced forces relate to rest or constant straight-line motion.,I can recognize static equilibrium and dynamic equilibrium.,Scientific Explanation and Argument from Evidence,evidence prompt,constructed response,formative-secure,120,,,,Unit 1 Assessment Plan — Evidence Opportunity Plan,
U1-S4-ETC-Q01,AP/SCI,Conceptual Physics,1,4,Exit Ticket C,Exit Ticket,ETC-Q01,secure-evidence,U1-MG02,U1-EP-S4-ETC-Q01,,,U1-S4-ETC-FAM01,mixed,,3,Students will determine whether an object is in mechanical equilibrium and explain how balanced forces relate to rest or constant straight-line motion.,I can recognize static equilibrium and dynamic equilibrium.,Scientific Explanation and Argument from Evidence,evidence prompt,constructed response,formative-secure,120,,,,Unit 1 Assessment Plan — Evidence Opportunity Plan,
U1-S4-ETC-Q02,AP/SCI,Conceptual Physics,1,4,Exit Ticket C,Exit Ticket,ETC-Q02,secure-evidence,U1-MG03,U1-EP-S4-ETC-Q02,,,U1-S4-ETC-FAM02,mixed,,3,Students will determine whether an object is in mechanical equilibrium and explain how balanced forces relate to rest or constant straight-line motion.,I can recognize static equilibrium and dynamic equilibrium.,Scientific Explanation and Argument from Evidence,evidence prompt,constructed response,formative-secure,120,,,,Unit 1 Assessment Plan — Evidence Opportunity Plan,
U1-S5-ETA-Q01,AP/SCI,Conceptual Physics,1,5,Exit Ticket A,Exit Ticket,ETA-Q01,secure-evidence,U1-MG04,U1-EP-S5-ETA-Q01,,,U1-S5-ETA-FAM01,mixed,,2,"Students will create and critique force models for real-world situations involving inertia, support force, net force, and equilibrium.",I can draw a force diagram for an object in a real-world situation.,Scientific Explanation and Argument from Evidence,evidence prompt,constructed response,formative-secure,120,,,,Unit 1 Assessment Plan — Evidence Opportunity Plan,
U1-S5-ETB-Q01,AP/SCI,Conceptual Physics,1,5,Exit Ticket B,Exit Ticket,ETB-Q01,secure-evidence,U1-MG04,U1-EP-S5-ETB-Q01,,,U1-S5-ETB-FAM01,mixed,,2,"Students will create and critique force models for real-world situations involving inertia, support force, net force, and equilibrium.",I can draw a force diagram for an object in a real-world situation.,Scientific Explanation and Argument from Evidence,evidence prompt,constructed response,formative-secure,120,,,,Unit 1 Assessment Plan — Evidence Opportunity Plan,
U1-S5-ETC-Q01,AP/SCI,Conceptual Physics,1,5,Exit Ticket C,Exit Ticket,ETC-Q01,secure-evidence,U1-MG04,U1-EP-S5-ETC-Q01,,,U1-S5-ETC-FAM01,mixed,,3,"Students will create and critique force models for real-world situations involving inertia, support force, net force, and equilibrium.",I can draw a force diagram for an object in a real-world situation.,Scientific Explanation and Argument from Evidence,evidence prompt,constructed response,formative-secure,120,,,,Unit 1 Assessment Plan — Evidence Opportunity Plan,
U1-S5-ETC-Q02,AP/SCI,Conceptual Physics,1,5,Exit Ticket C,Exit Ticket,ETC-Q02,secure-evidence,U1-MG04,U1-EP-S5-ETC-Q02,,,U1-S5-ETC-FAM02,mixed,,3,"Students will create and critique force models for real-world situations involving inertia, support force, net force, and equilibrium.",I can draw a force diagram for an object in a real-world situation.,Scientific Explanation and Argument from Evidence,evidence prompt,constructed response,formative-secure,120,,,,Unit 1 Assessment Plan — Evidence Opportunity Plan,
U1-REV-Q01,AP/SCI,Conceptual Physics,1,,Unit Review,Review,Q01,unit-synthesis,U1-MG01,,,,U1-REV-FAM01,mixed,,2,Unit 1 synthesis across Mastery Goals,,Scientific Explanation and Argument from Evidence,review prompt,constructed response,instructional,90,,,,Unit 1 Assessment Plan; Course Framework,
U1-REV-Q02,AP/SCI,Conceptual Physics,1,,Unit Review,Review,Q02,unit-synthesis,U1-MG01,,,,U1-REV-FAM02,mixed,,2,Unit 1 synthesis across Mastery Goals,,Plan / Evaluate Investigations,review prompt,constructed response,instructional,90,,,,Unit 1 Assessment Plan; Course Framework,
U1-REV-Q03,AP/SCI,Conceptual Physics,1,,Unit Review,Review,Q03,unit-synthesis,U1-MG01,,,,U1-REV-FAM03,mixed,,2,Unit 1 synthesis across Mastery Goals,,Plan / Evaluate Investigations,review prompt,constructed response,instructional,90,,,,Unit 1 Assessment Plan; Course Framework,
U1-REV-Q04,AP/SCI,Conceptual Physics,1,,Unit Review,Review,Q04,unit-synthesis,U1-MG01,,,,U1-REV-FAM04,mixed,,2,Unit 1 synthesis across Mastery Goals,,Develop and Use Models,review prompt,constructed response,instructional,90,,,,Unit 1 Assessment Plan; Course Framework,
U1-REV-Q05,AP/SCI,Conceptual Physics,1,,Unit Review,Review,Q05,unit-synthesis,U1-MG02,,,,U1-REV-FAM05,mixed,,2,Unit 1 synthesis across Mastery Goals,,Scientific Explanation and Argument from Evidence,review prompt,constructed response,instructional,90,,,,Unit 1 Assessment Plan; Course Framework,
U1-REV-Q06,AP/SCI,Conceptual Physics,1,,Unit Review,Review,Q06,unit-synthesis,U1-MG02,,,,U1-REV-FAM06,mixed,,2,Unit 1 synthesis across Mastery Goals,,Develop and Use Models,review prompt,constructed response,instructional,90,,,,Unit 1 Assessment Plan; Course Framework,
U1-REV-Q07,AP/SCI,Conceptual Physics,1,,Unit Review,Review,Q07,unit-synthesis,U1-MG02,,,,U1-REV-FAM07,mixed,,2,Unit 1 synthesis across Mastery Goals,,Mathematical / Computational Thinking,review prompt,constructed response,instructional,90,,,,Unit 1 Assessment Plan; Course Framework,
U1-REV-Q08,AP/SCI,Conceptual Physics,1,,Unit Review,Review,Q08,unit-synthesis,U1-MG02,,,,U1-REV-FAM08,mixed,,2,Unit 1 synthesis across Mastery Goals,,Mathematical / Computational Thinking,review prompt,constructed response,instructional,90,,,,Unit 1 Assessment Plan; Course Framework,
U1-REV-Q09,AP/SCI,Conceptual Physics,1,,Unit Review,Review,Q09,unit-synthesis,U1-MG03,,,,U1-REV-FAM09,mixed,,2,Unit 1 synthesis across Mastery Goals,,Mathematical / Computational Thinking,review prompt,constructed response,instructional,90,,,,Unit 1 Assessment Plan; Course Framework,
U1-REV-Q10,AP/SCI,Conceptual Physics,1,,Unit Review,Review,Q10,unit-synthesis,U1-MG03,,,,U1-REV-FAM10,mixed,,2,Unit 1 synthesis across Mastery Goals,,Mathematical / Computational Thinking,review prompt,constructed response,instructional,90,,,,Unit 1 Assessment Plan; Course Framework,
U1-REV-Q11,AP/SCI,Conceptual Physics,1,,Unit Review,Review,Q11,unit-synthesis,U1-MG03,,,,U1-REV-FAM11,mixed,,2,Unit 1 synthesis across Mastery Goals,,Mathematical / Computational Thinking,review prompt,constructed response,instructional,90,,,,Unit 1 Assessment Plan; Course Framework,
U1-REV-Q12,AP/SCI,Conceptual Physics,1,,Unit Review,Review,Q12,unit-synthesis,U1-MG03,,,,U1-REV-FAM12,mixed,,2,Unit 1 synthesis across Mastery Goals,,Interpret Data and Representations,review prompt,constructed response,instructional,90,,,,Unit 1 Assessment Plan; Course Framework,
U1-REV-Q13,AP/SCI,Conceptual Physics,1,,Unit Review,Review,Q13,unit-synthesis,U1-MG02,,,,U1-REV-FAM13,mixed,,2,Unit 1 synthesis across Mastery Goals,,Scientific Explanation and Argument from Evidence,review prompt,constructed response,instructional,90,,,,Unit 1 Assessment Plan; Course Framework,
U1-REV-Q14,AP/SCI,Conceptual Physics,1,,Unit Review,Review,Q14,unit-synthesis,U1-MG02,,,,U1-REV-FAM14,mixed,,2,Unit 1 synthesis across Mastery Goals,,Scientific Explanation and Argument from Evidence,review prompt,constructed response,instructional,90,,,,Unit 1 Assessment Plan; Course Framework,
U1-REV-Q15,AP/SCI,Conceptual Physics,1,,Unit Review,Review,Q15,unit-synthesis,U1-MG03,,,,U1-REV-FAM15,mixed,,2,Unit 1 synthesis across Mastery Goals,,Mathematical / Computational Thinking,review prompt,constructed response,instructional,90,,,,Unit 1 Assessment Plan; Course Framework,
U1-REV-Q16,AP/SCI,Conceptual Physics,1,,Unit Review,Review,Q16,unit-synthesis,U1-MG03,,,,U1-REV-FAM16,mixed,,2,Unit 1 synthesis across Mastery Goals,,Mathematical / Computational Thinking,review prompt,constructed response,instructional,90,,,,Unit 1 Assessment Plan; Course Framework,
U1-REV-Q17,AP/SCI,Conceptual Physics,1,,Unit Review,Review,Q17,unit-synthesis,U1-MG04,,,,U1-REV-FAM17,mixed,,2,Unit 1 synthesis across Mastery Goals,,Develop and Use Models,review prompt,constructed response,instructional,90,,,,Unit 1 Assessment Plan; Course Framework,
U1-REV-Q18,AP/SCI,Conceptual Physics,1,,Unit Review,Review,Q18,unit-synthesis,U1-MG04,,,,U1-REV-FAM18,mixed,,2,Unit 1 synthesis across Mastery Goals,,Interpret Data and Representations,review prompt,constructed response,instructional,90,,,,Unit 1 Assessment Plan; Course Framework,
U1-REV-Q19,AP/SCI,Conceptual Physics,1,,Unit Review,Review,Q19,unit-synthesis,U1-MG04,,,,U1-REV-FAM19,mixed,,2,Unit 1 synthesis across Mastery Goals,,Develop and Use Models,review prompt,constructed response,instructional,90,,,,Unit 1 Assessment Plan; Course Framework,
U1-REV-Q20,AP/SCI,Conceptual Physics,1,,Unit Review,Review,Q20,unit-synthesis,U1-MG04,,,,U1-REV-FAM20,mixed,,2,Unit 1 synthesis across Mastery Goals,,Scientific Explanation and Argument from Evidence,review prompt,constructed response,instructional,90,,,,Unit 1 Assessment Plan; Course Framework,
U1-EXT01,AP/SCI,Conceptual Physics,1,,Extended Reasoning,Extended,EXT01,secure-evidence,U1-MG01,U1-EP-EXT01,,,U1-EXT-FAM01,reasoning_shift,extended multi-step scientific reasoning,3,Unit 1 learning ladder extended reasoning,,Plan / Evaluate Investigations,extended response,constructed response,secure,420,,,,Unit 1 Assessment Plan — Learning Ladder / Mastery Goals,intended_secure_use=reserve/tool-only
U1-EXT02,AP/SCI,Conceptual Physics,1,,Extended Reasoning,Extended,EXT02,secure-evidence,U1-MG02,U1-EP-EXT02,,,U1-EXT-FAM02,reasoning_shift,extended multi-step scientific reasoning,3,Unit 1 learning ladder extended reasoning,,Scientific Explanation and Argument from Evidence,extended response,constructed response,secure,420,,,,Unit 1 Assessment Plan — Learning Ladder / Mastery Goals,intended_secure_use=reserve/tool-only
U1-EXT03,AP/SCI,Conceptual Physics,1,,Extended Reasoning,Extended,EXT03,secure-evidence,U1-MG03,U1-EP-EXT03,,,U1-EXT-FAM03,reasoning_shift,extended multi-step scientific reasoning,3,Unit 1 learning ladder extended reasoning,,Mathematical / Computational Thinking,extended response,constructed response,secure,420,,,,Unit 1 Assessment Plan — Learning Ladder / Mastery Goals,intended_secure_use=reserve/tool-only
U1-EXT04,AP/SCI,Conceptual Physics,1,,Extended Reasoning,Extended,EXT04,secure-evidence,U1-MG03,U1-EP-EXT04,,,U1-EXT-FAM04,reasoning_shift,extended multi-step scientific reasoning,3,Unit 1 learning ladder extended reasoning,,Develop and Use Models,extended response,constructed response,secure,420,,,,Unit 1 Assessment Plan — Learning Ladder / Mastery Goals,intended_secure_use=reserve/tool-only
U1-EXT05,AP/SCI,Conceptual Physics,1,,Extended Reasoning,Extended,EXT05,secure-evidence,U1-MG02,U1-EP-EXT05,,,U1-EXT-FAM05,reasoning_shift,extended multi-step scientific reasoning,3,Unit 1 learning ladder extended reasoning,,Scientific Explanation and Argument from Evidence,extended response,constructed response,secure,420,,,,Unit 1 Assessment Plan — Learning Ladder / Mastery Goals,intended_secure_use=reserve/tool-only
U1-EXT06,AP/SCI,Conceptual Physics,1,,Extended Reasoning,Extended,EXT06,secure-evidence,U1-MG03,U1-EP-EXT06,,,U1-EXT-FAM06,reasoning_shift,extended multi-step scientific reasoning,3,Unit 1 learning ladder extended reasoning,,Mathematical / Computational Thinking,extended response,constructed response,secure,420,,,,Unit 1 Assessment Plan — Learning Ladder / Mastery Goals,intended_secure_use=reserve/tool-only
U1-EXT07,AP/SCI,Conceptual Physics,1,,Extended Reasoning,Extended,EXT07,secure-evidence,U1-MG04,U1-EP-EXT07,,,U1-EXT-FAM07,reasoning_shift,extended multi-step scientific reasoning,3,Unit 1 learning ladder extended reasoning,,Develop and Use Models,extended response,constructed response,secure,420,,,,Unit 1 Assessment Plan — Learning Ladder / Mastery Goals,intended_secure_use=reserve/tool-only
U1-EXT08,AP/SCI,Conceptual Physics,1,,Extended Reasoning,Extended,EXT08,secure-evidence,U1-MG04,U1-EP-EXT08,,,U1-EXT-FAM08,reasoning_shift,extended multi-step scientific reasoning,3,Unit 1 learning ladder extended reasoning,,Interpret Data and Representations,extended response,constructed response,secure,420,,,,Unit 1 Assessment Plan — Learning Ladder / Mastery Goals,intended_secure_use=reserve/tool-only
U1-EXT09,AP/SCI,Conceptual Physics,1,,Extended Reasoning,Extended,EXT09,secure-evidence,U1-MG04,U1-EP-EXT09,,,U1-EXT-FAM09,reasoning_shift,extended multi-step scientific reasoning,3,Unit 1 learning ladder extended reasoning,,Scientific Explanation and Argument from Evidence,extended response,constructed response,secure,420,,,,Unit 1 Assessment Plan — Learning Ladder / Mastery Goals,intended_secure_use=reserve/tool-only
U1-EXT10,AP/SCI,Conceptual Physics,1,,Extended Reasoning,Extended,EXT10,secure-evidence,U1-MG02,U1-EP-EXT10,,,U1-EXT-FAM10,reasoning_shift,extended multi-step scientific reasoning,3,Unit 1 learning ladder extended reasoning,,Plan / Evaluate Investigations,extended response,constructed response,secure,420,,,,Unit 1 Assessment Plan — Learning Ladder / Mastery Goals,intended_secure_use=reserve/tool-only
U1-PERF01,AP/SCI,Conceptual Physics,1,,Performance Task,Performance,PERF01,secure-evidence,U1-MG01|U1-MG02|U1-MG04,U1-EP-PERF01-A|U1-EP-PERF01-B|U1-EP-PERF01-C,,,U1-PERF-FAM01,mixed,data interpretation + force modeling + argument + limitation,3-4,Use data and force models to evaluate Newton’s First Law in a real investigation context.,,Plan / Evaluate Investigations|Develop and Use Models|Scientific Explanation and Argument from Evidence,performance task,multipart constructed response,secure,1500,,,,Unit 1 Assessment Plan — Performance/Extended Evidence Opportunities,calculator=optional; materials=none; estimated_student_time=20-30 min
U1-PERF02,AP/SCI,Conceptual Physics,1,,Performance Task,Performance,PERF02,secure-evidence,U1-MG02|U1-MG03|U1-MG04,U1-EP-PERF02-A|U1-EP-PERF02-B|U1-EP-PERF02-C,,,U1-PERF-FAM02,reasoning_shift,motion data + numerical model audit + revision + defense,3-4,Critique and revise a force model so it agrees with motion evidence and equilibrium reasoning.,,Interpret Data and Representations|Mathematical / Computational Thinking|Develop and Use Models|Scientific Explanation and Argument from Evidence,performance task,multipart constructed response,secure,1500,,,,Unit 1 Assessment Plan — Model-Critique / Revision Performance Opportunity,calculator=not required; materials=none; estimated_student_time=20-30 min
U1-SUM-V1-Q01,AP/SCI,Conceptual Physics,1,,Summative,Summative,Q01,secure-evidence,U1-MG01,U1-EP-SUM-V1-S01,V1,U1-SUM-SLOT01,U1-SUM-TD-FAM01,mixed,classify direct measurement vs inference,2,"Use evidence and models to distinguish observations, inferences, and testable physics explanations, and communicate what a representation or relationship means.",,Scientific Explanation and Argument from Evidence,multiple choice,selected response,secure,90,,,,Unit 1 Assessment Plan — Mastery Goals / Learning Ladder / Summative Assessment Plan,form_group=test_day; calculator=not required; blueprint_focus=observation vs inference; representation=scenario statement
U1-SUM-V1-Q02,AP/SCI,Conceptual Physics,1,,Summative,Summative,Q02,secure-evidence,U1-MG01,U1-EP-SUM-V1-S02,V1,U1-SUM-SLOT02,U1-SUM-TD-FAM02,mixed,testable claim + controlled variable + model interpretation,3,"Use evidence and models to distinguish observations, inferences, and testable physics explanations, and communicate what a representation or relationship means.",,Scientific Explanation and Argument from Evidence,multipart,constructed response,secure,180,,,,Unit 1 Assessment Plan — Mastery Goals / Learning Ladder / Summative Assessment Plan,form_group=test_day; calculator=not required; blueprint_focus=testable claim and evidence/model meaning; representation=short data/claim
U1-SUM-V1-Q03,AP/SCI,Conceptual Physics,1,,Summative,Summative,Q03,secure-evidence,U1-MG02,U1-EP-SUM-V1-S03,V1,U1-SUM-SLOT03,U1-SUM-TD-FAM03,mixed,predict motion from zero net force,2,Explain Newton’s First Law and inertia to predict when an object’s motion remains unchanged or changes.,,Scientific Explanation and Argument from Evidence,multiple choice,selected response,secure,90,,,,Unit 1 Assessment Plan — Mastery Goals / Learning Ladder / Summative Assessment Plan,form_group=test_day; calculator=not required; blueprint_focus=Newton First Law motion prediction; representation=motion scenario
U1-SUM-V1-Q04,AP/SCI,Conceptual Physics,1,,Summative,Summative,Q04,secure-evidence,U1-MG02,U1-EP-SUM-V1-S04,V1,U1-SUM-SLOT04,U1-SUM-TD-FAM04,mixed,misconception critique using N1L,3,Explain Newton’s First Law and inertia to predict when an object’s motion remains unchanged or changes.,,Scientific Explanation and Argument from Evidence,short response,constructed response,secure,180,,,,Unit 1 Assessment Plan — Mastery Goals / Learning Ladder / Summative Assessment Plan,form_group=test_day; calculator=not required; blueprint_focus=inertia/no-net-force misconception critique; representation=explanation
U1-SUM-V1-Q05,AP/SCI,Conceptual Physics,1,,Summative,Summative,Q05,secure-evidence,U1-MG03,U1-EP-SUM-V1-S05,V1,U1-SUM-SLOT05,U1-SUM-TD-FAM05,routine_procedural_numeric,direct signed 1D vector sum,2,"Represent and determine net force using vectors, then use the result to classify balanced and unbalanced situations.",,Mathematical / Computational Thinking,short response,constructed response,secure,120,,,,Unit 1 Assessment Plan — Mastery Goals / Learning Ladder / Summative Assessment Plan,form_group=test_day; calculator=not required; blueprint_focus=one-dimensional net force; representation=numeric forces
U1-SUM-V1-Q06,AP/SCI,Conceptual Physics,1,,Summative,Summative,Q06,secure-evidence,U1-MG03,U1-EP-SUM-V1-S06,V1,U1-SUM-SLOT06,U1-SUM-TD-FAM06,routine_procedural_numeric,Pythagorean resultant from perpendicular components,3,"Represent and determine net force using vectors, then use the result to classify balanced and unbalanced situations.",,Mathematical / Computational Thinking,short response,constructed response,secure,150,,,,Unit 1 Assessment Plan — Mastery Goals / Learning Ladder / Summative Assessment Plan,form_group=test_day; calculator=not required; blueprint_focus=simple two-dimensional resultant; representation=components
U1-SUM-V1-Q07,AP/SCI,Conceptual Physics,1,,Summative,Summative,Q07,secure-evidence,U1-MG03,U1-EP-SUM-V1-S07,V1,U1-SUM-SLOT07,U1-SUM-TD-FAM07,routine_procedural_numeric,infer balancing force from constant velocity,2,"Represent and determine net force using vectors, then use the result to classify balanced and unbalanced situations.",,Mathematical / Computational Thinking,multiple choice,selected response,secure,90,,,,Unit 1 Assessment Plan — Mastery Goals / Learning Ladder / Summative Assessment Plan,form_group=test_day; calculator=not required; blueprint_focus=equilibrium classification from force relationships; representation=force relationship
U1-SUM-V1-Q08,AP/SCI,Conceptual Physics,1,,Summative,Summative,Q08,secure-evidence,U1-MG04,U1-EP-SUM-V1-S08,V1,U1-SUM-SLOT08,U1-SUM-TD-FAM08,mixed,audit one force-model flaw and revise,3,"Create, critique, and defend force models for real-world systems using evidence about interactions and motion.",,Develop and Use Models,short response,constructed response,secure,180,,,,Unit 1 Assessment Plan — Mastery Goals / Learning Ladder / Summative Assessment Plan,form_group=test_day; calculator=not required; blueprint_focus=force-model system audit; representation=model critique
U1-SUM-V1-Q09,AP/SCI,Conceptual Physics,1,,Summative,Summative,Q09,secure-evidence,U1-MG04,U1-EP-SUM-V1-S09,V1,U1-SUM-SLOT09,U1-SUM-TD-FAM09,mixed,select and defend model from motion evidence,3,"Create, critique, and defend force models for real-world systems using evidence about interactions and motion.",,Develop and Use Models,multipart,constructed response,secure,240,,,,Unit 1 Assessment Plan — Mastery Goals / Learning Ladder / Summative Assessment Plan,form_group=test_day; calculator=not required; blueprint_focus=defend model with motion evidence; representation=evidence/model comparison
U1-SUM-V1-Q10,AP/SCI,Conceptual Physics,1,,Summative,Summative,Q10,secure-evidence,U1-MG02,U1-EP-SUM-V1-S10,V1,U1-SUM-SLOT10,U1-SUM-TD-FAM10,mixed,classify motion state by equilibrium condition,2,Explain Newton’s First Law and inertia to predict when an object’s motion remains unchanged or changes.,,Scientific Explanation and Argument from Evidence,multiple choice,selected response,secure,90,,,,Unit 1 Assessment Plan — Mastery Goals / Learning Ladder / Summative Assessment Plan,form_group=test_day; calculator=not required; blueprint_focus=static/dynamic equilibrium and changing velocity; representation=motion classification
U1-SUM-V2-Q01,AP/SCI,Conceptual Physics,1,,Summative,Summative,Q01,secure-evidence,U1-MG02,U1-EP-SUM-V2-S03,V2,U1-SUM-SLOT03,U1-SUM-TD-FAM03,mixed,predict motion from zero net force,2,Explain Newton’s First Law and inertia to predict when an object’s motion remains unchanged or changes.,,Scientific Explanation and Argument from Evidence,multiple choice,selected response,secure,90,,,,Unit 1 Assessment Plan — Mastery Goals / Learning Ladder / Summative Assessment Plan,form_group=test_day; calculator=not required; blueprint_focus=Newton First Law motion prediction; representation=motion scenario
U1-SUM-V2-Q02,AP/SCI,Conceptual Physics,1,,Summative,Summative,Q02,secure-evidence,U1-MG01,U1-EP-SUM-V2-S01,V2,U1-SUM-SLOT01,U1-SUM-TD-FAM01,mixed,classify direct measurement vs inference,2,"Use evidence and models to distinguish observations, inferences, and testable physics explanations, and communicate what a representation or relationship means.",,Scientific Explanation and Argument from Evidence,multiple choice,selected response,secure,90,,,,Unit 1 Assessment Plan — Mastery Goals / Learning Ladder / Summative Assessment Plan,form_group=test_day; calculator=not required; blueprint_focus=observation vs inference; representation=scenario statement
U1-SUM-V2-Q03,AP/SCI,Conceptual Physics,1,,Summative,Summative,Q03,secure-evidence,U1-MG03,U1-EP-SUM-V2-S05,V2,U1-SUM-SLOT05,U1-SUM-TD-FAM05,routine_procedural_numeric,direct signed 1D vector sum,2,"Represent and determine net force using vectors, then use the result to classify balanced and unbalanced situations.",,Mathematical / Computational Thinking,short response,constructed response,secure,120,,,,Unit 1 Assessment Plan — Mastery Goals / Learning Ladder / Summative Assessment Plan,form_group=test_day; calculator=not required; blueprint_focus=one-dimensional net force; representation=numeric forces
U1-SUM-V2-Q04,AP/SCI,Conceptual Physics,1,,Summative,Summative,Q04,secure-evidence,U1-MG01,U1-EP-SUM-V2-S02,V2,U1-SUM-SLOT02,U1-SUM-TD-FAM02,mixed,testable claim + controlled variable + model interpretation,3,"Use evidence and models to distinguish observations, inferences, and testable physics explanations, and communicate what a representation or relationship means.",,Scientific Explanation and Argument from Evidence,multipart,constructed response,secure,180,,,,Unit 1 Assessment Plan — Mastery Goals / Learning Ladder / Summative Assessment Plan,form_group=test_day; calculator=not required; blueprint_focus=testable claim and evidence/model meaning; representation=short data/claim
U1-SUM-V2-Q05,AP/SCI,Conceptual Physics,1,,Summative,Summative,Q05,secure-evidence,U1-MG04,U1-EP-SUM-V2-S08,V2,U1-SUM-SLOT08,U1-SUM-TD-FAM08,mixed,audit one force-model flaw and revise,3,"Create, critique, and defend force models for real-world systems using evidence about interactions and motion.",,Develop and Use Models,short response,constructed response,secure,180,,,,Unit 1 Assessment Plan — Mastery Goals / Learning Ladder / Summative Assessment Plan,form_group=test_day; calculator=not required; blueprint_focus=force-model system audit; representation=model critique
U1-SUM-V2-Q06,AP/SCI,Conceptual Physics,1,,Summative,Summative,Q06,secure-evidence,U1-MG02,U1-EP-SUM-V2-S04,V2,U1-SUM-SLOT04,U1-SUM-TD-FAM04,mixed,misconception critique using N1L,3,Explain Newton’s First Law and inertia to predict when an object’s motion remains unchanged or changes.,,Scientific Explanation and Argument from Evidence,short response,constructed response,secure,180,,,,Unit 1 Assessment Plan — Mastery Goals / Learning Ladder / Summative Assessment Plan,form_group=test_day; calculator=not required; blueprint_focus=inertia/no-net-force misconception critique; representation=explanation
U1-SUM-V2-Q07,AP/SCI,Conceptual Physics,1,,Summative,Summative,Q07,secure-evidence,U1-MG02,U1-EP-SUM-V2-S10,V2,U1-SUM-SLOT10,U1-SUM-TD-FAM10,mixed,classify motion state by equilibrium condition,2,Explain Newton’s First Law and inertia to predict when an object’s motion remains unchanged or changes.,,Scientific Explanation and Argument from Evidence,multiple choice,selected response,secure,90,,,,Unit 1 Assessment Plan — Mastery Goals / Learning Ladder / Summative Assessment Plan,form_group=test_day; calculator=not required; blueprint_focus=static/dynamic equilibrium and changing velocity; representation=motion classification
U1-SUM-V2-Q08,AP/SCI,Conceptual Physics,1,,Summative,Summative,Q08,secure-evidence,U1-MG03,U1-EP-SUM-V2-S06,V2,U1-SUM-SLOT06,U1-SUM-TD-FAM06,routine_procedural_numeric,Pythagorean resultant from perpendicular components,3,"Represent and determine net force using vectors, then use the result to classify balanced and unbalanced situations.",,Mathematical / Computational Thinking,short response,constructed response,secure,150,,,,Unit 1 Assessment Plan — Mastery Goals / Learning Ladder / Summative Assessment Plan,form_group=test_day; calculator=not required; blueprint_focus=simple two-dimensional resultant; representation=components
U1-SUM-V2-Q09,AP/SCI,Conceptual Physics,1,,Summative,Summative,Q09,secure-evidence,U1-MG04,U1-EP-SUM-V2-S09,V2,U1-SUM-SLOT09,U1-SUM-TD-FAM09,mixed,select and defend model from motion evidence,3,"Create, critique, and defend force models for real-world systems using evidence about interactions and motion.",,Develop and Use Models,multipart,constructed response,secure,240,,,,Unit 1 Assessment Plan — Mastery Goals / Learning Ladder / Summative Assessment Plan,form_group=test_day; calculator=not required; blueprint_focus=defend model with motion evidence; representation=evidence/model comparison
U1-SUM-V2-Q10,AP/SCI,Conceptual Physics,1,,Summative,Summative,Q10,secure-evidence,U1-MG03,U1-EP-SUM-V2-S07,V2,U1-SUM-SLOT07,U1-SUM-TD-FAM07,routine_procedural_numeric,infer balancing force from constant velocity,2,"Represent and determine net force using vectors, then use the result to classify balanced and unbalanced situations.",,Mathematical / Computational Thinking,multiple choice,selected response,secure,90,,,,Unit 1 Assessment Plan — Mastery Goals / Learning Ladder / Summative Assessment Plan,form_group=test_day; calculator=not required; blueprint_focus=equilibrium classification from force relationships; representation=force relationship
U1-SUM-V3-Q01,AP/SCI,Conceptual Physics,1,,Summative,Summative,Q01,secure-evidence,U1-MG03,U1-EP-SUM-V3-S05,V3,U1-SUM-SLOT05,U1-SUM-TD-FAM05,routine_procedural_numeric,direct signed 1D vector sum,2,"Represent and determine net force using vectors, then use the result to classify balanced and unbalanced situations.",,Mathematical / Computational Thinking,short response,constructed response,secure,120,,,,Unit 1 Assessment Plan — Mastery Goals / Learning Ladder / Summative Assessment Plan,form_group=test_day; calculator=not required; blueprint_focus=one-dimensional net force; representation=numeric forces
U1-SUM-V3-Q02,AP/SCI,Conceptual Physics,1,,Summative,Summative,Q02,secure-evidence,U1-MG02,U1-EP-SUM-V3-S03,V3,U1-SUM-SLOT03,U1-SUM-TD-FAM03,mixed,predict motion from zero net force,2,Explain Newton’s First Law and inertia to predict when an object’s motion remains unchanged or changes.,,Scientific Explanation and Argument from Evidence,multiple choice,selected response,secure,90,,,,Unit 1 Assessment Plan — Mastery Goals / Learning Ladder / Summative Assessment Plan,form_group=test_day; calculator=not required; blueprint_focus=Newton First Law motion prediction; representation=motion scenario
U1-SUM-V3-Q03,AP/SCI,Conceptual Physics,1,,Summative,Summative,Q03,secure-evidence,U1-MG01,U1-EP-SUM-V3-S01,V3,U1-SUM-SLOT01,U1-SUM-TD-FAM01,mixed,classify direct measurement vs inference,2,"Use evidence and models to distinguish observations, inferences, and testable physics explanations, and communicate what a representation or relationship means.",,Scientific Explanation and Argument from Evidence,multiple choice,selected response,secure,90,,,,Unit 1 Assessment Plan — Mastery Goals / Learning Ladder / Summative Assessment Plan,form_group=test_day; calculator=not required; blueprint_focus=observation vs inference; representation=scenario statement
U1-SUM-V3-Q04,AP/SCI,Conceptual Physics,1,,Summative,Summative,Q04,secure-evidence,U1-MG03,U1-EP-SUM-V3-S07,V3,U1-SUM-SLOT07,U1-SUM-TD-FAM07,routine_procedural_numeric,infer balancing force from constant velocity,2,"Represent and determine net force using vectors, then use the result to classify balanced and unbalanced situations.",,Mathematical / Computational Thinking,multiple choice,selected response,secure,90,,,,Unit 1 Assessment Plan — Mastery Goals / Learning Ladder / Summative Assessment Plan,form_group=test_day; calculator=not required; blueprint_focus=equilibrium classification from force relationships; representation=force relationship
U1-SUM-V3-Q05,AP/SCI,Conceptual Physics,1,,Summative,Summative,Q05,secure-evidence,U1-MG01,U1-EP-SUM-V3-S02,V3,U1-SUM-SLOT02,U1-SUM-TD-FAM02,mixed,testable claim + controlled variable + model interpretation,3,"Use evidence and models to distinguish observations, inferences, and testable physics explanations, and communicate what a representation or relationship means.",,Scientific Explanation and Argument from Evidence,multipart,constructed response,secure,180,,,,Unit 1 Assessment Plan — Mastery Goals / Learning Ladder / Summative Assessment Plan,form_group=test_day; calculator=not required; blueprint_focus=testable claim and evidence/model meaning; representation=short data/claim
U1-SUM-V3-Q06,AP/SCI,Conceptual Physics,1,,Summative,Summative,Q06,secure-evidence,U1-MG04,U1-EP-SUM-V3-S09,V3,U1-SUM-SLOT09,U1-SUM-TD-FAM09,mixed,select and defend model from motion evidence,3,"Create, critique, and defend force models for real-world systems using evidence about interactions and motion.",,Develop and Use Models,multipart,constructed response,secure,240,,,,Unit 1 Assessment Plan — Mastery Goals / Learning Ladder / Summative Assessment Plan,form_group=test_day; calculator=not required; blueprint_focus=defend model with motion evidence; representation=evidence/model comparison
U1-SUM-V3-Q07,AP/SCI,Conceptual Physics,1,,Summative,Summative,Q07,secure-evidence,U1-MG02,U1-EP-SUM-V3-S04,V3,U1-SUM-SLOT04,U1-SUM-TD-FAM04,mixed,misconception critique using N1L,3,Explain Newton’s First Law and inertia to predict when an object’s motion remains unchanged or changes.,,Scientific Explanation and Argument from Evidence,short response,constructed response,secure,180,,,,Unit 1 Assessment Plan — Mastery Goals / Learning Ladder / Summative Assessment Plan,form_group=test_day; calculator=not required; blueprint_focus=inertia/no-net-force misconception critique; representation=explanation
U1-SUM-V3-Q08,AP/SCI,Conceptual Physics,1,,Summative,Summative,Q08,secure-evidence,U1-MG03,U1-EP-SUM-V3-S06,V3,U1-SUM-SLOT06,U1-SUM-TD-FAM06,routine_procedural_numeric,Pythagorean resultant from perpendicular components,3,"Represent and determine net force using vectors, then use the result to classify balanced and unbalanced situations.",,Mathematical / Computational Thinking,short response,constructed response,secure,150,,,,Unit 1 Assessment Plan — Mastery Goals / Learning Ladder / Summative Assessment Plan,form_group=test_day; calculator=not required; blueprint_focus=simple two-dimensional resultant; representation=components
U1-SUM-V3-Q09,AP/SCI,Conceptual Physics,1,,Summative,Summative,Q09,secure-evidence,U1-MG02,U1-EP-SUM-V3-S10,V3,U1-SUM-SLOT10,U1-SUM-TD-FAM10,mixed,classify motion state by equilibrium condition,2,Explain Newton’s First Law and inertia to predict when an object’s motion remains unchanged or changes.,,Scientific Explanation and Argument from Evidence,multiple choice,selected response,secure,90,,,,Unit 1 Assessment Plan — Mastery Goals / Learning Ladder / Summative Assessment Plan,form_group=test_day; calculator=not required; blueprint_focus=static/dynamic equilibrium and changing velocity; representation=motion classification
U1-SUM-V3-Q10,AP/SCI,Conceptual Physics,1,,Summative,Summative,Q10,secure-evidence,U1-MG04,U1-EP-SUM-V3-S08,V3,U1-SUM-SLOT08,U1-SUM-TD-FAM08,mixed,audit one force-model flaw and revise,3,"Create, critique, and defend force models for real-world systems using evidence about interactions and motion.",,Develop and Use Models,short response,constructed response,secure,180,,,,Unit 1 Assessment Plan — Mastery Goals / Learning Ladder / Summative Assessment Plan,form_group=test_day; calculator=not required; blueprint_focus=force-model system audit; representation=model critique
U1-SUM-V4-Q01,AP/SCI,Conceptual Physics,1,,Summative,Summative,Q01,secure-evidence,U1-MG01,U1-EP-SUM-V4-S02,V4,U1-SUM-SLOT02,U1-SUM-TD-FAM02,mixed,testable claim + controlled variable + model interpretation,3,"Use evidence and models to distinguish observations, inferences, and testable physics explanations, and communicate what a representation or relationship means.",,Scientific Explanation and Argument from Evidence,multipart,constructed response,secure,180,,,,Unit 1 Assessment Plan — Mastery Goals / Learning Ladder / Summative Assessment Plan,form_group=test_day; calculator=not required; blueprint_focus=testable claim and evidence/model meaning; representation=short data/claim
U1-SUM-V4-Q02,AP/SCI,Conceptual Physics,1,,Summative,Summative,Q02,secure-evidence,U1-MG03,U1-EP-SUM-V4-S06,V4,U1-SUM-SLOT06,U1-SUM-TD-FAM06,routine_procedural_numeric,Pythagorean resultant from perpendicular components,3,"Represent and determine net force using vectors, then use the result to classify balanced and unbalanced situations.",,Mathematical / Computational Thinking,short response,constructed response,secure,150,,,,Unit 1 Assessment Plan — Mastery Goals / Learning Ladder / Summative Assessment Plan,form_group=test_day; calculator=not required; blueprint_focus=simple two-dimensional resultant; representation=components
U1-SUM-V4-Q03,AP/SCI,Conceptual Physics,1,,Summative,Summative,Q03,secure-evidence,U1-MG02,U1-EP-SUM-V4-S04,V4,U1-SUM-SLOT04,U1-SUM-TD-FAM04,mixed,misconception critique using N1L,3,Explain Newton’s First Law and inertia to predict when an object’s motion remains unchanged or changes.,,Scientific Explanation and Argument from Evidence,short response,constructed response,secure,180,,,,Unit 1 Assessment Plan — Mastery Goals / Learning Ladder / Summative Assessment Plan,form_group=test_day; calculator=not required; blueprint_focus=inertia/no-net-force misconception critique; representation=explanation
U1-SUM-V4-Q04,AP/SCI,Conceptual Physics,1,,Summative,Summative,Q04,secure-evidence,U1-MG01,U1-EP-SUM-V4-S01,V4,U1-SUM-SLOT01,U1-SUM-TD-FAM01,mixed,classify direct measurement vs inference,2,"Use evidence and models to distinguish observations, inferences, and testable physics explanations, and communicate what a representation or relationship means.",,Scientific Explanation and Argument from Evidence,multiple choice,selected response,secure,90,,,,Unit 1 Assessment Plan — Mastery Goals / Learning Ladder / Summative Assessment Plan,form_group=test_day; calculator=not required; blueprint_focus=observation vs inference; representation=scenario statement
U1-SUM-V4-Q05,AP/SCI,Conceptual Physics,1,,Summative,Summative,Q05,secure-evidence,U1-MG04,U1-EP-SUM-V4-S09,V4,U1-SUM-SLOT09,U1-SUM-TD-FAM09,mixed,select and defend model from motion evidence,3,"Create, critique, and defend force models for real-world systems using evidence about interactions and motion.",,Develop and Use Models,multipart,constructed response,secure,240,,,,Unit 1 Assessment Plan — Mastery Goals / Learning Ladder / Summative Assessment Plan,form_group=test_day; calculator=not required; blueprint_focus=defend model with motion evidence; representation=evidence/model comparison
U1-SUM-V4-Q06,AP/SCI,Conceptual Physics,1,,Summative,Summative,Q06,secure-evidence,U1-MG02,U1-EP-SUM-V4-S03,V4,U1-SUM-SLOT03,U1-SUM-TD-FAM03,mixed,predict motion from zero net force,2,Explain Newton’s First Law and inertia to predict when an object’s motion remains unchanged or changes.,,Scientific Explanation and Argument from Evidence,multiple choice,selected response,secure,90,,,,Unit 1 Assessment Plan — Mastery Goals / Learning Ladder / Summative Assessment Plan,form_group=test_day; calculator=not required; blueprint_focus=Newton First Law motion prediction; representation=motion scenario
U1-SUM-V4-Q07,AP/SCI,Conceptual Physics,1,,Summative,Summative,Q07,secure-evidence,U1-MG03,U1-EP-SUM-V4-S07,V4,U1-SUM-SLOT07,U1-SUM-TD-FAM07,routine_procedural_numeric,infer balancing force from constant velocity,2,"Represent and determine net force using vectors, then use the result to classify balanced and unbalanced situations.",,Mathematical / Computational Thinking,multiple choice,selected response,secure,90,,,,Unit 1 Assessment Plan — Mastery Goals / Learning Ladder / Summative Assessment Plan,form_group=test_day; calculator=not required; blueprint_focus=equilibrium classification from force relationships; representation=force relationship
U1-SUM-V4-Q08,AP/SCI,Conceptual Physics,1,,Summative,Summative,Q08,secure-evidence,U1-MG02,U1-EP-SUM-V4-S10,V4,U1-SUM-SLOT10,U1-SUM-TD-FAM10,mixed,classify motion state by equilibrium condition,2,Explain Newton’s First Law and inertia to predict when an object’s motion remains unchanged or changes.,,Scientific Explanation and Argument from Evidence,multiple choice,selected response,secure,90,,,,Unit 1 Assessment Plan — Mastery Goals / Learning Ladder / Summative Assessment Plan,form_group=test_day; calculator=not required; blueprint_focus=static/dynamic equilibrium and changing velocity; representation=motion classification
U1-SUM-V4-Q09,AP/SCI,Conceptual Physics,1,,Summative,Summative,Q09,secure-evidence,U1-MG03,U1-EP-SUM-V4-S05,V4,U1-SUM-SLOT05,U1-SUM-TD-FAM05,routine_procedural_numeric,direct signed 1D vector sum,2,"Represent and determine net force using vectors, then use the result to classify balanced and unbalanced situations.",,Mathematical / Computational Thinking,short response,constructed response,secure,120,,,,Unit 1 Assessment Plan — Mastery Goals / Learning Ladder / Summative Assessment Plan,form_group=test_day; calculator=not required; blueprint_focus=one-dimensional net force; representation=numeric forces
U1-SUM-V4-Q10,AP/SCI,Conceptual Physics,1,,Summative,Summative,Q10,secure-evidence,U1-MG04,U1-EP-SUM-V4-S08,V4,U1-SUM-SLOT08,U1-SUM-TD-FAM08,mixed,audit one force-model flaw and revise,3,"Create, critique, and defend force models for real-world systems using evidence about interactions and motion.",,Develop and Use Models,short response,constructed response,secure,180,,,,Unit 1 Assessment Plan — Mastery Goals / Learning Ladder / Summative Assessment Plan,form_group=test_day; calculator=not required; blueprint_focus=force-model system audit; representation=model critique
U1-SUM-V5-Q01,AP/SCI,Conceptual Physics,1,,Summative,Summative,Q01,secure-evidence,U1-MG04,U1-EP-SUM-V5-S08,V5,U1-SUM-SLOT08,U1-SUM-MU5-FAM08,mixed,system-boundary audit -> replace wrong interaction,3,"Create, critique, and defend force models for real-world systems using evidence about interactions and motion.",,Develop and Use Models,multipart,constructed response,secure,180,,,,Unit 1 Assessment Plan — Mastery Goals / Learning Ladder / Summative Assessment Plan,form_group=makeup; calculator=not required; blueprint_focus=force-model system audit; representation=model critique
U1-SUM-V5-Q02,AP/SCI,Conceptual Physics,1,,Summative,Summative,Q02,secure-evidence,U1-MG02,U1-EP-SUM-V5-S03,V5,U1-SUM-SLOT03,U1-SUM-MU5-FAM03,mixed,position table -> infer constant velocity -> N1L,2,Explain Newton’s First Law and inertia to predict when an object’s motion remains unchanged or changes.,,Scientific Explanation and Argument from Evidence,short response,constructed response,secure,90,,,,Unit 1 Assessment Plan — Mastery Goals / Learning Ladder / Summative Assessment Plan,form_group=makeup; calculator=not required; blueprint_focus=Newton First Law motion prediction; representation=motion scenario
U1-SUM-V5-Q03,AP/SCI,Conceptual Physics,1,,Summative,Summative,Q03,secure-evidence,U1-MG01,U1-EP-SUM-V5-S01,V5,U1-SUM-SLOT01,U1-SUM-MU5-FAM01,mixed,two-statement classification + justification,2,"Use evidence and models to distinguish observations, inferences, and testable physics explanations, and communicate what a representation or relationship means.",,Scientific Explanation and Argument from Evidence,multipart,constructed response,secure,90,,,,Unit 1 Assessment Plan — Mastery Goals / Learning Ladder / Summative Assessment Plan,form_group=makeup; calculator=not required; blueprint_focus=observation vs inference; representation=scenario statement
U1-SUM-V5-Q04,AP/SCI,Conceptual Physics,1,,Summative,Summative,Q04,secure-evidence,U1-MG03,U1-EP-SUM-V5-S06,V5,U1-SUM-SLOT06,U1-SUM-MU5-FAM06,mixed,given components -> magnitude + error analysis,3,"Represent and determine net force using vectors, then use the result to classify balanced and unbalanced situations.",,Mathematical / Computational Thinking,multipart,constructed response,secure,150,,,,Unit 1 Assessment Plan — Mastery Goals / Learning Ladder / Summative Assessment Plan,form_group=makeup; calculator=not required; blueprint_focus=simple two-dimensional resultant; representation=components
U1-SUM-V5-Q05,AP/SCI,Conceptual Physics,1,,Summative,Summative,Q05,secure-evidence,U1-MG02,U1-EP-SUM-V5-S10,V5,U1-SUM-SLOT10,U1-SUM-MU5-FAM10,mixed,multi-case equilibrium classification + justification,2,Explain Newton’s First Law and inertia to predict when an object’s motion remains unchanged or changes.,,Scientific Explanation and Argument from Evidence,multipart,constructed response,secure,90,,,,Unit 1 Assessment Plan — Mastery Goals / Learning Ladder / Summative Assessment Plan,form_group=makeup; calculator=not required; blueprint_focus=static/dynamic equilibrium and changing velocity; representation=motion classification
U1-SUM-V5-Q06,AP/SCI,Conceptual Physics,1,,Summative,Summative,Q06,secure-evidence,U1-MG01,U1-EP-SUM-V5-S02,V5,U1-SUM-SLOT02,U1-SUM-MU5-FAM02,mixed,data table -> pattern + new test design,3,"Use evidence and models to distinguish observations, inferences, and testable physics explanations, and communicate what a representation or relationship means.",,Scientific Explanation and Argument from Evidence,multipart,constructed response,secure,180,,,,Unit 1 Assessment Plan — Mastery Goals / Learning Ladder / Summative Assessment Plan,form_group=makeup; calculator=not required; blueprint_focus=testable claim and evidence/model meaning; representation=short data/claim
U1-SUM-V5-Q07,AP/SCI,Conceptual Physics,1,,Summative,Summative,Q07,secure-evidence,U1-MG03,U1-EP-SUM-V5-S05,V5,U1-SUM-SLOT05,U1-SUM-MU5-FAM05,mixed,three-force table -> resultant + classification,2,"Represent and determine net force using vectors, then use the result to classify balanced and unbalanced situations.",,Mathematical / Computational Thinking,multipart,constructed response,secure,120,,,,Unit 1 Assessment Plan — Mastery Goals / Learning Ladder / Summative Assessment Plan,form_group=makeup; calculator=not required; blueprint_focus=one-dimensional net force; representation=numeric forces
U1-SUM-V5-Q08,AP/SCI,Conceptual Physics,1,,Summative,Summative,Q08,secure-evidence,U1-MG04,U1-EP-SUM-V5-S09,V5,U1-SUM-SLOT09,U1-SUM-MU5-FAM09,mixed,velocity data -> compare models + counterfactual evidence,3,"Create, critique, and defend force models for real-world systems using evidence about interactions and motion.",,Develop and Use Models,multipart,constructed response,secure,240,,,,Unit 1 Assessment Plan — Mastery Goals / Learning Ladder / Summative Assessment Plan,form_group=makeup; calculator=not required; blueprint_focus=defend model with motion evidence; representation=evidence/model comparison
U1-SUM-V5-Q09,AP/SCI,Conceptual Physics,1,,Summative,Summative,Q09,secure-evidence,U1-MG02,U1-EP-SUM-V5-S04,V5,U1-SUM-SLOT04,U1-SUM-MU5-FAM04,mixed,mass comparison -> property vs force distinction,3,Explain Newton’s First Law and inertia to predict when an object’s motion remains unchanged or changes.,,Scientific Explanation and Argument from Evidence,multipart,constructed response,secure,180,,,,Unit 1 Assessment Plan — Mastery Goals / Learning Ladder / Summative Assessment Plan,form_group=makeup; calculator=not required; blueprint_focus=inertia/no-net-force misconception critique; representation=explanation
U1-SUM-V5-Q10,AP/SCI,Conceptual Physics,1,,Summative,Summative,Q10,secure-evidence,U1-MG03,U1-EP-SUM-V5-S07,V5,U1-SUM-SLOT07,U1-SUM-MU5-FAM07,mixed,force table with unknown -> equilibrium equation,2,"Represent and determine net force using vectors, then use the result to classify balanced and unbalanced situations.",,Mathematical / Computational Thinking,short response,constructed response,secure,90,,,,Unit 1 Assessment Plan — Mastery Goals / Learning Ladder / Summative Assessment Plan,form_group=makeup; calculator=not required; blueprint_focus=equilibrium classification from force relationships; representation=force relationship
U1-SUM-V6-Q01,AP/SCI,Conceptual Physics,1,,Summative,Summative,Q01,secure-evidence,U1-MG02,U1-EP-SUM-V6-S04,V6,U1-SUM-SLOT04,U1-SUM-MU6-FAM04,mixed,phenomenon explanation with interaction identification,3,Explain Newton’s First Law and inertia to predict when an object’s motion remains unchanged or changes.,,Scientific Explanation and Argument from Evidence,multipart,constructed response,secure,180,,,,Unit 1 Assessment Plan — Mastery Goals / Learning Ladder / Summative Assessment Plan,form_group=makeup; calculator=not required; blueprint_focus=inertia/no-net-force misconception critique; representation=explanation
U1-SUM-V6-Q02,AP/SCI,Conceptual Physics,1,,Summative,Summative,Q02,secure-evidence,U1-MG04,U1-EP-SUM-V6-S09,V6,U1-SUM-SLOT09,U1-SUM-MU6-FAM09,mixed,time-series speed + direction -> defend one of competing models,3,"Create, critique, and defend force models for real-world systems using evidence about interactions and motion.",,Develop and Use Models,multipart,constructed response,secure,240,,,,Unit 1 Assessment Plan — Mastery Goals / Learning Ladder / Summative Assessment Plan,form_group=makeup; calculator=not required; blueprint_focus=defend model with motion evidence; representation=evidence/model comparison
U1-SUM-V6-Q03,AP/SCI,Conceptual Physics,1,,Summative,Summative,Q03,secure-evidence,U1-MG01,U1-EP-SUM-V6-S02,V6,U1-SUM-SLOT02,U1-SUM-MU6-FAM02,mixed,competing explanations -> experiment design,3,"Use evidence and models to distinguish observations, inferences, and testable physics explanations, and communicate what a representation or relationship means.",,Scientific Explanation and Argument from Evidence,multipart,constructed response,secure,180,,,,Unit 1 Assessment Plan — Mastery Goals / Learning Ladder / Summative Assessment Plan,form_group=makeup; calculator=not required; blueprint_focus=testable claim and evidence/model meaning; representation=short data/claim
U1-SUM-V6-Q04,AP/SCI,Conceptual Physics,1,,Summative,Summative,Q04,secure-evidence,U1-MG03,U1-EP-SUM-V6-S07,V6,U1-SUM-SLOT07,U1-SUM-MU6-FAM07,mixed,component sums -> equilibrium decision + prediction,2,"Represent and determine net force using vectors, then use the result to classify balanced and unbalanced situations.",,Mathematical / Computational Thinking,multipart,constructed response,secure,90,,,,Unit 1 Assessment Plan — Mastery Goals / Learning Ladder / Summative Assessment Plan,form_group=makeup; calculator=not required; blueprint_focus=equilibrium classification from force relationships; representation=force relationship
U1-SUM-V6-Q05,AP/SCI,Conceptual Physics,1,,Summative,Summative,Q05,secure-evidence,U1-MG01,U1-EP-SUM-V6-S01,V6,U1-SUM-SLOT01,U1-SUM-MU6-FAM01,mixed,extract observation and inference from mixed record,2,"Use evidence and models to distinguish observations, inferences, and testable physics explanations, and communicate what a representation or relationship means.",,Scientific Explanation and Argument from Evidence,multipart,constructed response,secure,90,,,,Unit 1 Assessment Plan — Mastery Goals / Learning Ladder / Summative Assessment Plan,form_group=makeup; calculator=not required; blueprint_focus=observation vs inference; representation=scenario statement
U1-SUM-V6-Q06,AP/SCI,Conceptual Physics,1,,Summative,Summative,Q06,secure-evidence,U1-MG02,U1-EP-SUM-V6-S10,V6,U1-SUM-SLOT10,U1-SUM-MU6-FAM10,mixed,constraint -> generate allowed motion states,2,Explain Newton’s First Law and inertia to predict when an object’s motion remains unchanged or changes.,,Scientific Explanation and Argument from Evidence,short response,constructed response,secure,90,,,,Unit 1 Assessment Plan — Mastery Goals / Learning Ladder / Summative Assessment Plan,form_group=makeup; calculator=not required; blueprint_focus=static/dynamic equilibrium and changing velocity; representation=motion classification
U1-SUM-V6-Q07,AP/SCI,Conceptual Physics,1,,Summative,Summative,Q07,secure-evidence,U1-MG03,U1-EP-SUM-V6-S05,V6,U1-SUM-SLOT05,U1-SUM-MU6-FAM05,mixed,scaled arrow lengths -> forces -> net force,2,"Represent and determine net force using vectors, then use the result to classify balanced and unbalanced situations.",,Mathematical / Computational Thinking,short response,constructed response,secure,120,,,,Unit 1 Assessment Plan — Mastery Goals / Learning Ladder / Summative Assessment Plan,form_group=makeup; calculator=not required; blueprint_focus=one-dimensional net force; representation=numeric forces
U1-SUM-V6-Q08,AP/SCI,Conceptual Physics,1,,Summative,Summative,Q08,secure-evidence,U1-MG02,U1-EP-SUM-V6-S03,V6,U1-SUM-SLOT03,U1-SUM-MU6-FAM03,mixed,compare competing verbal claims using law,2,Explain Newton’s First Law and inertia to predict when an object’s motion remains unchanged or changes.,,Scientific Explanation and Argument from Evidence,short response,constructed response,secure,90,,,,Unit 1 Assessment Plan — Mastery Goals / Learning Ladder / Summative Assessment Plan,form_group=makeup; calculator=not required; blueprint_focus=Newton First Law motion prediction; representation=motion scenario
U1-SUM-V6-Q09,AP/SCI,Conceptual Physics,1,,Summative,Summative,Q09,secure-evidence,U1-MG04,U1-EP-SUM-V6-S08,V6,U1-SUM-SLOT08,U1-SUM-MU6-FAM08,mixed,numeric model-evidence mismatch -> diagnose alternatives,3,"Create, critique, and defend force models for real-world systems using evidence about interactions and motion.",,Develop and Use Models,multipart,constructed response,secure,180,,,,Unit 1 Assessment Plan — Mastery Goals / Learning Ladder / Summative Assessment Plan,form_group=makeup; calculator=not required; blueprint_focus=force-model system audit; representation=model critique
U1-SUM-V6-Q10,AP/SCI,Conceptual Physics,1,,Summative,Summative,Q10,secure-evidence,U1-MG03,U1-EP-SUM-V6-S06,V6,U1-SUM-SLOT06,U1-SUM-MU6-FAM06,mixed,resultant + one component -> missing component,3,"Represent and determine net force using vectors, then use the result to classify balanced and unbalanced situations.",,Mathematical / Computational Thinking,multipart,constructed response,secure,150,,,,Unit 1 Assessment Plan — Mastery Goals / Learning Ladder / Summative Assessment Plan,form_group=makeup; calculator=not required; blueprint_focus=simple two-dimensional resultant; representation=components
