bank_id,destination,section,i_can_id,supporting_i_can_ids,mastery_goal_id,learning_target,i_can,dok,question_family_id,variation,response_type,representation,security_level,summative_version,task_architecture,estimated_time_sec,source_basis
U1-S1-WHAT-S-TO-COME-001,What's to Come,1.1,U1-S1-IC3,U1-S1-IC1|U1-S1-IC2,U1-MG01,"I can explain how scientific ideas are built, tested, and supported by evidence and models.",I can use observations and simple models/formulas to justify or reject a scientific explanation.,3,wtc_evidence_bridge,context-and-evidence,constructed_response,prose/data,instructional,,wtc evidence bridge,150,Assessment Plan 1.1; Hewitt Conceptual Physics 1.1-1.2
U1-S2-WHAT-S-TO-COME-001,What's to Come,1.2,U1-S2-IC1,U1-S2-IC2|U1-S2-IC3,U1-MG02,I can explain Newton's First Law and use it to predict motion when the net force is zero.,I can state Newton's First Law in everyday language and apply it to objects at rest or moving.,3,wtc_newton_bridge,context-and-evidence,constructed_response,prose/data,instructional,,wtc newton bridge,150,Assessment Plan 1.2; Hewitt Conceptual Physics 2.3 and 2.6
U1-S3-WHAT-S-TO-COME-001,What's to Come,1.3,U1-S3-IC3,U1-S3-IC1|U1-S3-IC2,U1-MG03,I can represent forces as vectors and determine the net force on an object.,I can read a simple vector diagram and use arrow length and direction to compare force strength and find the resultant.,3,wtc_vector_bridge,context-and-evidence,constructed_response,external figure,instructional,,wtc vector bridge,150,Unit 1 Assessment Plan U1-S3-IC3; Hewitt 2.4 Figures 2.6-2.7 scaled-arrow/resultant reasoning; student vector representation redrawn answer-neutral.
U1-S4-WHAT-S-TO-COME-001,What's to Come,1.4,U1-S4-IC3,U1-S4-IC1|U1-S4-IC2,U1-MG03,I can use the equilibrium rule to analyze objects with zero net force.,I can apply the equilibrium rule ($\Sigma F = 0$) to simple force situations and explain why constant velocity means equilibrium.,3,wtc_equilibrium_bridge,context-and-evidence,constructed_response,prose/data,instructional,,wtc equilibrium bridge,150,Assessment Plan 1.4; Hewitt Conceptual Physics 2.5-2.6
U1-S5-WHAT-S-TO-COME-001,What's to Come,1.5,U1-S5-IC1,U1-S5-IC2|U1-S5-IC3,U1-MG04,I can build and critique simple force models to explain motion and equilibrium in real-world situations.,I can draw a force diagram for a simple real-world situation.,3,wtc_force_model_bridge,context-and-evidence,constructed_response,external figure,instructional,,wtc force model bridge,150,Assessment Plan 1.5; Hewitt Conceptual Physics 2.3-2.6
U1-S1-NOTES-EXAMPLE-1-001,Notes Example 1,1.1,U1-S1-IC1,,U1-MG01,"I can explain how scientific ideas are built, tested, and supported by evidence and models.","I can distinguish observations, inferences, hypotheses, scientific laws, and scientific theories.",2,notes_example_u1-s1-ic1,paired-anchor-with-changed-context,constructed_response,prose/data,instructional,,notes example u1-s1-ic1,150,Unit 1 Assessment Plan U1-S1-IC1; Hewitt Ch. 1 observation/measurement evidence structures; existing Bank scenario family retained.
U1-S1-NOTES-YTI-1-001,Notes YTI 1,1.1,U1-S1-IC1,,U1-MG01,"I can explain how scientific ideas are built, tested, and supported by evidence and models.","I can distinguish observations, inferences, hypotheses, scientific laws, and scientific theories.",2,notes_yti_u1-s1-ic1,paired-anchor-with-changed-context,constructed_response,prose/data,instructional,,notes yti u1-s1-ic1,150,Unit 1 Assessment Plan U1-S1-IC1; Hewitt Ch. 1 observation/measurement evidence structures; existing Bank scenario family retained.
U1-S1-NOTES-EXAMPLE-2-001,Notes Example 2,1.1,U1-S1-IC2,,U1-MG01,"I can explain how scientific ideas are built, tested, and supported by evidence and models.",I can explain what makes a scientific claim testable and describe evidence that could support or refute it.,2,notes_example_u1-s1-ic2,paired-anchor-with-changed-context,constructed_response,prose/data,instructional,,notes example u1-s1-ic2,150,Unit 1 Assessment Plan U1-S1-IC2; Hewitt Ch. 1 measurement-and-testability emphasis; existing Bank claim-testing family retained.
U1-S1-NOTES-YTI-2-001,Notes YTI 2,1.1,U1-S1-IC2,,U1-MG01,"I can explain how scientific ideas are built, tested, and supported by evidence and models.",I can explain what makes a scientific claim testable and describe evidence that could support or refute it.,2,notes_yti_u1-s1-ic2,paired-anchor-with-changed-context,constructed_response,prose/data,instructional,,notes yti u1-s1-ic2,150,Unit 1 Assessment Plan U1-S1-IC2; Hewitt Ch. 1 measurement-and-testability emphasis; existing Bank claim-testing family retained.
U1-S1-NOTES-EXAMPLE-3-001,Notes Example 3,1.1,U1-S1-IC3,,U1-MG01,"I can explain how scientific ideas are built, tested, and supported by evidence and models.",I can use observations and simple models/formulas to justify or reject a scientific explanation.,2,notes_example_u1-s1-ic3,paired-anchor-with-changed-context,constructed_response,prose/data,instructional,,notes example u1-s1-ic3,150,Unit 1 Assessment Plan U1-S1-IC3; Hewitt Ch. 1 evidence/model reasoning; existing Bank evidence-evaluation family retained.
U1-S1-NOTES-YTI-3-001,Notes YTI 3,1.1,U1-S1-IC3,,U1-MG01,"I can explain how scientific ideas are built, tested, and supported by evidence and models.",I can use observations and simple models/formulas to justify or reject a scientific explanation.,2,notes_yti_u1-s1-ic3,paired-anchor-with-changed-context,constructed_response,prose/data,instructional,,notes yti u1-s1-ic3,150,Unit 1 Assessment Plan U1-S1-IC3; Hewitt Ch. 1 evidence/model reasoning; existing Bank evidence-evaluation family retained.
U1-S1-NOTES-EXAMPLE-4-001,Notes Example 4,1.1,U1-S1-IC3,,U1-MG01,"I can explain how scientific ideas are built, tested, and supported by evidence and models.",I can use observations and simple models/formulas to justify or reject a scientific explanation.,2,notes_example_u1-s1-ic3,paired-anchor-with-changed-context,constructed_response,prose/data,instructional,,notes example u1-s1-ic3,150,Unit 1 Assessment Plan U1-S1-IC3; Hewitt Ch. 1 evidence/model reasoning; existing Bank evidence-evaluation family retained.
U1-S1-NOTES-YTI-4-001,Notes YTI 4,1.1,U1-S1-IC3,,U1-MG01,"I can explain how scientific ideas are built, tested, and supported by evidence and models.",I can use observations and simple models/formulas to justify or reject a scientific explanation.,2,notes_yti_u1-s1-ic3,paired-anchor-with-changed-context,constructed_response,prose/data,instructional,,notes yti u1-s1-ic3,150,Unit 1 Assessment Plan U1-S1-IC3; Hewitt Ch. 1 evidence/model reasoning; existing Bank evidence-evaluation family retained.
U1-S1-PRACTICE-SET-1-001,Practice Set 1,1.1,U1-S1-IC1,,U1-MG01,"I can explain how scientific ideas are built, tested, and supported by evidence and models.","I can distinguish observations, inferences, hypotheses, scientific laws, and scientific theories.",2,practice_u1-s1-ic1_1,practice set 1-scenario-1,constructed_response,prose/data,instructional,,practice u1-s1-ic1 1,150,Unit 1 Assessment Plan U1-S1-IC1; Hewitt Ch. 1 observation/measurement evidence structures; existing Bank scenario family retained.
U1-S1-PRACTICE-SET-1-002,Practice Set 1,1.1,U1-S1-IC1,,U1-MG01,"I can explain how scientific ideas are built, tested, and supported by evidence and models.","I can distinguish observations, inferences, hypotheses, scientific laws, and scientific theories.",2,practice_u1-s1-ic1_2,practice set 1-scenario-2,constructed_response,prose/data,instructional,,practice u1-s1-ic1 2,150,Unit 1 Assessment Plan U1-S1-IC1; Hewitt Ch. 1 observation/measurement evidence structures; existing Bank scenario family retained.
U1-S1-PRACTICE-SET-1-003,Practice Set 1,1.1,U1-S1-IC1,,U1-MG01,"I can explain how scientific ideas are built, tested, and supported by evidence and models.","I can distinguish observations, inferences, hypotheses, scientific laws, and scientific theories.",2,practice_u1-s1-ic1_3,practice set 1-scenario-3,constructed_response,prose/data,instructional,,practice u1-s1-ic1 3,150,Unit 1 Assessment Plan U1-S1-IC1; Hewitt Ch. 1 observation/measurement evidence structures; existing Bank scenario family retained.
U1-S1-PRACTICE-SET-1-004,Practice Set 1,1.1,U1-S1-IC1,,U1-MG01,"I can explain how scientific ideas are built, tested, and supported by evidence and models.","I can distinguish observations, inferences, hypotheses, scientific laws, and scientific theories.",2,practice_u1-s1-ic1_4,practice set 1-scenario-4,constructed_response,prose/data,instructional,,practice u1-s1-ic1 4,150,Unit 1 Assessment Plan U1-S1-IC1; Hewitt Ch. 1 observation/measurement evidence structures; existing Bank scenario family retained.
U1-S1-PRACTICE-SET-1-005,Practice Set 1,1.1,U1-S1-IC1,,U1-MG01,"I can explain how scientific ideas are built, tested, and supported by evidence and models.","I can distinguish observations, inferences, hypotheses, scientific laws, and scientific theories.",2,practice_u1-s1-ic1_5,practice set 1-scenario-5,constructed_response,prose/data,instructional,,practice u1-s1-ic1 5,150,Unit 1 Assessment Plan U1-S1-IC1; Hewitt Ch. 1 observation/measurement evidence structures; existing Bank scenario family retained.
U1-S1-PRACTICE-SET-1-006,Practice Set 1,1.1,U1-S1-IC1,,U1-MG01,"I can explain how scientific ideas are built, tested, and supported by evidence and models.","I can distinguish observations, inferences, hypotheses, scientific laws, and scientific theories.",2,practice_u1-s1-ic1_6,practice set 1-scenario-6,constructed_response,prose/data,instructional,,practice u1-s1-ic1 6,150,Unit 1 Assessment Plan U1-S1-IC1; Hewitt Ch. 1 observation/measurement evidence structures; existing Bank scenario family retained.
U1-S1-PRACTICE-SET-1-007,Practice Set 1,1.1,U1-S1-IC1,,U1-MG01,"I can explain how scientific ideas are built, tested, and supported by evidence and models.","I can distinguish observations, inferences, hypotheses, scientific laws, and scientific theories.",2,practice_u1-s1-ic1_1,practice set 1-scenario-7,constructed_response,prose/data,instructional,,practice u1-s1-ic1 1,150,Unit 1 Assessment Plan U1-S1-IC1; Hewitt Ch. 1 observation/measurement evidence structures; existing Bank scenario family retained.
U1-S1-PRACTICE-SET-1-008,Practice Set 1,1.1,U1-S1-IC1,,U1-MG01,"I can explain how scientific ideas are built, tested, and supported by evidence and models.","I can distinguish observations, inferences, hypotheses, scientific laws, and scientific theories.",2,practice_u1-s1-ic1_2,practice set 1-scenario-8,constructed_response,prose/data,instructional,,practice u1-s1-ic1 2,150,Unit 1 Assessment Plan U1-S1-IC1; Hewitt Ch. 1 observation/measurement evidence structures; existing Bank scenario family retained.
U1-S1-PRACTICE-SET-1-009,Practice Set 1,1.1,U1-S1-IC1,,U1-MG01,"I can explain how scientific ideas are built, tested, and supported by evidence and models.","I can distinguish observations, inferences, hypotheses, scientific laws, and scientific theories.",2,practice_u1-s1-ic1_3,practice set 1-scenario-9,constructed_response,prose/data,instructional,,practice u1-s1-ic1 3,150,Unit 1 Assessment Plan U1-S1-IC1; Hewitt Ch. 1 observation/measurement evidence structures; existing Bank scenario family retained.
U1-S1-PRACTICE-SET-1-010,Practice Set 1,1.1,U1-S1-IC2,,U1-MG01,"I can explain how scientific ideas are built, tested, and supported by evidence and models.",I can explain what makes a scientific claim testable and describe evidence that could support or refute it.,2,practice_u1-s1-ic2_1,practice set 1-scenario-1,constructed_response,prose/data,instructional,,practice u1-s1-ic2 1,150,Unit 1 Assessment Plan U1-S1-IC2; Hewitt Ch. 1 measurement-and-testability emphasis; existing Bank claim-testing family retained.
U1-S1-PRACTICE-SET-1-011,Practice Set 1,1.1,U1-S1-IC2,,U1-MG01,"I can explain how scientific ideas are built, tested, and supported by evidence and models.",I can explain what makes a scientific claim testable and describe evidence that could support or refute it.,2,practice_u1-s1-ic2_2,practice set 1-scenario-2,constructed_response,prose/data,instructional,,practice u1-s1-ic2 2,150,Unit 1 Assessment Plan U1-S1-IC2; Hewitt Ch. 1 measurement-and-testability emphasis; existing Bank claim-testing family retained.
U1-S1-PRACTICE-SET-1-012,Practice Set 1,1.1,U1-S1-IC2,,U1-MG01,"I can explain how scientific ideas are built, tested, and supported by evidence and models.",I can explain what makes a scientific claim testable and describe evidence that could support or refute it.,2,practice_u1-s1-ic2_3,practice set 1-scenario-3,constructed_response,prose/data,instructional,,practice u1-s1-ic2 3,150,Unit 1 Assessment Plan U1-S1-IC2; Hewitt Ch. 1 measurement-and-testability emphasis; existing Bank claim-testing family retained.
U1-S1-PRACTICE-SET-1-013,Practice Set 1,1.1,U1-S1-IC2,,U1-MG01,"I can explain how scientific ideas are built, tested, and supported by evidence and models.",I can explain what makes a scientific claim testable and describe evidence that could support or refute it.,2,practice_u1-s1-ic2_4,practice set 1-scenario-4,constructed_response,prose/data,instructional,,practice u1-s1-ic2 4,150,Unit 1 Assessment Plan U1-S1-IC2; Hewitt Ch. 1 measurement-and-testability emphasis; existing Bank claim-testing family retained.
U1-S1-PRACTICE-SET-1-014,Practice Set 1,1.1,U1-S1-IC2,,U1-MG01,"I can explain how scientific ideas are built, tested, and supported by evidence and models.",I can explain what makes a scientific claim testable and describe evidence that could support or refute it.,2,practice_u1-s1-ic2_5,practice set 1-scenario-5,constructed_response,prose/data,instructional,,practice u1-s1-ic2 5,150,Unit 1 Assessment Plan U1-S1-IC2; Hewitt Ch. 1 measurement-and-testability emphasis; existing Bank claim-testing family retained.
U1-S1-PRACTICE-SET-1-015,Practice Set 1,1.1,U1-S1-IC2,,U1-MG01,"I can explain how scientific ideas are built, tested, and supported by evidence and models.",I can explain what makes a scientific claim testable and describe evidence that could support or refute it.,2,practice_u1-s1-ic2_6,practice set 1-scenario-6,constructed_response,prose/data,instructional,,practice u1-s1-ic2 6,150,Unit 1 Assessment Plan U1-S1-IC2; Hewitt Ch. 1 measurement-and-testability emphasis; existing Bank claim-testing family retained.
U1-S1-PRACTICE-SET-1-016,Practice Set 1,1.1,U1-S1-IC2,,U1-MG01,"I can explain how scientific ideas are built, tested, and supported by evidence and models.",I can explain what makes a scientific claim testable and describe evidence that could support or refute it.,2,practice_u1-s1-ic2_1,practice set 1-scenario-7,constructed_response,prose/data,instructional,,practice u1-s1-ic2 1,150,Unit 1 Assessment Plan U1-S1-IC2; Hewitt Ch. 1 measurement-and-testability emphasis; existing Bank claim-testing family retained.
U1-S1-PRACTICE-SET-1-017,Practice Set 1,1.1,U1-S1-IC3,,U1-MG01,"I can explain how scientific ideas are built, tested, and supported by evidence and models.",I can use observations and simple models/formulas to justify or reject a scientific explanation.,3,practice_u1-s1-ic3_1,practice set 1-scenario-1,constructed_response,prose/data,instructional,,practice u1-s1-ic3 1,150,Unit 1 Assessment Plan U1-S1-IC3; Hewitt Ch. 1 evidence/model reasoning; existing Bank evidence-evaluation family retained.
U1-S1-PRACTICE-SET-1-018,Practice Set 1,1.1,U1-S1-IC3,,U1-MG01,"I can explain how scientific ideas are built, tested, and supported by evidence and models.",I can use observations and simple models/formulas to justify or reject a scientific explanation.,3,practice_u1-s1-ic3_2,practice set 1-scenario-2,constructed_response,prose/data,instructional,,practice u1-s1-ic3 2,150,Unit 1 Assessment Plan U1-S1-IC3; Hewitt Ch. 1 evidence/model reasoning; existing Bank evidence-evaluation family retained.
U1-S1-PRACTICE-SET-1-019,Practice Set 1,1.1,U1-S1-IC3,,U1-MG01,"I can explain how scientific ideas are built, tested, and supported by evidence and models.",I can use observations and simple models/formulas to justify or reject a scientific explanation.,3,practice_u1-s1-ic3_3,practice set 1-scenario-3,constructed_response,prose/data,instructional,,practice u1-s1-ic3 3,150,Unit 1 Assessment Plan U1-S1-IC3; Hewitt Ch. 1 evidence/model reasoning; existing Bank evidence-evaluation family retained.
U1-S1-PRACTICE-SET-1-020,Practice Set 1,1.1,U1-S1-IC3,,U1-MG01,"I can explain how scientific ideas are built, tested, and supported by evidence and models.",I can use observations and simple models/formulas to justify or reject a scientific explanation.,3,practice_u1-s1-ic3_4,practice set 1-scenario-4,constructed_response,prose/data,instructional,,practice u1-s1-ic3 4,150,Unit 1 Assessment Plan U1-S1-IC3; Hewitt Ch. 1 evidence/model reasoning; existing Bank evidence-evaluation family retained.
U1-S1-PRACTICE-SET-1-021,Practice Set 1,1.1,U1-S1-IC3,,U1-MG01,"I can explain how scientific ideas are built, tested, and supported by evidence and models.",I can use observations and simple models/formulas to justify or reject a scientific explanation.,3,practice_u1-s1-ic3_5,practice set 1-scenario-5,constructed_response,prose/data,instructional,,practice u1-s1-ic3 5,150,Unit 1 Assessment Plan U1-S1-IC3; Hewitt Ch. 1 evidence/model reasoning; existing Bank evidence-evaluation family retained.
U1-S1-PRACTICE-SET-1-022,Practice Set 1,1.1,U1-S1-IC3,,U1-MG01,"I can explain how scientific ideas are built, tested, and supported by evidence and models.",I can use observations and simple models/formulas to justify or reject a scientific explanation.,3,practice_u1-s1-ic3_6,practice set 1-scenario-6,constructed_response,prose/data,instructional,,practice u1-s1-ic3 6,150,Unit 1 Assessment Plan U1-S1-IC3; Hewitt Ch. 1 evidence/model reasoning; existing Bank evidence-evaluation family retained.
U1-S1-PRACTICE-SET-1-023,Practice Set 1,1.1,U1-S1-IC3,,U1-MG01,"I can explain how scientific ideas are built, tested, and supported by evidence and models.",I can use observations and simple models/formulas to justify or reject a scientific explanation.,3,practice_u1-s1-ic3_1,practice set 1-scenario-7,constructed_response,prose/data,instructional,,practice u1-s1-ic3 1,150,Unit 1 Assessment Plan U1-S1-IC3; Hewitt Ch. 1 evidence/model reasoning; existing Bank evidence-evaluation family retained.
U1-S1-PRACTICE-SET-1-024,Practice Set 1,1.1,U1-S1-IC3,,U1-MG01,"I can explain how scientific ideas are built, tested, and supported by evidence and models.",I can use observations and simple models/formulas to justify or reject a scientific explanation.,3,practice_u1-s1-ic3_2,practice set 1-scenario-8,constructed_response,prose/data,instructional,,practice u1-s1-ic3 2,150,Unit 1 Assessment Plan U1-S1-IC3; Hewitt Ch. 1 evidence/model reasoning; existing Bank evidence-evaluation family retained.
U1-S1-PRACTICE-SET-2-001,Practice Set 2,1.1,U1-S1-IC1,,U1-MG01,"I can explain how scientific ideas are built, tested, and supported by evidence and models.","I can distinguish observations, inferences, hypotheses, scientific laws, and scientific theories.",2,practice_u1-s1-ic1_1,practice set 2-scenario-1,constructed_response,prose/data,instructional,,practice u1-s1-ic1 1,150,Unit 1 Assessment Plan U1-S1-IC1; Hewitt Ch. 1 observation/measurement evidence structures; existing Bank scenario family retained.
U1-S1-PRACTICE-SET-2-002,Practice Set 2,1.1,U1-S1-IC1,,U1-MG01,"I can explain how scientific ideas are built, tested, and supported by evidence and models.","I can distinguish observations, inferences, hypotheses, scientific laws, and scientific theories.",2,practice_u1-s1-ic1_2,practice set 2-scenario-2,constructed_response,prose/data,instructional,,practice u1-s1-ic1 2,150,Unit 1 Assessment Plan U1-S1-IC1; Hewitt Ch. 1 observation/measurement evidence structures; existing Bank scenario family retained.
U1-S1-PRACTICE-SET-2-003,Practice Set 2,1.1,U1-S1-IC1,,U1-MG01,"I can explain how scientific ideas are built, tested, and supported by evidence and models.","I can distinguish observations, inferences, hypotheses, scientific laws, and scientific theories.",2,practice_u1-s1-ic1_3,practice set 2-scenario-3,constructed_response,prose/data,instructional,,practice u1-s1-ic1 3,150,Unit 1 Assessment Plan U1-S1-IC1; Hewitt Ch. 1 observation/measurement evidence structures; existing Bank scenario family retained.
U1-S1-PRACTICE-SET-2-004,Practice Set 2,1.1,U1-S1-IC1,,U1-MG01,"I can explain how scientific ideas are built, tested, and supported by evidence and models.","I can distinguish observations, inferences, hypotheses, scientific laws, and scientific theories.",2,practice_u1-s1-ic1_4,practice set 2-scenario-4,constructed_response,prose/data,instructional,,practice u1-s1-ic1 4,150,Unit 1 Assessment Plan U1-S1-IC1; Hewitt Ch. 1 observation/measurement evidence structures; existing Bank scenario family retained.
U1-S1-PRACTICE-SET-2-005,Practice Set 2,1.1,U1-S1-IC1,,U1-MG01,"I can explain how scientific ideas are built, tested, and supported by evidence and models.","I can distinguish observations, inferences, hypotheses, scientific laws, and scientific theories.",2,practice_u1-s1-ic1_5,practice set 2-scenario-5,constructed_response,prose/data,instructional,,practice u1-s1-ic1 5,150,Unit 1 Assessment Plan U1-S1-IC1; Hewitt Ch. 1 observation/measurement evidence structures; existing Bank scenario family retained.
U1-S1-PRACTICE-SET-2-006,Practice Set 2,1.1,U1-S1-IC1,,U1-MG01,"I can explain how scientific ideas are built, tested, and supported by evidence and models.","I can distinguish observations, inferences, hypotheses, scientific laws, and scientific theories.",2,practice_u1-s1-ic1_6,practice set 2-scenario-6,constructed_response,prose/data,instructional,,practice u1-s1-ic1 6,150,Unit 1 Assessment Plan U1-S1-IC1; Hewitt Ch. 1 observation/measurement evidence structures; existing Bank scenario family retained.
U1-S1-PRACTICE-SET-2-007,Practice Set 2,1.1,U1-S1-IC1,,U1-MG01,"I can explain how scientific ideas are built, tested, and supported by evidence and models.","I can distinguish observations, inferences, hypotheses, scientific laws, and scientific theories.",2,practice_u1-s1-ic1_1,practice set 2-scenario-7,constructed_response,prose/data,instructional,,practice u1-s1-ic1 1,150,Unit 1 Assessment Plan U1-S1-IC1; Hewitt Ch. 1 observation/measurement evidence structures; existing Bank scenario family retained.
U1-S1-PRACTICE-SET-2-008,Practice Set 2,1.1,U1-S1-IC2,,U1-MG01,"I can explain how scientific ideas are built, tested, and supported by evidence and models.",I can explain what makes a scientific claim testable and describe evidence that could support or refute it.,2,practice_u1-s1-ic2_1,practice set 2-scenario-1,constructed_response,prose/data,instructional,,practice u1-s1-ic2 1,150,Unit 1 Assessment Plan U1-S1-IC2; Hewitt Ch. 1 measurement-and-testability emphasis; existing Bank claim-testing family retained.
U1-S1-PRACTICE-SET-2-009,Practice Set 2,1.1,U1-S1-IC2,,U1-MG01,"I can explain how scientific ideas are built, tested, and supported by evidence and models.",I can explain what makes a scientific claim testable and describe evidence that could support or refute it.,2,practice_u1-s1-ic2_2,practice set 2-scenario-2,constructed_response,prose/data,instructional,,practice u1-s1-ic2 2,150,Unit 1 Assessment Plan U1-S1-IC2; Hewitt Ch. 1 measurement-and-testability emphasis; existing Bank claim-testing family retained.
U1-S1-PRACTICE-SET-2-010,Practice Set 2,1.1,U1-S1-IC2,,U1-MG01,"I can explain how scientific ideas are built, tested, and supported by evidence and models.",I can explain what makes a scientific claim testable and describe evidence that could support or refute it.,2,practice_u1-s1-ic2_3,practice set 2-scenario-3,constructed_response,prose/data,instructional,,practice u1-s1-ic2 3,150,Unit 1 Assessment Plan U1-S1-IC2; Hewitt Ch. 1 measurement-and-testability emphasis; existing Bank claim-testing family retained.
U1-S1-PRACTICE-SET-2-011,Practice Set 2,1.1,U1-S1-IC2,,U1-MG01,"I can explain how scientific ideas are built, tested, and supported by evidence and models.",I can explain what makes a scientific claim testable and describe evidence that could support or refute it.,2,practice_u1-s1-ic2_4,practice set 2-scenario-4,constructed_response,prose/data,instructional,,practice u1-s1-ic2 4,150,Unit 1 Assessment Plan U1-S1-IC2; Hewitt Ch. 1 measurement-and-testability emphasis; existing Bank claim-testing family retained.
U1-S1-PRACTICE-SET-2-012,Practice Set 2,1.1,U1-S1-IC2,,U1-MG01,"I can explain how scientific ideas are built, tested, and supported by evidence and models.",I can explain what makes a scientific claim testable and describe evidence that could support or refute it.,2,practice_u1-s1-ic2_5,practice set 2-scenario-5,constructed_response,prose/data,instructional,,practice u1-s1-ic2 5,150,Unit 1 Assessment Plan U1-S1-IC2; Hewitt Ch. 1 measurement-and-testability emphasis; existing Bank claim-testing family retained.
U1-S1-PRACTICE-SET-2-013,Practice Set 2,1.1,U1-S1-IC2,,U1-MG01,"I can explain how scientific ideas are built, tested, and supported by evidence and models.",I can explain what makes a scientific claim testable and describe evidence that could support or refute it.,2,practice_u1-s1-ic2_6,practice set 2-scenario-6,constructed_response,prose/data,instructional,,practice u1-s1-ic2 6,150,Unit 1 Assessment Plan U1-S1-IC2; Hewitt Ch. 1 measurement-and-testability emphasis; existing Bank claim-testing family retained.
U1-S1-PRACTICE-SET-2-014,Practice Set 2,1.1,U1-S1-IC2,,U1-MG01,"I can explain how scientific ideas are built, tested, and supported by evidence and models.",I can explain what makes a scientific claim testable and describe evidence that could support or refute it.,2,practice_u1-s1-ic2_1,practice set 2-scenario-7,constructed_response,prose/data,instructional,,practice u1-s1-ic2 1,150,Unit 1 Assessment Plan U1-S1-IC2; Hewitt Ch. 1 measurement-and-testability emphasis; existing Bank claim-testing family retained.
U1-S1-PRACTICE-SET-2-015,Practice Set 2,1.1,U1-S1-IC2,,U1-MG01,"I can explain how scientific ideas are built, tested, and supported by evidence and models.",I can explain what makes a scientific claim testable and describe evidence that could support or refute it.,2,practice_u1-s1-ic2_2,practice set 2-scenario-8,constructed_response,prose/data,instructional,,practice u1-s1-ic2 2,150,Unit 1 Assessment Plan U1-S1-IC2; Hewitt Ch. 1 measurement-and-testability emphasis; existing Bank claim-testing family retained.
U1-S1-PRACTICE-SET-2-016,Practice Set 2,1.1,U1-S1-IC2,,U1-MG01,"I can explain how scientific ideas are built, tested, and supported by evidence and models.",I can explain what makes a scientific claim testable and describe evidence that could support or refute it.,2,practice_u1-s1-ic2_3,practice set 2-scenario-9,constructed_response,prose/data,instructional,,practice u1-s1-ic2 3,150,Unit 1 Assessment Plan U1-S1-IC2; Hewitt Ch. 1 measurement-and-testability emphasis; existing Bank claim-testing family retained.
U1-S1-PRACTICE-SET-2-017,Practice Set 2,1.1,U1-S1-IC3,,U1-MG01,"I can explain how scientific ideas are built, tested, and supported by evidence and models.",I can use observations and simple models/formulas to justify or reject a scientific explanation.,3,practice_u1-s1-ic3_1,practice set 2-scenario-1,constructed_response,prose/data,instructional,,practice u1-s1-ic3 1,150,Unit 1 Assessment Plan U1-S1-IC3; Hewitt Ch. 1 evidence/model reasoning; existing Bank evidence-evaluation family retained.
U1-S1-PRACTICE-SET-2-018,Practice Set 2,1.1,U1-S1-IC3,,U1-MG01,"I can explain how scientific ideas are built, tested, and supported by evidence and models.",I can use observations and simple models/formulas to justify or reject a scientific explanation.,3,practice_u1-s1-ic3_2,practice set 2-scenario-2,constructed_response,prose/data,instructional,,practice u1-s1-ic3 2,150,Unit 1 Assessment Plan U1-S1-IC3; Hewitt Ch. 1 evidence/model reasoning; existing Bank evidence-evaluation family retained.
U1-S1-PRACTICE-SET-2-019,Practice Set 2,1.1,U1-S1-IC3,,U1-MG01,"I can explain how scientific ideas are built, tested, and supported by evidence and models.",I can use observations and simple models/formulas to justify or reject a scientific explanation.,3,practice_u1-s1-ic3_3,practice set 2-scenario-3,constructed_response,prose/data,instructional,,practice u1-s1-ic3 3,150,Unit 1 Assessment Plan U1-S1-IC3; Hewitt Ch. 1 evidence/model reasoning; existing Bank evidence-evaluation family retained.
U1-S1-PRACTICE-SET-2-020,Practice Set 2,1.1,U1-S1-IC3,,U1-MG01,"I can explain how scientific ideas are built, tested, and supported by evidence and models.",I can use observations and simple models/formulas to justify or reject a scientific explanation.,3,practice_u1-s1-ic3_4,practice set 2-scenario-4,constructed_response,prose/data,instructional,,practice u1-s1-ic3 4,150,Unit 1 Assessment Plan U1-S1-IC3; Hewitt Ch. 1 evidence/model reasoning; existing Bank evidence-evaluation family retained.
U1-S1-PRACTICE-SET-2-021,Practice Set 2,1.1,U1-S1-IC3,,U1-MG01,"I can explain how scientific ideas are built, tested, and supported by evidence and models.",I can use observations and simple models/formulas to justify or reject a scientific explanation.,3,practice_u1-s1-ic3_5,practice set 2-scenario-5,constructed_response,prose/data,instructional,,practice u1-s1-ic3 5,150,Unit 1 Assessment Plan U1-S1-IC3; Hewitt Ch. 1 evidence/model reasoning; existing Bank evidence-evaluation family retained.
U1-S1-PRACTICE-SET-2-022,Practice Set 2,1.1,U1-S1-IC3,,U1-MG01,"I can explain how scientific ideas are built, tested, and supported by evidence and models.",I can use observations and simple models/formulas to justify or reject a scientific explanation.,3,practice_u1-s1-ic3_6,practice set 2-scenario-6,constructed_response,prose/data,instructional,,practice u1-s1-ic3 6,150,Unit 1 Assessment Plan U1-S1-IC3; Hewitt Ch. 1 evidence/model reasoning; existing Bank evidence-evaluation family retained.
U1-S1-PRACTICE-SET-2-023,Practice Set 2,1.1,U1-S1-IC3,,U1-MG01,"I can explain how scientific ideas are built, tested, and supported by evidence and models.",I can use observations and simple models/formulas to justify or reject a scientific explanation.,3,practice_u1-s1-ic3_1,practice set 2-scenario-7,constructed_response,prose/data,instructional,,practice u1-s1-ic3 1,150,Unit 1 Assessment Plan U1-S1-IC3; Hewitt Ch. 1 evidence/model reasoning; existing Bank evidence-evaluation family retained.
U1-S1-PRACTICE-SET-2-024,Practice Set 2,1.1,U1-S1-IC3,,U1-MG01,"I can explain how scientific ideas are built, tested, and supported by evidence and models.",I can use observations and simple models/formulas to justify or reject a scientific explanation.,3,practice_u1-s1-ic3_2,practice set 2-scenario-8,constructed_response,prose/data,instructional,,practice u1-s1-ic3 2,150,Unit 1 Assessment Plan U1-S1-IC3; Hewitt Ch. 1 evidence/model reasoning; existing Bank evidence-evaluation family retained.
U1-S1-PRACTICE-SET-3-001,Practice Set 3,1.1,U1-S1-IC1,,U1-MG01,"I can explain how scientific ideas are built, tested, and supported by evidence and models.","I can distinguish observations, inferences, hypotheses, scientific laws, and scientific theories.",2,practice_u1-s1-ic1_1,practice set 3-scenario-1,constructed_response,prose/data,instructional,,practice u1-s1-ic1 1,150,Unit 1 Assessment Plan U1-S1-IC1; Hewitt Ch. 1 observation/measurement evidence structures; existing Bank scenario family retained.
U1-S1-PRACTICE-SET-3-002,Practice Set 3,1.1,U1-S1-IC1,,U1-MG01,"I can explain how scientific ideas are built, tested, and supported by evidence and models.","I can distinguish observations, inferences, hypotheses, scientific laws, and scientific theories.",2,practice_u1-s1-ic1_2,practice set 3-scenario-2,constructed_response,prose/data,instructional,,practice u1-s1-ic1 2,150,Unit 1 Assessment Plan U1-S1-IC1; Hewitt Ch. 1 observation/measurement evidence structures; existing Bank scenario family retained.
U1-S1-PRACTICE-SET-3-003,Practice Set 3,1.1,U1-S1-IC1,,U1-MG01,"I can explain how scientific ideas are built, tested, and supported by evidence and models.","I can distinguish observations, inferences, hypotheses, scientific laws, and scientific theories.",2,practice_u1-s1-ic1_3,practice set 3-scenario-3,constructed_response,prose/data,instructional,,practice u1-s1-ic1 3,150,Unit 1 Assessment Plan U1-S1-IC1; Hewitt Ch. 1 observation/measurement evidence structures; existing Bank scenario family retained.
U1-S1-PRACTICE-SET-3-004,Practice Set 3,1.1,U1-S1-IC1,,U1-MG01,"I can explain how scientific ideas are built, tested, and supported by evidence and models.","I can distinguish observations, inferences, hypotheses, scientific laws, and scientific theories.",2,practice_u1-s1-ic1_4,practice set 3-scenario-4,constructed_response,prose/data,instructional,,practice u1-s1-ic1 4,150,Unit 1 Assessment Plan U1-S1-IC1; Hewitt Ch. 1 observation/measurement evidence structures; existing Bank scenario family retained.
U1-S1-PRACTICE-SET-3-005,Practice Set 3,1.1,U1-S1-IC1,,U1-MG01,"I can explain how scientific ideas are built, tested, and supported by evidence and models.","I can distinguish observations, inferences, hypotheses, scientific laws, and scientific theories.",2,practice_u1-s1-ic1_5,practice set 3-scenario-5,constructed_response,prose/data,instructional,,practice u1-s1-ic1 5,150,Unit 1 Assessment Plan U1-S1-IC1; Hewitt Ch. 1 observation/measurement evidence structures; existing Bank scenario family retained.
U1-S1-PRACTICE-SET-3-006,Practice Set 3,1.1,U1-S1-IC1,,U1-MG01,"I can explain how scientific ideas are built, tested, and supported by evidence and models.","I can distinguish observations, inferences, hypotheses, scientific laws, and scientific theories.",2,practice_u1-s1-ic1_6,practice set 3-scenario-6,constructed_response,prose/data,instructional,,practice u1-s1-ic1 6,150,Unit 1 Assessment Plan U1-S1-IC1; Hewitt Ch. 1 observation/measurement evidence structures; existing Bank scenario family retained.
U1-S1-PRACTICE-SET-3-007,Practice Set 3,1.1,U1-S1-IC1,,U1-MG01,"I can explain how scientific ideas are built, tested, and supported by evidence and models.","I can distinguish observations, inferences, hypotheses, scientific laws, and scientific theories.",2,practice_u1-s1-ic1_1,practice set 3-scenario-7,constructed_response,prose/data,instructional,,practice u1-s1-ic1 1,150,Unit 1 Assessment Plan U1-S1-IC1; Hewitt Ch. 1 observation/measurement evidence structures; existing Bank scenario family retained.
U1-S1-PRACTICE-SET-3-008,Practice Set 3,1.1,U1-S1-IC1,,U1-MG01,"I can explain how scientific ideas are built, tested, and supported by evidence and models.","I can distinguish observations, inferences, hypotheses, scientific laws, and scientific theories.",2,practice_u1-s1-ic1_2,practice set 3-scenario-8,constructed_response,prose/data,instructional,,practice u1-s1-ic1 2,150,Unit 1 Assessment Plan U1-S1-IC1; Hewitt Ch. 1 observation/measurement evidence structures; existing Bank scenario family retained.
U1-S1-PRACTICE-SET-3-009,Practice Set 3,1.1,U1-S1-IC2,,U1-MG01,"I can explain how scientific ideas are built, tested, and supported by evidence and models.",I can explain what makes a scientific claim testable and describe evidence that could support or refute it.,2,practice_u1-s1-ic2_1,practice set 3-scenario-1,constructed_response,prose/data,instructional,,practice u1-s1-ic2 1,150,Unit 1 Assessment Plan U1-S1-IC2; Hewitt Ch. 1 measurement-and-testability emphasis; existing Bank claim-testing family retained.
U1-S1-PRACTICE-SET-3-010,Practice Set 3,1.1,U1-S1-IC2,,U1-MG01,"I can explain how scientific ideas are built, tested, and supported by evidence and models.",I can explain what makes a scientific claim testable and describe evidence that could support or refute it.,2,practice_u1-s1-ic2_2,practice set 3-scenario-2,constructed_response,prose/data,instructional,,practice u1-s1-ic2 2,150,Unit 1 Assessment Plan U1-S1-IC2; Hewitt Ch. 1 measurement-and-testability emphasis; existing Bank claim-testing family retained.
U1-S1-PRACTICE-SET-3-011,Practice Set 3,1.1,U1-S1-IC2,,U1-MG01,"I can explain how scientific ideas are built, tested, and supported by evidence and models.",I can explain what makes a scientific claim testable and describe evidence that could support or refute it.,2,practice_u1-s1-ic2_3,practice set 3-scenario-3,constructed_response,prose/data,instructional,,practice u1-s1-ic2 3,150,Unit 1 Assessment Plan U1-S1-IC2; Hewitt Ch. 1 measurement-and-testability emphasis; existing Bank claim-testing family retained.
U1-S1-PRACTICE-SET-3-012,Practice Set 3,1.1,U1-S1-IC2,,U1-MG01,"I can explain how scientific ideas are built, tested, and supported by evidence and models.",I can explain what makes a scientific claim testable and describe evidence that could support or refute it.,2,practice_u1-s1-ic2_4,practice set 3-scenario-4,constructed_response,prose/data,instructional,,practice u1-s1-ic2 4,150,Unit 1 Assessment Plan U1-S1-IC2; Hewitt Ch. 1 measurement-and-testability emphasis; existing Bank claim-testing family retained.
U1-S1-PRACTICE-SET-3-013,Practice Set 3,1.1,U1-S1-IC2,,U1-MG01,"I can explain how scientific ideas are built, tested, and supported by evidence and models.",I can explain what makes a scientific claim testable and describe evidence that could support or refute it.,2,practice_u1-s1-ic2_5,practice set 3-scenario-5,constructed_response,prose/data,instructional,,practice u1-s1-ic2 5,150,Unit 1 Assessment Plan U1-S1-IC2; Hewitt Ch. 1 measurement-and-testability emphasis; existing Bank claim-testing family retained.
U1-S1-PRACTICE-SET-3-014,Practice Set 3,1.1,U1-S1-IC2,,U1-MG01,"I can explain how scientific ideas are built, tested, and supported by evidence and models.",I can explain what makes a scientific claim testable and describe evidence that could support or refute it.,2,practice_u1-s1-ic2_6,practice set 3-scenario-6,constructed_response,prose/data,instructional,,practice u1-s1-ic2 6,150,Unit 1 Assessment Plan U1-S1-IC2; Hewitt Ch. 1 measurement-and-testability emphasis; existing Bank claim-testing family retained.
U1-S1-PRACTICE-SET-3-015,Practice Set 3,1.1,U1-S1-IC2,,U1-MG01,"I can explain how scientific ideas are built, tested, and supported by evidence and models.",I can explain what makes a scientific claim testable and describe evidence that could support or refute it.,2,practice_u1-s1-ic2_1,practice set 3-scenario-7,constructed_response,prose/data,instructional,,practice u1-s1-ic2 1,150,Unit 1 Assessment Plan U1-S1-IC2; Hewitt Ch. 1 measurement-and-testability emphasis; existing Bank claim-testing family retained.
U1-S1-PRACTICE-SET-3-016,Practice Set 3,1.1,U1-S1-IC3,,U1-MG01,"I can explain how scientific ideas are built, tested, and supported by evidence and models.",I can use observations and simple models/formulas to justify or reject a scientific explanation.,3,practice_u1-s1-ic3_1,practice set 3-scenario-1,constructed_response,prose/data,instructional,,practice u1-s1-ic3 1,150,Unit 1 Assessment Plan U1-S1-IC3; Hewitt Ch. 1 evidence/model reasoning; existing Bank evidence-evaluation family retained.
U1-S1-PRACTICE-SET-3-017,Practice Set 3,1.1,U1-S1-IC3,,U1-MG01,"I can explain how scientific ideas are built, tested, and supported by evidence and models.",I can use observations and simple models/formulas to justify or reject a scientific explanation.,3,practice_u1-s1-ic3_2,practice set 3-scenario-2,constructed_response,prose/data,instructional,,practice u1-s1-ic3 2,150,Unit 1 Assessment Plan U1-S1-IC3; Hewitt Ch. 1 evidence/model reasoning; existing Bank evidence-evaluation family retained.
U1-S1-PRACTICE-SET-3-018,Practice Set 3,1.1,U1-S1-IC3,,U1-MG01,"I can explain how scientific ideas are built, tested, and supported by evidence and models.",I can use observations and simple models/formulas to justify or reject a scientific explanation.,3,practice_u1-s1-ic3_3,practice set 3-scenario-3,constructed_response,prose/data,instructional,,practice u1-s1-ic3 3,150,Unit 1 Assessment Plan U1-S1-IC3; Hewitt Ch. 1 evidence/model reasoning; existing Bank evidence-evaluation family retained.
U1-S1-PRACTICE-SET-3-019,Practice Set 3,1.1,U1-S1-IC3,,U1-MG01,"I can explain how scientific ideas are built, tested, and supported by evidence and models.",I can use observations and simple models/formulas to justify or reject a scientific explanation.,3,practice_u1-s1-ic3_4,practice set 3-scenario-4,constructed_response,prose/data,instructional,,practice u1-s1-ic3 4,150,Unit 1 Assessment Plan U1-S1-IC3; Hewitt Ch. 1 evidence/model reasoning; existing Bank evidence-evaluation family retained.
U1-S1-PRACTICE-SET-3-020,Practice Set 3,1.1,U1-S1-IC3,,U1-MG01,"I can explain how scientific ideas are built, tested, and supported by evidence and models.",I can use observations and simple models/formulas to justify or reject a scientific explanation.,3,practice_u1-s1-ic3_5,practice set 3-scenario-5,constructed_response,prose/data,instructional,,practice u1-s1-ic3 5,150,Unit 1 Assessment Plan U1-S1-IC3; Hewitt Ch. 1 evidence/model reasoning; existing Bank evidence-evaluation family retained.
U1-S1-PRACTICE-SET-3-021,Practice Set 3,1.1,U1-S1-IC3,,U1-MG01,"I can explain how scientific ideas are built, tested, and supported by evidence and models.",I can use observations and simple models/formulas to justify or reject a scientific explanation.,3,practice_u1-s1-ic3_6,practice set 3-scenario-6,constructed_response,prose/data,instructional,,practice u1-s1-ic3 6,150,Unit 1 Assessment Plan U1-S1-IC3; Hewitt Ch. 1 evidence/model reasoning; existing Bank evidence-evaluation family retained.
U1-S1-PRACTICE-SET-3-022,Practice Set 3,1.1,U1-S1-IC3,,U1-MG01,"I can explain how scientific ideas are built, tested, and supported by evidence and models.",I can use observations and simple models/formulas to justify or reject a scientific explanation.,3,practice_u1-s1-ic3_1,practice set 3-scenario-7,constructed_response,prose/data,instructional,,practice u1-s1-ic3 1,150,Unit 1 Assessment Plan U1-S1-IC3; Hewitt Ch. 1 evidence/model reasoning; existing Bank evidence-evaluation family retained.
U1-S1-PRACTICE-SET-3-023,Practice Set 3,1.1,U1-S1-IC3,,U1-MG01,"I can explain how scientific ideas are built, tested, and supported by evidence and models.",I can use observations and simple models/formulas to justify or reject a scientific explanation.,3,practice_u1-s1-ic3_2,practice set 3-scenario-8,constructed_response,prose/data,instructional,,practice u1-s1-ic3 2,150,Unit 1 Assessment Plan U1-S1-IC3; Hewitt Ch. 1 evidence/model reasoning; existing Bank evidence-evaluation family retained.
U1-S1-PRACTICE-SET-3-024,Practice Set 3,1.1,U1-S1-IC3,,U1-MG01,"I can explain how scientific ideas are built, tested, and supported by evidence and models.",I can use observations and simple models/formulas to justify or reject a scientific explanation.,3,practice_u1-s1-ic3_3,practice set 3-scenario-9,constructed_response,prose/data,instructional,,practice u1-s1-ic3 3,150,Unit 1 Assessment Plan U1-S1-IC3; Hewitt Ch. 1 evidence/model reasoning; existing Bank evidence-evaluation family retained.
U1-S1-EXTRA-PRACTICE-001,Extra Practice,1.1,U1-S1-IC1,,U1-MG01,"I can explain how scientific ideas are built, tested, and supported by evidence and models.","I can distinguish observations, inferences, hypotheses, scientific laws, and scientific theories.",2,practice_u1-s1-ic1_1,extra practice-scenario-1,constructed_response,prose/data,instructional,,practice u1-s1-ic1 1,150,Unit 1 Assessment Plan U1-S1-IC1; Hewitt Ch. 1 observation/measurement evidence structures; existing Bank scenario family retained.
U1-S1-EXTRA-PRACTICE-002,Extra Practice,1.1,U1-S1-IC1,,U1-MG01,"I can explain how scientific ideas are built, tested, and supported by evidence and models.","I can distinguish observations, inferences, hypotheses, scientific laws, and scientific theories.",2,practice_u1-s1-ic1_2,extra practice-scenario-2,constructed_response,prose/data,instructional,,practice u1-s1-ic1 2,150,Unit 1 Assessment Plan U1-S1-IC1; Hewitt Ch. 1 observation/measurement evidence structures; existing Bank scenario family retained.
U1-S1-EXTRA-PRACTICE-003,Extra Practice,1.1,U1-S1-IC1,,U1-MG01,"I can explain how scientific ideas are built, tested, and supported by evidence and models.","I can distinguish observations, inferences, hypotheses, scientific laws, and scientific theories.",2,practice_u1-s1-ic1_3,extra practice-scenario-3,constructed_response,prose/data,instructional,,practice u1-s1-ic1 3,150,Unit 1 Assessment Plan U1-S1-IC1; Hewitt Ch. 1 observation/measurement evidence structures; existing Bank scenario family retained.
U1-S1-EXTRA-PRACTICE-004,Extra Practice,1.1,U1-S1-IC1,,U1-MG01,"I can explain how scientific ideas are built, tested, and supported by evidence and models.","I can distinguish observations, inferences, hypotheses, scientific laws, and scientific theories.",2,practice_u1-s1-ic1_4,extra practice-scenario-4,constructed_response,prose/data,instructional,,practice u1-s1-ic1 4,150,Unit 1 Assessment Plan U1-S1-IC1; Hewitt Ch. 1 observation/measurement evidence structures; existing Bank scenario family retained.
U1-S1-EXTRA-PRACTICE-005,Extra Practice,1.1,U1-S1-IC1,,U1-MG01,"I can explain how scientific ideas are built, tested, and supported by evidence and models.","I can distinguish observations, inferences, hypotheses, scientific laws, and scientific theories.",2,practice_u1-s1-ic1_5,extra practice-scenario-5,constructed_response,prose/data,instructional,,practice u1-s1-ic1 5,150,Unit 1 Assessment Plan U1-S1-IC1; Hewitt Ch. 1 observation/measurement evidence structures; existing Bank scenario family retained.
U1-S1-EXTRA-PRACTICE-006,Extra Practice,1.1,U1-S1-IC1,,U1-MG01,"I can explain how scientific ideas are built, tested, and supported by evidence and models.","I can distinguish observations, inferences, hypotheses, scientific laws, and scientific theories.",2,practice_u1-s1-ic1_6,extra practice-scenario-6,constructed_response,prose/data,instructional,,practice u1-s1-ic1 6,150,Unit 1 Assessment Plan U1-S1-IC1; Hewitt Ch. 1 observation/measurement evidence structures; existing Bank scenario family retained.
U1-S1-EXTRA-PRACTICE-007,Extra Practice,1.1,U1-S1-IC2,,U1-MG01,"I can explain how scientific ideas are built, tested, and supported by evidence and models.",I can explain what makes a scientific claim testable and describe evidence that could support or refute it.,2,practice_u1-s1-ic2_1,extra practice-scenario-1,constructed_response,prose/data,instructional,,practice u1-s1-ic2 1,150,Unit 1 Assessment Plan U1-S1-IC2; Hewitt Ch. 1 measurement-and-testability emphasis; existing Bank claim-testing family retained.
U1-S1-EXTRA-PRACTICE-008,Extra Practice,1.1,U1-S1-IC2,,U1-MG01,"I can explain how scientific ideas are built, tested, and supported by evidence and models.",I can explain what makes a scientific claim testable and describe evidence that could support or refute it.,2,practice_u1-s1-ic2_2,extra practice-scenario-2,constructed_response,prose/data,instructional,,practice u1-s1-ic2 2,150,Unit 1 Assessment Plan U1-S1-IC2; Hewitt Ch. 1 measurement-and-testability emphasis; existing Bank claim-testing family retained.
U1-S1-EXTRA-PRACTICE-009,Extra Practice,1.1,U1-S1-IC2,,U1-MG01,"I can explain how scientific ideas are built, tested, and supported by evidence and models.",I can explain what makes a scientific claim testable and describe evidence that could support or refute it.,2,practice_u1-s1-ic2_3,extra practice-scenario-3,constructed_response,prose/data,instructional,,practice u1-s1-ic2 3,150,Unit 1 Assessment Plan U1-S1-IC2; Hewitt Ch. 1 measurement-and-testability emphasis; existing Bank claim-testing family retained.
U1-S1-EXTRA-PRACTICE-010,Extra Practice,1.1,U1-S1-IC2,,U1-MG01,"I can explain how scientific ideas are built, tested, and supported by evidence and models.",I can explain what makes a scientific claim testable and describe evidence that could support or refute it.,2,practice_u1-s1-ic2_4,extra practice-scenario-4,constructed_response,prose/data,instructional,,practice u1-s1-ic2 4,150,Unit 1 Assessment Plan U1-S1-IC2; Hewitt Ch. 1 measurement-and-testability emphasis; existing Bank claim-testing family retained.
U1-S1-EXTRA-PRACTICE-011,Extra Practice,1.1,U1-S1-IC2,,U1-MG01,"I can explain how scientific ideas are built, tested, and supported by evidence and models.",I can explain what makes a scientific claim testable and describe evidence that could support or refute it.,2,practice_u1-s1-ic2_5,extra practice-scenario-5,constructed_response,prose/data,instructional,,practice u1-s1-ic2 5,150,Unit 1 Assessment Plan U1-S1-IC2; Hewitt Ch. 1 measurement-and-testability emphasis; existing Bank claim-testing family retained.
U1-S1-EXTRA-PRACTICE-012,Extra Practice,1.1,U1-S1-IC2,,U1-MG01,"I can explain how scientific ideas are built, tested, and supported by evidence and models.",I can explain what makes a scientific claim testable and describe evidence that could support or refute it.,2,practice_u1-s1-ic2_6,extra practice-scenario-6,constructed_response,prose/data,instructional,,practice u1-s1-ic2 6,150,Unit 1 Assessment Plan U1-S1-IC2; Hewitt Ch. 1 measurement-and-testability emphasis; existing Bank claim-testing family retained.
U1-S1-EXTRA-PRACTICE-013,Extra Practice,1.1,U1-S1-IC2,,U1-MG01,"I can explain how scientific ideas are built, tested, and supported by evidence and models.",I can explain what makes a scientific claim testable and describe evidence that could support or refute it.,2,practice_u1-s1-ic2_1,extra practice-scenario-7,constructed_response,prose/data,instructional,,practice u1-s1-ic2 1,150,Unit 1 Assessment Plan U1-S1-IC2; Hewitt Ch. 1 measurement-and-testability emphasis; existing Bank claim-testing family retained.
U1-S1-EXTRA-PRACTICE-014,Extra Practice,1.1,U1-S1-IC2,,U1-MG01,"I can explain how scientific ideas are built, tested, and supported by evidence and models.",I can explain what makes a scientific claim testable and describe evidence that could support or refute it.,2,practice_u1-s1-ic2_2,extra practice-scenario-8,constructed_response,prose/data,instructional,,practice u1-s1-ic2 2,150,Unit 1 Assessment Plan U1-S1-IC2; Hewitt Ch. 1 measurement-and-testability emphasis; existing Bank claim-testing family retained.
U1-S1-EXTRA-PRACTICE-015,Extra Practice,1.1,U1-S1-IC3,,U1-MG01,"I can explain how scientific ideas are built, tested, and supported by evidence and models.",I can use observations and simple models/formulas to justify or reject a scientific explanation.,3,practice_u1-s1-ic3_1,extra practice-scenario-1,constructed_response,prose/data,instructional,,practice u1-s1-ic3 1,150,Unit 1 Assessment Plan U1-S1-IC3; Hewitt Ch. 1 evidence/model reasoning; existing Bank evidence-evaluation family retained.
U1-S1-EXTRA-PRACTICE-016,Extra Practice,1.1,U1-S1-IC3,,U1-MG01,"I can explain how scientific ideas are built, tested, and supported by evidence and models.",I can use observations and simple models/formulas to justify or reject a scientific explanation.,3,practice_u1-s1-ic3_2,extra practice-scenario-2,constructed_response,prose/data,instructional,,practice u1-s1-ic3 2,150,Unit 1 Assessment Plan U1-S1-IC3; Hewitt Ch. 1 evidence/model reasoning; existing Bank evidence-evaluation family retained.
U1-S1-EXTRA-PRACTICE-017,Extra Practice,1.1,U1-S1-IC3,,U1-MG01,"I can explain how scientific ideas are built, tested, and supported by evidence and models.",I can use observations and simple models/formulas to justify or reject a scientific explanation.,3,practice_u1-s1-ic3_3,extra practice-scenario-3,constructed_response,prose/data,instructional,,practice u1-s1-ic3 3,150,Unit 1 Assessment Plan U1-S1-IC3; Hewitt Ch. 1 evidence/model reasoning; existing Bank evidence-evaluation family retained.
U1-S1-EXTRA-PRACTICE-018,Extra Practice,1.1,U1-S1-IC3,,U1-MG01,"I can explain how scientific ideas are built, tested, and supported by evidence and models.",I can use observations and simple models/formulas to justify or reject a scientific explanation.,3,practice_u1-s1-ic3_4,extra practice-scenario-4,constructed_response,prose/data,instructional,,practice u1-s1-ic3 4,150,Unit 1 Assessment Plan U1-S1-IC3; Hewitt Ch. 1 evidence/model reasoning; existing Bank evidence-evaluation family retained.
U1-S1-EXTRA-PRACTICE-019,Extra Practice,1.1,U1-S1-IC3,,U1-MG01,"I can explain how scientific ideas are built, tested, and supported by evidence and models.",I can use observations and simple models/formulas to justify or reject a scientific explanation.,3,practice_u1-s1-ic3_5,extra practice-scenario-5,constructed_response,prose/data,instructional,,practice u1-s1-ic3 5,150,Unit 1 Assessment Plan U1-S1-IC3; Hewitt Ch. 1 evidence/model reasoning; existing Bank evidence-evaluation family retained.
U1-S1-EXTRA-PRACTICE-020,Extra Practice,1.1,U1-S1-IC3,,U1-MG01,"I can explain how scientific ideas are built, tested, and supported by evidence and models.",I can use observations and simple models/formulas to justify or reject a scientific explanation.,3,practice_u1-s1-ic3_6,extra practice-scenario-6,constructed_response,prose/data,instructional,,practice u1-s1-ic3 6,150,Unit 1 Assessment Plan U1-S1-IC3; Hewitt Ch. 1 evidence/model reasoning; existing Bank evidence-evaluation family retained.
U1-S1-EXTRA-PRACTICE-021,Extra Practice,1.1,U1-S1-IC3,,U1-MG01,"I can explain how scientific ideas are built, tested, and supported by evidence and models.",I can use observations and simple models/formulas to justify or reject a scientific explanation.,3,practice_u1-s1-ic3_1,extra practice-scenario-7,constructed_response,prose/data,instructional,,practice u1-s1-ic3 1,150,Unit 1 Assessment Plan U1-S1-IC3; Hewitt Ch. 1 evidence/model reasoning; existing Bank evidence-evaluation family retained.
U1-S1-EXTRA-PRACTICE-022,Extra Practice,1.1,U1-S1-IC3,,U1-MG01,"I can explain how scientific ideas are built, tested, and supported by evidence and models.",I can use observations and simple models/formulas to justify or reject a scientific explanation.,3,practice_u1-s1-ic3_2,extra practice-scenario-8,constructed_response,prose/data,instructional,,practice u1-s1-ic3 2,150,Unit 1 Assessment Plan U1-S1-IC3; Hewitt Ch. 1 evidence/model reasoning; existing Bank evidence-evaluation family retained.
U1-S1-EXTRA-PRACTICE-023,Extra Practice,1.1,U1-S1-IC3,,U1-MG01,"I can explain how scientific ideas are built, tested, and supported by evidence and models.",I can use observations and simple models/formulas to justify or reject a scientific explanation.,3,practice_u1-s1-ic3_3,extra practice-scenario-9,constructed_response,prose/data,instructional,,practice u1-s1-ic3 3,150,Unit 1 Assessment Plan U1-S1-IC3; Hewitt Ch. 1 evidence/model reasoning; existing Bank evidence-evaluation family retained.
U1-S1-EXTRA-PRACTICE-024,Extra Practice,1.1,U1-S1-IC3,,U1-MG01,"I can explain how scientific ideas are built, tested, and supported by evidence and models.",I can use observations and simple models/formulas to justify or reject a scientific explanation.,3,practice_u1-s1-ic3_4,extra practice-scenario-10,constructed_response,prose/data,instructional,,practice u1-s1-ic3 4,150,Unit 1 Assessment Plan U1-S1-IC3; Hewitt Ch. 1 evidence/model reasoning; existing Bank evidence-evaluation family retained.
U1-S1-CYU-001,CYU,1.1,U1-S1-IC1,,U1-MG01,"I can explain how scientific ideas are built, tested, and supported by evidence and models.","I can distinguish observations, inferences, hypotheses, scientific laws, and scientific theories.",2,cyu_u1-s1-ic1_1,compact-section-check,constructed_response,prose/data,instructional,,cyu u1-s1-ic1 1,150,Unit 1 Assessment Plan U1-S1-IC1; Hewitt Ch. 1 observation/measurement evidence structures; existing Bank scenario family retained.
U1-S1-CYU-002,CYU,1.1,U1-S1-IC1,,U1-MG01,"I can explain how scientific ideas are built, tested, and supported by evidence and models.","I can distinguish observations, inferences, hypotheses, scientific laws, and scientific theories.",2,cyu_u1-s1-ic1_2,compact-section-check,constructed_response,prose/data,instructional,,cyu u1-s1-ic1 2,150,Unit 1 Assessment Plan U1-S1-IC1; Hewitt Ch. 1 observation/measurement evidence structures; existing Bank scenario family retained.
U1-S1-CYU-003,CYU,1.1,U1-S1-IC2,,U1-MG01,"I can explain how scientific ideas are built, tested, and supported by evidence and models.",I can explain what makes a scientific claim testable and describe evidence that could support or refute it.,2,cyu_u1-s1-ic2_1,compact-section-check,constructed_response,prose/data,instructional,,cyu u1-s1-ic2 1,150,Unit 1 Assessment Plan U1-S1-IC2; Hewitt Ch. 1 measurement-and-testability emphasis; existing Bank claim-testing family retained.
U1-S1-CYU-004,CYU,1.1,U1-S1-IC2,,U1-MG01,"I can explain how scientific ideas are built, tested, and supported by evidence and models.",I can explain what makes a scientific claim testable and describe evidence that could support or refute it.,2,cyu_u1-s1-ic2_2,compact-section-check,constructed_response,prose/data,instructional,,cyu u1-s1-ic2 2,150,Unit 1 Assessment Plan U1-S1-IC2; Hewitt Ch. 1 measurement-and-testability emphasis; existing Bank claim-testing family retained.
U1-S1-CYU-005,CYU,1.1,U1-S1-IC3,,U1-MG01,"I can explain how scientific ideas are built, tested, and supported by evidence and models.",I can use observations and simple models/formulas to justify or reject a scientific explanation.,2,cyu_u1-s1-ic3_1,compact-section-check,constructed_response,prose/data,instructional,,cyu u1-s1-ic3 1,150,Unit 1 Assessment Plan U1-S1-IC3; Hewitt Ch. 1 evidence/model reasoning; existing Bank evidence-evaluation family retained.
U1-S1-CYU-006,CYU,1.1,U1-S1-IC3,,U1-MG01,"I can explain how scientific ideas are built, tested, and supported by evidence and models.",I can use observations and simple models/formulas to justify or reject a scientific explanation.,2,cyu_u1-s1-ic3_2,compact-section-check,constructed_response,prose/data,instructional,,cyu u1-s1-ic3 2,150,Unit 1 Assessment Plan U1-S1-IC3; Hewitt Ch. 1 evidence/model reasoning; existing Bank evidence-evaluation family retained.
U1-S1-WARM-UP-1-001,Warm-Up 1,1.1,U1-S1-IC1,,U1-MG01,"I can explain how scientific ideas are built, tested, and supported by evidence and models.","I can distinguish observations, inferences, hypotheses, scientific laws, and scientific theories.",1,warmup_1_u1-s1-ic1_1,retrieval-plus-connection,constructed_response,prose/data,instructional,,warmup 1 u1-s1-ic1 1,150,Unit 1 Assessment Plan U1-S1-IC1; Hewitt Ch. 1 observation/measurement evidence structures; existing Bank scenario family retained.
U1-S1-WARM-UP-1-002,Warm-Up 1,1.1,U1-S1-IC1,,U1-MG01,"I can explain how scientific ideas are built, tested, and supported by evidence and models.","I can distinguish observations, inferences, hypotheses, scientific laws, and scientific theories.",1,warmup_1_u1-s1-ic1_2,retrieval-plus-connection,constructed_response,prose/data,instructional,,warmup 1 u1-s1-ic1 2,150,Unit 1 Assessment Plan U1-S1-IC1; Hewitt Ch. 1 observation/measurement evidence structures; existing Bank scenario family retained.
U1-S1-WARM-UP-1-003,Warm-Up 1,1.1,U1-S1-IC2,,U1-MG01,"I can explain how scientific ideas are built, tested, and supported by evidence and models.",I can explain what makes a scientific claim testable and describe evidence that could support or refute it.,1,warmup_1_u1-s1-ic2_3,retrieval-plus-connection,constructed_response,prose/data,instructional,,warmup 1 u1-s1-ic2 3,150,Unit 1 Assessment Plan U1-S1-IC2; Hewitt Ch. 1 measurement-and-testability emphasis; existing Bank claim-testing family retained.
U1-S1-WARM-UP-1-004,Warm-Up 1,1.1,U1-S1-IC3,,U1-MG01,"I can explain how scientific ideas are built, tested, and supported by evidence and models.",I can use observations and simple models/formulas to justify or reject a scientific explanation.,2,warmup_1_u1-s1-ic3_4,retrieval-plus-connection,constructed_response,prose/data,instructional,,warmup 1 u1-s1-ic3 4,150,Unit 1 Assessment Plan U1-S1-IC3; Hewitt Ch. 1 evidence/model reasoning; existing Bank evidence-evaluation family retained.
U1-S1-WARM-UP-2-001,Warm-Up 2,1.1,U1-S1-IC1,,U1-MG01,"I can explain how scientific ideas are built, tested, and supported by evidence and models.","I can distinguish observations, inferences, hypotheses, scientific laws, and scientific theories.",1,warmup_2_u1-s1-ic1_1,retrieval-plus-connection,constructed_response,prose/data,instructional,,warmup 2 u1-s1-ic1 1,150,Unit 1 Assessment Plan U1-S1-IC1; Hewitt Ch. 1 observation/measurement evidence structures; existing Bank scenario family retained.
U1-S1-WARM-UP-2-002,Warm-Up 2,1.1,U1-S1-IC2,,U1-MG01,"I can explain how scientific ideas are built, tested, and supported by evidence and models.",I can explain what makes a scientific claim testable and describe evidence that could support or refute it.,1,warmup_2_u1-s1-ic2_2,retrieval-plus-connection,constructed_response,prose/data,instructional,,warmup 2 u1-s1-ic2 2,150,Unit 1 Assessment Plan U1-S1-IC2; Hewitt Ch. 1 measurement-and-testability emphasis; existing Bank claim-testing family retained.
U1-S1-WARM-UP-2-003,Warm-Up 2,1.1,U1-S1-IC2,,U1-MG01,"I can explain how scientific ideas are built, tested, and supported by evidence and models.",I can explain what makes a scientific claim testable and describe evidence that could support or refute it.,1,warmup_2_u1-s1-ic2_3,retrieval-plus-connection,constructed_response,prose/data,instructional,,warmup 2 u1-s1-ic2 3,150,Unit 1 Assessment Plan U1-S1-IC2; Hewitt Ch. 1 measurement-and-testability emphasis; existing Bank claim-testing family retained.
U1-S1-WARM-UP-2-004,Warm-Up 2,1.1,U1-S1-IC3,,U1-MG01,"I can explain how scientific ideas are built, tested, and supported by evidence and models.",I can use observations and simple models/formulas to justify or reject a scientific explanation.,2,warmup_2_u1-s1-ic3_4,retrieval-plus-connection,constructed_response,prose/data,instructional,,warmup 2 u1-s1-ic3 4,150,Unit 1 Assessment Plan U1-S1-IC3; Hewitt Ch. 1 evidence/model reasoning; existing Bank evidence-evaluation family retained.
U1-S1-WARM-UP-3-001,Warm-Up 3,1.1,U1-S1-IC1,,U1-MG01,"I can explain how scientific ideas are built, tested, and supported by evidence and models.","I can distinguish observations, inferences, hypotheses, scientific laws, and scientific theories.",1,warmup_3_u1-s1-ic1_1,retrieval-plus-connection,constructed_response,prose/data,instructional,,warmup 3 u1-s1-ic1 1,150,Unit 1 Assessment Plan U1-S1-IC1; Hewitt Ch. 1 observation/measurement evidence structures; existing Bank scenario family retained.
U1-S1-WARM-UP-3-002,Warm-Up 3,1.1,U1-S1-IC2,,U1-MG01,"I can explain how scientific ideas are built, tested, and supported by evidence and models.",I can explain what makes a scientific claim testable and describe evidence that could support or refute it.,1,warmup_3_u1-s1-ic2_2,retrieval-plus-connection,constructed_response,prose/data,instructional,,warmup 3 u1-s1-ic2 2,150,Unit 1 Assessment Plan U1-S1-IC2; Hewitt Ch. 1 measurement-and-testability emphasis; existing Bank claim-testing family retained.
U1-S1-WARM-UP-3-003,Warm-Up 3,1.1,U1-S1-IC3,,U1-MG01,"I can explain how scientific ideas are built, tested, and supported by evidence and models.",I can use observations and simple models/formulas to justify or reject a scientific explanation.,2,warmup_3_u1-s1-ic3_3,retrieval-plus-connection,constructed_response,prose/data,instructional,,warmup 3 u1-s1-ic3 3,150,Unit 1 Assessment Plan U1-S1-IC3; Hewitt Ch. 1 evidence/model reasoning; existing Bank evidence-evaluation family retained.
U1-S1-WARM-UP-3-004,Warm-Up 3,1.1,U1-S1-IC3,,U1-MG01,"I can explain how scientific ideas are built, tested, and supported by evidence and models.",I can use observations and simple models/formulas to justify or reject a scientific explanation.,2,warmup_3_u1-s1-ic3_4,retrieval-plus-connection,constructed_response,prose/data,instructional,,warmup 3 u1-s1-ic3 4,150,Unit 1 Assessment Plan U1-S1-IC3; Hewitt Ch. 1 evidence/model reasoning; existing Bank evidence-evaluation family retained.
U1-S1-EXIT-TICKET-A-001,Exit Ticket A,1.1,U1-S1-IC1,,U1-MG01,"I can explain how scientific ideas are built, tested, and supported by evidence and models.","I can distinguish observations, inferences, hypotheses, scientific laws, and scientific theories.",2,exit_a_u1-s1-ic1_1,formative-evidence-sample,constructed_response,prose/data,formative_evidence,,short evidence sample,75,Unit 1 Assessment Plan U1-S1-IC1; Hewitt Ch. 1 observation/measurement evidence structures; existing Bank scenario family retained.
U1-S1-EXIT-TICKET-A-002,Exit Ticket A,1.1,U1-S1-IC2,,U1-MG01,"I can explain how scientific ideas are built, tested, and supported by evidence and models.",I can explain what makes a scientific claim testable and describe evidence that could support or refute it.,2,exit_a_u1-s1-ic2_2,formative-evidence-sample,constructed_response,prose/data,formative_evidence,,short evidence sample,75,Unit 1 Assessment Plan U1-S1-IC2; Hewitt Ch. 1 measurement-and-testability emphasis; existing Bank claim-testing family retained.
U1-S1-EXIT-TICKET-A-003,Exit Ticket A,1.1,U1-S1-IC3,,U1-MG01,"I can explain how scientific ideas are built, tested, and supported by evidence and models.",I can use observations and simple models/formulas to justify or reject a scientific explanation.,2,exit_a_u1-s1-ic3_3,formative-evidence-sample,constructed_response,prose/data,formative_evidence,,short evidence sample,75,Unit 1 Assessment Plan U1-S1-IC3; Hewitt Ch. 1 evidence/model reasoning; existing Bank evidence-evaluation family retained.
U1-S1-EXIT-TICKET-A-004,Exit Ticket A,1.1,U1-S1-IC3,,U1-MG01,"I can explain how scientific ideas are built, tested, and supported by evidence and models.",I can use observations and simple models/formulas to justify or reject a scientific explanation.,3,exit_a_u1-s1-ic3_4,formative-evidence-sample,constructed_response,prose/data,formative_evidence,,short evidence sample,75,Unit 1 Assessment Plan U1-S1-IC3; Hewitt Ch. 1 evidence/model reasoning; existing Bank evidence-evaluation family retained.
U1-S1-EXIT-TICKET-B-001,Exit Ticket B,1.1,U1-S1-IC1,,U1-MG01,"I can explain how scientific ideas are built, tested, and supported by evidence and models.","I can distinguish observations, inferences, hypotheses, scientific laws, and scientific theories.",2,exit_b_u1-s1-ic1_1,formative-evidence-sample,constructed_response,prose/data,formative_evidence,,short evidence sample,75,Unit 1 Assessment Plan U1-S1-IC1; Hewitt Ch. 1 observation/measurement evidence structures; existing Bank scenario family retained.
U1-S1-EXIT-TICKET-B-002,Exit Ticket B,1.1,U1-S1-IC2,,U1-MG01,"I can explain how scientific ideas are built, tested, and supported by evidence and models.",I can explain what makes a scientific claim testable and describe evidence that could support or refute it.,2,exit_b_u1-s1-ic2_2,formative-evidence-sample,constructed_response,prose/data,formative_evidence,,short evidence sample,75,Unit 1 Assessment Plan U1-S1-IC2; Hewitt Ch. 1 measurement-and-testability emphasis; existing Bank claim-testing family retained.
U1-S1-EXIT-TICKET-B-003,Exit Ticket B,1.1,U1-S1-IC3,,U1-MG01,"I can explain how scientific ideas are built, tested, and supported by evidence and models.",I can use observations and simple models/formulas to justify or reject a scientific explanation.,2,exit_b_u1-s1-ic3_3,formative-evidence-sample,constructed_response,prose/data,formative_evidence,,short evidence sample,75,Unit 1 Assessment Plan U1-S1-IC3; Hewitt Ch. 1 evidence/model reasoning; existing Bank evidence-evaluation family retained.
U1-S1-EXIT-TICKET-B-004,Exit Ticket B,1.1,U1-S1-IC3,,U1-MG01,"I can explain how scientific ideas are built, tested, and supported by evidence and models.",I can use observations and simple models/formulas to justify or reject a scientific explanation.,3,exit_b_u1-s1-ic3_4,formative-evidence-sample,constructed_response,prose/data,formative_evidence,,short evidence sample,75,Unit 1 Assessment Plan U1-S1-IC3; Hewitt Ch. 1 evidence/model reasoning; existing Bank evidence-evaluation family retained.
U1-S1-EXIT-TICKET-C-001,Exit Ticket C,1.1,U1-S1-IC1,,U1-MG01,"I can explain how scientific ideas are built, tested, and supported by evidence and models.","I can distinguish observations, inferences, hypotheses, scientific laws, and scientific theories.",2,exit_c_u1-s1-ic1_1,formative-evidence-sample,constructed_response,prose/data,formative_evidence,,short evidence sample,75,Unit 1 Assessment Plan U1-S1-IC1; Hewitt Ch. 1 observation/measurement evidence structures; existing Bank scenario family retained.
U1-S1-EXIT-TICKET-C-002,Exit Ticket C,1.1,U1-S1-IC2,,U1-MG01,"I can explain how scientific ideas are built, tested, and supported by evidence and models.",I can explain what makes a scientific claim testable and describe evidence that could support or refute it.,2,exit_c_u1-s1-ic2_2,formative-evidence-sample,constructed_response,prose/data,formative_evidence,,short evidence sample,75,Unit 1 Assessment Plan U1-S1-IC2; Hewitt Ch. 1 measurement-and-testability emphasis; existing Bank claim-testing family retained.
U1-S1-EXIT-TICKET-C-003,Exit Ticket C,1.1,U1-S1-IC3,,U1-MG01,"I can explain how scientific ideas are built, tested, and supported by evidence and models.",I can use observations and simple models/formulas to justify or reject a scientific explanation.,2,exit_c_u1-s1-ic3_3,formative-evidence-sample,constructed_response,prose/data,formative_evidence,,short evidence sample,75,Unit 1 Assessment Plan U1-S1-IC3; Hewitt Ch. 1 evidence/model reasoning; existing Bank evidence-evaluation family retained.
U1-S1-EXIT-TICKET-C-004,Exit Ticket C,1.1,U1-S1-IC3,,U1-MG01,"I can explain how scientific ideas are built, tested, and supported by evidence and models.",I can use observations and simple models/formulas to justify or reject a scientific explanation.,3,exit_c_u1-s1-ic3_4,formative-evidence-sample,constructed_response,prose/data,formative_evidence,,short evidence sample,75,Unit 1 Assessment Plan U1-S1-IC3; Hewitt Ch. 1 evidence/model reasoning; existing Bank evidence-evaluation family retained.
U1-S2-NOTES-EXAMPLE-1-001,Notes Example 1,1.2,U1-S2-IC1,,U1-MG02,I can explain Newton's First Law and use it to predict motion when the net force is zero.,I can state Newton's First Law in everyday language and apply it to objects at rest or moving.,2,notes_example_u1-s2-ic1,paired-anchor-with-changed-context,constructed_response,prose/data,instructional,,notes example u1-s2-ic1,150,Unit 1 Assessment Plan U1-S2-IC1; Hewitt 2.3 Newton's First Law tablecloth/space-probe reasoning; existing Bank motion family retained.
U1-S2-NOTES-YTI-1-001,Notes YTI 1,1.2,U1-S2-IC1,,U1-MG02,I can explain Newton's First Law and use it to predict motion when the net force is zero.,I can state Newton's First Law in everyday language and apply it to objects at rest or moving.,2,notes_yti_u1-s2-ic1,paired-anchor-with-changed-context,constructed_response,prose/data,instructional,,notes yti u1-s2-ic1,150,Unit 1 Assessment Plan U1-S2-IC1; Hewitt 2.3 Newton's First Law tablecloth/space-probe reasoning; existing Bank motion family retained.
U1-S2-NOTES-EXAMPLE-2-001,Notes Example 2,1.2,U1-S2-IC2,,U1-MG02,I can explain Newton's First Law and use it to predict motion when the net force is zero.,I can explain inertia as an object's resistance to a change in motion.,2,notes_example_u1-s2-ic2,paired-anchor-with-changed-context,constructed_response,prose/data,instructional,,notes example u1-s2-ic2,150,Unit 1 Assessment Plan U1-S2-IC2; Hewitt 2.3 inertia demonstrations and misconception checks; existing Bank inertia family retained.
U1-S2-NOTES-YTI-2-001,Notes YTI 2,1.2,U1-S2-IC2,,U1-MG02,I can explain Newton's First Law and use it to predict motion when the net force is zero.,I can explain inertia as an object's resistance to a change in motion.,2,notes_yti_u1-s2-ic2,paired-anchor-with-changed-context,constructed_response,prose/data,instructional,,notes yti u1-s2-ic2,150,Unit 1 Assessment Plan U1-S2-IC2; Hewitt 2.3 inertia demonstrations and misconception checks; existing Bank inertia family retained.
U1-S2-NOTES-EXAMPLE-3-001,Notes Example 3,1.2,U1-S2-IC3,,U1-MG02,I can explain Newton's First Law and use it to predict motion when the net force is zero.,I can distinguish no force from no net force and identify common forces (such as support force and weight).,2,notes_example_u1-s2-ic3,paired-anchor-with-changed-context,constructed_response,prose/data,instructional,,notes example u1-s2-ic3,150,Unit 1 Assessment Plan U1-S2-IC3; Hewitt 2.3 net-force reasoning + 2.6 book/scale support-force archetypes; existing Bank force-identification family retained.
U1-S2-NOTES-YTI-3-001,Notes YTI 3,1.2,U1-S2-IC3,,U1-MG02,I can explain Newton's First Law and use it to predict motion when the net force is zero.,I can distinguish no force from no net force and identify common forces (such as support force and weight).,2,notes_yti_u1-s2-ic3,paired-anchor-with-changed-context,constructed_response,prose/data,instructional,,notes yti u1-s2-ic3,150,Unit 1 Assessment Plan U1-S2-IC3; Hewitt 2.3 net-force reasoning + 2.6 book/scale support-force archetypes; existing Bank force-identification family retained.
U1-S2-NOTES-EXAMPLE-4-001,Notes Example 4,1.2,U1-S2-IC3,,U1-MG02,I can explain Newton's First Law and use it to predict motion when the net force is zero.,I can distinguish no force from no net force and identify common forces (such as support force and weight).,2,notes_example_u1-s2-ic3,paired-anchor-with-changed-context,constructed_response,prose/data,instructional,,notes example u1-s2-ic3,150,Unit 1 Assessment Plan U1-S2-IC3; Hewitt 2.3 net-force reasoning + 2.6 book/scale support-force archetypes; existing Bank force-identification family retained.
U1-S2-NOTES-YTI-4-001,Notes YTI 4,1.2,U1-S2-IC3,,U1-MG02,I can explain Newton's First Law and use it to predict motion when the net force is zero.,I can distinguish no force from no net force and identify common forces (such as support force and weight).,2,notes_yti_u1-s2-ic3,paired-anchor-with-changed-context,constructed_response,prose/data,instructional,,notes yti u1-s2-ic3,150,Unit 1 Assessment Plan U1-S2-IC3; Hewitt 2.3 net-force reasoning + 2.6 book/scale support-force archetypes; existing Bank force-identification family retained.
U1-S2-PRACTICE-SET-1-001,Practice Set 1,1.2,U1-S2-IC1,,U1-MG02,I can explain Newton's First Law and use it to predict motion when the net force is zero.,I can state Newton's First Law in everyday language and apply it to objects at rest or moving.,2,practice_u1-s2-ic1_1,practice set 1-scenario-1,constructed_response,prose/data,instructional,,practice u1-s2-ic1 1,150,Unit 1 Assessment Plan U1-S2-IC1; Hewitt 2.3 Newton's First Law tablecloth/space-probe reasoning; existing Bank motion family retained.
U1-S2-PRACTICE-SET-1-002,Practice Set 1,1.2,U1-S2-IC1,,U1-MG02,I can explain Newton's First Law and use it to predict motion when the net force is zero.,I can state Newton's First Law in everyday language and apply it to objects at rest or moving.,2,practice_u1-s2-ic1_2,practice set 1-scenario-2,constructed_response,prose/data,instructional,,practice u1-s2-ic1 2,150,Unit 1 Assessment Plan U1-S2-IC1; Hewitt 2.3 Newton's First Law tablecloth/space-probe reasoning; existing Bank motion family retained.
U1-S2-PRACTICE-SET-1-003,Practice Set 1,1.2,U1-S2-IC1,,U1-MG02,I can explain Newton's First Law and use it to predict motion when the net force is zero.,I can state Newton's First Law in everyday language and apply it to objects at rest or moving.,2,practice_u1-s2-ic1_3,practice set 1-scenario-3,constructed_response,prose/data,instructional,,practice u1-s2-ic1 3,150,Unit 1 Assessment Plan U1-S2-IC1; Hewitt 2.3 Newton's First Law tablecloth/space-probe reasoning; existing Bank motion family retained.
U1-S2-PRACTICE-SET-1-004,Practice Set 1,1.2,U1-S2-IC1,,U1-MG02,I can explain Newton's First Law and use it to predict motion when the net force is zero.,I can state Newton's First Law in everyday language and apply it to objects at rest or moving.,2,practice_u1-s2-ic1_4,practice set 1-scenario-4,constructed_response,prose/data,instructional,,practice u1-s2-ic1 4,150,Unit 1 Assessment Plan U1-S2-IC1; Hewitt 2.3 Newton's First Law tablecloth/space-probe reasoning; existing Bank motion family retained.
U1-S2-PRACTICE-SET-1-005,Practice Set 1,1.2,U1-S2-IC1,,U1-MG02,I can explain Newton's First Law and use it to predict motion when the net force is zero.,I can state Newton's First Law in everyday language and apply it to objects at rest or moving.,2,practice_u1-s2-ic1_5,practice set 1-scenario-5,constructed_response,prose/data,instructional,,practice u1-s2-ic1 5,150,Unit 1 Assessment Plan U1-S2-IC1; Hewitt 2.3 Newton's First Law tablecloth/space-probe reasoning; existing Bank motion family retained.
U1-S2-PRACTICE-SET-1-006,Practice Set 1,1.2,U1-S2-IC1,,U1-MG02,I can explain Newton's First Law and use it to predict motion when the net force is zero.,I can state Newton's First Law in everyday language and apply it to objects at rest or moving.,2,practice_u1-s2-ic1_6,practice set 1-scenario-6,constructed_response,prose/data,instructional,,practice u1-s2-ic1 6,150,Unit 1 Assessment Plan U1-S2-IC1; Hewitt 2.3 Newton's First Law tablecloth/space-probe reasoning; existing Bank motion family retained.
U1-S2-PRACTICE-SET-1-007,Practice Set 1,1.2,U1-S2-IC1,,U1-MG02,I can explain Newton's First Law and use it to predict motion when the net force is zero.,I can state Newton's First Law in everyday language and apply it to objects at rest or moving.,2,practice_u1-s2-ic1_1,practice set 1-scenario-7,constructed_response,prose/data,instructional,,practice u1-s2-ic1 1,150,Unit 1 Assessment Plan U1-S2-IC1; Hewitt 2.3 Newton's First Law tablecloth/space-probe reasoning; existing Bank motion family retained.
U1-S2-PRACTICE-SET-1-008,Practice Set 1,1.2,U1-S2-IC1,,U1-MG02,I can explain Newton's First Law and use it to predict motion when the net force is zero.,I can state Newton's First Law in everyday language and apply it to objects at rest or moving.,2,practice_u1-s2-ic1_2,practice set 1-scenario-8,constructed_response,prose/data,instructional,,practice u1-s2-ic1 2,150,Unit 1 Assessment Plan U1-S2-IC1; Hewitt 2.3 Newton's First Law tablecloth/space-probe reasoning; existing Bank motion family retained.
U1-S2-PRACTICE-SET-1-009,Practice Set 1,1.2,U1-S2-IC2,,U1-MG02,I can explain Newton's First Law and use it to predict motion when the net force is zero.,I can explain inertia as an object's resistance to a change in motion.,2,practice_u1-s2-ic2_1,practice set 1-scenario-1,constructed_response,prose/data,instructional,,practice u1-s2-ic2 1,150,Unit 1 Assessment Plan U1-S2-IC2; Hewitt 2.3 inertia demonstrations and misconception checks; existing Bank inertia family retained.
U1-S2-PRACTICE-SET-1-010,Practice Set 1,1.2,U1-S2-IC2,,U1-MG02,I can explain Newton's First Law and use it to predict motion when the net force is zero.,I can explain inertia as an object's resistance to a change in motion.,2,practice_u1-s2-ic2_2,practice set 1-scenario-2,constructed_response,prose/data,instructional,,practice u1-s2-ic2 2,150,Unit 1 Assessment Plan U1-S2-IC2; Hewitt 2.3 inertia demonstrations and misconception checks; existing Bank inertia family retained.
U1-S2-PRACTICE-SET-1-011,Practice Set 1,1.2,U1-S2-IC2,,U1-MG02,I can explain Newton's First Law and use it to predict motion when the net force is zero.,I can explain inertia as an object's resistance to a change in motion.,2,practice_u1-s2-ic2_3,practice set 1-scenario-3,constructed_response,prose/data,instructional,,practice u1-s2-ic2 3,150,Unit 1 Assessment Plan U1-S2-IC2; Hewitt 2.3 inertia demonstrations and misconception checks; existing Bank inertia family retained.
U1-S2-PRACTICE-SET-1-012,Practice Set 1,1.2,U1-S2-IC2,,U1-MG02,I can explain Newton's First Law and use it to predict motion when the net force is zero.,I can explain inertia as an object's resistance to a change in motion.,2,practice_u1-s2-ic2_4,practice set 1-scenario-4,constructed_response,prose/data,instructional,,practice u1-s2-ic2 4,150,Unit 1 Assessment Plan U1-S2-IC2; Hewitt 2.3 inertia demonstrations and misconception checks; existing Bank inertia family retained.
U1-S2-PRACTICE-SET-1-013,Practice Set 1,1.2,U1-S2-IC2,,U1-MG02,I can explain Newton's First Law and use it to predict motion when the net force is zero.,I can explain inertia as an object's resistance to a change in motion.,2,practice_u1-s2-ic2_5,practice set 1-scenario-5,constructed_response,prose/data,instructional,,practice u1-s2-ic2 5,150,Unit 1 Assessment Plan U1-S2-IC2; Hewitt 2.3 inertia demonstrations and misconception checks; existing Bank inertia family retained.
U1-S2-PRACTICE-SET-1-014,Practice Set 1,1.2,U1-S2-IC2,,U1-MG02,I can explain Newton's First Law and use it to predict motion when the net force is zero.,I can explain inertia as an object's resistance to a change in motion.,2,practice_u1-s2-ic2_6,practice set 1-scenario-6,constructed_response,prose/data,instructional,,practice u1-s2-ic2 6,150,Unit 1 Assessment Plan U1-S2-IC2; Hewitt 2.3 inertia demonstrations and misconception checks; existing Bank inertia family retained.
U1-S2-PRACTICE-SET-1-015,Practice Set 1,1.2,U1-S2-IC2,,U1-MG02,I can explain Newton's First Law and use it to predict motion when the net force is zero.,I can explain inertia as an object's resistance to a change in motion.,2,practice_u1-s2-ic2_1,practice set 1-scenario-7,constructed_response,prose/data,instructional,,practice u1-s2-ic2 1,150,Unit 1 Assessment Plan U1-S2-IC2; Hewitt 2.3 inertia demonstrations and misconception checks; existing Bank inertia family retained.
U1-S2-PRACTICE-SET-1-016,Practice Set 1,1.2,U1-S2-IC2,,U1-MG02,I can explain Newton's First Law and use it to predict motion when the net force is zero.,I can explain inertia as an object's resistance to a change in motion.,2,practice_u1-s2-ic2_2,practice set 1-scenario-8,constructed_response,prose/data,instructional,,practice u1-s2-ic2 2,150,Unit 1 Assessment Plan U1-S2-IC2; Hewitt 2.3 inertia demonstrations and misconception checks; existing Bank inertia family retained.
U1-S2-PRACTICE-SET-1-017,Practice Set 1,1.2,U1-S2-IC2,,U1-MG02,I can explain Newton's First Law and use it to predict motion when the net force is zero.,I can explain inertia as an object's resistance to a change in motion.,2,practice_u1-s2-ic2_3,practice set 1-scenario-9,constructed_response,prose/data,instructional,,practice u1-s2-ic2 3,150,Unit 1 Assessment Plan U1-S2-IC2; Hewitt 2.3 inertia demonstrations and misconception checks; existing Bank inertia family retained.
U1-S2-PRACTICE-SET-1-018,Practice Set 1,1.2,U1-S2-IC3,,U1-MG02,I can explain Newton's First Law and use it to predict motion when the net force is zero.,I can distinguish no force from no net force and identify common forces (such as support force and weight).,2,practice_u1-s2-ic3_1,practice set 1-scenario-1,constructed_response,prose/data,instructional,,practice u1-s2-ic3 1,150,Unit 1 Assessment Plan U1-S2-IC3; Hewitt 2.3 net-force reasoning + 2.6 book/scale support-force archetypes; existing Bank force-identification family retained.
U1-S2-PRACTICE-SET-1-019,Practice Set 1,1.2,U1-S2-IC3,,U1-MG02,I can explain Newton's First Law and use it to predict motion when the net force is zero.,I can distinguish no force from no net force and identify common forces (such as support force and weight).,2,practice_u1-s2-ic3_2,practice set 1-scenario-2,constructed_response,prose/data,instructional,,practice u1-s2-ic3 2,150,Unit 1 Assessment Plan U1-S2-IC3; Hewitt 2.3 net-force reasoning + 2.6 book/scale support-force archetypes; existing Bank force-identification family retained.
U1-S2-PRACTICE-SET-1-020,Practice Set 1,1.2,U1-S2-IC3,,U1-MG02,I can explain Newton's First Law and use it to predict motion when the net force is zero.,I can distinguish no force from no net force and identify common forces (such as support force and weight).,2,practice_u1-s2-ic3_3,practice set 1-scenario-3,constructed_response,prose/data,instructional,,practice u1-s2-ic3 3,150,Unit 1 Assessment Plan U1-S2-IC3; Hewitt 2.3 net-force reasoning + 2.6 book/scale support-force archetypes; existing Bank force-identification family retained.
U1-S2-PRACTICE-SET-1-021,Practice Set 1,1.2,U1-S2-IC3,,U1-MG02,I can explain Newton's First Law and use it to predict motion when the net force is zero.,I can distinguish no force from no net force and identify common forces (such as support force and weight).,2,practice_u1-s2-ic3_4,practice set 1-scenario-4,constructed_response,prose/data,instructional,,practice u1-s2-ic3 4,150,Unit 1 Assessment Plan U1-S2-IC3; Hewitt 2.3 net-force reasoning + 2.6 book/scale support-force archetypes; existing Bank force-identification family retained.
U1-S2-PRACTICE-SET-1-022,Practice Set 1,1.2,U1-S2-IC3,,U1-MG02,I can explain Newton's First Law and use it to predict motion when the net force is zero.,I can distinguish no force from no net force and identify common forces (such as support force and weight).,2,practice_u1-s2-ic3_5,practice set 1-scenario-5,constructed_response,prose/data,instructional,,practice u1-s2-ic3 5,150,Unit 1 Assessment Plan U1-S2-IC3; Hewitt 2.3 net-force reasoning + 2.6 book/scale support-force archetypes; existing Bank force-identification family retained.
U1-S2-PRACTICE-SET-1-023,Practice Set 1,1.2,U1-S2-IC3,,U1-MG02,I can explain Newton's First Law and use it to predict motion when the net force is zero.,I can distinguish no force from no net force and identify common forces (such as support force and weight).,2,practice_u1-s2-ic3_6,practice set 1-scenario-6,constructed_response,prose/data,instructional,,practice u1-s2-ic3 6,150,Unit 1 Assessment Plan U1-S2-IC3; Hewitt 2.3 net-force reasoning + 2.6 book/scale support-force archetypes; existing Bank force-identification family retained.
U1-S2-PRACTICE-SET-1-024,Practice Set 1,1.2,U1-S2-IC3,,U1-MG02,I can explain Newton's First Law and use it to predict motion when the net force is zero.,I can distinguish no force from no net force and identify common forces (such as support force and weight).,2,practice_u1-s2-ic3_1,practice set 1-scenario-7,constructed_response,prose/data,instructional,,practice u1-s2-ic3 1,150,Unit 1 Assessment Plan U1-S2-IC3; Hewitt 2.3 net-force reasoning + 2.6 book/scale support-force archetypes; existing Bank force-identification family retained.
U1-S2-PRACTICE-SET-2-001,Practice Set 2,1.2,U1-S2-IC1,,U1-MG02,I can explain Newton's First Law and use it to predict motion when the net force is zero.,I can state Newton's First Law in everyday language and apply it to objects at rest or moving.,2,practice_u1-s2-ic1_1,practice set 2-scenario-1,constructed_response,prose/data,instructional,,practice u1-s2-ic1 1,150,Unit 1 Assessment Plan U1-S2-IC1; Hewitt 2.3 Newton's First Law tablecloth/space-probe reasoning; existing Bank motion family retained.
U1-S2-PRACTICE-SET-2-002,Practice Set 2,1.2,U1-S2-IC1,,U1-MG02,I can explain Newton's First Law and use it to predict motion when the net force is zero.,I can state Newton's First Law in everyday language and apply it to objects at rest or moving.,2,practice_u1-s2-ic1_2,practice set 2-scenario-2,constructed_response,prose/data,instructional,,practice u1-s2-ic1 2,150,Unit 1 Assessment Plan U1-S2-IC1; Hewitt 2.3 Newton's First Law tablecloth/space-probe reasoning; existing Bank motion family retained.
U1-S2-PRACTICE-SET-2-003,Practice Set 2,1.2,U1-S2-IC1,,U1-MG02,I can explain Newton's First Law and use it to predict motion when the net force is zero.,I can state Newton's First Law in everyday language and apply it to objects at rest or moving.,2,practice_u1-s2-ic1_3,practice set 2-scenario-3,constructed_response,prose/data,instructional,,practice u1-s2-ic1 3,150,Unit 1 Assessment Plan U1-S2-IC1; Hewitt 2.3 Newton's First Law tablecloth/space-probe reasoning; existing Bank motion family retained.
U1-S2-PRACTICE-SET-2-004,Practice Set 2,1.2,U1-S2-IC1,,U1-MG02,I can explain Newton's First Law and use it to predict motion when the net force is zero.,I can state Newton's First Law in everyday language and apply it to objects at rest or moving.,2,practice_u1-s2-ic1_4,practice set 2-scenario-4,constructed_response,prose/data,instructional,,practice u1-s2-ic1 4,150,Unit 1 Assessment Plan U1-S2-IC1; Hewitt 2.3 Newton's First Law tablecloth/space-probe reasoning; existing Bank motion family retained.
U1-S2-PRACTICE-SET-2-005,Practice Set 2,1.2,U1-S2-IC1,,U1-MG02,I can explain Newton's First Law and use it to predict motion when the net force is zero.,I can state Newton's First Law in everyday language and apply it to objects at rest or moving.,2,practice_u1-s2-ic1_5,practice set 2-scenario-5,constructed_response,prose/data,instructional,,practice u1-s2-ic1 5,150,Unit 1 Assessment Plan U1-S2-IC1; Hewitt 2.3 Newton's First Law tablecloth/space-probe reasoning; existing Bank motion family retained.
U1-S2-PRACTICE-SET-2-006,Practice Set 2,1.2,U1-S2-IC1,,U1-MG02,I can explain Newton's First Law and use it to predict motion when the net force is zero.,I can state Newton's First Law in everyday language and apply it to objects at rest or moving.,2,practice_u1-s2-ic1_6,practice set 2-scenario-6,constructed_response,prose/data,instructional,,practice u1-s2-ic1 6,150,Unit 1 Assessment Plan U1-S2-IC1; Hewitt 2.3 Newton's First Law tablecloth/space-probe reasoning; existing Bank motion family retained.
U1-S2-PRACTICE-SET-2-007,Practice Set 2,1.2,U1-S2-IC1,,U1-MG02,I can explain Newton's First Law and use it to predict motion when the net force is zero.,I can state Newton's First Law in everyday language and apply it to objects at rest or moving.,2,practice_u1-s2-ic1_1,practice set 2-scenario-7,constructed_response,prose/data,instructional,,practice u1-s2-ic1 1,150,Unit 1 Assessment Plan U1-S2-IC1; Hewitt 2.3 Newton's First Law tablecloth/space-probe reasoning; existing Bank motion family retained.
U1-S2-PRACTICE-SET-2-008,Practice Set 2,1.2,U1-S2-IC1,,U1-MG02,I can explain Newton's First Law and use it to predict motion when the net force is zero.,I can state Newton's First Law in everyday language and apply it to objects at rest or moving.,2,practice_u1-s2-ic1_2,practice set 2-scenario-8,constructed_response,prose/data,instructional,,practice u1-s2-ic1 2,150,Unit 1 Assessment Plan U1-S2-IC1; Hewitt 2.3 Newton's First Law tablecloth/space-probe reasoning; existing Bank motion family retained.
U1-S2-PRACTICE-SET-2-009,Practice Set 2,1.2,U1-S2-IC1,,U1-MG02,I can explain Newton's First Law and use it to predict motion when the net force is zero.,I can state Newton's First Law in everyday language and apply it to objects at rest or moving.,2,practice_u1-s2-ic1_3,practice set 2-scenario-9,constructed_response,prose/data,instructional,,practice u1-s2-ic1 3,150,Unit 1 Assessment Plan U1-S2-IC1; Hewitt 2.3 Newton's First Law tablecloth/space-probe reasoning; existing Bank motion family retained.
U1-S2-PRACTICE-SET-2-010,Practice Set 2,1.2,U1-S2-IC1,,U1-MG02,I can explain Newton's First Law and use it to predict motion when the net force is zero.,I can state Newton's First Law in everyday language and apply it to objects at rest or moving.,2,practice_u1-s2-ic1_4,practice set 2-scenario-10,constructed_response,prose/data,instructional,,practice u1-s2-ic1 4,150,Unit 1 Assessment Plan U1-S2-IC1; Hewitt 2.3 Newton's First Law tablecloth/space-probe reasoning; existing Bank motion family retained.
U1-S2-PRACTICE-SET-2-011,Practice Set 2,1.2,U1-S2-IC2,,U1-MG02,I can explain Newton's First Law and use it to predict motion when the net force is zero.,I can explain inertia as an object's resistance to a change in motion.,2,practice_u1-s2-ic2_1,practice set 2-scenario-1,constructed_response,prose/data,instructional,,practice u1-s2-ic2 1,150,Unit 1 Assessment Plan U1-S2-IC2; Hewitt 2.3 inertia demonstrations and misconception checks; existing Bank inertia family retained.
U1-S2-PRACTICE-SET-2-012,Practice Set 2,1.2,U1-S2-IC2,,U1-MG02,I can explain Newton's First Law and use it to predict motion when the net force is zero.,I can explain inertia as an object's resistance to a change in motion.,2,practice_u1-s2-ic2_2,practice set 2-scenario-2,constructed_response,prose/data,instructional,,practice u1-s2-ic2 2,150,Unit 1 Assessment Plan U1-S2-IC2; Hewitt 2.3 inertia demonstrations and misconception checks; existing Bank inertia family retained.
U1-S2-PRACTICE-SET-2-013,Practice Set 2,1.2,U1-S2-IC2,,U1-MG02,I can explain Newton's First Law and use it to predict motion when the net force is zero.,I can explain inertia as an object's resistance to a change in motion.,2,practice_u1-s2-ic2_3,practice set 2-scenario-3,constructed_response,prose/data,instructional,,practice u1-s2-ic2 3,150,Unit 1 Assessment Plan U1-S2-IC2; Hewitt 2.3 inertia demonstrations and misconception checks; existing Bank inertia family retained.
U1-S2-PRACTICE-SET-2-014,Practice Set 2,1.2,U1-S2-IC2,,U1-MG02,I can explain Newton's First Law and use it to predict motion when the net force is zero.,I can explain inertia as an object's resistance to a change in motion.,2,practice_u1-s2-ic2_4,practice set 2-scenario-4,constructed_response,prose/data,instructional,,practice u1-s2-ic2 4,150,Unit 1 Assessment Plan U1-S2-IC2; Hewitt 2.3 inertia demonstrations and misconception checks; existing Bank inertia family retained.
U1-S2-PRACTICE-SET-2-015,Practice Set 2,1.2,U1-S2-IC2,,U1-MG02,I can explain Newton's First Law and use it to predict motion when the net force is zero.,I can explain inertia as an object's resistance to a change in motion.,2,practice_u1-s2-ic2_5,practice set 2-scenario-5,constructed_response,prose/data,instructional,,practice u1-s2-ic2 5,150,Unit 1 Assessment Plan U1-S2-IC2; Hewitt 2.3 inertia demonstrations and misconception checks; existing Bank inertia family retained.
U1-S2-PRACTICE-SET-2-016,Practice Set 2,1.2,U1-S2-IC2,,U1-MG02,I can explain Newton's First Law and use it to predict motion when the net force is zero.,I can explain inertia as an object's resistance to a change in motion.,2,practice_u1-s2-ic2_6,practice set 2-scenario-6,constructed_response,prose/data,instructional,,practice u1-s2-ic2 6,150,Unit 1 Assessment Plan U1-S2-IC2; Hewitt 2.3 inertia demonstrations and misconception checks; existing Bank inertia family retained.
U1-S2-PRACTICE-SET-2-017,Practice Set 2,1.2,U1-S2-IC2,,U1-MG02,I can explain Newton's First Law and use it to predict motion when the net force is zero.,I can explain inertia as an object's resistance to a change in motion.,2,practice_u1-s2-ic2_1,practice set 2-scenario-7,constructed_response,prose/data,instructional,,practice u1-s2-ic2 1,150,Unit 1 Assessment Plan U1-S2-IC2; Hewitt 2.3 inertia demonstrations and misconception checks; existing Bank inertia family retained.
U1-S2-PRACTICE-SET-2-018,Practice Set 2,1.2,U1-S2-IC3,,U1-MG02,I can explain Newton's First Law and use it to predict motion when the net force is zero.,I can distinguish no force from no net force and identify common forces (such as support force and weight).,2,practice_u1-s2-ic3_1,practice set 2-scenario-1,constructed_response,prose/data,instructional,,practice u1-s2-ic3 1,150,Unit 1 Assessment Plan U1-S2-IC3; Hewitt 2.3 net-force reasoning + 2.6 book/scale support-force archetypes; existing Bank force-identification family retained.
U1-S2-PRACTICE-SET-2-019,Practice Set 2,1.2,U1-S2-IC3,,U1-MG02,I can explain Newton's First Law and use it to predict motion when the net force is zero.,I can distinguish no force from no net force and identify common forces (such as support force and weight).,2,practice_u1-s2-ic3_2,practice set 2-scenario-2,constructed_response,prose/data,instructional,,practice u1-s2-ic3 2,150,Unit 1 Assessment Plan U1-S2-IC3; Hewitt 2.3 net-force reasoning + 2.6 book/scale support-force archetypes; existing Bank force-identification family retained.
U1-S2-PRACTICE-SET-2-020,Practice Set 2,1.2,U1-S2-IC3,,U1-MG02,I can explain Newton's First Law and use it to predict motion when the net force is zero.,I can distinguish no force from no net force and identify common forces (such as support force and weight).,2,practice_u1-s2-ic3_3,practice set 2-scenario-3,constructed_response,prose/data,instructional,,practice u1-s2-ic3 3,150,Unit 1 Assessment Plan U1-S2-IC3; Hewitt 2.3 net-force reasoning + 2.6 book/scale support-force archetypes; existing Bank force-identification family retained.
U1-S2-PRACTICE-SET-2-021,Practice Set 2,1.2,U1-S2-IC3,,U1-MG02,I can explain Newton's First Law and use it to predict motion when the net force is zero.,I can distinguish no force from no net force and identify common forces (such as support force and weight).,2,practice_u1-s2-ic3_4,practice set 2-scenario-4,constructed_response,prose/data,instructional,,practice u1-s2-ic3 4,150,Unit 1 Assessment Plan U1-S2-IC3; Hewitt 2.3 net-force reasoning + 2.6 book/scale support-force archetypes; existing Bank force-identification family retained.
U1-S2-PRACTICE-SET-2-022,Practice Set 2,1.2,U1-S2-IC3,,U1-MG02,I can explain Newton's First Law and use it to predict motion when the net force is zero.,I can distinguish no force from no net force and identify common forces (such as support force and weight).,2,practice_u1-s2-ic3_5,practice set 2-scenario-5,constructed_response,prose/data,instructional,,practice u1-s2-ic3 5,150,Unit 1 Assessment Plan U1-S2-IC3; Hewitt 2.3 net-force reasoning + 2.6 book/scale support-force archetypes; existing Bank force-identification family retained.
U1-S2-PRACTICE-SET-2-023,Practice Set 2,1.2,U1-S2-IC3,,U1-MG02,I can explain Newton's First Law and use it to predict motion when the net force is zero.,I can distinguish no force from no net force and identify common forces (such as support force and weight).,2,practice_u1-s2-ic3_6,practice set 2-scenario-6,constructed_response,prose/data,instructional,,practice u1-s2-ic3 6,150,Unit 1 Assessment Plan U1-S2-IC3; Hewitt 2.3 net-force reasoning + 2.6 book/scale support-force archetypes; existing Bank force-identification family retained.
U1-S2-PRACTICE-SET-2-024,Practice Set 2,1.2,U1-S2-IC3,,U1-MG02,I can explain Newton's First Law and use it to predict motion when the net force is zero.,I can distinguish no force from no net force and identify common forces (such as support force and weight).,2,practice_u1-s2-ic3_1,practice set 2-scenario-7,constructed_response,prose/data,instructional,,practice u1-s2-ic3 1,150,Unit 1 Assessment Plan U1-S2-IC3; Hewitt 2.3 net-force reasoning + 2.6 book/scale support-force archetypes; existing Bank force-identification family retained.
U1-S2-PRACTICE-SET-3-001,Practice Set 3,1.2,U1-S2-IC1,,U1-MG02,I can explain Newton's First Law and use it to predict motion when the net force is zero.,I can state Newton's First Law in everyday language and apply it to objects at rest or moving.,2,practice_u1-s2-ic1_1,practice set 3-scenario-1,constructed_response,prose/data,instructional,,practice u1-s2-ic1 1,150,Unit 1 Assessment Plan U1-S2-IC1; Hewitt 2.3 Newton's First Law tablecloth/space-probe reasoning; existing Bank motion family retained.
U1-S2-PRACTICE-SET-3-002,Practice Set 3,1.2,U1-S2-IC1,,U1-MG02,I can explain Newton's First Law and use it to predict motion when the net force is zero.,I can state Newton's First Law in everyday language and apply it to objects at rest or moving.,2,practice_u1-s2-ic1_2,practice set 3-scenario-2,constructed_response,prose/data,instructional,,practice u1-s2-ic1 2,150,Unit 1 Assessment Plan U1-S2-IC1; Hewitt 2.3 Newton's First Law tablecloth/space-probe reasoning; existing Bank motion family retained.
U1-S2-PRACTICE-SET-3-003,Practice Set 3,1.2,U1-S2-IC1,,U1-MG02,I can explain Newton's First Law and use it to predict motion when the net force is zero.,I can state Newton's First Law in everyday language and apply it to objects at rest or moving.,2,practice_u1-s2-ic1_3,practice set 3-scenario-3,constructed_response,prose/data,instructional,,practice u1-s2-ic1 3,150,Unit 1 Assessment Plan U1-S2-IC1; Hewitt 2.3 Newton's First Law tablecloth/space-probe reasoning; existing Bank motion family retained.
U1-S2-PRACTICE-SET-3-004,Practice Set 3,1.2,U1-S2-IC1,,U1-MG02,I can explain Newton's First Law and use it to predict motion when the net force is zero.,I can state Newton's First Law in everyday language and apply it to objects at rest or moving.,2,practice_u1-s2-ic1_4,practice set 3-scenario-4,constructed_response,prose/data,instructional,,practice u1-s2-ic1 4,150,Unit 1 Assessment Plan U1-S2-IC1; Hewitt 2.3 Newton's First Law tablecloth/space-probe reasoning; existing Bank motion family retained.
U1-S2-PRACTICE-SET-3-005,Practice Set 3,1.2,U1-S2-IC1,,U1-MG02,I can explain Newton's First Law and use it to predict motion when the net force is zero.,I can state Newton's First Law in everyday language and apply it to objects at rest or moving.,2,practice_u1-s2-ic1_5,practice set 3-scenario-5,constructed_response,prose/data,instructional,,practice u1-s2-ic1 5,150,Unit 1 Assessment Plan U1-S2-IC1; Hewitt 2.3 Newton's First Law tablecloth/space-probe reasoning; existing Bank motion family retained.
U1-S2-PRACTICE-SET-3-006,Practice Set 3,1.2,U1-S2-IC1,,U1-MG02,I can explain Newton's First Law and use it to predict motion when the net force is zero.,I can state Newton's First Law in everyday language and apply it to objects at rest or moving.,2,practice_u1-s2-ic1_6,practice set 3-scenario-6,constructed_response,prose/data,instructional,,practice u1-s2-ic1 6,150,Unit 1 Assessment Plan U1-S2-IC1; Hewitt 2.3 Newton's First Law tablecloth/space-probe reasoning; existing Bank motion family retained.
U1-S2-PRACTICE-SET-3-007,Practice Set 3,1.2,U1-S2-IC1,,U1-MG02,I can explain Newton's First Law and use it to predict motion when the net force is zero.,I can state Newton's First Law in everyday language and apply it to objects at rest or moving.,2,practice_u1-s2-ic1_1,practice set 3-scenario-7,constructed_response,prose/data,instructional,,practice u1-s2-ic1 1,150,Unit 1 Assessment Plan U1-S2-IC1; Hewitt 2.3 Newton's First Law tablecloth/space-probe reasoning; existing Bank motion family retained.
U1-S2-PRACTICE-SET-3-008,Practice Set 3,1.2,U1-S2-IC2,,U1-MG02,I can explain Newton's First Law and use it to predict motion when the net force is zero.,I can explain inertia as an object's resistance to a change in motion.,2,practice_u1-s2-ic2_1,practice set 3-scenario-1,constructed_response,prose/data,instructional,,practice u1-s2-ic2 1,150,Unit 1 Assessment Plan U1-S2-IC2; Hewitt 2.3 inertia demonstrations and misconception checks; existing Bank inertia family retained.
U1-S2-PRACTICE-SET-3-009,Practice Set 3,1.2,U1-S2-IC2,,U1-MG02,I can explain Newton's First Law and use it to predict motion when the net force is zero.,I can explain inertia as an object's resistance to a change in motion.,2,practice_u1-s2-ic2_2,practice set 3-scenario-2,constructed_response,prose/data,instructional,,practice u1-s2-ic2 2,150,Unit 1 Assessment Plan U1-S2-IC2; Hewitt 2.3 inertia demonstrations and misconception checks; existing Bank inertia family retained.
U1-S2-PRACTICE-SET-3-010,Practice Set 3,1.2,U1-S2-IC2,,U1-MG02,I can explain Newton's First Law and use it to predict motion when the net force is zero.,I can explain inertia as an object's resistance to a change in motion.,2,practice_u1-s2-ic2_3,practice set 3-scenario-3,constructed_response,prose/data,instructional,,practice u1-s2-ic2 3,150,Unit 1 Assessment Plan U1-S2-IC2; Hewitt 2.3 inertia demonstrations and misconception checks; existing Bank inertia family retained.
U1-S2-PRACTICE-SET-3-011,Practice Set 3,1.2,U1-S2-IC2,,U1-MG02,I can explain Newton's First Law and use it to predict motion when the net force is zero.,I can explain inertia as an object's resistance to a change in motion.,2,practice_u1-s2-ic2_4,practice set 3-scenario-4,constructed_response,prose/data,instructional,,practice u1-s2-ic2 4,150,Unit 1 Assessment Plan U1-S2-IC2; Hewitt 2.3 inertia demonstrations and misconception checks; existing Bank inertia family retained.
U1-S2-PRACTICE-SET-3-012,Practice Set 3,1.2,U1-S2-IC2,,U1-MG02,I can explain Newton's First Law and use it to predict motion when the net force is zero.,I can explain inertia as an object's resistance to a change in motion.,2,practice_u1-s2-ic2_5,practice set 3-scenario-5,constructed_response,prose/data,instructional,,practice u1-s2-ic2 5,150,Unit 1 Assessment Plan U1-S2-IC2; Hewitt 2.3 inertia demonstrations and misconception checks; existing Bank inertia family retained.
U1-S2-PRACTICE-SET-3-013,Practice Set 3,1.2,U1-S2-IC2,,U1-MG02,I can explain Newton's First Law and use it to predict motion when the net force is zero.,I can explain inertia as an object's resistance to a change in motion.,2,practice_u1-s2-ic2_6,practice set 3-scenario-6,constructed_response,prose/data,instructional,,practice u1-s2-ic2 6,150,Unit 1 Assessment Plan U1-S2-IC2; Hewitt 2.3 inertia demonstrations and misconception checks; existing Bank inertia family retained.
U1-S2-PRACTICE-SET-3-014,Practice Set 3,1.2,U1-S2-IC2,,U1-MG02,I can explain Newton's First Law and use it to predict motion when the net force is zero.,I can explain inertia as an object's resistance to a change in motion.,2,practice_u1-s2-ic2_1,practice set 3-scenario-7,constructed_response,prose/data,instructional,,practice u1-s2-ic2 1,150,Unit 1 Assessment Plan U1-S2-IC2; Hewitt 2.3 inertia demonstrations and misconception checks; existing Bank inertia family retained.
U1-S2-PRACTICE-SET-3-015,Practice Set 3,1.2,U1-S2-IC2,,U1-MG02,I can explain Newton's First Law and use it to predict motion when the net force is zero.,I can explain inertia as an object's resistance to a change in motion.,2,practice_u1-s2-ic2_2,practice set 3-scenario-8,constructed_response,prose/data,instructional,,practice u1-s2-ic2 2,150,Unit 1 Assessment Plan U1-S2-IC2; Hewitt 2.3 inertia demonstrations and misconception checks; existing Bank inertia family retained.
U1-S2-PRACTICE-SET-3-016,Practice Set 3,1.2,U1-S2-IC2,,U1-MG02,I can explain Newton's First Law and use it to predict motion when the net force is zero.,I can explain inertia as an object's resistance to a change in motion.,2,practice_u1-s2-ic2_3,practice set 3-scenario-9,constructed_response,prose/data,instructional,,practice u1-s2-ic2 3,150,Unit 1 Assessment Plan U1-S2-IC2; Hewitt 2.3 inertia demonstrations and misconception checks; existing Bank inertia family retained.
U1-S2-PRACTICE-SET-3-017,Practice Set 3,1.2,U1-S2-IC3,,U1-MG02,I can explain Newton's First Law and use it to predict motion when the net force is zero.,I can distinguish no force from no net force and identify common forces (such as support force and weight).,2,practice_u1-s2-ic3_1,practice set 3-scenario-1,constructed_response,prose/data,instructional,,practice u1-s2-ic3 1,150,Unit 1 Assessment Plan U1-S2-IC3; Hewitt 2.3 net-force reasoning + 2.6 book/scale support-force archetypes; existing Bank force-identification family retained.
U1-S2-PRACTICE-SET-3-018,Practice Set 3,1.2,U1-S2-IC3,,U1-MG02,I can explain Newton's First Law and use it to predict motion when the net force is zero.,I can distinguish no force from no net force and identify common forces (such as support force and weight).,2,practice_u1-s2-ic3_2,practice set 3-scenario-2,constructed_response,prose/data,instructional,,practice u1-s2-ic3 2,150,Unit 1 Assessment Plan U1-S2-IC3; Hewitt 2.3 net-force reasoning + 2.6 book/scale support-force archetypes; existing Bank force-identification family retained.
U1-S2-PRACTICE-SET-3-019,Practice Set 3,1.2,U1-S2-IC3,,U1-MG02,I can explain Newton's First Law and use it to predict motion when the net force is zero.,I can distinguish no force from no net force and identify common forces (such as support force and weight).,2,practice_u1-s2-ic3_3,practice set 3-scenario-3,constructed_response,prose/data,instructional,,practice u1-s2-ic3 3,150,Unit 1 Assessment Plan U1-S2-IC3; Hewitt 2.3 net-force reasoning + 2.6 book/scale support-force archetypes; existing Bank force-identification family retained.
U1-S2-PRACTICE-SET-3-020,Practice Set 3,1.2,U1-S2-IC3,,U1-MG02,I can explain Newton's First Law and use it to predict motion when the net force is zero.,I can distinguish no force from no net force and identify common forces (such as support force and weight).,2,practice_u1-s2-ic3_4,practice set 3-scenario-4,constructed_response,prose/data,instructional,,practice u1-s2-ic3 4,150,Unit 1 Assessment Plan U1-S2-IC3; Hewitt 2.3 net-force reasoning + 2.6 book/scale support-force archetypes; existing Bank force-identification family retained.
U1-S2-PRACTICE-SET-3-021,Practice Set 3,1.2,U1-S2-IC3,,U1-MG02,I can explain Newton's First Law and use it to predict motion when the net force is zero.,I can distinguish no force from no net force and identify common forces (such as support force and weight).,2,practice_u1-s2-ic3_5,practice set 3-scenario-5,constructed_response,prose/data,instructional,,practice u1-s2-ic3 5,150,Unit 1 Assessment Plan U1-S2-IC3; Hewitt 2.3 net-force reasoning + 2.6 book/scale support-force archetypes; existing Bank force-identification family retained.
U1-S2-PRACTICE-SET-3-022,Practice Set 3,1.2,U1-S2-IC3,,U1-MG02,I can explain Newton's First Law and use it to predict motion when the net force is zero.,I can distinguish no force from no net force and identify common forces (such as support force and weight).,2,practice_u1-s2-ic3_6,practice set 3-scenario-6,constructed_response,prose/data,instructional,,practice u1-s2-ic3 6,150,Unit 1 Assessment Plan U1-S2-IC3; Hewitt 2.3 net-force reasoning + 2.6 book/scale support-force archetypes; existing Bank force-identification family retained.
U1-S2-PRACTICE-SET-3-023,Practice Set 3,1.2,U1-S2-IC3,,U1-MG02,I can explain Newton's First Law and use it to predict motion when the net force is zero.,I can distinguish no force from no net force and identify common forces (such as support force and weight).,2,practice_u1-s2-ic3_1,practice set 3-scenario-7,constructed_response,prose/data,instructional,,practice u1-s2-ic3 1,150,Unit 1 Assessment Plan U1-S2-IC3; Hewitt 2.3 net-force reasoning + 2.6 book/scale support-force archetypes; existing Bank force-identification family retained.
U1-S2-PRACTICE-SET-3-024,Practice Set 3,1.2,U1-S2-IC3,,U1-MG02,I can explain Newton's First Law and use it to predict motion when the net force is zero.,I can distinguish no force from no net force and identify common forces (such as support force and weight).,2,practice_u1-s2-ic3_2,practice set 3-scenario-8,constructed_response,prose/data,instructional,,practice u1-s2-ic3 2,150,Unit 1 Assessment Plan U1-S2-IC3; Hewitt 2.3 net-force reasoning + 2.6 book/scale support-force archetypes; existing Bank force-identification family retained.
U1-S2-EXTRA-PRACTICE-001,Extra Practice,1.2,U1-S2-IC1,,U1-MG02,I can explain Newton's First Law and use it to predict motion when the net force is zero.,I can state Newton's First Law in everyday language and apply it to objects at rest or moving.,2,practice_u1-s2-ic1_1,extra practice-scenario-1,constructed_response,prose/data,instructional,,practice u1-s2-ic1 1,150,Unit 1 Assessment Plan U1-S2-IC1; Hewitt 2.3 Newton's First Law tablecloth/space-probe reasoning; existing Bank motion family retained.
U1-S2-EXTRA-PRACTICE-002,Extra Practice,1.2,U1-S2-IC1,,U1-MG02,I can explain Newton's First Law and use it to predict motion when the net force is zero.,I can state Newton's First Law in everyday language and apply it to objects at rest or moving.,2,practice_u1-s2-ic1_2,extra practice-scenario-2,constructed_response,prose/data,instructional,,practice u1-s2-ic1 2,150,Unit 1 Assessment Plan U1-S2-IC1; Hewitt 2.3 Newton's First Law tablecloth/space-probe reasoning; existing Bank motion family retained.
U1-S2-EXTRA-PRACTICE-003,Extra Practice,1.2,U1-S2-IC1,,U1-MG02,I can explain Newton's First Law and use it to predict motion when the net force is zero.,I can state Newton's First Law in everyday language and apply it to objects at rest or moving.,2,practice_u1-s2-ic1_3,extra practice-scenario-3,constructed_response,prose/data,instructional,,practice u1-s2-ic1 3,150,Unit 1 Assessment Plan U1-S2-IC1; Hewitt 2.3 Newton's First Law tablecloth/space-probe reasoning; existing Bank motion family retained.
U1-S2-EXTRA-PRACTICE-004,Extra Practice,1.2,U1-S2-IC1,,U1-MG02,I can explain Newton's First Law and use it to predict motion when the net force is zero.,I can state Newton's First Law in everyday language and apply it to objects at rest or moving.,2,practice_u1-s2-ic1_4,extra practice-scenario-4,constructed_response,prose/data,instructional,,practice u1-s2-ic1 4,150,Unit 1 Assessment Plan U1-S2-IC1; Hewitt 2.3 Newton's First Law tablecloth/space-probe reasoning; existing Bank motion family retained.
U1-S2-EXTRA-PRACTICE-005,Extra Practice,1.2,U1-S2-IC1,,U1-MG02,I can explain Newton's First Law and use it to predict motion when the net force is zero.,I can state Newton's First Law in everyday language and apply it to objects at rest or moving.,2,practice_u1-s2-ic1_5,extra practice-scenario-5,constructed_response,prose/data,instructional,,practice u1-s2-ic1 5,150,Unit 1 Assessment Plan U1-S2-IC1; Hewitt 2.3 Newton's First Law tablecloth/space-probe reasoning; existing Bank motion family retained.
U1-S2-EXTRA-PRACTICE-006,Extra Practice,1.2,U1-S2-IC1,,U1-MG02,I can explain Newton's First Law and use it to predict motion when the net force is zero.,I can state Newton's First Law in everyday language and apply it to objects at rest or moving.,2,practice_u1-s2-ic1_6,extra practice-scenario-6,constructed_response,prose/data,instructional,,practice u1-s2-ic1 6,150,Unit 1 Assessment Plan U1-S2-IC1; Hewitt 2.3 Newton's First Law tablecloth/space-probe reasoning; existing Bank motion family retained.
U1-S2-EXTRA-PRACTICE-007,Extra Practice,1.2,U1-S2-IC1,,U1-MG02,I can explain Newton's First Law and use it to predict motion when the net force is zero.,I can state Newton's First Law in everyday language and apply it to objects at rest or moving.,2,practice_u1-s2-ic1_1,extra practice-scenario-7,constructed_response,prose/data,instructional,,practice u1-s2-ic1 1,150,Unit 1 Assessment Plan U1-S2-IC1; Hewitt 2.3 Newton's First Law tablecloth/space-probe reasoning; existing Bank motion family retained.
U1-S2-EXTRA-PRACTICE-008,Extra Practice,1.2,U1-S2-IC1,,U1-MG02,I can explain Newton's First Law and use it to predict motion when the net force is zero.,I can state Newton's First Law in everyday language and apply it to objects at rest or moving.,2,practice_u1-s2-ic1_2,extra practice-scenario-8,constructed_response,prose/data,instructional,,practice u1-s2-ic1 2,150,Unit 1 Assessment Plan U1-S2-IC1; Hewitt 2.3 Newton's First Law tablecloth/space-probe reasoning; existing Bank motion family retained.
U1-S2-EXTRA-PRACTICE-009,Extra Practice,1.2,U1-S2-IC1,,U1-MG02,I can explain Newton's First Law and use it to predict motion when the net force is zero.,I can state Newton's First Law in everyday language and apply it to objects at rest or moving.,2,practice_u1-s2-ic1_3,extra practice-scenario-9,constructed_response,prose/data,instructional,,practice u1-s2-ic1 3,150,Unit 1 Assessment Plan U1-S2-IC1; Hewitt 2.3 Newton's First Law tablecloth/space-probe reasoning; existing Bank motion family retained.
U1-S2-EXTRA-PRACTICE-010,Extra Practice,1.2,U1-S2-IC2,,U1-MG02,I can explain Newton's First Law and use it to predict motion when the net force is zero.,I can explain inertia as an object's resistance to a change in motion.,2,practice_u1-s2-ic2_1,extra practice-scenario-1,constructed_response,prose/data,instructional,,practice u1-s2-ic2 1,150,Unit 1 Assessment Plan U1-S2-IC2; Hewitt 2.3 inertia demonstrations and misconception checks; existing Bank inertia family retained.
U1-S2-EXTRA-PRACTICE-011,Extra Practice,1.2,U1-S2-IC2,,U1-MG02,I can explain Newton's First Law and use it to predict motion when the net force is zero.,I can explain inertia as an object's resistance to a change in motion.,2,practice_u1-s2-ic2_2,extra practice-scenario-2,constructed_response,prose/data,instructional,,practice u1-s2-ic2 2,150,Unit 1 Assessment Plan U1-S2-IC2; Hewitt 2.3 inertia demonstrations and misconception checks; existing Bank inertia family retained.
U1-S2-EXTRA-PRACTICE-012,Extra Practice,1.2,U1-S2-IC2,,U1-MG02,I can explain Newton's First Law and use it to predict motion when the net force is zero.,I can explain inertia as an object's resistance to a change in motion.,2,practice_u1-s2-ic2_3,extra practice-scenario-3,constructed_response,prose/data,instructional,,practice u1-s2-ic2 3,150,Unit 1 Assessment Plan U1-S2-IC2; Hewitt 2.3 inertia demonstrations and misconception checks; existing Bank inertia family retained.
U1-S2-EXTRA-PRACTICE-013,Extra Practice,1.2,U1-S2-IC2,,U1-MG02,I can explain Newton's First Law and use it to predict motion when the net force is zero.,I can explain inertia as an object's resistance to a change in motion.,2,practice_u1-s2-ic2_4,extra practice-scenario-4,constructed_response,prose/data,instructional,,practice u1-s2-ic2 4,150,Unit 1 Assessment Plan U1-S2-IC2; Hewitt 2.3 inertia demonstrations and misconception checks; existing Bank inertia family retained.
U1-S2-EXTRA-PRACTICE-014,Extra Practice,1.2,U1-S2-IC2,,U1-MG02,I can explain Newton's First Law and use it to predict motion when the net force is zero.,I can explain inertia as an object's resistance to a change in motion.,2,practice_u1-s2-ic2_5,extra practice-scenario-5,constructed_response,prose/data,instructional,,practice u1-s2-ic2 5,150,Unit 1 Assessment Plan U1-S2-IC2; Hewitt 2.3 inertia demonstrations and misconception checks; existing Bank inertia family retained.
U1-S2-EXTRA-PRACTICE-015,Extra Practice,1.2,U1-S2-IC2,,U1-MG02,I can explain Newton's First Law and use it to predict motion when the net force is zero.,I can explain inertia as an object's resistance to a change in motion.,2,practice_u1-s2-ic2_6,extra practice-scenario-6,constructed_response,prose/data,instructional,,practice u1-s2-ic2 6,150,Unit 1 Assessment Plan U1-S2-IC2; Hewitt 2.3 inertia demonstrations and misconception checks; existing Bank inertia family retained.
U1-S2-EXTRA-PRACTICE-016,Extra Practice,1.2,U1-S2-IC2,,U1-MG02,I can explain Newton's First Law and use it to predict motion when the net force is zero.,I can explain inertia as an object's resistance to a change in motion.,2,practice_u1-s2-ic2_1,extra practice-scenario-7,constructed_response,prose/data,instructional,,practice u1-s2-ic2 1,150,Unit 1 Assessment Plan U1-S2-IC2; Hewitt 2.3 inertia demonstrations and misconception checks; existing Bank inertia family retained.
U1-S2-EXTRA-PRACTICE-017,Extra Practice,1.2,U1-S2-IC2,,U1-MG02,I can explain Newton's First Law and use it to predict motion when the net force is zero.,I can explain inertia as an object's resistance to a change in motion.,2,practice_u1-s2-ic2_2,extra practice-scenario-8,constructed_response,prose/data,instructional,,practice u1-s2-ic2 2,150,Unit 1 Assessment Plan U1-S2-IC2; Hewitt 2.3 inertia demonstrations and misconception checks; existing Bank inertia family retained.
U1-S2-EXTRA-PRACTICE-018,Extra Practice,1.2,U1-S2-IC3,,U1-MG02,I can explain Newton's First Law and use it to predict motion when the net force is zero.,I can distinguish no force from no net force and identify common forces (such as support force and weight).,2,practice_u1-s2-ic3_1,extra practice-scenario-1,constructed_response,prose/data,instructional,,practice u1-s2-ic3 1,150,Unit 1 Assessment Plan U1-S2-IC3; Hewitt 2.3 net-force reasoning + 2.6 book/scale support-force archetypes; existing Bank force-identification family retained.
U1-S2-EXTRA-PRACTICE-019,Extra Practice,1.2,U1-S2-IC3,,U1-MG02,I can explain Newton's First Law and use it to predict motion when the net force is zero.,I can distinguish no force from no net force and identify common forces (such as support force and weight).,2,practice_u1-s2-ic3_2,extra practice-scenario-2,constructed_response,prose/data,instructional,,practice u1-s2-ic3 2,150,Unit 1 Assessment Plan U1-S2-IC3; Hewitt 2.3 net-force reasoning + 2.6 book/scale support-force archetypes; existing Bank force-identification family retained.
U1-S2-EXTRA-PRACTICE-020,Extra Practice,1.2,U1-S2-IC3,,U1-MG02,I can explain Newton's First Law and use it to predict motion when the net force is zero.,I can distinguish no force from no net force and identify common forces (such as support force and weight).,2,practice_u1-s2-ic3_3,extra practice-scenario-3,constructed_response,prose/data,instructional,,practice u1-s2-ic3 3,150,Unit 1 Assessment Plan U1-S2-IC3; Hewitt 2.3 net-force reasoning + 2.6 book/scale support-force archetypes; existing Bank force-identification family retained.
U1-S2-EXTRA-PRACTICE-021,Extra Practice,1.2,U1-S2-IC3,,U1-MG02,I can explain Newton's First Law and use it to predict motion when the net force is zero.,I can distinguish no force from no net force and identify common forces (such as support force and weight).,2,practice_u1-s2-ic3_4,extra practice-scenario-4,constructed_response,prose/data,instructional,,practice u1-s2-ic3 4,150,Unit 1 Assessment Plan U1-S2-IC3; Hewitt 2.3 net-force reasoning + 2.6 book/scale support-force archetypes; existing Bank force-identification family retained.
U1-S2-EXTRA-PRACTICE-022,Extra Practice,1.2,U1-S2-IC3,,U1-MG02,I can explain Newton's First Law and use it to predict motion when the net force is zero.,I can distinguish no force from no net force and identify common forces (such as support force and weight).,2,practice_u1-s2-ic3_5,extra practice-scenario-5,constructed_response,prose/data,instructional,,practice u1-s2-ic3 5,150,Unit 1 Assessment Plan U1-S2-IC3; Hewitt 2.3 net-force reasoning + 2.6 book/scale support-force archetypes; existing Bank force-identification family retained.
U1-S2-EXTRA-PRACTICE-023,Extra Practice,1.2,U1-S2-IC3,,U1-MG02,I can explain Newton's First Law and use it to predict motion when the net force is zero.,I can distinguish no force from no net force and identify common forces (such as support force and weight).,2,practice_u1-s2-ic3_6,extra practice-scenario-6,constructed_response,prose/data,instructional,,practice u1-s2-ic3 6,150,Unit 1 Assessment Plan U1-S2-IC3; Hewitt 2.3 net-force reasoning + 2.6 book/scale support-force archetypes; existing Bank force-identification family retained.
U1-S2-EXTRA-PRACTICE-024,Extra Practice,1.2,U1-S2-IC3,,U1-MG02,I can explain Newton's First Law and use it to predict motion when the net force is zero.,I can distinguish no force from no net force and identify common forces (such as support force and weight).,2,practice_u1-s2-ic3_1,extra practice-scenario-7,constructed_response,prose/data,instructional,,practice u1-s2-ic3 1,150,Unit 1 Assessment Plan U1-S2-IC3; Hewitt 2.3 net-force reasoning + 2.6 book/scale support-force archetypes; existing Bank force-identification family retained.
U1-S2-CYU-001,CYU,1.2,U1-S2-IC1,,U1-MG02,I can explain Newton's First Law and use it to predict motion when the net force is zero.,I can state Newton's First Law in everyday language and apply it to objects at rest or moving.,2,cyu_u1-s2-ic1_1,compact-section-check,constructed_response,prose/data,instructional,,cyu u1-s2-ic1 1,150,Unit 1 Assessment Plan U1-S2-IC1; Hewitt 2.3 Newton's First Law tablecloth/space-probe reasoning; existing Bank motion family retained.
U1-S2-CYU-002,CYU,1.2,U1-S2-IC1,,U1-MG02,I can explain Newton's First Law and use it to predict motion when the net force is zero.,I can state Newton's First Law in everyday language and apply it to objects at rest or moving.,2,cyu_u1-s2-ic1_2,compact-section-check,constructed_response,prose/data,instructional,,cyu u1-s2-ic1 2,150,Unit 1 Assessment Plan U1-S2-IC1; Hewitt 2.3 Newton's First Law tablecloth/space-probe reasoning; existing Bank motion family retained.
U1-S2-CYU-003,CYU,1.2,U1-S2-IC2,,U1-MG02,I can explain Newton's First Law and use it to predict motion when the net force is zero.,I can explain inertia as an object's resistance to a change in motion.,2,cyu_u1-s2-ic2_1,compact-section-check,constructed_response,prose/data,instructional,,cyu u1-s2-ic2 1,150,Unit 1 Assessment Plan U1-S2-IC2; Hewitt 2.3 inertia demonstrations and misconception checks; existing Bank inertia family retained.
U1-S2-CYU-004,CYU,1.2,U1-S2-IC2,,U1-MG02,I can explain Newton's First Law and use it to predict motion when the net force is zero.,I can explain inertia as an object's resistance to a change in motion.,2,cyu_u1-s2-ic2_2,compact-section-check,constructed_response,prose/data,instructional,,cyu u1-s2-ic2 2,150,Unit 1 Assessment Plan U1-S2-IC2; Hewitt 2.3 inertia demonstrations and misconception checks; existing Bank inertia family retained.
U1-S2-CYU-005,CYU,1.2,U1-S2-IC3,,U1-MG02,I can explain Newton's First Law and use it to predict motion when the net force is zero.,I can distinguish no force from no net force and identify common forces (such as support force and weight).,2,cyu_u1-s2-ic3_1,compact-section-check,constructed_response,prose/data,instructional,,cyu u1-s2-ic3 1,150,Unit 1 Assessment Plan U1-S2-IC3; Hewitt 2.3 net-force reasoning + 2.6 book/scale support-force archetypes; existing Bank force-identification family retained.
U1-S2-CYU-006,CYU,1.2,U1-S2-IC3,,U1-MG02,I can explain Newton's First Law and use it to predict motion when the net force is zero.,I can distinguish no force from no net force and identify common forces (such as support force and weight).,2,cyu_u1-s2-ic3_2,compact-section-check,constructed_response,prose/data,instructional,,cyu u1-s2-ic3 2,150,Unit 1 Assessment Plan U1-S2-IC3; Hewitt 2.3 net-force reasoning + 2.6 book/scale support-force archetypes; existing Bank force-identification family retained.
U1-S2-WARM-UP-1-001,Warm-Up 1,1.2,U1-S2-IC1,,U1-MG02,I can explain Newton's First Law and use it to predict motion when the net force is zero.,I can state Newton's First Law in everyday language and apply it to objects at rest or moving.,1,warmup_1_u1-s2-ic1_1,retrieval-plus-connection,constructed_response,prose/data,instructional,,warmup 1 u1-s2-ic1 1,150,Unit 1 Assessment Plan U1-S2-IC1; Hewitt 2.3 Newton's First Law tablecloth/space-probe reasoning; existing Bank motion family retained.
U1-S2-WARM-UP-1-002,Warm-Up 1,1.2,U1-S2-IC1,,U1-MG02,I can explain Newton's First Law and use it to predict motion when the net force is zero.,I can state Newton's First Law in everyday language and apply it to objects at rest or moving.,1,warmup_1_u1-s2-ic1_2,retrieval-plus-connection,constructed_response,prose/data,instructional,,warmup 1 u1-s2-ic1 2,150,Unit 1 Assessment Plan U1-S2-IC1; Hewitt 2.3 Newton's First Law tablecloth/space-probe reasoning; existing Bank motion family retained.
U1-S2-WARM-UP-1-003,Warm-Up 1,1.2,U1-S2-IC2,,U1-MG02,I can explain Newton's First Law and use it to predict motion when the net force is zero.,I can explain inertia as an object's resistance to a change in motion.,1,warmup_1_u1-s2-ic2_3,retrieval-plus-connection,constructed_response,prose/data,instructional,,warmup 1 u1-s2-ic2 3,150,Unit 1 Assessment Plan U1-S2-IC2; Hewitt 2.3 inertia demonstrations and misconception checks; existing Bank inertia family retained.
U1-S2-WARM-UP-1-004,Warm-Up 1,1.2,U1-S2-IC3,,U1-MG02,I can explain Newton's First Law and use it to predict motion when the net force is zero.,I can distinguish no force from no net force and identify common forces (such as support force and weight).,2,warmup_1_u1-s2-ic3_4,retrieval-plus-connection,constructed_response,prose/data,instructional,,warmup 1 u1-s2-ic3 4,150,Unit 1 Assessment Plan U1-S2-IC3; Hewitt 2.3 net-force reasoning + 2.6 book/scale support-force archetypes; existing Bank force-identification family retained.
U1-S2-WARM-UP-2-001,Warm-Up 2,1.2,U1-S2-IC1,,U1-MG02,I can explain Newton's First Law and use it to predict motion when the net force is zero.,I can state Newton's First Law in everyday language and apply it to objects at rest or moving.,1,warmup_2_u1-s2-ic1_1,retrieval-plus-connection,constructed_response,prose/data,instructional,,warmup 2 u1-s2-ic1 1,150,Unit 1 Assessment Plan U1-S2-IC1; Hewitt 2.3 Newton's First Law tablecloth/space-probe reasoning; existing Bank motion family retained.
U1-S2-WARM-UP-2-002,Warm-Up 2,1.2,U1-S2-IC2,,U1-MG02,I can explain Newton's First Law and use it to predict motion when the net force is zero.,I can explain inertia as an object's resistance to a change in motion.,1,warmup_2_u1-s2-ic2_2,retrieval-plus-connection,constructed_response,prose/data,instructional,,warmup 2 u1-s2-ic2 2,150,Unit 1 Assessment Plan U1-S2-IC2; Hewitt 2.3 inertia demonstrations and misconception checks; existing Bank inertia family retained.
U1-S2-WARM-UP-2-003,Warm-Up 2,1.2,U1-S2-IC2,,U1-MG02,I can explain Newton's First Law and use it to predict motion when the net force is zero.,I can explain inertia as an object's resistance to a change in motion.,1,warmup_2_u1-s2-ic2_3,retrieval-plus-connection,constructed_response,prose/data,instructional,,warmup 2 u1-s2-ic2 3,150,Unit 1 Assessment Plan U1-S2-IC2; Hewitt 2.3 inertia demonstrations and misconception checks; existing Bank inertia family retained.
U1-S2-WARM-UP-2-004,Warm-Up 2,1.2,U1-S2-IC3,,U1-MG02,I can explain Newton's First Law and use it to predict motion when the net force is zero.,I can distinguish no force from no net force and identify common forces (such as support force and weight).,2,warmup_2_u1-s2-ic3_4,retrieval-plus-connection,constructed_response,prose/data,instructional,,warmup 2 u1-s2-ic3 4,150,Unit 1 Assessment Plan U1-S2-IC3; Hewitt 2.3 net-force reasoning + 2.6 book/scale support-force archetypes; existing Bank force-identification family retained.
U1-S2-WARM-UP-3-001,Warm-Up 3,1.2,U1-S2-IC1,,U1-MG02,I can explain Newton's First Law and use it to predict motion when the net force is zero.,I can state Newton's First Law in everyday language and apply it to objects at rest or moving.,1,warmup_3_u1-s2-ic1_1,retrieval-plus-connection,constructed_response,prose/data,instructional,,warmup 3 u1-s2-ic1 1,150,Unit 1 Assessment Plan U1-S2-IC1; Hewitt 2.3 Newton's First Law tablecloth/space-probe reasoning; existing Bank motion family retained.
U1-S2-WARM-UP-3-002,Warm-Up 3,1.2,U1-S2-IC2,,U1-MG02,I can explain Newton's First Law and use it to predict motion when the net force is zero.,I can explain inertia as an object's resistance to a change in motion.,1,warmup_3_u1-s2-ic2_2,retrieval-plus-connection,constructed_response,prose/data,instructional,,warmup 3 u1-s2-ic2 2,150,Unit 1 Assessment Plan U1-S2-IC2; Hewitt 2.3 inertia demonstrations and misconception checks; existing Bank inertia family retained.
U1-S2-WARM-UP-3-003,Warm-Up 3,1.2,U1-S2-IC3,,U1-MG02,I can explain Newton's First Law and use it to predict motion when the net force is zero.,I can distinguish no force from no net force and identify common forces (such as support force and weight).,2,warmup_3_u1-s2-ic3_3,retrieval-plus-connection,constructed_response,prose/data,instructional,,warmup 3 u1-s2-ic3 3,150,Unit 1 Assessment Plan U1-S2-IC3; Hewitt 2.3 net-force reasoning + 2.6 book/scale support-force archetypes; existing Bank force-identification family retained.
U1-S2-WARM-UP-3-004,Warm-Up 3,1.2,U1-S2-IC3,,U1-MG02,I can explain Newton's First Law and use it to predict motion when the net force is zero.,I can distinguish no force from no net force and identify common forces (such as support force and weight).,2,warmup_3_u1-s2-ic3_4,retrieval-plus-connection,constructed_response,prose/data,instructional,,warmup 3 u1-s2-ic3 4,150,Unit 1 Assessment Plan U1-S2-IC3; Hewitt 2.3 net-force reasoning + 2.6 book/scale support-force archetypes; existing Bank force-identification family retained.
U1-S2-EXIT-TICKET-A-001,Exit Ticket A,1.2,U1-S2-IC1,,U1-MG02,I can explain Newton's First Law and use it to predict motion when the net force is zero.,I can state Newton's First Law in everyday language and apply it to objects at rest or moving.,2,exit_a_u1-s2-ic1_1,formative-evidence-sample,constructed_response,prose/data,formative_evidence,,short evidence sample,75,Unit 1 Assessment Plan U1-S2-IC1; Hewitt 2.3 Newton's First Law tablecloth/space-probe reasoning; existing Bank motion family retained.
U1-S2-EXIT-TICKET-A-002,Exit Ticket A,1.2,U1-S2-IC2,,U1-MG02,I can explain Newton's First Law and use it to predict motion when the net force is zero.,I can explain inertia as an object's resistance to a change in motion.,2,exit_a_u1-s2-ic2_2,formative-evidence-sample,constructed_response,prose/data,formative_evidence,,short evidence sample,75,Unit 1 Assessment Plan U1-S2-IC2; Hewitt 2.3 inertia demonstrations and misconception checks; existing Bank inertia family retained.
U1-S2-EXIT-TICKET-A-003,Exit Ticket A,1.2,U1-S2-IC3,,U1-MG02,I can explain Newton's First Law and use it to predict motion when the net force is zero.,I can distinguish no force from no net force and identify common forces (such as support force and weight).,2,exit_a_u1-s2-ic3_3,formative-evidence-sample,constructed_response,prose/data,formative_evidence,,short evidence sample,75,Unit 1 Assessment Plan U1-S2-IC3; Hewitt 2.3 net-force reasoning + 2.6 book/scale support-force archetypes; existing Bank force-identification family retained.
U1-S2-EXIT-TICKET-A-004,Exit Ticket A,1.2,U1-S2-IC3,,U1-MG02,I can explain Newton's First Law and use it to predict motion when the net force is zero.,I can distinguish no force from no net force and identify common forces (such as support force and weight).,3,exit_a_u1-s2-ic3_4,formative-evidence-sample,constructed_response,prose/data,formative_evidence,,short evidence sample,75,Unit 1 Assessment Plan U1-S2-IC3; Hewitt 2.3 net-force reasoning + 2.6 book/scale support-force archetypes; existing Bank force-identification family retained.
U1-S2-EXIT-TICKET-B-001,Exit Ticket B,1.2,U1-S2-IC1,,U1-MG02,I can explain Newton's First Law and use it to predict motion when the net force is zero.,I can state Newton's First Law in everyday language and apply it to objects at rest or moving.,2,exit_b_u1-s2-ic1_1,formative-evidence-sample,constructed_response,prose/data,formative_evidence,,short evidence sample,75,Unit 1 Assessment Plan U1-S2-IC1; Hewitt 2.3 Newton's First Law tablecloth/space-probe reasoning; existing Bank motion family retained.
U1-S2-EXIT-TICKET-B-002,Exit Ticket B,1.2,U1-S2-IC2,,U1-MG02,I can explain Newton's First Law and use it to predict motion when the net force is zero.,I can explain inertia as an object's resistance to a change in motion.,2,exit_b_u1-s2-ic2_2,formative-evidence-sample,constructed_response,prose/data,formative_evidence,,short evidence sample,75,Unit 1 Assessment Plan U1-S2-IC2; Hewitt 2.3 inertia demonstrations and misconception checks; existing Bank inertia family retained.
U1-S2-EXIT-TICKET-B-003,Exit Ticket B,1.2,U1-S2-IC3,,U1-MG02,I can explain Newton's First Law and use it to predict motion when the net force is zero.,I can distinguish no force from no net force and identify common forces (such as support force and weight).,2,exit_b_u1-s2-ic3_3,formative-evidence-sample,constructed_response,prose/data,formative_evidence,,short evidence sample,75,Unit 1 Assessment Plan U1-S2-IC3; Hewitt 2.3 net-force reasoning + 2.6 book/scale support-force archetypes; existing Bank force-identification family retained.
U1-S2-EXIT-TICKET-B-004,Exit Ticket B,1.2,U1-S2-IC3,,U1-MG02,I can explain Newton's First Law and use it to predict motion when the net force is zero.,I can distinguish no force from no net force and identify common forces (such as support force and weight).,3,exit_b_u1-s2-ic3_4,formative-evidence-sample,constructed_response,prose/data,formative_evidence,,short evidence sample,75,Unit 1 Assessment Plan U1-S2-IC3; Hewitt 2.3 net-force reasoning + 2.6 book/scale support-force archetypes; existing Bank force-identification family retained.
U1-S2-EXIT-TICKET-C-001,Exit Ticket C,1.2,U1-S2-IC1,,U1-MG02,I can explain Newton's First Law and use it to predict motion when the net force is zero.,I can state Newton's First Law in everyday language and apply it to objects at rest or moving.,2,exit_c_u1-s2-ic1_1,formative-evidence-sample,constructed_response,prose/data,formative_evidence,,short evidence sample,75,Unit 1 Assessment Plan U1-S2-IC1; Hewitt 2.3 Newton's First Law tablecloth/space-probe reasoning; existing Bank motion family retained.
U1-S2-EXIT-TICKET-C-002,Exit Ticket C,1.2,U1-S2-IC2,,U1-MG02,I can explain Newton's First Law and use it to predict motion when the net force is zero.,I can explain inertia as an object's resistance to a change in motion.,2,exit_c_u1-s2-ic2_2,formative-evidence-sample,constructed_response,prose/data,formative_evidence,,short evidence sample,75,Unit 1 Assessment Plan U1-S2-IC2; Hewitt 2.3 inertia demonstrations and misconception checks; existing Bank inertia family retained.
U1-S2-EXIT-TICKET-C-003,Exit Ticket C,1.2,U1-S2-IC3,,U1-MG02,I can explain Newton's First Law and use it to predict motion when the net force is zero.,I can distinguish no force from no net force and identify common forces (such as support force and weight).,2,exit_c_u1-s2-ic3_3,formative-evidence-sample,constructed_response,prose/data,formative_evidence,,short evidence sample,75,Unit 1 Assessment Plan U1-S2-IC3; Hewitt 2.3 net-force reasoning + 2.6 book/scale support-force archetypes; existing Bank force-identification family retained.
U1-S2-EXIT-TICKET-C-004,Exit Ticket C,1.2,U1-S2-IC3,,U1-MG02,I can explain Newton's First Law and use it to predict motion when the net force is zero.,I can distinguish no force from no net force and identify common forces (such as support force and weight).,3,exit_c_u1-s2-ic3_4,formative-evidence-sample,constructed_response,prose/data,formative_evidence,,short evidence sample,75,Unit 1 Assessment Plan U1-S2-IC3; Hewitt 2.3 net-force reasoning + 2.6 book/scale support-force archetypes; existing Bank force-identification family retained.
U1-S3-NOTES-EXAMPLE-1-001,Notes Example 1,1.3,U1-S3-IC1,,U1-MG03,I can represent forces as vectors and determine the net force on an object.,I can explain that a force has both magnitude and direction.,2,notes_example_u1-s3-ic1,paired-anchor-with-changed-context,constructed_response,prose/data,instructional,,notes example u1-s3-ic1,150,Unit 1 Assessment Plan U1-S3-IC1; Hewitt 2.4 vector magnitude-and-direction definition; existing Bank vector-concept family retained.
U1-S3-NOTES-YTI-1-001,Notes YTI 1,1.3,U1-S3-IC1,,U1-MG03,I can represent forces as vectors and determine the net force on an object.,I can explain that a force has both magnitude and direction.,2,notes_yti_u1-s3-ic1,paired-anchor-with-changed-context,constructed_response,prose/data,instructional,,notes yti u1-s3-ic1,150,Unit 1 Assessment Plan U1-S3-IC1; Hewitt 2.4 vector magnitude-and-direction definition; existing Bank vector-concept family retained.
U1-S3-NOTES-EXAMPLE-2-001,Notes Example 2,1.3,U1-S3-IC2,,U1-MG03,I can represent forces as vectors and determine the net force on an object.,I can add forces acting in the same direction and subtract forces acting in opposite directions to find net force.,2,notes_example_u1-s3-ic2,paired-anchor-with-changed-context,constructed_response,prose/data,instructional,,notes example u1-s3-ic2,150,Unit 1 Assessment Plan U1-S3-IC2; Hewitt 2.4 same/opposite-direction force-combination archetypes; existing Bank net-force family retained.
U1-S3-NOTES-YTI-2-001,Notes YTI 2,1.3,U1-S3-IC2,,U1-MG03,I can represent forces as vectors and determine the net force on an object.,I can add forces acting in the same direction and subtract forces acting in opposite directions to find net force.,2,notes_yti_u1-s3-ic2,paired-anchor-with-changed-context,constructed_response,prose/data,instructional,,notes yti u1-s3-ic2,150,Unit 1 Assessment Plan U1-S3-IC2; Hewitt 2.4 same/opposite-direction force-combination archetypes; existing Bank net-force family retained.
U1-S3-NOTES-EXAMPLE-3-001,Notes Example 3,1.3,U1-S3-IC3,,U1-MG03,I can represent forces as vectors and determine the net force on an object.,I can read a simple vector diagram and use arrow length and direction to compare force strength and find the resultant.,2,notes_example_u1-s3-ic3,paired-anchor-with-changed-context,constructed_response,external figure,instructional,,notes example u1-s3-ic3,150,Unit 1 Assessment Plan U1-S3-IC3; Hewitt 2.4 Figures 2.6-2.7 scaled-arrow/resultant reasoning; student vector representation redrawn answer-neutral.
U1-S3-NOTES-YTI-3-001,Notes YTI 3,1.3,U1-S3-IC3,,U1-MG03,I can represent forces as vectors and determine the net force on an object.,I can read a simple vector diagram and use arrow length and direction to compare force strength and find the resultant.,2,notes_yti_u1-s3-ic3,paired-anchor-with-changed-context,constructed_response,external figure,instructional,,notes yti u1-s3-ic3,150,Unit 1 Assessment Plan U1-S3-IC3; Hewitt 2.4 Figures 2.6-2.7 scaled-arrow/resultant reasoning; student vector representation redrawn answer-neutral.
U1-S3-NOTES-EXAMPLE-4-001,Notes Example 4,1.3,U1-S3-IC3,,U1-MG03,I can represent forces as vectors and determine the net force on an object.,I can read a simple vector diagram and use arrow length and direction to compare force strength and find the resultant.,2,notes_example_u1-s3-ic3,paired-anchor-with-changed-context,constructed_response,external figure,instructional,,notes example u1-s3-ic3,150,Unit 1 Assessment Plan U1-S3-IC3; Hewitt 2.4 Figures 2.6-2.7 scaled-arrow/resultant reasoning; student vector representation redrawn answer-neutral.
U1-S3-NOTES-YTI-4-001,Notes YTI 4,1.3,U1-S3-IC3,,U1-MG03,I can represent forces as vectors and determine the net force on an object.,I can read a simple vector diagram and use arrow length and direction to compare force strength and find the resultant.,2,notes_yti_u1-s3-ic3,paired-anchor-with-changed-context,constructed_response,external figure,instructional,,notes yti u1-s3-ic3,150,Unit 1 Assessment Plan U1-S3-IC3; Hewitt 2.4 Figures 2.6-2.7 scaled-arrow/resultant reasoning; student vector representation redrawn answer-neutral.
U1-S3-PRACTICE-SET-1-001,Practice Set 1,1.3,U1-S3-IC1,,U1-MG03,I can represent forces as vectors and determine the net force on an object.,I can explain that a force has both magnitude and direction.,2,practice_u1-s3-ic1_1,practice set 1-scenario-1,constructed_response,prose/data,instructional,,practice u1-s3-ic1 1,150,Unit 1 Assessment Plan U1-S3-IC1; Hewitt 2.4 vector magnitude-and-direction definition; existing Bank vector-concept family retained.
U1-S3-PRACTICE-SET-1-002,Practice Set 1,1.3,U1-S3-IC1,,U1-MG03,I can represent forces as vectors and determine the net force on an object.,I can explain that a force has both magnitude and direction.,2,practice_u1-s3-ic1_2,practice set 1-scenario-2,constructed_response,prose/data,instructional,,practice u1-s3-ic1 2,150,Unit 1 Assessment Plan U1-S3-IC1; Hewitt 2.4 vector magnitude-and-direction definition; existing Bank vector-concept family retained.
U1-S3-PRACTICE-SET-1-003,Practice Set 1,1.3,U1-S3-IC1,,U1-MG03,I can represent forces as vectors and determine the net force on an object.,I can explain that a force has both magnitude and direction.,2,practice_u1-s3-ic1_3,practice set 1-scenario-3,constructed_response,prose/data,instructional,,practice u1-s3-ic1 3,150,Unit 1 Assessment Plan U1-S3-IC1; Hewitt 2.4 vector magnitude-and-direction definition; existing Bank vector-concept family retained.
U1-S3-PRACTICE-SET-1-004,Practice Set 1,1.3,U1-S3-IC1,,U1-MG03,I can represent forces as vectors and determine the net force on an object.,I can explain that a force has both magnitude and direction.,2,practice_u1-s3-ic1_4,practice set 1-scenario-4,constructed_response,prose/data,instructional,,practice u1-s3-ic1 4,150,Unit 1 Assessment Plan U1-S3-IC1; Hewitt 2.4 vector magnitude-and-direction definition; existing Bank vector-concept family retained.
U1-S3-PRACTICE-SET-1-005,Practice Set 1,1.3,U1-S3-IC1,,U1-MG03,I can represent forces as vectors and determine the net force on an object.,I can explain that a force has both magnitude and direction.,2,practice_u1-s3-ic1_5,practice set 1-scenario-5,constructed_response,prose/data,instructional,,practice u1-s3-ic1 5,150,Unit 1 Assessment Plan U1-S3-IC1; Hewitt 2.4 vector magnitude-and-direction definition; existing Bank vector-concept family retained.
U1-S3-PRACTICE-SET-1-006,Practice Set 1,1.3,U1-S3-IC1,,U1-MG03,I can represent forces as vectors and determine the net force on an object.,I can explain that a force has both magnitude and direction.,2,practice_u1-s3-ic1_6,practice set 1-scenario-6,constructed_response,prose/data,instructional,,practice u1-s3-ic1 6,150,Unit 1 Assessment Plan U1-S3-IC1; Hewitt 2.4 vector magnitude-and-direction definition; existing Bank vector-concept family retained.
U1-S3-PRACTICE-SET-1-007,Practice Set 1,1.3,U1-S3-IC2,,U1-MG03,I can represent forces as vectors and determine the net force on an object.,I can add forces acting in the same direction and subtract forces acting in opposite directions to find net force.,2,practice_u1-s3-ic2_1,practice set 1-scenario-1,constructed_response,prose/data,instructional,,practice u1-s3-ic2 1,150,Unit 1 Assessment Plan U1-S3-IC2; Hewitt 2.4 same/opposite-direction force-combination archetypes; existing Bank net-force family retained.
U1-S3-PRACTICE-SET-1-008,Practice Set 1,1.3,U1-S3-IC2,,U1-MG03,I can represent forces as vectors and determine the net force on an object.,I can add forces acting in the same direction and subtract forces acting in opposite directions to find net force.,2,practice_u1-s3-ic2_2,practice set 1-scenario-2,constructed_response,prose/data,instructional,,practice u1-s3-ic2 2,150,Unit 1 Assessment Plan U1-S3-IC2; Hewitt 2.4 same/opposite-direction force-combination archetypes; existing Bank net-force family retained.
U1-S3-PRACTICE-SET-1-009,Practice Set 1,1.3,U1-S3-IC2,,U1-MG03,I can represent forces as vectors and determine the net force on an object.,I can add forces acting in the same direction and subtract forces acting in opposite directions to find net force.,2,practice_u1-s3-ic2_3,practice set 1-scenario-3,constructed_response,prose/data,instructional,,practice u1-s3-ic2 3,150,Unit 1 Assessment Plan U1-S3-IC2; Hewitt 2.4 same/opposite-direction force-combination archetypes; existing Bank net-force family retained.
U1-S3-PRACTICE-SET-1-010,Practice Set 1,1.3,U1-S3-IC2,,U1-MG03,I can represent forces as vectors and determine the net force on an object.,I can add forces acting in the same direction and subtract forces acting in opposite directions to find net force.,2,practice_u1-s3-ic2_4,practice set 1-scenario-4,constructed_response,prose/data,instructional,,practice u1-s3-ic2 4,150,Unit 1 Assessment Plan U1-S3-IC2; Hewitt 2.4 same/opposite-direction force-combination archetypes; existing Bank net-force family retained.
U1-S3-PRACTICE-SET-1-011,Practice Set 1,1.3,U1-S3-IC2,,U1-MG03,I can represent forces as vectors and determine the net force on an object.,I can add forces acting in the same direction and subtract forces acting in opposite directions to find net force.,2,practice_u1-s3-ic2_5,practice set 1-scenario-5,constructed_response,prose/data,instructional,,practice u1-s3-ic2 5,150,Unit 1 Assessment Plan U1-S3-IC2; Hewitt 2.4 same/opposite-direction force-combination archetypes; existing Bank net-force family retained.
U1-S3-PRACTICE-SET-1-012,Practice Set 1,1.3,U1-S3-IC2,,U1-MG03,I can represent forces as vectors and determine the net force on an object.,I can add forces acting in the same direction and subtract forces acting in opposite directions to find net force.,2,practice_u1-s3-ic2_6,practice set 1-scenario-6,constructed_response,prose/data,instructional,,practice u1-s3-ic2 6,150,Unit 1 Assessment Plan U1-S3-IC2; Hewitt 2.4 same/opposite-direction force-combination archetypes; existing Bank net-force family retained.
U1-S3-PRACTICE-SET-1-013,Practice Set 1,1.3,U1-S3-IC2,,U1-MG03,I can represent forces as vectors and determine the net force on an object.,I can add forces acting in the same direction and subtract forces acting in opposite directions to find net force.,2,practice_u1-s3-ic2_1,practice set 1-scenario-7,constructed_response,prose/data,instructional,,practice u1-s3-ic2 1,150,Unit 1 Assessment Plan U1-S3-IC2; Hewitt 2.4 same/opposite-direction force-combination archetypes; existing Bank net-force family retained.
U1-S3-PRACTICE-SET-1-014,Practice Set 1,1.3,U1-S3-IC2,,U1-MG03,I can represent forces as vectors and determine the net force on an object.,I can add forces acting in the same direction and subtract forces acting in opposite directions to find net force.,2,practice_u1-s3-ic2_2,practice set 1-scenario-8,constructed_response,prose/data,instructional,,practice u1-s3-ic2 2,150,Unit 1 Assessment Plan U1-S3-IC2; Hewitt 2.4 same/opposite-direction force-combination archetypes; existing Bank net-force family retained.
U1-S3-PRACTICE-SET-1-015,Practice Set 1,1.3,U1-S3-IC2,,U1-MG03,I can represent forces as vectors and determine the net force on an object.,I can add forces acting in the same direction and subtract forces acting in opposite directions to find net force.,2,practice_u1-s3-ic2_3,practice set 1-scenario-9,constructed_response,prose/data,instructional,,practice u1-s3-ic2 3,150,Unit 1 Assessment Plan U1-S3-IC2; Hewitt 2.4 same/opposite-direction force-combination archetypes; existing Bank net-force family retained.
U1-S3-PRACTICE-SET-1-016,Practice Set 1,1.3,U1-S3-IC2,,U1-MG03,I can represent forces as vectors and determine the net force on an object.,I can add forces acting in the same direction and subtract forces acting in opposite directions to find net force.,2,practice_u1-s3-ic2_4,practice set 1-scenario-10,constructed_response,prose/data,instructional,,practice u1-s3-ic2 4,150,Unit 1 Assessment Plan U1-S3-IC2; Hewitt 2.4 same/opposite-direction force-combination archetypes; existing Bank net-force family retained.
U1-S3-PRACTICE-SET-1-017,Practice Set 1,1.3,U1-S3-IC3,,U1-MG03,I can represent forces as vectors and determine the net force on an object.,I can read a simple vector diagram and use arrow length and direction to compare force strength and find the resultant.,2,practice_u1-s3-ic3_1,practice set 1-scenario-1,constructed_response,external figure,instructional,,practice u1-s3-ic3 1,150,Unit 1 Assessment Plan U1-S3-IC3; Hewitt 2.4 Figures 2.6-2.7 scaled-arrow/resultant reasoning; student vector representation redrawn answer-neutral.
U1-S3-PRACTICE-SET-1-018,Practice Set 1,1.3,U1-S3-IC3,,U1-MG03,I can represent forces as vectors and determine the net force on an object.,I can read a simple vector diagram and use arrow length and direction to compare force strength and find the resultant.,2,practice_u1-s3-ic3_2,practice set 1-scenario-2,constructed_response,external figure,instructional,,practice u1-s3-ic3 2,150,Unit 1 Assessment Plan U1-S3-IC3; Hewitt 2.4 Figures 2.6-2.7 scaled-arrow/resultant reasoning; student vector representation redrawn answer-neutral.
U1-S3-PRACTICE-SET-1-019,Practice Set 1,1.3,U1-S3-IC3,,U1-MG03,I can represent forces as vectors and determine the net force on an object.,I can read a simple vector diagram and use arrow length and direction to compare force strength and find the resultant.,2,practice_u1-s3-ic3_3,practice set 1-scenario-3,constructed_response,external figure,instructional,,practice u1-s3-ic3 3,150,Unit 1 Assessment Plan U1-S3-IC3; Hewitt 2.4 Figures 2.6-2.7 scaled-arrow/resultant reasoning; student vector representation redrawn answer-neutral.
U1-S3-PRACTICE-SET-1-020,Practice Set 1,1.3,U1-S3-IC3,,U1-MG03,I can represent forces as vectors and determine the net force on an object.,I can read a simple vector diagram and use arrow length and direction to compare force strength and find the resultant.,2,practice_u1-s3-ic3_4,practice set 1-scenario-4,constructed_response,external figure,instructional,,practice u1-s3-ic3 4,150,Unit 1 Assessment Plan U1-S3-IC3; Hewitt 2.4 Figures 2.6-2.7 scaled-arrow/resultant reasoning; student vector representation redrawn answer-neutral.
U1-S3-PRACTICE-SET-1-021,Practice Set 1,1.3,U1-S3-IC3,,U1-MG03,I can represent forces as vectors and determine the net force on an object.,I can read a simple vector diagram and use arrow length and direction to compare force strength and find the resultant.,2,practice_u1-s3-ic3_5,practice set 1-scenario-5,constructed_response,external figure,instructional,,practice u1-s3-ic3 5,150,Unit 1 Assessment Plan U1-S3-IC3; Hewitt 2.4 Figures 2.6-2.7 scaled-arrow/resultant reasoning; student vector representation redrawn answer-neutral.
U1-S3-PRACTICE-SET-1-022,Practice Set 1,1.3,U1-S3-IC3,,U1-MG03,I can represent forces as vectors and determine the net force on an object.,I can read a simple vector diagram and use arrow length and direction to compare force strength and find the resultant.,2,practice_u1-s3-ic3_6,practice set 1-scenario-6,constructed_response,external figure,instructional,,practice u1-s3-ic3 6,150,Unit 1 Assessment Plan U1-S3-IC3; Hewitt 2.4 Figures 2.6-2.7 scaled-arrow/resultant reasoning; student vector representation redrawn answer-neutral.
U1-S3-PRACTICE-SET-1-023,Practice Set 1,1.3,U1-S3-IC3,,U1-MG03,I can represent forces as vectors and determine the net force on an object.,I can read a simple vector diagram and use arrow length and direction to compare force strength and find the resultant.,2,practice_u1-s3-ic3_1,practice set 1-scenario-7,constructed_response,external figure,instructional,,practice u1-s3-ic3 1,150,Unit 1 Assessment Plan U1-S3-IC3; Hewitt 2.4 Figures 2.6-2.7 scaled-arrow/resultant reasoning; student vector representation redrawn answer-neutral.
U1-S3-PRACTICE-SET-1-024,Practice Set 1,1.3,U1-S3-IC3,,U1-MG03,I can represent forces as vectors and determine the net force on an object.,I can read a simple vector diagram and use arrow length and direction to compare force strength and find the resultant.,2,practice_u1-s3-ic3_2,practice set 1-scenario-8,constructed_response,external figure,instructional,,practice u1-s3-ic3 2,150,Unit 1 Assessment Plan U1-S3-IC3; Hewitt 2.4 Figures 2.6-2.7 scaled-arrow/resultant reasoning; student vector representation redrawn answer-neutral.
U1-S3-PRACTICE-SET-2-001,Practice Set 2,1.3,U1-S3-IC1,,U1-MG03,I can represent forces as vectors and determine the net force on an object.,I can explain that a force has both magnitude and direction.,2,practice_u1-s3-ic1_1,practice set 2-scenario-1,constructed_response,prose/data,instructional,,practice u1-s3-ic1 1,150,Unit 1 Assessment Plan U1-S3-IC1; Hewitt 2.4 vector magnitude-and-direction definition; existing Bank vector-concept family retained.
U1-S3-PRACTICE-SET-2-002,Practice Set 2,1.3,U1-S3-IC1,,U1-MG03,I can represent forces as vectors and determine the net force on an object.,I can explain that a force has both magnitude and direction.,2,practice_u1-s3-ic1_2,practice set 2-scenario-2,constructed_response,prose/data,instructional,,practice u1-s3-ic1 2,150,Unit 1 Assessment Plan U1-S3-IC1; Hewitt 2.4 vector magnitude-and-direction definition; existing Bank vector-concept family retained.
U1-S3-PRACTICE-SET-2-003,Practice Set 2,1.3,U1-S3-IC1,,U1-MG03,I can represent forces as vectors and determine the net force on an object.,I can explain that a force has both magnitude and direction.,2,practice_u1-s3-ic1_3,practice set 2-scenario-3,constructed_response,prose/data,instructional,,practice u1-s3-ic1 3,150,Unit 1 Assessment Plan U1-S3-IC1; Hewitt 2.4 vector magnitude-and-direction definition; existing Bank vector-concept family retained.
U1-S3-PRACTICE-SET-2-004,Practice Set 2,1.3,U1-S3-IC1,,U1-MG03,I can represent forces as vectors and determine the net force on an object.,I can explain that a force has both magnitude and direction.,2,practice_u1-s3-ic1_4,practice set 2-scenario-4,constructed_response,prose/data,instructional,,practice u1-s3-ic1 4,150,Unit 1 Assessment Plan U1-S3-IC1; Hewitt 2.4 vector magnitude-and-direction definition; existing Bank vector-concept family retained.
U1-S3-PRACTICE-SET-2-005,Practice Set 2,1.3,U1-S3-IC1,,U1-MG03,I can represent forces as vectors and determine the net force on an object.,I can explain that a force has both magnitude and direction.,2,practice_u1-s3-ic1_5,practice set 2-scenario-5,constructed_response,prose/data,instructional,,practice u1-s3-ic1 5,150,Unit 1 Assessment Plan U1-S3-IC1; Hewitt 2.4 vector magnitude-and-direction definition; existing Bank vector-concept family retained.
U1-S3-PRACTICE-SET-2-006,Practice Set 2,1.3,U1-S3-IC1,,U1-MG03,I can represent forces as vectors and determine the net force on an object.,I can explain that a force has both magnitude and direction.,2,practice_u1-s3-ic1_6,practice set 2-scenario-6,constructed_response,prose/data,instructional,,practice u1-s3-ic1 6,150,Unit 1 Assessment Plan U1-S3-IC1; Hewitt 2.4 vector magnitude-and-direction definition; existing Bank vector-concept family retained.
U1-S3-PRACTICE-SET-2-007,Practice Set 2,1.3,U1-S3-IC1,,U1-MG03,I can represent forces as vectors and determine the net force on an object.,I can explain that a force has both magnitude and direction.,2,practice_u1-s3-ic1_1,practice set 2-scenario-7,constructed_response,prose/data,instructional,,practice u1-s3-ic1 1,150,Unit 1 Assessment Plan U1-S3-IC1; Hewitt 2.4 vector magnitude-and-direction definition; existing Bank vector-concept family retained.
U1-S3-PRACTICE-SET-2-008,Practice Set 2,1.3,U1-S3-IC2,,U1-MG03,I can represent forces as vectors and determine the net force on an object.,I can add forces acting in the same direction and subtract forces acting in opposite directions to find net force.,2,practice_u1-s3-ic2_1,practice set 2-scenario-1,constructed_response,prose/data,instructional,,practice u1-s3-ic2 1,150,Unit 1 Assessment Plan U1-S3-IC2; Hewitt 2.4 same/opposite-direction force-combination archetypes; existing Bank net-force family retained.
U1-S3-PRACTICE-SET-2-009,Practice Set 2,1.3,U1-S3-IC2,,U1-MG03,I can represent forces as vectors and determine the net force on an object.,I can add forces acting in the same direction and subtract forces acting in opposite directions to find net force.,2,practice_u1-s3-ic2_2,practice set 2-scenario-2,constructed_response,prose/data,instructional,,practice u1-s3-ic2 2,150,Unit 1 Assessment Plan U1-S3-IC2; Hewitt 2.4 same/opposite-direction force-combination archetypes; existing Bank net-force family retained.
U1-S3-PRACTICE-SET-2-010,Practice Set 2,1.3,U1-S3-IC2,,U1-MG03,I can represent forces as vectors and determine the net force on an object.,I can add forces acting in the same direction and subtract forces acting in opposite directions to find net force.,2,practice_u1-s3-ic2_3,practice set 2-scenario-3,constructed_response,prose/data,instructional,,practice u1-s3-ic2 3,150,Unit 1 Assessment Plan U1-S3-IC2; Hewitt 2.4 same/opposite-direction force-combination archetypes; existing Bank net-force family retained.
U1-S3-PRACTICE-SET-2-011,Practice Set 2,1.3,U1-S3-IC2,,U1-MG03,I can represent forces as vectors and determine the net force on an object.,I can add forces acting in the same direction and subtract forces acting in opposite directions to find net force.,2,practice_u1-s3-ic2_4,practice set 2-scenario-4,constructed_response,prose/data,instructional,,practice u1-s3-ic2 4,150,Unit 1 Assessment Plan U1-S3-IC2; Hewitt 2.4 same/opposite-direction force-combination archetypes; existing Bank net-force family retained.
U1-S3-PRACTICE-SET-2-012,Practice Set 2,1.3,U1-S3-IC2,,U1-MG03,I can represent forces as vectors and determine the net force on an object.,I can add forces acting in the same direction and subtract forces acting in opposite directions to find net force.,2,practice_u1-s3-ic2_5,practice set 2-scenario-5,constructed_response,prose/data,instructional,,practice u1-s3-ic2 5,150,Unit 1 Assessment Plan U1-S3-IC2; Hewitt 2.4 same/opposite-direction force-combination archetypes; existing Bank net-force family retained.
U1-S3-PRACTICE-SET-2-013,Practice Set 2,1.3,U1-S3-IC2,,U1-MG03,I can represent forces as vectors and determine the net force on an object.,I can add forces acting in the same direction and subtract forces acting in opposite directions to find net force.,2,practice_u1-s3-ic2_6,practice set 2-scenario-6,constructed_response,prose/data,instructional,,practice u1-s3-ic2 6,150,Unit 1 Assessment Plan U1-S3-IC2; Hewitt 2.4 same/opposite-direction force-combination archetypes; existing Bank net-force family retained.
U1-S3-PRACTICE-SET-2-014,Practice Set 2,1.3,U1-S3-IC2,,U1-MG03,I can represent forces as vectors and determine the net force on an object.,I can add forces acting in the same direction and subtract forces acting in opposite directions to find net force.,2,practice_u1-s3-ic2_1,practice set 2-scenario-7,constructed_response,prose/data,instructional,,practice u1-s3-ic2 1,150,Unit 1 Assessment Plan U1-S3-IC2; Hewitt 2.4 same/opposite-direction force-combination archetypes; existing Bank net-force family retained.
U1-S3-PRACTICE-SET-2-015,Practice Set 2,1.3,U1-S3-IC2,,U1-MG03,I can represent forces as vectors and determine the net force on an object.,I can add forces acting in the same direction and subtract forces acting in opposite directions to find net force.,2,practice_u1-s3-ic2_2,practice set 2-scenario-8,constructed_response,prose/data,instructional,,practice u1-s3-ic2 2,150,Unit 1 Assessment Plan U1-S3-IC2; Hewitt 2.4 same/opposite-direction force-combination archetypes; existing Bank net-force family retained.
U1-S3-PRACTICE-SET-2-016,Practice Set 2,1.3,U1-S3-IC3,,U1-MG03,I can represent forces as vectors and determine the net force on an object.,I can read a simple vector diagram and use arrow length and direction to compare force strength and find the resultant.,2,practice_u1-s3-ic3_1,practice set 2-scenario-1,constructed_response,external figure,instructional,,practice u1-s3-ic3 1,150,Unit 1 Assessment Plan U1-S3-IC3; Hewitt 2.4 Figures 2.6-2.7 scaled-arrow/resultant reasoning; student vector representation redrawn answer-neutral.
U1-S3-PRACTICE-SET-2-017,Practice Set 2,1.3,U1-S3-IC3,,U1-MG03,I can represent forces as vectors and determine the net force on an object.,I can read a simple vector diagram and use arrow length and direction to compare force strength and find the resultant.,2,practice_u1-s3-ic3_2,practice set 2-scenario-2,constructed_response,external figure,instructional,,practice u1-s3-ic3 2,150,Unit 1 Assessment Plan U1-S3-IC3; Hewitt 2.4 Figures 2.6-2.7 scaled-arrow/resultant reasoning; student vector representation redrawn answer-neutral.
U1-S3-PRACTICE-SET-2-018,Practice Set 2,1.3,U1-S3-IC3,,U1-MG03,I can represent forces as vectors and determine the net force on an object.,I can read a simple vector diagram and use arrow length and direction to compare force strength and find the resultant.,2,practice_u1-s3-ic3_3,practice set 2-scenario-3,constructed_response,external figure,instructional,,practice u1-s3-ic3 3,150,Unit 1 Assessment Plan U1-S3-IC3; Hewitt 2.4 Figures 2.6-2.7 scaled-arrow/resultant reasoning; student vector representation redrawn answer-neutral.
U1-S3-PRACTICE-SET-2-019,Practice Set 2,1.3,U1-S3-IC3,,U1-MG03,I can represent forces as vectors and determine the net force on an object.,I can read a simple vector diagram and use arrow length and direction to compare force strength and find the resultant.,2,practice_u1-s3-ic3_4,practice set 2-scenario-4,constructed_response,external figure,instructional,,practice u1-s3-ic3 4,150,Unit 1 Assessment Plan U1-S3-IC3; Hewitt 2.4 Figures 2.6-2.7 scaled-arrow/resultant reasoning; student vector representation redrawn answer-neutral.
U1-S3-PRACTICE-SET-2-020,Practice Set 2,1.3,U1-S3-IC3,,U1-MG03,I can represent forces as vectors and determine the net force on an object.,I can read a simple vector diagram and use arrow length and direction to compare force strength and find the resultant.,2,practice_u1-s3-ic3_5,practice set 2-scenario-5,constructed_response,external figure,instructional,,practice u1-s3-ic3 5,150,Unit 1 Assessment Plan U1-S3-IC3; Hewitt 2.4 Figures 2.6-2.7 scaled-arrow/resultant reasoning; student vector representation redrawn answer-neutral.
U1-S3-PRACTICE-SET-2-021,Practice Set 2,1.3,U1-S3-IC3,,U1-MG03,I can represent forces as vectors and determine the net force on an object.,I can read a simple vector diagram and use arrow length and direction to compare force strength and find the resultant.,2,practice_u1-s3-ic3_6,practice set 2-scenario-6,constructed_response,external figure,instructional,,practice u1-s3-ic3 6,150,Unit 1 Assessment Plan U1-S3-IC3; Hewitt 2.4 Figures 2.6-2.7 scaled-arrow/resultant reasoning; student vector representation redrawn answer-neutral.
U1-S3-PRACTICE-SET-2-022,Practice Set 2,1.3,U1-S3-IC3,,U1-MG03,I can represent forces as vectors and determine the net force on an object.,I can read a simple vector diagram and use arrow length and direction to compare force strength and find the resultant.,2,practice_u1-s3-ic3_1,practice set 2-scenario-7,constructed_response,external figure,instructional,,practice u1-s3-ic3 1,150,Unit 1 Assessment Plan U1-S3-IC3; Hewitt 2.4 Figures 2.6-2.7 scaled-arrow/resultant reasoning; student vector representation redrawn answer-neutral.
U1-S3-PRACTICE-SET-2-023,Practice Set 2,1.3,U1-S3-IC3,,U1-MG03,I can represent forces as vectors and determine the net force on an object.,I can read a simple vector diagram and use arrow length and direction to compare force strength and find the resultant.,2,practice_u1-s3-ic3_2,practice set 2-scenario-8,constructed_response,external figure,instructional,,practice u1-s3-ic3 2,150,Unit 1 Assessment Plan U1-S3-IC3; Hewitt 2.4 Figures 2.6-2.7 scaled-arrow/resultant reasoning; student vector representation redrawn answer-neutral.
U1-S3-PRACTICE-SET-2-024,Practice Set 2,1.3,U1-S3-IC3,,U1-MG03,I can represent forces as vectors and determine the net force on an object.,I can read a simple vector diagram and use arrow length and direction to compare force strength and find the resultant.,2,practice_u1-s3-ic3_3,practice set 2-scenario-9,constructed_response,external figure,instructional,,practice u1-s3-ic3 3,150,Unit 1 Assessment Plan U1-S3-IC3; Hewitt 2.4 Figures 2.6-2.7 scaled-arrow/resultant reasoning; student vector representation redrawn answer-neutral.
U1-S3-PRACTICE-SET-3-001,Practice Set 3,1.3,U1-S3-IC1,,U1-MG03,I can represent forces as vectors and determine the net force on an object.,I can explain that a force has both magnitude and direction.,2,practice_u1-s3-ic1_1,practice set 3-scenario-1,constructed_response,prose/data,instructional,,practice u1-s3-ic1 1,150,Unit 1 Assessment Plan U1-S3-IC1; Hewitt 2.4 vector magnitude-and-direction definition; existing Bank vector-concept family retained.
U1-S3-PRACTICE-SET-3-002,Practice Set 3,1.3,U1-S3-IC1,,U1-MG03,I can represent forces as vectors and determine the net force on an object.,I can explain that a force has both magnitude and direction.,2,practice_u1-s3-ic1_2,practice set 3-scenario-2,constructed_response,prose/data,instructional,,practice u1-s3-ic1 2,150,Unit 1 Assessment Plan U1-S3-IC1; Hewitt 2.4 vector magnitude-and-direction definition; existing Bank vector-concept family retained.
U1-S3-PRACTICE-SET-3-003,Practice Set 3,1.3,U1-S3-IC1,,U1-MG03,I can represent forces as vectors and determine the net force on an object.,I can explain that a force has both magnitude and direction.,2,practice_u1-s3-ic1_3,practice set 3-scenario-3,constructed_response,prose/data,instructional,,practice u1-s3-ic1 3,150,Unit 1 Assessment Plan U1-S3-IC1; Hewitt 2.4 vector magnitude-and-direction definition; existing Bank vector-concept family retained.
U1-S3-PRACTICE-SET-3-004,Practice Set 3,1.3,U1-S3-IC1,,U1-MG03,I can represent forces as vectors and determine the net force on an object.,I can explain that a force has both magnitude and direction.,2,practice_u1-s3-ic1_4,practice set 3-scenario-4,constructed_response,prose/data,instructional,,practice u1-s3-ic1 4,150,Unit 1 Assessment Plan U1-S3-IC1; Hewitt 2.4 vector magnitude-and-direction definition; existing Bank vector-concept family retained.
U1-S3-PRACTICE-SET-3-005,Practice Set 3,1.3,U1-S3-IC1,,U1-MG03,I can represent forces as vectors and determine the net force on an object.,I can explain that a force has both magnitude and direction.,2,practice_u1-s3-ic1_5,practice set 3-scenario-5,constructed_response,prose/data,instructional,,practice u1-s3-ic1 5,150,Unit 1 Assessment Plan U1-S3-IC1; Hewitt 2.4 vector magnitude-and-direction definition; existing Bank vector-concept family retained.
U1-S3-PRACTICE-SET-3-006,Practice Set 3,1.3,U1-S3-IC2,,U1-MG03,I can represent forces as vectors and determine the net force on an object.,I can add forces acting in the same direction and subtract forces acting in opposite directions to find net force.,2,practice_u1-s3-ic2_1,practice set 3-scenario-1,constructed_response,prose/data,instructional,,practice u1-s3-ic2 1,150,Unit 1 Assessment Plan U1-S3-IC2; Hewitt 2.4 same/opposite-direction force-combination archetypes; existing Bank net-force family retained.
U1-S3-PRACTICE-SET-3-007,Practice Set 3,1.3,U1-S3-IC2,,U1-MG03,I can represent forces as vectors and determine the net force on an object.,I can add forces acting in the same direction and subtract forces acting in opposite directions to find net force.,2,practice_u1-s3-ic2_2,practice set 3-scenario-2,constructed_response,prose/data,instructional,,practice u1-s3-ic2 2,150,Unit 1 Assessment Plan U1-S3-IC2; Hewitt 2.4 same/opposite-direction force-combination archetypes; existing Bank net-force family retained.
U1-S3-PRACTICE-SET-3-008,Practice Set 3,1.3,U1-S3-IC2,,U1-MG03,I can represent forces as vectors and determine the net force on an object.,I can add forces acting in the same direction and subtract forces acting in opposite directions to find net force.,2,practice_u1-s3-ic2_3,practice set 3-scenario-3,constructed_response,prose/data,instructional,,practice u1-s3-ic2 3,150,Unit 1 Assessment Plan U1-S3-IC2; Hewitt 2.4 same/opposite-direction force-combination archetypes; existing Bank net-force family retained.
U1-S3-PRACTICE-SET-3-009,Practice Set 3,1.3,U1-S3-IC2,,U1-MG03,I can represent forces as vectors and determine the net force on an object.,I can add forces acting in the same direction and subtract forces acting in opposite directions to find net force.,2,practice_u1-s3-ic2_4,practice set 3-scenario-4,constructed_response,prose/data,instructional,,practice u1-s3-ic2 4,150,Unit 1 Assessment Plan U1-S3-IC2; Hewitt 2.4 same/opposite-direction force-combination archetypes; existing Bank net-force family retained.
U1-S3-PRACTICE-SET-3-010,Practice Set 3,1.3,U1-S3-IC2,,U1-MG03,I can represent forces as vectors and determine the net force on an object.,I can add forces acting in the same direction and subtract forces acting in opposite directions to find net force.,2,practice_u1-s3-ic2_5,practice set 3-scenario-5,constructed_response,prose/data,instructional,,practice u1-s3-ic2 5,150,Unit 1 Assessment Plan U1-S3-IC2; Hewitt 2.4 same/opposite-direction force-combination archetypes; existing Bank net-force family retained.
U1-S3-PRACTICE-SET-3-011,Practice Set 3,1.3,U1-S3-IC2,,U1-MG03,I can represent forces as vectors and determine the net force on an object.,I can add forces acting in the same direction and subtract forces acting in opposite directions to find net force.,2,practice_u1-s3-ic2_6,practice set 3-scenario-6,constructed_response,prose/data,instructional,,practice u1-s3-ic2 6,150,Unit 1 Assessment Plan U1-S3-IC2; Hewitt 2.4 same/opposite-direction force-combination archetypes; existing Bank net-force family retained.
U1-S3-PRACTICE-SET-3-012,Practice Set 3,1.3,U1-S3-IC2,,U1-MG03,I can represent forces as vectors and determine the net force on an object.,I can add forces acting in the same direction and subtract forces acting in opposite directions to find net force.,2,practice_u1-s3-ic2_1,practice set 3-scenario-7,constructed_response,prose/data,instructional,,practice u1-s3-ic2 1,150,Unit 1 Assessment Plan U1-S3-IC2; Hewitt 2.4 same/opposite-direction force-combination archetypes; existing Bank net-force family retained.
U1-S3-PRACTICE-SET-3-013,Practice Set 3,1.3,U1-S3-IC2,,U1-MG03,I can represent forces as vectors and determine the net force on an object.,I can add forces acting in the same direction and subtract forces acting in opposite directions to find net force.,2,practice_u1-s3-ic2_2,practice set 3-scenario-8,constructed_response,prose/data,instructional,,practice u1-s3-ic2 2,150,Unit 1 Assessment Plan U1-S3-IC2; Hewitt 2.4 same/opposite-direction force-combination archetypes; existing Bank net-force family retained.
U1-S3-PRACTICE-SET-3-014,Practice Set 3,1.3,U1-S3-IC2,,U1-MG03,I can represent forces as vectors and determine the net force on an object.,I can add forces acting in the same direction and subtract forces acting in opposite directions to find net force.,2,practice_u1-s3-ic2_3,practice set 3-scenario-9,constructed_response,prose/data,instructional,,practice u1-s3-ic2 3,150,Unit 1 Assessment Plan U1-S3-IC2; Hewitt 2.4 same/opposite-direction force-combination archetypes; existing Bank net-force family retained.
U1-S3-PRACTICE-SET-3-015,Practice Set 3,1.3,U1-S3-IC2,,U1-MG03,I can represent forces as vectors and determine the net force on an object.,I can add forces acting in the same direction and subtract forces acting in opposite directions to find net force.,2,practice_u1-s3-ic2_4,practice set 3-scenario-10,constructed_response,prose/data,instructional,,practice u1-s3-ic2 4,150,Unit 1 Assessment Plan U1-S3-IC2; Hewitt 2.4 same/opposite-direction force-combination archetypes; existing Bank net-force family retained.
U1-S3-PRACTICE-SET-3-016,Practice Set 3,1.3,U1-S3-IC2,,U1-MG03,I can represent forces as vectors and determine the net force on an object.,I can add forces acting in the same direction and subtract forces acting in opposite directions to find net force.,2,practice_u1-s3-ic2_5,practice set 3-scenario-11,constructed_response,prose/data,instructional,,practice u1-s3-ic2 5,150,Unit 1 Assessment Plan U1-S3-IC2; Hewitt 2.4 same/opposite-direction force-combination archetypes; existing Bank net-force family retained.
U1-S3-PRACTICE-SET-3-017,Practice Set 3,1.3,U1-S3-IC3,,U1-MG03,I can represent forces as vectors and determine the net force on an object.,I can read a simple vector diagram and use arrow length and direction to compare force strength and find the resultant.,2,practice_u1-s3-ic3_1,practice set 3-scenario-1,constructed_response,external figure,instructional,,practice u1-s3-ic3 1,150,Unit 1 Assessment Plan U1-S3-IC3; Hewitt 2.4 Figures 2.6-2.7 scaled-arrow/resultant reasoning; student vector representation redrawn answer-neutral.
U1-S3-PRACTICE-SET-3-018,Practice Set 3,1.3,U1-S3-IC3,,U1-MG03,I can represent forces as vectors and determine the net force on an object.,I can read a simple vector diagram and use arrow length and direction to compare force strength and find the resultant.,2,practice_u1-s3-ic3_2,practice set 3-scenario-2,constructed_response,external figure,instructional,,practice u1-s3-ic3 2,150,Unit 1 Assessment Plan U1-S3-IC3; Hewitt 2.4 Figures 2.6-2.7 scaled-arrow/resultant reasoning; student vector representation redrawn answer-neutral.
U1-S3-PRACTICE-SET-3-019,Practice Set 3,1.3,U1-S3-IC3,,U1-MG03,I can represent forces as vectors and determine the net force on an object.,I can read a simple vector diagram and use arrow length and direction to compare force strength and find the resultant.,2,practice_u1-s3-ic3_3,practice set 3-scenario-3,constructed_response,external figure,instructional,,practice u1-s3-ic3 3,150,Unit 1 Assessment Plan U1-S3-IC3; Hewitt 2.4 Figures 2.6-2.7 scaled-arrow/resultant reasoning; student vector representation redrawn answer-neutral.
U1-S3-PRACTICE-SET-3-020,Practice Set 3,1.3,U1-S3-IC3,,U1-MG03,I can represent forces as vectors and determine the net force on an object.,I can read a simple vector diagram and use arrow length and direction to compare force strength and find the resultant.,2,practice_u1-s3-ic3_4,practice set 3-scenario-4,constructed_response,external figure,instructional,,practice u1-s3-ic3 4,150,Unit 1 Assessment Plan U1-S3-IC3; Hewitt 2.4 Figures 2.6-2.7 scaled-arrow/resultant reasoning; student vector representation redrawn answer-neutral.
U1-S3-PRACTICE-SET-3-021,Practice Set 3,1.3,U1-S3-IC3,,U1-MG03,I can represent forces as vectors and determine the net force on an object.,I can read a simple vector diagram and use arrow length and direction to compare force strength and find the resultant.,2,practice_u1-s3-ic3_5,practice set 3-scenario-5,constructed_response,external figure,instructional,,practice u1-s3-ic3 5,150,Unit 1 Assessment Plan U1-S3-IC3; Hewitt 2.4 Figures 2.6-2.7 scaled-arrow/resultant reasoning; student vector representation redrawn answer-neutral.
U1-S3-PRACTICE-SET-3-022,Practice Set 3,1.3,U1-S3-IC3,,U1-MG03,I can represent forces as vectors and determine the net force on an object.,I can read a simple vector diagram and use arrow length and direction to compare force strength and find the resultant.,2,practice_u1-s3-ic3_6,practice set 3-scenario-6,constructed_response,external figure,instructional,,practice u1-s3-ic3 6,150,Unit 1 Assessment Plan U1-S3-IC3; Hewitt 2.4 Figures 2.6-2.7 scaled-arrow/resultant reasoning; student vector representation redrawn answer-neutral.
U1-S3-PRACTICE-SET-3-023,Practice Set 3,1.3,U1-S3-IC3,,U1-MG03,I can represent forces as vectors and determine the net force on an object.,I can read a simple vector diagram and use arrow length and direction to compare force strength and find the resultant.,2,practice_u1-s3-ic3_1,practice set 3-scenario-7,constructed_response,external figure,instructional,,practice u1-s3-ic3 1,150,Unit 1 Assessment Plan U1-S3-IC3; Hewitt 2.4 Figures 2.6-2.7 scaled-arrow/resultant reasoning; student vector representation redrawn answer-neutral.
U1-S3-PRACTICE-SET-3-024,Practice Set 3,1.3,U1-S3-IC3,,U1-MG03,I can represent forces as vectors and determine the net force on an object.,I can read a simple vector diagram and use arrow length and direction to compare force strength and find the resultant.,2,practice_u1-s3-ic3_2,practice set 3-scenario-8,constructed_response,external figure,instructional,,practice u1-s3-ic3 2,150,Unit 1 Assessment Plan U1-S3-IC3; Hewitt 2.4 Figures 2.6-2.7 scaled-arrow/resultant reasoning; student vector representation redrawn answer-neutral.
U1-S3-EXTRA-PRACTICE-001,Extra Practice,1.3,U1-S3-IC1,,U1-MG03,I can represent forces as vectors and determine the net force on an object.,I can explain that a force has both magnitude and direction.,2,practice_u1-s3-ic1_1,extra practice-scenario-1,constructed_response,prose/data,instructional,,practice u1-s3-ic1 1,150,Unit 1 Assessment Plan U1-S3-IC1; Hewitt 2.4 vector magnitude-and-direction definition; existing Bank vector-concept family retained.
U1-S3-EXTRA-PRACTICE-002,Extra Practice,1.3,U1-S3-IC1,,U1-MG03,I can represent forces as vectors and determine the net force on an object.,I can explain that a force has both magnitude and direction.,2,practice_u1-s3-ic1_2,extra practice-scenario-2,constructed_response,prose/data,instructional,,practice u1-s3-ic1 2,150,Unit 1 Assessment Plan U1-S3-IC1; Hewitt 2.4 vector magnitude-and-direction definition; existing Bank vector-concept family retained.
U1-S3-EXTRA-PRACTICE-003,Extra Practice,1.3,U1-S3-IC1,,U1-MG03,I can represent forces as vectors and determine the net force on an object.,I can explain that a force has both magnitude and direction.,2,practice_u1-s3-ic1_3,extra practice-scenario-3,constructed_response,prose/data,instructional,,practice u1-s3-ic1 3,150,Unit 1 Assessment Plan U1-S3-IC1; Hewitt 2.4 vector magnitude-and-direction definition; existing Bank vector-concept family retained.
U1-S3-EXTRA-PRACTICE-004,Extra Practice,1.3,U1-S3-IC1,,U1-MG03,I can represent forces as vectors and determine the net force on an object.,I can explain that a force has both magnitude and direction.,2,practice_u1-s3-ic1_4,extra practice-scenario-4,constructed_response,prose/data,instructional,,practice u1-s3-ic1 4,150,Unit 1 Assessment Plan U1-S3-IC1; Hewitt 2.4 vector magnitude-and-direction definition; existing Bank vector-concept family retained.
U1-S3-EXTRA-PRACTICE-005,Extra Practice,1.3,U1-S3-IC1,,U1-MG03,I can represent forces as vectors and determine the net force on an object.,I can explain that a force has both magnitude and direction.,2,practice_u1-s3-ic1_5,extra practice-scenario-5,constructed_response,prose/data,instructional,,practice u1-s3-ic1 5,150,Unit 1 Assessment Plan U1-S3-IC1; Hewitt 2.4 vector magnitude-and-direction definition; existing Bank vector-concept family retained.
U1-S3-EXTRA-PRACTICE-006,Extra Practice,1.3,U1-S3-IC1,,U1-MG03,I can represent forces as vectors and determine the net force on an object.,I can explain that a force has both magnitude and direction.,2,practice_u1-s3-ic1_6,extra practice-scenario-6,constructed_response,prose/data,instructional,,practice u1-s3-ic1 6,150,Unit 1 Assessment Plan U1-S3-IC1; Hewitt 2.4 vector magnitude-and-direction definition; existing Bank vector-concept family retained.
U1-S3-EXTRA-PRACTICE-007,Extra Practice,1.3,U1-S3-IC1,,U1-MG03,I can represent forces as vectors and determine the net force on an object.,I can explain that a force has both magnitude and direction.,2,practice_u1-s3-ic1_1,extra practice-scenario-7,constructed_response,prose/data,instructional,,practice u1-s3-ic1 1,150,Unit 1 Assessment Plan U1-S3-IC1; Hewitt 2.4 vector magnitude-and-direction definition; existing Bank vector-concept family retained.
U1-S3-EXTRA-PRACTICE-008,Extra Practice,1.3,U1-S3-IC1,,U1-MG03,I can represent forces as vectors and determine the net force on an object.,I can explain that a force has both magnitude and direction.,2,practice_u1-s3-ic1_2,extra practice-scenario-8,constructed_response,prose/data,instructional,,practice u1-s3-ic1 2,150,Unit 1 Assessment Plan U1-S3-IC1; Hewitt 2.4 vector magnitude-and-direction definition; existing Bank vector-concept family retained.
U1-S3-EXTRA-PRACTICE-009,Extra Practice,1.3,U1-S3-IC2,,U1-MG03,I can represent forces as vectors and determine the net force on an object.,I can add forces acting in the same direction and subtract forces acting in opposite directions to find net force.,2,practice_u1-s3-ic2_1,extra practice-scenario-1,constructed_response,prose/data,instructional,,practice u1-s3-ic2 1,150,Unit 1 Assessment Plan U1-S3-IC2; Hewitt 2.4 same/opposite-direction force-combination archetypes; existing Bank net-force family retained.
U1-S3-EXTRA-PRACTICE-010,Extra Practice,1.3,U1-S3-IC2,,U1-MG03,I can represent forces as vectors and determine the net force on an object.,I can add forces acting in the same direction and subtract forces acting in opposite directions to find net force.,2,practice_u1-s3-ic2_2,extra practice-scenario-2,constructed_response,prose/data,instructional,,practice u1-s3-ic2 2,150,Unit 1 Assessment Plan U1-S3-IC2; Hewitt 2.4 same/opposite-direction force-combination archetypes; existing Bank net-force family retained.
U1-S3-EXTRA-PRACTICE-011,Extra Practice,1.3,U1-S3-IC2,,U1-MG03,I can represent forces as vectors and determine the net force on an object.,I can add forces acting in the same direction and subtract forces acting in opposite directions to find net force.,2,practice_u1-s3-ic2_3,extra practice-scenario-3,constructed_response,prose/data,instructional,,practice u1-s3-ic2 3,150,Unit 1 Assessment Plan U1-S3-IC2; Hewitt 2.4 same/opposite-direction force-combination archetypes; existing Bank net-force family retained.
U1-S3-EXTRA-PRACTICE-012,Extra Practice,1.3,U1-S3-IC2,,U1-MG03,I can represent forces as vectors and determine the net force on an object.,I can add forces acting in the same direction and subtract forces acting in opposite directions to find net force.,2,practice_u1-s3-ic2_4,extra practice-scenario-4,constructed_response,prose/data,instructional,,practice u1-s3-ic2 4,150,Unit 1 Assessment Plan U1-S3-IC2; Hewitt 2.4 same/opposite-direction force-combination archetypes; existing Bank net-force family retained.
U1-S3-EXTRA-PRACTICE-013,Extra Practice,1.3,U1-S3-IC2,,U1-MG03,I can represent forces as vectors and determine the net force on an object.,I can add forces acting in the same direction and subtract forces acting in opposite directions to find net force.,2,practice_u1-s3-ic2_5,extra practice-scenario-5,constructed_response,prose/data,instructional,,practice u1-s3-ic2 5,150,Unit 1 Assessment Plan U1-S3-IC2; Hewitt 2.4 same/opposite-direction force-combination archetypes; existing Bank net-force family retained.
U1-S3-EXTRA-PRACTICE-014,Extra Practice,1.3,U1-S3-IC2,,U1-MG03,I can represent forces as vectors and determine the net force on an object.,I can add forces acting in the same direction and subtract forces acting in opposite directions to find net force.,2,practice_u1-s3-ic2_6,extra practice-scenario-6,constructed_response,prose/data,instructional,,practice u1-s3-ic2 6,150,Unit 1 Assessment Plan U1-S3-IC2; Hewitt 2.4 same/opposite-direction force-combination archetypes; existing Bank net-force family retained.
U1-S3-EXTRA-PRACTICE-015,Extra Practice,1.3,U1-S3-IC2,,U1-MG03,I can represent forces as vectors and determine the net force on an object.,I can add forces acting in the same direction and subtract forces acting in opposite directions to find net force.,2,practice_u1-s3-ic2_1,extra practice-scenario-7,constructed_response,prose/data,instructional,,practice u1-s3-ic2 1,150,Unit 1 Assessment Plan U1-S3-IC2; Hewitt 2.4 same/opposite-direction force-combination archetypes; existing Bank net-force family retained.
U1-S3-EXTRA-PRACTICE-016,Extra Practice,1.3,U1-S3-IC3,,U1-MG03,I can represent forces as vectors and determine the net force on an object.,I can read a simple vector diagram and use arrow length and direction to compare force strength and find the resultant.,2,practice_u1-s3-ic3_1,extra practice-scenario-1,constructed_response,external figure,instructional,,practice u1-s3-ic3 1,150,Unit 1 Assessment Plan U1-S3-IC3; Hewitt 2.4 Figures 2.6-2.7 scaled-arrow/resultant reasoning; student vector representation redrawn answer-neutral.
U1-S3-EXTRA-PRACTICE-017,Extra Practice,1.3,U1-S3-IC3,,U1-MG03,I can represent forces as vectors and determine the net force on an object.,I can read a simple vector diagram and use arrow length and direction to compare force strength and find the resultant.,2,practice_u1-s3-ic3_2,extra practice-scenario-2,constructed_response,external figure,instructional,,practice u1-s3-ic3 2,150,Unit 1 Assessment Plan U1-S3-IC3; Hewitt 2.4 Figures 2.6-2.7 scaled-arrow/resultant reasoning; student vector representation redrawn answer-neutral.
U1-S3-EXTRA-PRACTICE-018,Extra Practice,1.3,U1-S3-IC3,,U1-MG03,I can represent forces as vectors and determine the net force on an object.,I can read a simple vector diagram and use arrow length and direction to compare force strength and find the resultant.,2,practice_u1-s3-ic3_3,extra practice-scenario-3,constructed_response,external figure,instructional,,practice u1-s3-ic3 3,150,Unit 1 Assessment Plan U1-S3-IC3; Hewitt 2.4 Figures 2.6-2.7 scaled-arrow/resultant reasoning; student vector representation redrawn answer-neutral.
U1-S3-EXTRA-PRACTICE-019,Extra Practice,1.3,U1-S3-IC3,,U1-MG03,I can represent forces as vectors and determine the net force on an object.,I can read a simple vector diagram and use arrow length and direction to compare force strength and find the resultant.,2,practice_u1-s3-ic3_4,extra practice-scenario-4,constructed_response,external figure,instructional,,practice u1-s3-ic3 4,150,Unit 1 Assessment Plan U1-S3-IC3; Hewitt 2.4 Figures 2.6-2.7 scaled-arrow/resultant reasoning; student vector representation redrawn answer-neutral.
U1-S3-EXTRA-PRACTICE-020,Extra Practice,1.3,U1-S3-IC3,,U1-MG03,I can represent forces as vectors and determine the net force on an object.,I can read a simple vector diagram and use arrow length and direction to compare force strength and find the resultant.,2,practice_u1-s3-ic3_5,extra practice-scenario-5,constructed_response,external figure,instructional,,practice u1-s3-ic3 5,150,Unit 1 Assessment Plan U1-S3-IC3; Hewitt 2.4 Figures 2.6-2.7 scaled-arrow/resultant reasoning; student vector representation redrawn answer-neutral.
U1-S3-EXTRA-PRACTICE-021,Extra Practice,1.3,U1-S3-IC3,,U1-MG03,I can represent forces as vectors and determine the net force on an object.,I can read a simple vector diagram and use arrow length and direction to compare force strength and find the resultant.,2,practice_u1-s3-ic3_6,extra practice-scenario-6,constructed_response,external figure,instructional,,practice u1-s3-ic3 6,150,Unit 1 Assessment Plan U1-S3-IC3; Hewitt 2.4 Figures 2.6-2.7 scaled-arrow/resultant reasoning; student vector representation redrawn answer-neutral.
U1-S3-EXTRA-PRACTICE-022,Extra Practice,1.3,U1-S3-IC3,,U1-MG03,I can represent forces as vectors and determine the net force on an object.,I can read a simple vector diagram and use arrow length and direction to compare force strength and find the resultant.,2,practice_u1-s3-ic3_1,extra practice-scenario-7,constructed_response,external figure,instructional,,practice u1-s3-ic3 1,150,Unit 1 Assessment Plan U1-S3-IC3; Hewitt 2.4 Figures 2.6-2.7 scaled-arrow/resultant reasoning; student vector representation redrawn answer-neutral.
U1-S3-EXTRA-PRACTICE-023,Extra Practice,1.3,U1-S3-IC3,,U1-MG03,I can represent forces as vectors and determine the net force on an object.,I can read a simple vector diagram and use arrow length and direction to compare force strength and find the resultant.,2,practice_u1-s3-ic3_2,extra practice-scenario-8,constructed_response,external figure,instructional,,practice u1-s3-ic3 2,150,Unit 1 Assessment Plan U1-S3-IC3; Hewitt 2.4 Figures 2.6-2.7 scaled-arrow/resultant reasoning; student vector representation redrawn answer-neutral.
U1-S3-EXTRA-PRACTICE-024,Extra Practice,1.3,U1-S3-IC3,,U1-MG03,I can represent forces as vectors and determine the net force on an object.,I can read a simple vector diagram and use arrow length and direction to compare force strength and find the resultant.,2,practice_u1-s3-ic3_3,extra practice-scenario-9,constructed_response,external figure,instructional,,practice u1-s3-ic3 3,150,Unit 1 Assessment Plan U1-S3-IC3; Hewitt 2.4 Figures 2.6-2.7 scaled-arrow/resultant reasoning; student vector representation redrawn answer-neutral.
U1-S3-CYU-001,CYU,1.3,U1-S3-IC1,,U1-MG03,I can represent forces as vectors and determine the net force on an object.,I can explain that a force has both magnitude and direction.,2,cyu_u1-s3-ic1_1,compact-section-check,constructed_response,prose/data,instructional,,cyu u1-s3-ic1 1,150,Unit 1 Assessment Plan U1-S3-IC1; Hewitt 2.4 vector magnitude-and-direction definition; existing Bank vector-concept family retained.
U1-S3-CYU-002,CYU,1.3,U1-S3-IC1,,U1-MG03,I can represent forces as vectors and determine the net force on an object.,I can explain that a force has both magnitude and direction.,2,cyu_u1-s3-ic1_2,compact-section-check,constructed_response,prose/data,instructional,,cyu u1-s3-ic1 2,150,Unit 1 Assessment Plan U1-S3-IC1; Hewitt 2.4 vector magnitude-and-direction definition; existing Bank vector-concept family retained.
U1-S3-CYU-003,CYU,1.3,U1-S3-IC2,,U1-MG03,I can represent forces as vectors and determine the net force on an object.,I can add forces acting in the same direction and subtract forces acting in opposite directions to find net force.,2,cyu_u1-s3-ic2_1,compact-section-check,constructed_response,prose/data,instructional,,cyu u1-s3-ic2 1,150,Unit 1 Assessment Plan U1-S3-IC2; Hewitt 2.4 same/opposite-direction force-combination archetypes; existing Bank net-force family retained.
U1-S3-CYU-004,CYU,1.3,U1-S3-IC2,,U1-MG03,I can represent forces as vectors and determine the net force on an object.,I can add forces acting in the same direction and subtract forces acting in opposite directions to find net force.,2,cyu_u1-s3-ic2_2,compact-section-check,constructed_response,prose/data,instructional,,cyu u1-s3-ic2 2,150,Unit 1 Assessment Plan U1-S3-IC2; Hewitt 2.4 same/opposite-direction force-combination archetypes; existing Bank net-force family retained.
U1-S3-CYU-005,CYU,1.3,U1-S3-IC3,,U1-MG03,I can represent forces as vectors and determine the net force on an object.,I can read a simple vector diagram and use arrow length and direction to compare force strength and find the resultant.,2,cyu_u1-s3-ic3_1,compact-section-check,constructed_response,external figure,instructional,,cyu u1-s3-ic3 1,150,Unit 1 Assessment Plan U1-S3-IC3; Hewitt 2.4 Figures 2.6-2.7 scaled-arrow/resultant reasoning; student vector representation redrawn answer-neutral.
U1-S3-CYU-006,CYU,1.3,U1-S3-IC3,,U1-MG03,I can represent forces as vectors and determine the net force on an object.,I can read a simple vector diagram and use arrow length and direction to compare force strength and find the resultant.,2,cyu_u1-s3-ic3_2,compact-section-check,constructed_response,external figure,instructional,,cyu u1-s3-ic3 2,150,Unit 1 Assessment Plan U1-S3-IC3; Hewitt 2.4 Figures 2.6-2.7 scaled-arrow/resultant reasoning; student vector representation redrawn answer-neutral.
U1-S3-WARM-UP-1-001,Warm-Up 1,1.3,U1-S3-IC1,,U1-MG03,I can represent forces as vectors and determine the net force on an object.,I can explain that a force has both magnitude and direction.,1,warmup_1_u1-s3-ic1_1,retrieval-plus-connection,constructed_response,prose/data,instructional,,warmup 1 u1-s3-ic1 1,150,Unit 1 Assessment Plan U1-S3-IC1; Hewitt 2.4 vector magnitude-and-direction definition; existing Bank vector-concept family retained.
U1-S3-WARM-UP-1-002,Warm-Up 1,1.3,U1-S3-IC1,,U1-MG03,I can represent forces as vectors and determine the net force on an object.,I can explain that a force has both magnitude and direction.,1,warmup_1_u1-s3-ic1_2,retrieval-plus-connection,constructed_response,prose/data,instructional,,warmup 1 u1-s3-ic1 2,150,Unit 1 Assessment Plan U1-S3-IC1; Hewitt 2.4 vector magnitude-and-direction definition; existing Bank vector-concept family retained.
U1-S3-WARM-UP-1-003,Warm-Up 1,1.3,U1-S3-IC2,,U1-MG03,I can represent forces as vectors and determine the net force on an object.,I can add forces acting in the same direction and subtract forces acting in opposite directions to find net force.,1,warmup_1_u1-s3-ic2_3,retrieval-plus-connection,constructed_response,prose/data,instructional,,warmup 1 u1-s3-ic2 3,150,Unit 1 Assessment Plan U1-S3-IC2; Hewitt 2.4 same/opposite-direction force-combination archetypes; existing Bank net-force family retained.
U1-S3-WARM-UP-1-004,Warm-Up 1,1.3,U1-S3-IC3,,U1-MG03,I can represent forces as vectors and determine the net force on an object.,I can read a simple vector diagram and use arrow length and direction to compare force strength and find the resultant.,2,warmup_1_u1-s3-ic3_4,retrieval-plus-connection,constructed_response,external figure,instructional,,warmup 1 u1-s3-ic3 4,150,Unit 1 Assessment Plan U1-S3-IC3; Hewitt 2.4 Figures 2.6-2.7 scaled-arrow/resultant reasoning; student vector representation redrawn answer-neutral.
U1-S3-WARM-UP-2-001,Warm-Up 2,1.3,U1-S3-IC1,,U1-MG03,I can represent forces as vectors and determine the net force on an object.,I can explain that a force has both magnitude and direction.,1,warmup_2_u1-s3-ic1_1,retrieval-plus-connection,constructed_response,prose/data,instructional,,warmup 2 u1-s3-ic1 1,150,Unit 1 Assessment Plan U1-S3-IC1; Hewitt 2.4 vector magnitude-and-direction definition; existing Bank vector-concept family retained.
U1-S3-WARM-UP-2-002,Warm-Up 2,1.3,U1-S3-IC2,,U1-MG03,I can represent forces as vectors and determine the net force on an object.,I can add forces acting in the same direction and subtract forces acting in opposite directions to find net force.,1,warmup_2_u1-s3-ic2_2,retrieval-plus-connection,constructed_response,prose/data,instructional,,warmup 2 u1-s3-ic2 2,150,Unit 1 Assessment Plan U1-S3-IC2; Hewitt 2.4 same/opposite-direction force-combination archetypes; existing Bank net-force family retained.
U1-S3-WARM-UP-2-003,Warm-Up 2,1.3,U1-S3-IC2,,U1-MG03,I can represent forces as vectors and determine the net force on an object.,I can add forces acting in the same direction and subtract forces acting in opposite directions to find net force.,1,warmup_2_u1-s3-ic2_3,retrieval-plus-connection,constructed_response,prose/data,instructional,,warmup 2 u1-s3-ic2 3,150,Unit 1 Assessment Plan U1-S3-IC2; Hewitt 2.4 same/opposite-direction force-combination archetypes; existing Bank net-force family retained.
U1-S3-WARM-UP-2-004,Warm-Up 2,1.3,U1-S3-IC3,,U1-MG03,I can represent forces as vectors and determine the net force on an object.,I can read a simple vector diagram and use arrow length and direction to compare force strength and find the resultant.,2,warmup_2_u1-s3-ic3_4,retrieval-plus-connection,constructed_response,external figure,instructional,,warmup 2 u1-s3-ic3 4,150,Unit 1 Assessment Plan U1-S3-IC3; Hewitt 2.4 Figures 2.6-2.7 scaled-arrow/resultant reasoning; student vector representation redrawn answer-neutral.
U1-S3-WARM-UP-3-001,Warm-Up 3,1.3,U1-S3-IC1,,U1-MG03,I can represent forces as vectors and determine the net force on an object.,I can explain that a force has both magnitude and direction.,1,warmup_3_u1-s3-ic1_1,retrieval-plus-connection,constructed_response,prose/data,instructional,,warmup 3 u1-s3-ic1 1,150,Unit 1 Assessment Plan U1-S3-IC1; Hewitt 2.4 vector magnitude-and-direction definition; existing Bank vector-concept family retained.
U1-S3-WARM-UP-3-002,Warm-Up 3,1.3,U1-S3-IC2,,U1-MG03,I can represent forces as vectors and determine the net force on an object.,I can add forces acting in the same direction and subtract forces acting in opposite directions to find net force.,1,warmup_3_u1-s3-ic2_2,retrieval-plus-connection,constructed_response,prose/data,instructional,,warmup 3 u1-s3-ic2 2,150,Unit 1 Assessment Plan U1-S3-IC2; Hewitt 2.4 same/opposite-direction force-combination archetypes; existing Bank net-force family retained.
U1-S3-WARM-UP-3-003,Warm-Up 3,1.3,U1-S3-IC3,,U1-MG03,I can represent forces as vectors and determine the net force on an object.,I can read a simple vector diagram and use arrow length and direction to compare force strength and find the resultant.,2,warmup_3_u1-s3-ic3_3,retrieval-plus-connection,constructed_response,external figure,instructional,,warmup 3 u1-s3-ic3 3,150,Unit 1 Assessment Plan U1-S3-IC3; Hewitt 2.4 Figures 2.6-2.7 scaled-arrow/resultant reasoning; student vector representation redrawn answer-neutral.
U1-S3-WARM-UP-3-004,Warm-Up 3,1.3,U1-S3-IC3,,U1-MG03,I can represent forces as vectors and determine the net force on an object.,I can read a simple vector diagram and use arrow length and direction to compare force strength and find the resultant.,2,warmup_3_u1-s3-ic3_4,retrieval-plus-connection,constructed_response,external figure,instructional,,warmup 3 u1-s3-ic3 4,150,Unit 1 Assessment Plan U1-S3-IC3; Hewitt 2.4 Figures 2.6-2.7 scaled-arrow/resultant reasoning; student vector representation redrawn answer-neutral.
U1-S3-EXIT-TICKET-A-001,Exit Ticket A,1.3,U1-S3-IC1,,U1-MG03,I can represent forces as vectors and determine the net force on an object.,I can explain that a force has both magnitude and direction.,2,exit_a_u1-s3-ic1_1,formative-evidence-sample,constructed_response,prose/data,formative_evidence,,short evidence sample,75,Unit 1 Assessment Plan U1-S3-IC1; Hewitt 2.4 vector magnitude-and-direction definition; existing Bank vector-concept family retained.
U1-S3-EXIT-TICKET-A-002,Exit Ticket A,1.3,U1-S3-IC2,,U1-MG03,I can represent forces as vectors and determine the net force on an object.,I can add forces acting in the same direction and subtract forces acting in opposite directions to find net force.,2,exit_a_u1-s3-ic2_2,formative-evidence-sample,constructed_response,prose/data,formative_evidence,,short evidence sample,75,Unit 1 Assessment Plan U1-S3-IC2; Hewitt 2.4 same/opposite-direction force-combination archetypes; existing Bank net-force family retained.
U1-S3-EXIT-TICKET-A-003,Exit Ticket A,1.3,U1-S3-IC3,,U1-MG03,I can represent forces as vectors and determine the net force on an object.,I can read a simple vector diagram and use arrow length and direction to compare force strength and find the resultant.,2,exit_a_u1-s3-ic3_3,formative-evidence-sample,constructed_response,external figure,formative_evidence,,short evidence sample,75,Unit 1 Assessment Plan U1-S3-IC3; Hewitt 2.4 Figures 2.6-2.7 scaled-arrow/resultant reasoning; student vector representation redrawn answer-neutral.
U1-S3-EXIT-TICKET-A-004,Exit Ticket A,1.3,U1-S3-IC3,,U1-MG03,I can represent forces as vectors and determine the net force on an object.,I can read a simple vector diagram and use arrow length and direction to compare force strength and find the resultant.,3,exit_a_u1-s3-ic3_4,formative-evidence-sample,constructed_response,external figure,formative_evidence,,short evidence sample,75,Unit 1 Assessment Plan U1-S3-IC3; Hewitt 2.4 Figures 2.6-2.7 scaled-arrow/resultant reasoning; student vector representation redrawn answer-neutral.
U1-S3-EXIT-TICKET-B-001,Exit Ticket B,1.3,U1-S3-IC1,,U1-MG03,I can represent forces as vectors and determine the net force on an object.,I can explain that a force has both magnitude and direction.,2,exit_b_u1-s3-ic1_1,formative-evidence-sample,constructed_response,prose/data,formative_evidence,,short evidence sample,75,Unit 1 Assessment Plan U1-S3-IC1; Hewitt 2.4 vector magnitude-and-direction definition; existing Bank vector-concept family retained.
U1-S3-EXIT-TICKET-B-002,Exit Ticket B,1.3,U1-S3-IC2,,U1-MG03,I can represent forces as vectors and determine the net force on an object.,I can add forces acting in the same direction and subtract forces acting in opposite directions to find net force.,2,exit_b_u1-s3-ic2_2,formative-evidence-sample,constructed_response,prose/data,formative_evidence,,short evidence sample,75,Unit 1 Assessment Plan U1-S3-IC2; Hewitt 2.4 same/opposite-direction force-combination archetypes; existing Bank net-force family retained.
U1-S3-EXIT-TICKET-B-003,Exit Ticket B,1.3,U1-S3-IC3,,U1-MG03,I can represent forces as vectors and determine the net force on an object.,I can read a simple vector diagram and use arrow length and direction to compare force strength and find the resultant.,2,exit_b_u1-s3-ic3_3,formative-evidence-sample,constructed_response,external figure,formative_evidence,,short evidence sample,75,Unit 1 Assessment Plan U1-S3-IC3; Hewitt 2.4 Figures 2.6-2.7 scaled-arrow/resultant reasoning; student vector representation redrawn answer-neutral.
U1-S3-EXIT-TICKET-B-004,Exit Ticket B,1.3,U1-S3-IC3,,U1-MG03,I can represent forces as vectors and determine the net force on an object.,I can read a simple vector diagram and use arrow length and direction to compare force strength and find the resultant.,3,exit_b_u1-s3-ic3_4,formative-evidence-sample,constructed_response,external figure,formative_evidence,,short evidence sample,75,Unit 1 Assessment Plan U1-S3-IC3; Hewitt 2.4 Figures 2.6-2.7 scaled-arrow/resultant reasoning; student vector representation redrawn answer-neutral.
U1-S3-EXIT-TICKET-C-001,Exit Ticket C,1.3,U1-S3-IC1,,U1-MG03,I can represent forces as vectors and determine the net force on an object.,I can explain that a force has both magnitude and direction.,2,exit_c_u1-s3-ic1_1,formative-evidence-sample,constructed_response,prose/data,formative_evidence,,short evidence sample,75,Unit 1 Assessment Plan U1-S3-IC1; Hewitt 2.4 vector magnitude-and-direction definition; existing Bank vector-concept family retained.
U1-S3-EXIT-TICKET-C-002,Exit Ticket C,1.3,U1-S3-IC2,,U1-MG03,I can represent forces as vectors and determine the net force on an object.,I can add forces acting in the same direction and subtract forces acting in opposite directions to find net force.,2,exit_c_u1-s3-ic2_2,formative-evidence-sample,constructed_response,prose/data,formative_evidence,,short evidence sample,75,Unit 1 Assessment Plan U1-S3-IC2; Hewitt 2.4 same/opposite-direction force-combination archetypes; existing Bank net-force family retained.
U1-S3-EXIT-TICKET-C-003,Exit Ticket C,1.3,U1-S3-IC3,,U1-MG03,I can represent forces as vectors and determine the net force on an object.,I can read a simple vector diagram and use arrow length and direction to compare force strength and find the resultant.,2,exit_c_u1-s3-ic3_3,formative-evidence-sample,constructed_response,external figure,formative_evidence,,short evidence sample,75,Unit 1 Assessment Plan U1-S3-IC3; Hewitt 2.4 Figures 2.6-2.7 scaled-arrow/resultant reasoning; student vector representation redrawn answer-neutral.
U1-S3-EXIT-TICKET-C-004,Exit Ticket C,1.3,U1-S3-IC3,,U1-MG03,I can represent forces as vectors and determine the net force on an object.,I can read a simple vector diagram and use arrow length and direction to compare force strength and find the resultant.,3,exit_c_u1-s3-ic3_4,formative-evidence-sample,constructed_response,external figure,formative_evidence,,short evidence sample,75,Unit 1 Assessment Plan U1-S3-IC3; Hewitt 2.4 Figures 2.6-2.7 scaled-arrow/resultant reasoning; student vector representation redrawn answer-neutral.
U1-S4-NOTES-EXAMPLE-1-001,Notes Example 1,1.4,U1-S4-IC1,,U1-MG02,I can use the equilibrium rule to analyze objects with zero net force.,I can distinguish static equilibrium from dynamic equilibrium.,2,notes_example_u1-s4-ic1,paired-anchor-with-changed-context,constructed_response,prose/data,instructional,,notes example u1-s4-ic1,150,Unit 1 Assessment Plan U1-S4-IC1; Hewitt 2.5 mechanical-equilibrium rule and rest/constant-motion distinction; existing Bank equilibrium family retained.
U1-S4-NOTES-YTI-1-001,Notes YTI 1,1.4,U1-S4-IC1,,U1-MG02,I can use the equilibrium rule to analyze objects with zero net force.,I can distinguish static equilibrium from dynamic equilibrium.,2,notes_yti_u1-s4-ic1,paired-anchor-with-changed-context,constructed_response,prose/data,instructional,,notes yti u1-s4-ic1,150,Unit 1 Assessment Plan U1-S4-IC1; Hewitt 2.5 mechanical-equilibrium rule and rest/constant-motion distinction; existing Bank equilibrium family retained.
U1-S4-NOTES-EXAMPLE-2-001,Notes Example 2,1.4,U1-S4-IC2,,U1-MG02,I can use the equilibrium rule to analyze objects with zero net force.,I can explain how an object can remain at rest even when multiple forces act on it.,2,notes_example_u1-s4-ic2,paired-anchor-with-changed-context,constructed_response,prose/data,instructional,,notes example u1-s4-ic2,150,Unit 1 Assessment Plan U1-S4-IC2; Hewitt 2.5-2.6 resting support/tension examples; existing Bank balanced-force family retained.
U1-S4-NOTES-YTI-2-001,Notes YTI 2,1.4,U1-S4-IC2,,U1-MG02,I can use the equilibrium rule to analyze objects with zero net force.,I can explain how an object can remain at rest even when multiple forces act on it.,2,notes_yti_u1-s4-ic2,paired-anchor-with-changed-context,constructed_response,prose/data,instructional,,notes yti u1-s4-ic2,150,Unit 1 Assessment Plan U1-S4-IC2; Hewitt 2.5-2.6 resting support/tension examples; existing Bank balanced-force family retained.
U1-S4-NOTES-EXAMPLE-3-001,Notes Example 3,1.4,U1-S4-IC3,,U1-MG03,I can use the equilibrium rule to analyze objects with zero net force.,I can apply the equilibrium rule ($\Sigma F = 0$) to simple force situations and explain why constant velocity means equilibrium.,2,notes_example_u1-s4-ic3,paired-anchor-with-changed-context,constructed_response,prose/data,instructional,,notes example u1-s4-ic3,150,Unit 1 Assessment Plan U1-S4-IC3; Hewitt 2.5 equilibrium rule $\Sigma F=0$ applied to constant velocity and missing-force reasoning; existing Bank family retained.
U1-S4-NOTES-YTI-3-001,Notes YTI 3,1.4,U1-S4-IC3,,U1-MG03,I can use the equilibrium rule to analyze objects with zero net force.,I can apply the equilibrium rule ($\Sigma F = 0$) to simple force situations and explain why constant velocity means equilibrium.,2,notes_yti_u1-s4-ic3,paired-anchor-with-changed-context,constructed_response,prose/data,instructional,,notes yti u1-s4-ic3,150,Unit 1 Assessment Plan U1-S4-IC3; Hewitt 2.5 equilibrium rule $\Sigma F=0$ applied to constant velocity and missing-force reasoning; existing Bank family retained.
U1-S4-NOTES-EXAMPLE-4-001,Notes Example 4,1.4,U1-S4-IC3,,U1-MG03,I can use the equilibrium rule to analyze objects with zero net force.,I can apply the equilibrium rule ($\Sigma F = 0$) to simple force situations and explain why constant velocity means equilibrium.,2,notes_example_u1-s4-ic3,paired-anchor-with-changed-context,constructed_response,prose/data,instructional,,notes example u1-s4-ic3,150,Unit 1 Assessment Plan U1-S4-IC3; Hewitt 2.5 equilibrium rule $\Sigma F=0$ applied to constant velocity and missing-force reasoning; existing Bank family retained.
U1-S4-NOTES-YTI-4-001,Notes YTI 4,1.4,U1-S4-IC3,,U1-MG03,I can use the equilibrium rule to analyze objects with zero net force.,I can apply the equilibrium rule ($\Sigma F = 0$) to simple force situations and explain why constant velocity means equilibrium.,2,notes_yti_u1-s4-ic3,paired-anchor-with-changed-context,constructed_response,prose/data,instructional,,notes yti u1-s4-ic3,150,Unit 1 Assessment Plan U1-S4-IC3; Hewitt 2.5 equilibrium rule $\Sigma F=0$ applied to constant velocity and missing-force reasoning; existing Bank family retained.
U1-S4-PRACTICE-SET-1-001,Practice Set 1,1.4,U1-S4-IC1,,U1-MG02,I can use the equilibrium rule to analyze objects with zero net force.,I can distinguish static equilibrium from dynamic equilibrium.,2,practice_u1-s4-ic1_1,practice set 1-scenario-1,constructed_response,prose/data,instructional,,practice u1-s4-ic1 1,150,Unit 1 Assessment Plan U1-S4-IC1; Hewitt 2.5 mechanical-equilibrium rule and rest/constant-motion distinction; existing Bank equilibrium family retained.
U1-S4-PRACTICE-SET-1-002,Practice Set 1,1.4,U1-S4-IC1,,U1-MG02,I can use the equilibrium rule to analyze objects with zero net force.,I can distinguish static equilibrium from dynamic equilibrium.,2,practice_u1-s4-ic1_2,practice set 1-scenario-2,constructed_response,prose/data,instructional,,practice u1-s4-ic1 2,150,Unit 1 Assessment Plan U1-S4-IC1; Hewitt 2.5 mechanical-equilibrium rule and rest/constant-motion distinction; existing Bank equilibrium family retained.
U1-S4-PRACTICE-SET-1-003,Practice Set 1,1.4,U1-S4-IC1,,U1-MG02,I can use the equilibrium rule to analyze objects with zero net force.,I can distinguish static equilibrium from dynamic equilibrium.,2,practice_u1-s4-ic1_3,practice set 1-scenario-3,constructed_response,prose/data,instructional,,practice u1-s4-ic1 3,150,Unit 1 Assessment Plan U1-S4-IC1; Hewitt 2.5 mechanical-equilibrium rule and rest/constant-motion distinction; existing Bank equilibrium family retained.
U1-S4-PRACTICE-SET-1-004,Practice Set 1,1.4,U1-S4-IC1,,U1-MG02,I can use the equilibrium rule to analyze objects with zero net force.,I can distinguish static equilibrium from dynamic equilibrium.,2,practice_u1-s4-ic1_4,practice set 1-scenario-4,constructed_response,prose/data,instructional,,practice u1-s4-ic1 4,150,Unit 1 Assessment Plan U1-S4-IC1; Hewitt 2.5 mechanical-equilibrium rule and rest/constant-motion distinction; existing Bank equilibrium family retained.
U1-S4-PRACTICE-SET-1-005,Practice Set 1,1.4,U1-S4-IC1,,U1-MG02,I can use the equilibrium rule to analyze objects with zero net force.,I can distinguish static equilibrium from dynamic equilibrium.,2,practice_u1-s4-ic1_5,practice set 1-scenario-5,constructed_response,prose/data,instructional,,practice u1-s4-ic1 5,150,Unit 1 Assessment Plan U1-S4-IC1; Hewitt 2.5 mechanical-equilibrium rule and rest/constant-motion distinction; existing Bank equilibrium family retained.
U1-S4-PRACTICE-SET-1-006,Practice Set 1,1.4,U1-S4-IC1,,U1-MG02,I can use the equilibrium rule to analyze objects with zero net force.,I can distinguish static equilibrium from dynamic equilibrium.,2,practice_u1-s4-ic1_6,practice set 1-scenario-6,constructed_response,prose/data,instructional,,practice u1-s4-ic1 6,150,Unit 1 Assessment Plan U1-S4-IC1; Hewitt 2.5 mechanical-equilibrium rule and rest/constant-motion distinction; existing Bank equilibrium family retained.
U1-S4-PRACTICE-SET-1-007,Practice Set 1,1.4,U1-S4-IC1,,U1-MG02,I can use the equilibrium rule to analyze objects with zero net force.,I can distinguish static equilibrium from dynamic equilibrium.,2,practice_u1-s4-ic1_1,practice set 1-scenario-7,constructed_response,prose/data,instructional,,practice u1-s4-ic1 1,150,Unit 1 Assessment Plan U1-S4-IC1; Hewitt 2.5 mechanical-equilibrium rule and rest/constant-motion distinction; existing Bank equilibrium family retained.
U1-S4-PRACTICE-SET-1-008,Practice Set 1,1.4,U1-S4-IC2,,U1-MG02,I can use the equilibrium rule to analyze objects with zero net force.,I can explain how an object can remain at rest even when multiple forces act on it.,2,practice_u1-s4-ic2_1,practice set 1-scenario-1,constructed_response,prose/data,instructional,,practice u1-s4-ic2 1,150,Unit 1 Assessment Plan U1-S4-IC2; Hewitt 2.5-2.6 resting support/tension examples; existing Bank balanced-force family retained.
U1-S4-PRACTICE-SET-1-009,Practice Set 1,1.4,U1-S4-IC2,,U1-MG02,I can use the equilibrium rule to analyze objects with zero net force.,I can explain how an object can remain at rest even when multiple forces act on it.,2,practice_u1-s4-ic2_2,practice set 1-scenario-2,constructed_response,prose/data,instructional,,practice u1-s4-ic2 2,150,Unit 1 Assessment Plan U1-S4-IC2; Hewitt 2.5-2.6 resting support/tension examples; existing Bank balanced-force family retained.
U1-S4-PRACTICE-SET-1-010,Practice Set 1,1.4,U1-S4-IC2,,U1-MG02,I can use the equilibrium rule to analyze objects with zero net force.,I can explain how an object can remain at rest even when multiple forces act on it.,2,practice_u1-s4-ic2_3,practice set 1-scenario-3,constructed_response,prose/data,instructional,,practice u1-s4-ic2 3,150,Unit 1 Assessment Plan U1-S4-IC2; Hewitt 2.5-2.6 resting support/tension examples; existing Bank balanced-force family retained.
U1-S4-PRACTICE-SET-1-011,Practice Set 1,1.4,U1-S4-IC2,,U1-MG02,I can use the equilibrium rule to analyze objects with zero net force.,I can explain how an object can remain at rest even when multiple forces act on it.,2,practice_u1-s4-ic2_4,practice set 1-scenario-4,constructed_response,prose/data,instructional,,practice u1-s4-ic2 4,150,Unit 1 Assessment Plan U1-S4-IC2; Hewitt 2.5-2.6 resting support/tension examples; existing Bank balanced-force family retained.
U1-S4-PRACTICE-SET-1-012,Practice Set 1,1.4,U1-S4-IC2,,U1-MG02,I can use the equilibrium rule to analyze objects with zero net force.,I can explain how an object can remain at rest even when multiple forces act on it.,2,practice_u1-s4-ic2_5,practice set 1-scenario-5,constructed_response,prose/data,instructional,,practice u1-s4-ic2 5,150,Unit 1 Assessment Plan U1-S4-IC2; Hewitt 2.5-2.6 resting support/tension examples; existing Bank balanced-force family retained.
U1-S4-PRACTICE-SET-1-013,Practice Set 1,1.4,U1-S4-IC2,,U1-MG02,I can use the equilibrium rule to analyze objects with zero net force.,I can explain how an object can remain at rest even when multiple forces act on it.,2,practice_u1-s4-ic2_6,practice set 1-scenario-6,constructed_response,prose/data,instructional,,practice u1-s4-ic2 6,150,Unit 1 Assessment Plan U1-S4-IC2; Hewitt 2.5-2.6 resting support/tension examples; existing Bank balanced-force family retained.
U1-S4-PRACTICE-SET-1-014,Practice Set 1,1.4,U1-S4-IC2,,U1-MG02,I can use the equilibrium rule to analyze objects with zero net force.,I can explain how an object can remain at rest even when multiple forces act on it.,2,practice_u1-s4-ic2_1,practice set 1-scenario-7,constructed_response,prose/data,instructional,,practice u1-s4-ic2 1,150,Unit 1 Assessment Plan U1-S4-IC2; Hewitt 2.5-2.6 resting support/tension examples; existing Bank balanced-force family retained.
U1-S4-PRACTICE-SET-1-015,Practice Set 1,1.4,U1-S4-IC2,,U1-MG02,I can use the equilibrium rule to analyze objects with zero net force.,I can explain how an object can remain at rest even when multiple forces act on it.,2,practice_u1-s4-ic2_2,practice set 1-scenario-8,constructed_response,prose/data,instructional,,practice u1-s4-ic2 2,150,Unit 1 Assessment Plan U1-S4-IC2; Hewitt 2.5-2.6 resting support/tension examples; existing Bank balanced-force family retained.
U1-S4-PRACTICE-SET-1-016,Practice Set 1,1.4,U1-S4-IC3,,U1-MG03,I can use the equilibrium rule to analyze objects with zero net force.,I can apply the equilibrium rule ($\Sigma F = 0$) to simple force situations and explain why constant velocity means equilibrium.,2,practice_u1-s4-ic3_1,practice set 1-scenario-1,constructed_response,prose/data,instructional,,practice u1-s4-ic3 1,150,Unit 1 Assessment Plan U1-S4-IC3; Hewitt 2.5 equilibrium rule $\Sigma F=0$ applied to constant velocity and missing-force reasoning; existing Bank family retained.
U1-S4-PRACTICE-SET-1-017,Practice Set 1,1.4,U1-S4-IC3,,U1-MG03,I can use the equilibrium rule to analyze objects with zero net force.,I can apply the equilibrium rule ($\Sigma F = 0$) to simple force situations and explain why constant velocity means equilibrium.,2,practice_u1-s4-ic3_2,practice set 1-scenario-2,constructed_response,prose/data,instructional,,practice u1-s4-ic3 2,150,Unit 1 Assessment Plan U1-S4-IC3; Hewitt 2.5 equilibrium rule $\Sigma F=0$ applied to constant velocity and missing-force reasoning; existing Bank family retained.
U1-S4-PRACTICE-SET-1-018,Practice Set 1,1.4,U1-S4-IC3,,U1-MG03,I can use the equilibrium rule to analyze objects with zero net force.,I can apply the equilibrium rule ($\Sigma F = 0$) to simple force situations and explain why constant velocity means equilibrium.,2,practice_u1-s4-ic3_3,practice set 1-scenario-3,constructed_response,prose/data,instructional,,practice u1-s4-ic3 3,150,Unit 1 Assessment Plan U1-S4-IC3; Hewitt 2.5 equilibrium rule $\Sigma F=0$ applied to constant velocity and missing-force reasoning; existing Bank family retained.
U1-S4-PRACTICE-SET-1-019,Practice Set 1,1.4,U1-S4-IC3,,U1-MG03,I can use the equilibrium rule to analyze objects with zero net force.,I can apply the equilibrium rule ($\Sigma F = 0$) to simple force situations and explain why constant velocity means equilibrium.,2,practice_u1-s4-ic3_4,practice set 1-scenario-4,constructed_response,prose/data,instructional,,practice u1-s4-ic3 4,150,Unit 1 Assessment Plan U1-S4-IC3; Hewitt 2.5 equilibrium rule $\Sigma F=0$ applied to constant velocity and missing-force reasoning; existing Bank family retained.
U1-S4-PRACTICE-SET-1-020,Practice Set 1,1.4,U1-S4-IC3,,U1-MG03,I can use the equilibrium rule to analyze objects with zero net force.,I can apply the equilibrium rule ($\Sigma F = 0$) to simple force situations and explain why constant velocity means equilibrium.,2,practice_u1-s4-ic3_5,practice set 1-scenario-5,constructed_response,prose/data,instructional,,practice u1-s4-ic3 5,150,Unit 1 Assessment Plan U1-S4-IC3; Hewitt 2.5 equilibrium rule $\Sigma F=0$ applied to constant velocity and missing-force reasoning; existing Bank family retained.
U1-S4-PRACTICE-SET-1-021,Practice Set 1,1.4,U1-S4-IC3,,U1-MG03,I can use the equilibrium rule to analyze objects with zero net force.,I can apply the equilibrium rule ($\Sigma F = 0$) to simple force situations and explain why constant velocity means equilibrium.,2,practice_u1-s4-ic3_6,practice set 1-scenario-6,constructed_response,prose/data,instructional,,practice u1-s4-ic3 6,150,Unit 1 Assessment Plan U1-S4-IC3; Hewitt 2.5 equilibrium rule $\Sigma F=0$ applied to constant velocity and missing-force reasoning; existing Bank family retained.
U1-S4-PRACTICE-SET-1-022,Practice Set 1,1.4,U1-S4-IC3,,U1-MG03,I can use the equilibrium rule to analyze objects with zero net force.,I can apply the equilibrium rule ($\Sigma F = 0$) to simple force situations and explain why constant velocity means equilibrium.,2,practice_u1-s4-ic3_1,practice set 1-scenario-7,constructed_response,prose/data,instructional,,practice u1-s4-ic3 1,150,Unit 1 Assessment Plan U1-S4-IC3; Hewitt 2.5 equilibrium rule $\Sigma F=0$ applied to constant velocity and missing-force reasoning; existing Bank family retained.
U1-S4-PRACTICE-SET-1-023,Practice Set 1,1.4,U1-S4-IC3,,U1-MG03,I can use the equilibrium rule to analyze objects with zero net force.,I can apply the equilibrium rule ($\Sigma F = 0$) to simple force situations and explain why constant velocity means equilibrium.,2,practice_u1-s4-ic3_2,practice set 1-scenario-8,constructed_response,prose/data,instructional,,practice u1-s4-ic3 2,150,Unit 1 Assessment Plan U1-S4-IC3; Hewitt 2.5 equilibrium rule $\Sigma F=0$ applied to constant velocity and missing-force reasoning; existing Bank family retained.
U1-S4-PRACTICE-SET-1-024,Practice Set 1,1.4,U1-S4-IC3,,U1-MG03,I can use the equilibrium rule to analyze objects with zero net force.,I can apply the equilibrium rule ($\Sigma F = 0$) to simple force situations and explain why constant velocity means equilibrium.,2,practice_u1-s4-ic3_3,practice set 1-scenario-9,constructed_response,prose/data,instructional,,practice u1-s4-ic3 3,150,Unit 1 Assessment Plan U1-S4-IC3; Hewitt 2.5 equilibrium rule $\Sigma F=0$ applied to constant velocity and missing-force reasoning; existing Bank family retained.
U1-S4-PRACTICE-SET-2-001,Practice Set 2,1.4,U1-S4-IC1,,U1-MG02,I can use the equilibrium rule to analyze objects with zero net force.,I can distinguish static equilibrium from dynamic equilibrium.,2,practice_u1-s4-ic1_1,practice set 2-scenario-1,constructed_response,prose/data,instructional,,practice u1-s4-ic1 1,150,Unit 1 Assessment Plan U1-S4-IC1; Hewitt 2.5 mechanical-equilibrium rule and rest/constant-motion distinction; existing Bank equilibrium family retained.
U1-S4-PRACTICE-SET-2-002,Practice Set 2,1.4,U1-S4-IC1,,U1-MG02,I can use the equilibrium rule to analyze objects with zero net force.,I can distinguish static equilibrium from dynamic equilibrium.,2,practice_u1-s4-ic1_2,practice set 2-scenario-2,constructed_response,prose/data,instructional,,practice u1-s4-ic1 2,150,Unit 1 Assessment Plan U1-S4-IC1; Hewitt 2.5 mechanical-equilibrium rule and rest/constant-motion distinction; existing Bank equilibrium family retained.
U1-S4-PRACTICE-SET-2-003,Practice Set 2,1.4,U1-S4-IC1,,U1-MG02,I can use the equilibrium rule to analyze objects with zero net force.,I can distinguish static equilibrium from dynamic equilibrium.,2,practice_u1-s4-ic1_3,practice set 2-scenario-3,constructed_response,prose/data,instructional,,practice u1-s4-ic1 3,150,Unit 1 Assessment Plan U1-S4-IC1; Hewitt 2.5 mechanical-equilibrium rule and rest/constant-motion distinction; existing Bank equilibrium family retained.
U1-S4-PRACTICE-SET-2-004,Practice Set 2,1.4,U1-S4-IC1,,U1-MG02,I can use the equilibrium rule to analyze objects with zero net force.,I can distinguish static equilibrium from dynamic equilibrium.,2,practice_u1-s4-ic1_4,practice set 2-scenario-4,constructed_response,prose/data,instructional,,practice u1-s4-ic1 4,150,Unit 1 Assessment Plan U1-S4-IC1; Hewitt 2.5 mechanical-equilibrium rule and rest/constant-motion distinction; existing Bank equilibrium family retained.
U1-S4-PRACTICE-SET-2-005,Practice Set 2,1.4,U1-S4-IC1,,U1-MG02,I can use the equilibrium rule to analyze objects with zero net force.,I can distinguish static equilibrium from dynamic equilibrium.,2,practice_u1-s4-ic1_5,practice set 2-scenario-5,constructed_response,prose/data,instructional,,practice u1-s4-ic1 5,150,Unit 1 Assessment Plan U1-S4-IC1; Hewitt 2.5 mechanical-equilibrium rule and rest/constant-motion distinction; existing Bank equilibrium family retained.
U1-S4-PRACTICE-SET-2-006,Practice Set 2,1.4,U1-S4-IC1,,U1-MG02,I can use the equilibrium rule to analyze objects with zero net force.,I can distinguish static equilibrium from dynamic equilibrium.,2,practice_u1-s4-ic1_6,practice set 2-scenario-6,constructed_response,prose/data,instructional,,practice u1-s4-ic1 6,150,Unit 1 Assessment Plan U1-S4-IC1; Hewitt 2.5 mechanical-equilibrium rule and rest/constant-motion distinction; existing Bank equilibrium family retained.
U1-S4-PRACTICE-SET-2-007,Practice Set 2,1.4,U1-S4-IC1,,U1-MG02,I can use the equilibrium rule to analyze objects with zero net force.,I can distinguish static equilibrium from dynamic equilibrium.,2,practice_u1-s4-ic1_1,practice set 2-scenario-7,constructed_response,prose/data,instructional,,practice u1-s4-ic1 1,150,Unit 1 Assessment Plan U1-S4-IC1; Hewitt 2.5 mechanical-equilibrium rule and rest/constant-motion distinction; existing Bank equilibrium family retained.
U1-S4-PRACTICE-SET-2-008,Practice Set 2,1.4,U1-S4-IC1,,U1-MG02,I can use the equilibrium rule to analyze objects with zero net force.,I can distinguish static equilibrium from dynamic equilibrium.,2,practice_u1-s4-ic1_2,practice set 2-scenario-8,constructed_response,prose/data,instructional,,practice u1-s4-ic1 2,150,Unit 1 Assessment Plan U1-S4-IC1; Hewitt 2.5 mechanical-equilibrium rule and rest/constant-motion distinction; existing Bank equilibrium family retained.
U1-S4-PRACTICE-SET-2-009,Practice Set 2,1.4,U1-S4-IC2,,U1-MG02,I can use the equilibrium rule to analyze objects with zero net force.,I can explain how an object can remain at rest even when multiple forces act on it.,2,practice_u1-s4-ic2_1,practice set 2-scenario-1,constructed_response,prose/data,instructional,,practice u1-s4-ic2 1,150,Unit 1 Assessment Plan U1-S4-IC2; Hewitt 2.5-2.6 resting support/tension examples; existing Bank balanced-force family retained.
U1-S4-PRACTICE-SET-2-010,Practice Set 2,1.4,U1-S4-IC2,,U1-MG02,I can use the equilibrium rule to analyze objects with zero net force.,I can explain how an object can remain at rest even when multiple forces act on it.,2,practice_u1-s4-ic2_2,practice set 2-scenario-2,constructed_response,prose/data,instructional,,practice u1-s4-ic2 2,150,Unit 1 Assessment Plan U1-S4-IC2; Hewitt 2.5-2.6 resting support/tension examples; existing Bank balanced-force family retained.
U1-S4-PRACTICE-SET-2-011,Practice Set 2,1.4,U1-S4-IC2,,U1-MG02,I can use the equilibrium rule to analyze objects with zero net force.,I can explain how an object can remain at rest even when multiple forces act on it.,2,practice_u1-s4-ic2_3,practice set 2-scenario-3,constructed_response,prose/data,instructional,,practice u1-s4-ic2 3,150,Unit 1 Assessment Plan U1-S4-IC2; Hewitt 2.5-2.6 resting support/tension examples; existing Bank balanced-force family retained.
U1-S4-PRACTICE-SET-2-012,Practice Set 2,1.4,U1-S4-IC2,,U1-MG02,I can use the equilibrium rule to analyze objects with zero net force.,I can explain how an object can remain at rest even when multiple forces act on it.,2,practice_u1-s4-ic2_4,practice set 2-scenario-4,constructed_response,prose/data,instructional,,practice u1-s4-ic2 4,150,Unit 1 Assessment Plan U1-S4-IC2; Hewitt 2.5-2.6 resting support/tension examples; existing Bank balanced-force family retained.
U1-S4-PRACTICE-SET-2-013,Practice Set 2,1.4,U1-S4-IC2,,U1-MG02,I can use the equilibrium rule to analyze objects with zero net force.,I can explain how an object can remain at rest even when multiple forces act on it.,2,practice_u1-s4-ic2_5,practice set 2-scenario-5,constructed_response,prose/data,instructional,,practice u1-s4-ic2 5,150,Unit 1 Assessment Plan U1-S4-IC2; Hewitt 2.5-2.6 resting support/tension examples; existing Bank balanced-force family retained.
U1-S4-PRACTICE-SET-2-014,Practice Set 2,1.4,U1-S4-IC2,,U1-MG02,I can use the equilibrium rule to analyze objects with zero net force.,I can explain how an object can remain at rest even when multiple forces act on it.,2,practice_u1-s4-ic2_6,practice set 2-scenario-6,constructed_response,prose/data,instructional,,practice u1-s4-ic2 6,150,Unit 1 Assessment Plan U1-S4-IC2; Hewitt 2.5-2.6 resting support/tension examples; existing Bank balanced-force family retained.
U1-S4-PRACTICE-SET-2-015,Practice Set 2,1.4,U1-S4-IC3,,U1-MG03,I can use the equilibrium rule to analyze objects with zero net force.,I can apply the equilibrium rule ($\Sigma F = 0$) to simple force situations and explain why constant velocity means equilibrium.,2,practice_u1-s4-ic3_1,practice set 2-scenario-1,constructed_response,prose/data,instructional,,practice u1-s4-ic3 1,150,Unit 1 Assessment Plan U1-S4-IC3; Hewitt 2.5 equilibrium rule $\Sigma F=0$ applied to constant velocity and missing-force reasoning; existing Bank family retained.
U1-S4-PRACTICE-SET-2-016,Practice Set 2,1.4,U1-S4-IC3,,U1-MG03,I can use the equilibrium rule to analyze objects with zero net force.,I can apply the equilibrium rule ($\Sigma F = 0$) to simple force situations and explain why constant velocity means equilibrium.,2,practice_u1-s4-ic3_2,practice set 2-scenario-2,constructed_response,prose/data,instructional,,practice u1-s4-ic3 2,150,Unit 1 Assessment Plan U1-S4-IC3; Hewitt 2.5 equilibrium rule $\Sigma F=0$ applied to constant velocity and missing-force reasoning; existing Bank family retained.
U1-S4-PRACTICE-SET-2-017,Practice Set 2,1.4,U1-S4-IC3,,U1-MG03,I can use the equilibrium rule to analyze objects with zero net force.,I can apply the equilibrium rule ($\Sigma F = 0$) to simple force situations and explain why constant velocity means equilibrium.,2,practice_u1-s4-ic3_3,practice set 2-scenario-3,constructed_response,prose/data,instructional,,practice u1-s4-ic3 3,150,Unit 1 Assessment Plan U1-S4-IC3; Hewitt 2.5 equilibrium rule $\Sigma F=0$ applied to constant velocity and missing-force reasoning; existing Bank family retained.
U1-S4-PRACTICE-SET-2-018,Practice Set 2,1.4,U1-S4-IC3,,U1-MG03,I can use the equilibrium rule to analyze objects with zero net force.,I can apply the equilibrium rule ($\Sigma F = 0$) to simple force situations and explain why constant velocity means equilibrium.,2,practice_u1-s4-ic3_4,practice set 2-scenario-4,constructed_response,prose/data,instructional,,practice u1-s4-ic3 4,150,Unit 1 Assessment Plan U1-S4-IC3; Hewitt 2.5 equilibrium rule $\Sigma F=0$ applied to constant velocity and missing-force reasoning; existing Bank family retained.
U1-S4-PRACTICE-SET-2-019,Practice Set 2,1.4,U1-S4-IC3,,U1-MG03,I can use the equilibrium rule to analyze objects with zero net force.,I can apply the equilibrium rule ($\Sigma F = 0$) to simple force situations and explain why constant velocity means equilibrium.,2,practice_u1-s4-ic3_5,practice set 2-scenario-5,constructed_response,prose/data,instructional,,practice u1-s4-ic3 5,150,Unit 1 Assessment Plan U1-S4-IC3; Hewitt 2.5 equilibrium rule $\Sigma F=0$ applied to constant velocity and missing-force reasoning; existing Bank family retained.
U1-S4-PRACTICE-SET-2-020,Practice Set 2,1.4,U1-S4-IC3,,U1-MG03,I can use the equilibrium rule to analyze objects with zero net force.,I can apply the equilibrium rule ($\Sigma F = 0$) to simple force situations and explain why constant velocity means equilibrium.,2,practice_u1-s4-ic3_6,practice set 2-scenario-6,constructed_response,prose/data,instructional,,practice u1-s4-ic3 6,150,Unit 1 Assessment Plan U1-S4-IC3; Hewitt 2.5 equilibrium rule $\Sigma F=0$ applied to constant velocity and missing-force reasoning; existing Bank family retained.
U1-S4-PRACTICE-SET-2-021,Practice Set 2,1.4,U1-S4-IC3,,U1-MG03,I can use the equilibrium rule to analyze objects with zero net force.,I can apply the equilibrium rule ($\Sigma F = 0$) to simple force situations and explain why constant velocity means equilibrium.,2,practice_u1-s4-ic3_1,practice set 2-scenario-7,constructed_response,prose/data,instructional,,practice u1-s4-ic3 1,150,Unit 1 Assessment Plan U1-S4-IC3; Hewitt 2.5 equilibrium rule $\Sigma F=0$ applied to constant velocity and missing-force reasoning; existing Bank family retained.
U1-S4-PRACTICE-SET-2-022,Practice Set 2,1.4,U1-S4-IC3,,U1-MG03,I can use the equilibrium rule to analyze objects with zero net force.,I can apply the equilibrium rule ($\Sigma F = 0$) to simple force situations and explain why constant velocity means equilibrium.,2,practice_u1-s4-ic3_2,practice set 2-scenario-8,constructed_response,prose/data,instructional,,practice u1-s4-ic3 2,150,Unit 1 Assessment Plan U1-S4-IC3; Hewitt 2.5 equilibrium rule $\Sigma F=0$ applied to constant velocity and missing-force reasoning; existing Bank family retained.
U1-S4-PRACTICE-SET-2-023,Practice Set 2,1.4,U1-S4-IC3,,U1-MG03,I can use the equilibrium rule to analyze objects with zero net force.,I can apply the equilibrium rule ($\Sigma F = 0$) to simple force situations and explain why constant velocity means equilibrium.,2,practice_u1-s4-ic3_3,practice set 2-scenario-9,constructed_response,prose/data,instructional,,practice u1-s4-ic3 3,150,Unit 1 Assessment Plan U1-S4-IC3; Hewitt 2.5 equilibrium rule $\Sigma F=0$ applied to constant velocity and missing-force reasoning; existing Bank family retained.
U1-S4-PRACTICE-SET-2-024,Practice Set 2,1.4,U1-S4-IC3,,U1-MG03,I can use the equilibrium rule to analyze objects with zero net force.,I can apply the equilibrium rule ($\Sigma F = 0$) to simple force situations and explain why constant velocity means equilibrium.,2,practice_u1-s4-ic3_4,practice set 2-scenario-10,constructed_response,prose/data,instructional,,practice u1-s4-ic3 4,150,Unit 1 Assessment Plan U1-S4-IC3; Hewitt 2.5 equilibrium rule $\Sigma F=0$ applied to constant velocity and missing-force reasoning; existing Bank family retained.
U1-S4-PRACTICE-SET-3-001,Practice Set 3,1.4,U1-S4-IC1,,U1-MG02,I can use the equilibrium rule to analyze objects with zero net force.,I can distinguish static equilibrium from dynamic equilibrium.,2,practice_u1-s4-ic1_1,practice set 3-scenario-1,constructed_response,prose/data,instructional,,practice u1-s4-ic1 1,150,Unit 1 Assessment Plan U1-S4-IC1; Hewitt 2.5 mechanical-equilibrium rule and rest/constant-motion distinction; existing Bank equilibrium family retained.
U1-S4-PRACTICE-SET-3-002,Practice Set 3,1.4,U1-S4-IC1,,U1-MG02,I can use the equilibrium rule to analyze objects with zero net force.,I can distinguish static equilibrium from dynamic equilibrium.,2,practice_u1-s4-ic1_2,practice set 3-scenario-2,constructed_response,prose/data,instructional,,practice u1-s4-ic1 2,150,Unit 1 Assessment Plan U1-S4-IC1; Hewitt 2.5 mechanical-equilibrium rule and rest/constant-motion distinction; existing Bank equilibrium family retained.
U1-S4-PRACTICE-SET-3-003,Practice Set 3,1.4,U1-S4-IC1,,U1-MG02,I can use the equilibrium rule to analyze objects with zero net force.,I can distinguish static equilibrium from dynamic equilibrium.,2,practice_u1-s4-ic1_3,practice set 3-scenario-3,constructed_response,prose/data,instructional,,practice u1-s4-ic1 3,150,Unit 1 Assessment Plan U1-S4-IC1; Hewitt 2.5 mechanical-equilibrium rule and rest/constant-motion distinction; existing Bank equilibrium family retained.
U1-S4-PRACTICE-SET-3-004,Practice Set 3,1.4,U1-S4-IC1,,U1-MG02,I can use the equilibrium rule to analyze objects with zero net force.,I can distinguish static equilibrium from dynamic equilibrium.,2,practice_u1-s4-ic1_4,practice set 3-scenario-4,constructed_response,prose/data,instructional,,practice u1-s4-ic1 4,150,Unit 1 Assessment Plan U1-S4-IC1; Hewitt 2.5 mechanical-equilibrium rule and rest/constant-motion distinction; existing Bank equilibrium family retained.
U1-S4-PRACTICE-SET-3-005,Practice Set 3,1.4,U1-S4-IC1,,U1-MG02,I can use the equilibrium rule to analyze objects with zero net force.,I can distinguish static equilibrium from dynamic equilibrium.,2,practice_u1-s4-ic1_5,practice set 3-scenario-5,constructed_response,prose/data,instructional,,practice u1-s4-ic1 5,150,Unit 1 Assessment Plan U1-S4-IC1; Hewitt 2.5 mechanical-equilibrium rule and rest/constant-motion distinction; existing Bank equilibrium family retained.
U1-S4-PRACTICE-SET-3-006,Practice Set 3,1.4,U1-S4-IC1,,U1-MG02,I can use the equilibrium rule to analyze objects with zero net force.,I can distinguish static equilibrium from dynamic equilibrium.,2,practice_u1-s4-ic1_6,practice set 3-scenario-6,constructed_response,prose/data,instructional,,practice u1-s4-ic1 6,150,Unit 1 Assessment Plan U1-S4-IC1; Hewitt 2.5 mechanical-equilibrium rule and rest/constant-motion distinction; existing Bank equilibrium family retained.
U1-S4-PRACTICE-SET-3-007,Practice Set 3,1.4,U1-S4-IC1,,U1-MG02,I can use the equilibrium rule to analyze objects with zero net force.,I can distinguish static equilibrium from dynamic equilibrium.,2,practice_u1-s4-ic1_1,practice set 3-scenario-7,constructed_response,prose/data,instructional,,practice u1-s4-ic1 1,150,Unit 1 Assessment Plan U1-S4-IC1; Hewitt 2.5 mechanical-equilibrium rule and rest/constant-motion distinction; existing Bank equilibrium family retained.
U1-S4-PRACTICE-SET-3-008,Practice Set 3,1.4,U1-S4-IC1,,U1-MG02,I can use the equilibrium rule to analyze objects with zero net force.,I can distinguish static equilibrium from dynamic equilibrium.,2,practice_u1-s4-ic1_2,practice set 3-scenario-8,constructed_response,prose/data,instructional,,practice u1-s4-ic1 2,150,Unit 1 Assessment Plan U1-S4-IC1; Hewitt 2.5 mechanical-equilibrium rule and rest/constant-motion distinction; existing Bank equilibrium family retained.
U1-S4-PRACTICE-SET-3-009,Practice Set 3,1.4,U1-S4-IC1,,U1-MG02,I can use the equilibrium rule to analyze objects with zero net force.,I can distinguish static equilibrium from dynamic equilibrium.,2,practice_u1-s4-ic1_3,practice set 3-scenario-9,constructed_response,prose/data,instructional,,practice u1-s4-ic1 3,150,Unit 1 Assessment Plan U1-S4-IC1; Hewitt 2.5 mechanical-equilibrium rule and rest/constant-motion distinction; existing Bank equilibrium family retained.
U1-S4-PRACTICE-SET-3-010,Practice Set 3,1.4,U1-S4-IC2,,U1-MG02,I can use the equilibrium rule to analyze objects with zero net force.,I can explain how an object can remain at rest even when multiple forces act on it.,2,practice_u1-s4-ic2_1,practice set 3-scenario-1,constructed_response,prose/data,instructional,,practice u1-s4-ic2 1,150,Unit 1 Assessment Plan U1-S4-IC2; Hewitt 2.5-2.6 resting support/tension examples; existing Bank balanced-force family retained.
U1-S4-PRACTICE-SET-3-011,Practice Set 3,1.4,U1-S4-IC2,,U1-MG02,I can use the equilibrium rule to analyze objects with zero net force.,I can explain how an object can remain at rest even when multiple forces act on it.,2,practice_u1-s4-ic2_2,practice set 3-scenario-2,constructed_response,prose/data,instructional,,practice u1-s4-ic2 2,150,Unit 1 Assessment Plan U1-S4-IC2; Hewitt 2.5-2.6 resting support/tension examples; existing Bank balanced-force family retained.
U1-S4-PRACTICE-SET-3-012,Practice Set 3,1.4,U1-S4-IC2,,U1-MG02,I can use the equilibrium rule to analyze objects with zero net force.,I can explain how an object can remain at rest even when multiple forces act on it.,2,practice_u1-s4-ic2_3,practice set 3-scenario-3,constructed_response,prose/data,instructional,,practice u1-s4-ic2 3,150,Unit 1 Assessment Plan U1-S4-IC2; Hewitt 2.5-2.6 resting support/tension examples; existing Bank balanced-force family retained.
U1-S4-PRACTICE-SET-3-013,Practice Set 3,1.4,U1-S4-IC2,,U1-MG02,I can use the equilibrium rule to analyze objects with zero net force.,I can explain how an object can remain at rest even when multiple forces act on it.,2,practice_u1-s4-ic2_4,practice set 3-scenario-4,constructed_response,prose/data,instructional,,practice u1-s4-ic2 4,150,Unit 1 Assessment Plan U1-S4-IC2; Hewitt 2.5-2.6 resting support/tension examples; existing Bank balanced-force family retained.
U1-S4-PRACTICE-SET-3-014,Practice Set 3,1.4,U1-S4-IC2,,U1-MG02,I can use the equilibrium rule to analyze objects with zero net force.,I can explain how an object can remain at rest even when multiple forces act on it.,2,practice_u1-s4-ic2_5,practice set 3-scenario-5,constructed_response,prose/data,instructional,,practice u1-s4-ic2 5,150,Unit 1 Assessment Plan U1-S4-IC2; Hewitt 2.5-2.6 resting support/tension examples; existing Bank balanced-force family retained.
U1-S4-PRACTICE-SET-3-015,Practice Set 3,1.4,U1-S4-IC2,,U1-MG02,I can use the equilibrium rule to analyze objects with zero net force.,I can explain how an object can remain at rest even when multiple forces act on it.,2,practice_u1-s4-ic2_6,practice set 3-scenario-6,constructed_response,prose/data,instructional,,practice u1-s4-ic2 6,150,Unit 1 Assessment Plan U1-S4-IC2; Hewitt 2.5-2.6 resting support/tension examples; existing Bank balanced-force family retained.
U1-S4-PRACTICE-SET-3-016,Practice Set 3,1.4,U1-S4-IC2,,U1-MG02,I can use the equilibrium rule to analyze objects with zero net force.,I can explain how an object can remain at rest even when multiple forces act on it.,2,practice_u1-s4-ic2_1,practice set 3-scenario-7,constructed_response,prose/data,instructional,,practice u1-s4-ic2 1,150,Unit 1 Assessment Plan U1-S4-IC2; Hewitt 2.5-2.6 resting support/tension examples; existing Bank balanced-force family retained.
U1-S4-PRACTICE-SET-3-017,Practice Set 3,1.4,U1-S4-IC3,,U1-MG03,I can use the equilibrium rule to analyze objects with zero net force.,I can apply the equilibrium rule ($\Sigma F = 0$) to simple force situations and explain why constant velocity means equilibrium.,2,practice_u1-s4-ic3_1,practice set 3-scenario-1,constructed_response,prose/data,instructional,,practice u1-s4-ic3 1,150,Unit 1 Assessment Plan U1-S4-IC3; Hewitt 2.5 equilibrium rule $\Sigma F=0$ applied to constant velocity and missing-force reasoning; existing Bank family retained.
U1-S4-PRACTICE-SET-3-018,Practice Set 3,1.4,U1-S4-IC3,,U1-MG03,I can use the equilibrium rule to analyze objects with zero net force.,I can apply the equilibrium rule ($\Sigma F = 0$) to simple force situations and explain why constant velocity means equilibrium.,2,practice_u1-s4-ic3_2,practice set 3-scenario-2,constructed_response,prose/data,instructional,,practice u1-s4-ic3 2,150,Unit 1 Assessment Plan U1-S4-IC3; Hewitt 2.5 equilibrium rule $\Sigma F=0$ applied to constant velocity and missing-force reasoning; existing Bank family retained.
U1-S4-PRACTICE-SET-3-019,Practice Set 3,1.4,U1-S4-IC3,,U1-MG03,I can use the equilibrium rule to analyze objects with zero net force.,I can apply the equilibrium rule ($\Sigma F = 0$) to simple force situations and explain why constant velocity means equilibrium.,2,practice_u1-s4-ic3_3,practice set 3-scenario-3,constructed_response,prose/data,instructional,,practice u1-s4-ic3 3,150,Unit 1 Assessment Plan U1-S4-IC3; Hewitt 2.5 equilibrium rule $\Sigma F=0$ applied to constant velocity and missing-force reasoning; existing Bank family retained.
U1-S4-PRACTICE-SET-3-020,Practice Set 3,1.4,U1-S4-IC3,,U1-MG03,I can use the equilibrium rule to analyze objects with zero net force.,I can apply the equilibrium rule ($\Sigma F = 0$) to simple force situations and explain why constant velocity means equilibrium.,2,practice_u1-s4-ic3_4,practice set 3-scenario-4,constructed_response,prose/data,instructional,,practice u1-s4-ic3 4,150,Unit 1 Assessment Plan U1-S4-IC3; Hewitt 2.5 equilibrium rule $\Sigma F=0$ applied to constant velocity and missing-force reasoning; existing Bank family retained.
U1-S4-PRACTICE-SET-3-021,Practice Set 3,1.4,U1-S4-IC3,,U1-MG03,I can use the equilibrium rule to analyze objects with zero net force.,I can apply the equilibrium rule ($\Sigma F = 0$) to simple force situations and explain why constant velocity means equilibrium.,2,practice_u1-s4-ic3_5,practice set 3-scenario-5,constructed_response,prose/data,instructional,,practice u1-s4-ic3 5,150,Unit 1 Assessment Plan U1-S4-IC3; Hewitt 2.5 equilibrium rule $\Sigma F=0$ applied to constant velocity and missing-force reasoning; existing Bank family retained.
U1-S4-PRACTICE-SET-3-022,Practice Set 3,1.4,U1-S4-IC3,,U1-MG03,I can use the equilibrium rule to analyze objects with zero net force.,I can apply the equilibrium rule ($\Sigma F = 0$) to simple force situations and explain why constant velocity means equilibrium.,2,practice_u1-s4-ic3_6,practice set 3-scenario-6,constructed_response,prose/data,instructional,,practice u1-s4-ic3 6,150,Unit 1 Assessment Plan U1-S4-IC3; Hewitt 2.5 equilibrium rule $\Sigma F=0$ applied to constant velocity and missing-force reasoning; existing Bank family retained.
U1-S4-PRACTICE-SET-3-023,Practice Set 3,1.4,U1-S4-IC3,,U1-MG03,I can use the equilibrium rule to analyze objects with zero net force.,I can apply the equilibrium rule ($\Sigma F = 0$) to simple force situations and explain why constant velocity means equilibrium.,2,practice_u1-s4-ic3_1,practice set 3-scenario-7,constructed_response,prose/data,instructional,,practice u1-s4-ic3 1,150,Unit 1 Assessment Plan U1-S4-IC3; Hewitt 2.5 equilibrium rule $\Sigma F=0$ applied to constant velocity and missing-force reasoning; existing Bank family retained.
U1-S4-PRACTICE-SET-3-024,Practice Set 3,1.4,U1-S4-IC3,,U1-MG03,I can use the equilibrium rule to analyze objects with zero net force.,I can apply the equilibrium rule ($\Sigma F = 0$) to simple force situations and explain why constant velocity means equilibrium.,2,practice_u1-s4-ic3_2,practice set 3-scenario-8,constructed_response,prose/data,instructional,,practice u1-s4-ic3 2,150,Unit 1 Assessment Plan U1-S4-IC3; Hewitt 2.5 equilibrium rule $\Sigma F=0$ applied to constant velocity and missing-force reasoning; existing Bank family retained.
U1-S4-EXTRA-PRACTICE-001,Extra Practice,1.4,U1-S4-IC1,,U1-MG02,I can use the equilibrium rule to analyze objects with zero net force.,I can distinguish static equilibrium from dynamic equilibrium.,2,practice_u1-s4-ic1_1,extra practice-scenario-1,constructed_response,prose/data,instructional,,practice u1-s4-ic1 1,150,Unit 1 Assessment Plan U1-S4-IC1; Hewitt 2.5 mechanical-equilibrium rule and rest/constant-motion distinction; existing Bank equilibrium family retained.
U1-S4-EXTRA-PRACTICE-002,Extra Practice,1.4,U1-S4-IC1,,U1-MG02,I can use the equilibrium rule to analyze objects with zero net force.,I can distinguish static equilibrium from dynamic equilibrium.,2,practice_u1-s4-ic1_2,extra practice-scenario-2,constructed_response,prose/data,instructional,,practice u1-s4-ic1 2,150,Unit 1 Assessment Plan U1-S4-IC1; Hewitt 2.5 mechanical-equilibrium rule and rest/constant-motion distinction; existing Bank equilibrium family retained.
U1-S4-EXTRA-PRACTICE-003,Extra Practice,1.4,U1-S4-IC1,,U1-MG02,I can use the equilibrium rule to analyze objects with zero net force.,I can distinguish static equilibrium from dynamic equilibrium.,2,practice_u1-s4-ic1_3,extra practice-scenario-3,constructed_response,prose/data,instructional,,practice u1-s4-ic1 3,150,Unit 1 Assessment Plan U1-S4-IC1; Hewitt 2.5 mechanical-equilibrium rule and rest/constant-motion distinction; existing Bank equilibrium family retained.
U1-S4-EXTRA-PRACTICE-004,Extra Practice,1.4,U1-S4-IC1,,U1-MG02,I can use the equilibrium rule to analyze objects with zero net force.,I can distinguish static equilibrium from dynamic equilibrium.,2,practice_u1-s4-ic1_4,extra practice-scenario-4,constructed_response,prose/data,instructional,,practice u1-s4-ic1 4,150,Unit 1 Assessment Plan U1-S4-IC1; Hewitt 2.5 mechanical-equilibrium rule and rest/constant-motion distinction; existing Bank equilibrium family retained.
U1-S4-EXTRA-PRACTICE-005,Extra Practice,1.4,U1-S4-IC1,,U1-MG02,I can use the equilibrium rule to analyze objects with zero net force.,I can distinguish static equilibrium from dynamic equilibrium.,2,practice_u1-s4-ic1_5,extra practice-scenario-5,constructed_response,prose/data,instructional,,practice u1-s4-ic1 5,150,Unit 1 Assessment Plan U1-S4-IC1; Hewitt 2.5 mechanical-equilibrium rule and rest/constant-motion distinction; existing Bank equilibrium family retained.
U1-S4-EXTRA-PRACTICE-006,Extra Practice,1.4,U1-S4-IC1,,U1-MG02,I can use the equilibrium rule to analyze objects with zero net force.,I can distinguish static equilibrium from dynamic equilibrium.,2,practice_u1-s4-ic1_6,extra practice-scenario-6,constructed_response,prose/data,instructional,,practice u1-s4-ic1 6,150,Unit 1 Assessment Plan U1-S4-IC1; Hewitt 2.5 mechanical-equilibrium rule and rest/constant-motion distinction; existing Bank equilibrium family retained.
U1-S4-EXTRA-PRACTICE-007,Extra Practice,1.4,U1-S4-IC2,,U1-MG02,I can use the equilibrium rule to analyze objects with zero net force.,I can explain how an object can remain at rest even when multiple forces act on it.,2,practice_u1-s4-ic2_1,extra practice-scenario-1,constructed_response,prose/data,instructional,,practice u1-s4-ic2 1,150,Unit 1 Assessment Plan U1-S4-IC2; Hewitt 2.5-2.6 resting support/tension examples; existing Bank balanced-force family retained.
U1-S4-EXTRA-PRACTICE-008,Extra Practice,1.4,U1-S4-IC2,,U1-MG02,I can use the equilibrium rule to analyze objects with zero net force.,I can explain how an object can remain at rest even when multiple forces act on it.,2,practice_u1-s4-ic2_2,extra practice-scenario-2,constructed_response,prose/data,instructional,,practice u1-s4-ic2 2,150,Unit 1 Assessment Plan U1-S4-IC2; Hewitt 2.5-2.6 resting support/tension examples; existing Bank balanced-force family retained.
U1-S4-EXTRA-PRACTICE-009,Extra Practice,1.4,U1-S4-IC2,,U1-MG02,I can use the equilibrium rule to analyze objects with zero net force.,I can explain how an object can remain at rest even when multiple forces act on it.,2,practice_u1-s4-ic2_3,extra practice-scenario-3,constructed_response,prose/data,instructional,,practice u1-s4-ic2 3,150,Unit 1 Assessment Plan U1-S4-IC2; Hewitt 2.5-2.6 resting support/tension examples; existing Bank balanced-force family retained.
U1-S4-EXTRA-PRACTICE-010,Extra Practice,1.4,U1-S4-IC2,,U1-MG02,I can use the equilibrium rule to analyze objects with zero net force.,I can explain how an object can remain at rest even when multiple forces act on it.,2,practice_u1-s4-ic2_4,extra practice-scenario-4,constructed_response,prose/data,instructional,,practice u1-s4-ic2 4,150,Unit 1 Assessment Plan U1-S4-IC2; Hewitt 2.5-2.6 resting support/tension examples; existing Bank balanced-force family retained.
U1-S4-EXTRA-PRACTICE-011,Extra Practice,1.4,U1-S4-IC2,,U1-MG02,I can use the equilibrium rule to analyze objects with zero net force.,I can explain how an object can remain at rest even when multiple forces act on it.,2,practice_u1-s4-ic2_5,extra practice-scenario-5,constructed_response,prose/data,instructional,,practice u1-s4-ic2 5,150,Unit 1 Assessment Plan U1-S4-IC2; Hewitt 2.5-2.6 resting support/tension examples; existing Bank balanced-force family retained.
U1-S4-EXTRA-PRACTICE-012,Extra Practice,1.4,U1-S4-IC2,,U1-MG02,I can use the equilibrium rule to analyze objects with zero net force.,I can explain how an object can remain at rest even when multiple forces act on it.,2,practice_u1-s4-ic2_6,extra practice-scenario-6,constructed_response,prose/data,instructional,,practice u1-s4-ic2 6,150,Unit 1 Assessment Plan U1-S4-IC2; Hewitt 2.5-2.6 resting support/tension examples; existing Bank balanced-force family retained.
U1-S4-EXTRA-PRACTICE-013,Extra Practice,1.4,U1-S4-IC2,,U1-MG02,I can use the equilibrium rule to analyze objects with zero net force.,I can explain how an object can remain at rest even when multiple forces act on it.,2,practice_u1-s4-ic2_1,extra practice-scenario-7,constructed_response,prose/data,instructional,,practice u1-s4-ic2 1,150,Unit 1 Assessment Plan U1-S4-IC2; Hewitt 2.5-2.6 resting support/tension examples; existing Bank balanced-force family retained.
U1-S4-EXTRA-PRACTICE-014,Extra Practice,1.4,U1-S4-IC2,,U1-MG02,I can use the equilibrium rule to analyze objects with zero net force.,I can explain how an object can remain at rest even when multiple forces act on it.,2,practice_u1-s4-ic2_2,extra practice-scenario-8,constructed_response,prose/data,instructional,,practice u1-s4-ic2 2,150,Unit 1 Assessment Plan U1-S4-IC2; Hewitt 2.5-2.6 resting support/tension examples; existing Bank balanced-force family retained.
U1-S4-EXTRA-PRACTICE-015,Extra Practice,1.4,U1-S4-IC2,,U1-MG02,I can use the equilibrium rule to analyze objects with zero net force.,I can explain how an object can remain at rest even when multiple forces act on it.,2,practice_u1-s4-ic2_3,extra practice-scenario-9,constructed_response,prose/data,instructional,,practice u1-s4-ic2 3,150,Unit 1 Assessment Plan U1-S4-IC2; Hewitt 2.5-2.6 resting support/tension examples; existing Bank balanced-force family retained.
U1-S4-EXTRA-PRACTICE-016,Extra Practice,1.4,U1-S4-IC3,,U1-MG03,I can use the equilibrium rule to analyze objects with zero net force.,I can apply the equilibrium rule ($\Sigma F = 0$) to simple force situations and explain why constant velocity means equilibrium.,2,practice_u1-s4-ic3_1,extra practice-scenario-1,constructed_response,prose/data,instructional,,practice u1-s4-ic3 1,150,Unit 1 Assessment Plan U1-S4-IC3; Hewitt 2.5 equilibrium rule $\Sigma F=0$ applied to constant velocity and missing-force reasoning; existing Bank family retained.
U1-S4-EXTRA-PRACTICE-017,Extra Practice,1.4,U1-S4-IC3,,U1-MG03,I can use the equilibrium rule to analyze objects with zero net force.,I can apply the equilibrium rule ($\Sigma F = 0$) to simple force situations and explain why constant velocity means equilibrium.,2,practice_u1-s4-ic3_2,extra practice-scenario-2,constructed_response,prose/data,instructional,,practice u1-s4-ic3 2,150,Unit 1 Assessment Plan U1-S4-IC3; Hewitt 2.5 equilibrium rule $\Sigma F=0$ applied to constant velocity and missing-force reasoning; existing Bank family retained.
U1-S4-EXTRA-PRACTICE-018,Extra Practice,1.4,U1-S4-IC3,,U1-MG03,I can use the equilibrium rule to analyze objects with zero net force.,I can apply the equilibrium rule ($\Sigma F = 0$) to simple force situations and explain why constant velocity means equilibrium.,2,practice_u1-s4-ic3_3,extra practice-scenario-3,constructed_response,prose/data,instructional,,practice u1-s4-ic3 3,150,Unit 1 Assessment Plan U1-S4-IC3; Hewitt 2.5 equilibrium rule $\Sigma F=0$ applied to constant velocity and missing-force reasoning; existing Bank family retained.
U1-S4-EXTRA-PRACTICE-019,Extra Practice,1.4,U1-S4-IC3,,U1-MG03,I can use the equilibrium rule to analyze objects with zero net force.,I can apply the equilibrium rule ($\Sigma F = 0$) to simple force situations and explain why constant velocity means equilibrium.,2,practice_u1-s4-ic3_4,extra practice-scenario-4,constructed_response,prose/data,instructional,,practice u1-s4-ic3 4,150,Unit 1 Assessment Plan U1-S4-IC3; Hewitt 2.5 equilibrium rule $\Sigma F=0$ applied to constant velocity and missing-force reasoning; existing Bank family retained.
U1-S4-EXTRA-PRACTICE-020,Extra Practice,1.4,U1-S4-IC3,,U1-MG03,I can use the equilibrium rule to analyze objects with zero net force.,I can apply the equilibrium rule ($\Sigma F = 0$) to simple force situations and explain why constant velocity means equilibrium.,2,practice_u1-s4-ic3_5,extra practice-scenario-5,constructed_response,prose/data,instructional,,practice u1-s4-ic3 5,150,Unit 1 Assessment Plan U1-S4-IC3; Hewitt 2.5 equilibrium rule $\Sigma F=0$ applied to constant velocity and missing-force reasoning; existing Bank family retained.
U1-S4-EXTRA-PRACTICE-021,Extra Practice,1.4,U1-S4-IC3,,U1-MG03,I can use the equilibrium rule to analyze objects with zero net force.,I can apply the equilibrium rule ($\Sigma F = 0$) to simple force situations and explain why constant velocity means equilibrium.,2,practice_u1-s4-ic3_6,extra practice-scenario-6,constructed_response,prose/data,instructional,,practice u1-s4-ic3 6,150,Unit 1 Assessment Plan U1-S4-IC3; Hewitt 2.5 equilibrium rule $\Sigma F=0$ applied to constant velocity and missing-force reasoning; existing Bank family retained.
U1-S4-EXTRA-PRACTICE-022,Extra Practice,1.4,U1-S4-IC3,,U1-MG03,I can use the equilibrium rule to analyze objects with zero net force.,I can apply the equilibrium rule ($\Sigma F = 0$) to simple force situations and explain why constant velocity means equilibrium.,2,practice_u1-s4-ic3_1,extra practice-scenario-7,constructed_response,prose/data,instructional,,practice u1-s4-ic3 1,150,Unit 1 Assessment Plan U1-S4-IC3; Hewitt 2.5 equilibrium rule $\Sigma F=0$ applied to constant velocity and missing-force reasoning; existing Bank family retained.
U1-S4-EXTRA-PRACTICE-023,Extra Practice,1.4,U1-S4-IC3,,U1-MG03,I can use the equilibrium rule to analyze objects with zero net force.,I can apply the equilibrium rule ($\Sigma F = 0$) to simple force situations and explain why constant velocity means equilibrium.,2,practice_u1-s4-ic3_2,extra practice-scenario-8,constructed_response,prose/data,instructional,,practice u1-s4-ic3 2,150,Unit 1 Assessment Plan U1-S4-IC3; Hewitt 2.5 equilibrium rule $\Sigma F=0$ applied to constant velocity and missing-force reasoning; existing Bank family retained.
U1-S4-EXTRA-PRACTICE-024,Extra Practice,1.4,U1-S4-IC3,,U1-MG03,I can use the equilibrium rule to analyze objects with zero net force.,I can apply the equilibrium rule ($\Sigma F = 0$) to simple force situations and explain why constant velocity means equilibrium.,2,practice_u1-s4-ic3_3,extra practice-scenario-9,constructed_response,prose/data,instructional,,practice u1-s4-ic3 3,150,Unit 1 Assessment Plan U1-S4-IC3; Hewitt 2.5 equilibrium rule $\Sigma F=0$ applied to constant velocity and missing-force reasoning; existing Bank family retained.
U1-S4-CYU-001,CYU,1.4,U1-S4-IC1,,U1-MG02,I can use the equilibrium rule to analyze objects with zero net force.,I can distinguish static equilibrium from dynamic equilibrium.,2,cyu_u1-s4-ic1_1,compact-section-check,constructed_response,prose/data,instructional,,cyu u1-s4-ic1 1,150,Unit 1 Assessment Plan U1-S4-IC1; Hewitt 2.5 mechanical-equilibrium rule and rest/constant-motion distinction; existing Bank equilibrium family retained.
U1-S4-CYU-002,CYU,1.4,U1-S4-IC1,,U1-MG02,I can use the equilibrium rule to analyze objects with zero net force.,I can distinguish static equilibrium from dynamic equilibrium.,2,cyu_u1-s4-ic1_2,compact-section-check,constructed_response,prose/data,instructional,,cyu u1-s4-ic1 2,150,Unit 1 Assessment Plan U1-S4-IC1; Hewitt 2.5 mechanical-equilibrium rule and rest/constant-motion distinction; existing Bank equilibrium family retained.
U1-S4-CYU-003,CYU,1.4,U1-S4-IC2,,U1-MG02,I can use the equilibrium rule to analyze objects with zero net force.,I can explain how an object can remain at rest even when multiple forces act on it.,2,cyu_u1-s4-ic2_1,compact-section-check,constructed_response,prose/data,instructional,,cyu u1-s4-ic2 1,150,Unit 1 Assessment Plan U1-S4-IC2; Hewitt 2.5-2.6 resting support/tension examples; existing Bank balanced-force family retained.
U1-S4-CYU-004,CYU,1.4,U1-S4-IC2,,U1-MG02,I can use the equilibrium rule to analyze objects with zero net force.,I can explain how an object can remain at rest even when multiple forces act on it.,2,cyu_u1-s4-ic2_2,compact-section-check,constructed_response,prose/data,instructional,,cyu u1-s4-ic2 2,150,Unit 1 Assessment Plan U1-S4-IC2; Hewitt 2.5-2.6 resting support/tension examples; existing Bank balanced-force family retained.
U1-S4-CYU-005,CYU,1.4,U1-S4-IC3,,U1-MG03,I can use the equilibrium rule to analyze objects with zero net force.,I can apply the equilibrium rule ($\Sigma F = 0$) to simple force situations and explain why constant velocity means equilibrium.,2,cyu_u1-s4-ic3_1,compact-section-check,constructed_response,prose/data,instructional,,cyu u1-s4-ic3 1,150,Unit 1 Assessment Plan U1-S4-IC3; Hewitt 2.5 equilibrium rule $\Sigma F=0$ applied to constant velocity and missing-force reasoning; existing Bank family retained.
U1-S4-CYU-006,CYU,1.4,U1-S4-IC3,,U1-MG03,I can use the equilibrium rule to analyze objects with zero net force.,I can apply the equilibrium rule ($\Sigma F = 0$) to simple force situations and explain why constant velocity means equilibrium.,2,cyu_u1-s4-ic3_2,compact-section-check,constructed_response,prose/data,instructional,,cyu u1-s4-ic3 2,150,Unit 1 Assessment Plan U1-S4-IC3; Hewitt 2.5 equilibrium rule $\Sigma F=0$ applied to constant velocity and missing-force reasoning; existing Bank family retained.
U1-S4-WARM-UP-1-001,Warm-Up 1,1.4,U1-S4-IC1,,U1-MG02,I can use the equilibrium rule to analyze objects with zero net force.,I can distinguish static equilibrium from dynamic equilibrium.,1,warmup_1_u1-s4-ic1_1,retrieval-plus-connection,constructed_response,prose/data,instructional,,warmup 1 u1-s4-ic1 1,150,Unit 1 Assessment Plan U1-S4-IC1; Hewitt 2.5 mechanical-equilibrium rule and rest/constant-motion distinction; existing Bank equilibrium family retained.
U1-S4-WARM-UP-1-002,Warm-Up 1,1.4,U1-S4-IC1,,U1-MG02,I can use the equilibrium rule to analyze objects with zero net force.,I can distinguish static equilibrium from dynamic equilibrium.,1,warmup_1_u1-s4-ic1_2,retrieval-plus-connection,constructed_response,prose/data,instructional,,warmup 1 u1-s4-ic1 2,150,Unit 1 Assessment Plan U1-S4-IC1; Hewitt 2.5 mechanical-equilibrium rule and rest/constant-motion distinction; existing Bank equilibrium family retained.
U1-S4-WARM-UP-1-003,Warm-Up 1,1.4,U1-S4-IC2,,U1-MG02,I can use the equilibrium rule to analyze objects with zero net force.,I can explain how an object can remain at rest even when multiple forces act on it.,1,warmup_1_u1-s4-ic2_3,retrieval-plus-connection,constructed_response,prose/data,instructional,,warmup 1 u1-s4-ic2 3,150,Unit 1 Assessment Plan U1-S4-IC2; Hewitt 2.5-2.6 resting support/tension examples; existing Bank balanced-force family retained.
U1-S4-WARM-UP-1-004,Warm-Up 1,1.4,U1-S4-IC3,,U1-MG03,I can use the equilibrium rule to analyze objects with zero net force.,I can apply the equilibrium rule ($\Sigma F = 0$) to simple force situations and explain why constant velocity means equilibrium.,2,warmup_1_u1-s4-ic3_4,retrieval-plus-connection,constructed_response,prose/data,instructional,,warmup 1 u1-s4-ic3 4,150,Unit 1 Assessment Plan U1-S4-IC3; Hewitt 2.5 equilibrium rule $\Sigma F=0$ applied to constant velocity and missing-force reasoning; existing Bank family retained.
U1-S4-WARM-UP-2-001,Warm-Up 2,1.4,U1-S4-IC1,,U1-MG02,I can use the equilibrium rule to analyze objects with zero net force.,I can distinguish static equilibrium from dynamic equilibrium.,1,warmup_2_u1-s4-ic1_1,retrieval-plus-connection,constructed_response,prose/data,instructional,,warmup 2 u1-s4-ic1 1,150,Unit 1 Assessment Plan U1-S4-IC1; Hewitt 2.5 mechanical-equilibrium rule and rest/constant-motion distinction; existing Bank equilibrium family retained.
U1-S4-WARM-UP-2-002,Warm-Up 2,1.4,U1-S4-IC2,,U1-MG02,I can use the equilibrium rule to analyze objects with zero net force.,I can explain how an object can remain at rest even when multiple forces act on it.,1,warmup_2_u1-s4-ic2_2,retrieval-plus-connection,constructed_response,prose/data,instructional,,warmup 2 u1-s4-ic2 2,150,Unit 1 Assessment Plan U1-S4-IC2; Hewitt 2.5-2.6 resting support/tension examples; existing Bank balanced-force family retained.
U1-S4-WARM-UP-2-003,Warm-Up 2,1.4,U1-S4-IC2,,U1-MG02,I can use the equilibrium rule to analyze objects with zero net force.,I can explain how an object can remain at rest even when multiple forces act on it.,1,warmup_2_u1-s4-ic2_3,retrieval-plus-connection,constructed_response,prose/data,instructional,,warmup 2 u1-s4-ic2 3,150,Unit 1 Assessment Plan U1-S4-IC2; Hewitt 2.5-2.6 resting support/tension examples; existing Bank balanced-force family retained.
U1-S4-WARM-UP-2-004,Warm-Up 2,1.4,U1-S4-IC3,,U1-MG03,I can use the equilibrium rule to analyze objects with zero net force.,I can apply the equilibrium rule ($\Sigma F = 0$) to simple force situations and explain why constant velocity means equilibrium.,2,warmup_2_u1-s4-ic3_4,retrieval-plus-connection,constructed_response,prose/data,instructional,,warmup 2 u1-s4-ic3 4,150,Unit 1 Assessment Plan U1-S4-IC3; Hewitt 2.5 equilibrium rule $\Sigma F=0$ applied to constant velocity and missing-force reasoning; existing Bank family retained.
U1-S4-WARM-UP-3-001,Warm-Up 3,1.4,U1-S4-IC1,,U1-MG02,I can use the equilibrium rule to analyze objects with zero net force.,I can distinguish static equilibrium from dynamic equilibrium.,1,warmup_3_u1-s4-ic1_1,retrieval-plus-connection,constructed_response,prose/data,instructional,,warmup 3 u1-s4-ic1 1,150,Unit 1 Assessment Plan U1-S4-IC1; Hewitt 2.5 mechanical-equilibrium rule and rest/constant-motion distinction; existing Bank equilibrium family retained.
U1-S4-WARM-UP-3-002,Warm-Up 3,1.4,U1-S4-IC2,,U1-MG02,I can use the equilibrium rule to analyze objects with zero net force.,I can explain how an object can remain at rest even when multiple forces act on it.,1,warmup_3_u1-s4-ic2_2,retrieval-plus-connection,constructed_response,prose/data,instructional,,warmup 3 u1-s4-ic2 2,150,Unit 1 Assessment Plan U1-S4-IC2; Hewitt 2.5-2.6 resting support/tension examples; existing Bank balanced-force family retained.
U1-S4-WARM-UP-3-003,Warm-Up 3,1.4,U1-S4-IC3,,U1-MG03,I can use the equilibrium rule to analyze objects with zero net force.,I can apply the equilibrium rule ($\Sigma F = 0$) to simple force situations and explain why constant velocity means equilibrium.,2,warmup_3_u1-s4-ic3_3,retrieval-plus-connection,constructed_response,prose/data,instructional,,warmup 3 u1-s4-ic3 3,150,Unit 1 Assessment Plan U1-S4-IC3; Hewitt 2.5 equilibrium rule $\Sigma F=0$ applied to constant velocity and missing-force reasoning; existing Bank family retained.
U1-S4-WARM-UP-3-004,Warm-Up 3,1.4,U1-S4-IC3,,U1-MG03,I can use the equilibrium rule to analyze objects with zero net force.,I can apply the equilibrium rule ($\Sigma F = 0$) to simple force situations and explain why constant velocity means equilibrium.,2,warmup_3_u1-s4-ic3_4,retrieval-plus-connection,constructed_response,prose/data,instructional,,warmup 3 u1-s4-ic3 4,150,Unit 1 Assessment Plan U1-S4-IC3; Hewitt 2.5 equilibrium rule $\Sigma F=0$ applied to constant velocity and missing-force reasoning; existing Bank family retained.
U1-S4-EXIT-TICKET-A-001,Exit Ticket A,1.4,U1-S4-IC1,,U1-MG02,I can use the equilibrium rule to analyze objects with zero net force.,I can distinguish static equilibrium from dynamic equilibrium.,2,exit_a_u1-s4-ic1_1,formative-evidence-sample,constructed_response,prose/data,formative_evidence,,short evidence sample,75,Unit 1 Assessment Plan U1-S4-IC1; Hewitt 2.5 mechanical-equilibrium rule and rest/constant-motion distinction; existing Bank equilibrium family retained.
U1-S4-EXIT-TICKET-A-002,Exit Ticket A,1.4,U1-S4-IC2,,U1-MG02,I can use the equilibrium rule to analyze objects with zero net force.,I can explain how an object can remain at rest even when multiple forces act on it.,2,exit_a_u1-s4-ic2_2,formative-evidence-sample,constructed_response,prose/data,formative_evidence,,short evidence sample,75,Unit 1 Assessment Plan U1-S4-IC2; Hewitt 2.5-2.6 resting support/tension examples; existing Bank balanced-force family retained.
U1-S4-EXIT-TICKET-A-003,Exit Ticket A,1.4,U1-S4-IC3,,U1-MG03,I can use the equilibrium rule to analyze objects with zero net force.,I can apply the equilibrium rule ($\Sigma F = 0$) to simple force situations and explain why constant velocity means equilibrium.,2,exit_a_u1-s4-ic3_3,formative-evidence-sample,constructed_response,prose/data,formative_evidence,,short evidence sample,75,Unit 1 Assessment Plan U1-S4-IC3; Hewitt 2.5 equilibrium rule $\Sigma F=0$ applied to constant velocity and missing-force reasoning; existing Bank family retained.
U1-S4-EXIT-TICKET-A-004,Exit Ticket A,1.4,U1-S4-IC3,,U1-MG03,I can use the equilibrium rule to analyze objects with zero net force.,I can apply the equilibrium rule ($\Sigma F = 0$) to simple force situations and explain why constant velocity means equilibrium.,3,exit_a_u1-s4-ic3_4,formative-evidence-sample,constructed_response,prose/data,formative_evidence,,short evidence sample,75,Unit 1 Assessment Plan U1-S4-IC3; Hewitt 2.5 equilibrium rule $\Sigma F=0$ applied to constant velocity and missing-force reasoning; existing Bank family retained.
U1-S4-EXIT-TICKET-B-001,Exit Ticket B,1.4,U1-S4-IC1,,U1-MG02,I can use the equilibrium rule to analyze objects with zero net force.,I can distinguish static equilibrium from dynamic equilibrium.,2,exit_b_u1-s4-ic1_1,formative-evidence-sample,constructed_response,prose/data,formative_evidence,,short evidence sample,75,Unit 1 Assessment Plan U1-S4-IC1; Hewitt 2.5 mechanical-equilibrium rule and rest/constant-motion distinction; existing Bank equilibrium family retained.
U1-S4-EXIT-TICKET-B-002,Exit Ticket B,1.4,U1-S4-IC2,,U1-MG02,I can use the equilibrium rule to analyze objects with zero net force.,I can explain how an object can remain at rest even when multiple forces act on it.,2,exit_b_u1-s4-ic2_2,formative-evidence-sample,constructed_response,prose/data,formative_evidence,,short evidence sample,75,Unit 1 Assessment Plan U1-S4-IC2; Hewitt 2.5-2.6 resting support/tension examples; existing Bank balanced-force family retained.
U1-S4-EXIT-TICKET-B-003,Exit Ticket B,1.4,U1-S4-IC3,,U1-MG03,I can use the equilibrium rule to analyze objects with zero net force.,I can apply the equilibrium rule ($\Sigma F = 0$) to simple force situations and explain why constant velocity means equilibrium.,2,exit_b_u1-s4-ic3_3,formative-evidence-sample,constructed_response,prose/data,formative_evidence,,short evidence sample,75,Unit 1 Assessment Plan U1-S4-IC3; Hewitt 2.5 equilibrium rule $\Sigma F=0$ applied to constant velocity and missing-force reasoning; existing Bank family retained.
U1-S4-EXIT-TICKET-B-004,Exit Ticket B,1.4,U1-S4-IC3,,U1-MG03,I can use the equilibrium rule to analyze objects with zero net force.,I can apply the equilibrium rule ($\Sigma F = 0$) to simple force situations and explain why constant velocity means equilibrium.,3,exit_b_u1-s4-ic3_4,formative-evidence-sample,constructed_response,prose/data,formative_evidence,,short evidence sample,75,Unit 1 Assessment Plan U1-S4-IC3; Hewitt 2.5 equilibrium rule $\Sigma F=0$ applied to constant velocity and missing-force reasoning; existing Bank family retained.
U1-S4-EXIT-TICKET-C-001,Exit Ticket C,1.4,U1-S4-IC1,,U1-MG02,I can use the equilibrium rule to analyze objects with zero net force.,I can distinguish static equilibrium from dynamic equilibrium.,2,exit_c_u1-s4-ic1_1,formative-evidence-sample,constructed_response,prose/data,formative_evidence,,short evidence sample,75,Unit 1 Assessment Plan U1-S4-IC1; Hewitt 2.5 mechanical-equilibrium rule and rest/constant-motion distinction; existing Bank equilibrium family retained.
U1-S4-EXIT-TICKET-C-002,Exit Ticket C,1.4,U1-S4-IC2,,U1-MG02,I can use the equilibrium rule to analyze objects with zero net force.,I can explain how an object can remain at rest even when multiple forces act on it.,2,exit_c_u1-s4-ic2_2,formative-evidence-sample,constructed_response,prose/data,formative_evidence,,short evidence sample,75,Unit 1 Assessment Plan U1-S4-IC2; Hewitt 2.5-2.6 resting support/tension examples; existing Bank balanced-force family retained.
U1-S4-EXIT-TICKET-C-003,Exit Ticket C,1.4,U1-S4-IC3,,U1-MG03,I can use the equilibrium rule to analyze objects with zero net force.,I can apply the equilibrium rule ($\Sigma F = 0$) to simple force situations and explain why constant velocity means equilibrium.,2,exit_c_u1-s4-ic3_3,formative-evidence-sample,constructed_response,prose/data,formative_evidence,,short evidence sample,75,Unit 1 Assessment Plan U1-S4-IC3; Hewitt 2.5 equilibrium rule $\Sigma F=0$ applied to constant velocity and missing-force reasoning; existing Bank family retained.
U1-S4-EXIT-TICKET-C-004,Exit Ticket C,1.4,U1-S4-IC3,,U1-MG03,I can use the equilibrium rule to analyze objects with zero net force.,I can apply the equilibrium rule ($\Sigma F = 0$) to simple force situations and explain why constant velocity means equilibrium.,3,exit_c_u1-s4-ic3_4,formative-evidence-sample,constructed_response,prose/data,formative_evidence,,short evidence sample,75,Unit 1 Assessment Plan U1-S4-IC3; Hewitt 2.5 equilibrium rule $\Sigma F=0$ applied to constant velocity and missing-force reasoning; existing Bank family retained.
U1-S5-NOTES-EXAMPLE-1-001,Notes Example 1,1.5,U1-S5-IC1,,U1-MG04,I can build and critique simple force models to explain motion and equilibrium in real-world situations.,I can draw a force diagram for a simple real-world situation.,2,notes_example_u1-s5-ic1,paired-anchor-with-changed-context,constructed_response,external figure,instructional,,notes example u1-s5-ic1,150,Unit 1 Assessment Plan U1-S5-IC1; Hewitt 2.5-2.6 support/tension scene archetypes; answer-neutral scene used for force-diagram construction.
U1-S5-NOTES-YTI-1-001,Notes YTI 1,1.5,U1-S5-IC1,,U1-MG04,I can build and critique simple force models to explain motion and equilibrium in real-world situations.,I can draw a force diagram for a simple real-world situation.,2,notes_yti_u1-s5-ic1,paired-anchor-with-changed-context,constructed_response,external figure,instructional,,notes yti u1-s5-ic1,150,Unit 1 Assessment Plan U1-S5-IC1; Hewitt 2.5-2.6 support/tension scene archetypes; answer-neutral scene used for force-diagram construction.
U1-S5-NOTES-EXAMPLE-2-001,Notes Example 2,1.5,U1-S5-IC2,,U1-MG04,I can build and critique simple force models to explain motion and equilibrium in real-world situations.,"I can identify balanced and unbalanced forces using diagrams, observations, or data.",2,notes_example_u1-s5-ic2,paired-anchor-with-changed-context,constructed_response,prose/data,instructional,,notes example u1-s5-ic2,150,Unit 1 Assessment Plan U1-S5-IC2; Hewitt 2.4-2.6 net-force/equilibrium synthesis; existing Bank balanced-vs-unbalanced family retained.
U1-S5-NOTES-YTI-2-001,Notes YTI 2,1.5,U1-S5-IC2,,U1-MG04,I can build and critique simple force models to explain motion and equilibrium in real-world situations.,"I can identify balanced and unbalanced forces using diagrams, observations, or data.",2,notes_yti_u1-s5-ic2,paired-anchor-with-changed-context,constructed_response,prose/data,instructional,,notes yti u1-s5-ic2,150,Unit 1 Assessment Plan U1-S5-IC2; Hewitt 2.4-2.6 net-force/equilibrium synthesis; existing Bank balanced-vs-unbalanced family retained.
U1-S5-NOTES-EXAMPLE-3-001,Notes Example 3,1.5,U1-S5-IC3,,U1-MG04,I can build and critique simple force models to explain motion and equilibrium in real-world situations.,I can explain how net force changes motion and critique an incorrect force model or explanation.,2,notes_example_u1-s5-ic3,paired-anchor-with-changed-context,constructed_response,prose/data,instructional,,notes example u1-s5-ic3,150,Unit 1 Assessment Plan U1-S5-IC3; Hewitt 2.3-2.6 motion/net-force/model-critique synthesis; representation and wording adapted for independent evidence.
U1-S5-NOTES-YTI-3-001,Notes YTI 3,1.5,U1-S5-IC3,,U1-MG04,I can build and critique simple force models to explain motion and equilibrium in real-world situations.,I can explain how net force changes motion and critique an incorrect force model or explanation.,2,notes_yti_u1-s5-ic3,paired-anchor-with-changed-context,constructed_response,prose/data,instructional,,notes yti u1-s5-ic3,150,Unit 1 Assessment Plan U1-S5-IC3; Hewitt 2.3-2.6 motion/net-force/model-critique synthesis; representation and wording adapted for independent evidence.
U1-S5-NOTES-EXAMPLE-4-001,Notes Example 4,1.5,U1-S5-IC3,,U1-MG04,I can build and critique simple force models to explain motion and equilibrium in real-world situations.,I can explain how net force changes motion and critique an incorrect force model or explanation.,2,notes_example_u1-s5-ic3,paired-anchor-with-changed-context,constructed_response,external figure,instructional,,notes example u1-s5-ic3,150,Unit 1 Assessment Plan U1-S5-IC3; Hewitt 2.3-2.6 motion/net-force/model-critique synthesis; representation and wording adapted for independent evidence.
U1-S5-NOTES-YTI-4-001,Notes YTI 4,1.5,U1-S5-IC3,,U1-MG04,I can build and critique simple force models to explain motion and equilibrium in real-world situations.,I can explain how net force changes motion and critique an incorrect force model or explanation.,2,notes_yti_u1-s5-ic3,paired-anchor-with-changed-context,constructed_response,prose/data,instructional,,notes yti u1-s5-ic3,150,Unit 1 Assessment Plan U1-S5-IC3; Hewitt 2.3-2.6 motion/net-force/model-critique synthesis; representation and wording adapted for independent evidence.
U1-S5-PRACTICE-SET-1-001,Practice Set 1,1.5,U1-S5-IC1,,U1-MG04,I can build and critique simple force models to explain motion and equilibrium in real-world situations.,I can draw a force diagram for a simple real-world situation.,2,practice_u1-s5-ic1_1,practice set 1-scenario-1,constructed_response,external figure,instructional,,practice u1-s5-ic1 1,150,Unit 1 Assessment Plan U1-S5-IC1; Hewitt 2.5-2.6 support/tension scene archetypes; answer-neutral scene used for force-diagram construction.
U1-S5-PRACTICE-SET-1-002,Practice Set 1,1.5,U1-S5-IC1,,U1-MG04,I can build and critique simple force models to explain motion and equilibrium in real-world situations.,I can draw a force diagram for a simple real-world situation.,2,practice_u1-s5-ic1_2,practice set 1-scenario-2,constructed_response,external figure,instructional,,practice u1-s5-ic1 2,150,Unit 1 Assessment Plan U1-S5-IC1; Hewitt 2.5-2.6 support/tension scene archetypes; answer-neutral scene used for force-diagram construction.
U1-S5-PRACTICE-SET-1-003,Practice Set 1,1.5,U1-S5-IC1,,U1-MG04,I can build and critique simple force models to explain motion and equilibrium in real-world situations.,I can draw a force diagram for a simple real-world situation.,2,practice_u1-s5-ic1_3,practice set 1-scenario-3,constructed_response,external figure,instructional,,practice u1-s5-ic1 3,150,Unit 1 Assessment Plan U1-S5-IC1; Hewitt 2.5-2.6 support/tension scene archetypes; answer-neutral scene used for force-diagram construction.
U1-S5-PRACTICE-SET-1-004,Practice Set 1,1.5,U1-S5-IC1,,U1-MG04,I can build and critique simple force models to explain motion and equilibrium in real-world situations.,I can draw a force diagram for a simple real-world situation.,2,practice_u1-s5-ic1_4,practice set 1-scenario-4,constructed_response,external figure,instructional,,practice u1-s5-ic1 4,150,Unit 1 Assessment Plan U1-S5-IC1; Hewitt 2.5-2.6 support/tension scene archetypes; answer-neutral scene used for force-diagram construction.
U1-S5-PRACTICE-SET-1-005,Practice Set 1,1.5,U1-S5-IC1,,U1-MG04,I can build and critique simple force models to explain motion and equilibrium in real-world situations.,I can draw a force diagram for a simple real-world situation.,2,practice_u1-s5-ic1_5,practice set 1-scenario-5,constructed_response,external figure,instructional,,practice u1-s5-ic1 5,150,Unit 1 Assessment Plan U1-S5-IC1; Hewitt 2.5-2.6 support/tension scene archetypes; answer-neutral scene used for force-diagram construction.
U1-S5-PRACTICE-SET-1-006,Practice Set 1,1.5,U1-S5-IC1,,U1-MG04,I can build and critique simple force models to explain motion and equilibrium in real-world situations.,I can draw a force diagram for a simple real-world situation.,2,practice_u1-s5-ic1_6,practice set 1-scenario-6,constructed_response,external figure,instructional,,practice u1-s5-ic1 6,150,Unit 1 Assessment Plan U1-S5-IC1; Hewitt 2.5-2.6 support/tension scene archetypes; answer-neutral scene used for force-diagram construction.
U1-S5-PRACTICE-SET-1-007,Practice Set 1,1.5,U1-S5-IC1,,U1-MG04,I can build and critique simple force models to explain motion and equilibrium in real-world situations.,I can draw a force diagram for a simple real-world situation.,2,practice_u1-s5-ic1_1,practice set 1-scenario-7,constructed_response,external figure,instructional,,practice u1-s5-ic1 1,150,Unit 1 Assessment Plan U1-S5-IC1; Hewitt 2.5-2.6 support/tension scene archetypes; answer-neutral scene used for force-diagram construction.
U1-S5-PRACTICE-SET-1-008,Practice Set 1,1.5,U1-S5-IC1,,U1-MG04,I can build and critique simple force models to explain motion and equilibrium in real-world situations.,I can draw a force diagram for a simple real-world situation.,2,practice_u1-s5-ic1_2,practice set 1-scenario-8,constructed_response,external figure,instructional,,practice u1-s5-ic1 2,150,Unit 1 Assessment Plan U1-S5-IC1; Hewitt 2.5-2.6 support/tension scene archetypes; answer-neutral scene used for force-diagram construction.
U1-S5-PRACTICE-SET-1-009,Practice Set 1,1.5,U1-S5-IC1,,U1-MG04,I can build and critique simple force models to explain motion and equilibrium in real-world situations.,I can draw a force diagram for a simple real-world situation.,2,practice_u1-s5-ic1_3,practice set 1-scenario-9,constructed_response,external figure,instructional,,practice u1-s5-ic1 3,150,Unit 1 Assessment Plan U1-S5-IC1; Hewitt 2.5-2.6 support/tension scene archetypes; answer-neutral scene used for force-diagram construction.
U1-S5-PRACTICE-SET-1-010,Practice Set 1,1.5,U1-S5-IC1,,U1-MG04,I can build and critique simple force models to explain motion and equilibrium in real-world situations.,I can draw a force diagram for a simple real-world situation.,2,practice_u1-s5-ic1_4,practice set 1-scenario-10,constructed_response,external figure,instructional,,practice u1-s5-ic1 4,150,Unit 1 Assessment Plan U1-S5-IC1; Hewitt 2.5-2.6 support/tension scene archetypes; answer-neutral scene used for force-diagram construction.
U1-S5-PRACTICE-SET-1-011,Practice Set 1,1.5,U1-S5-IC2,,U1-MG04,I can build and critique simple force models to explain motion and equilibrium in real-world situations.,"I can identify balanced and unbalanced forces using diagrams, observations, or data.",2,practice_u1-s5-ic2_1,practice set 1-scenario-1,constructed_response,prose/data,instructional,,practice u1-s5-ic2 1,150,Unit 1 Assessment Plan U1-S5-IC2; Hewitt 2.4-2.6 net-force/equilibrium synthesis; existing Bank balanced-vs-unbalanced family retained.
U1-S5-PRACTICE-SET-1-012,Practice Set 1,1.5,U1-S5-IC2,,U1-MG04,I can build and critique simple force models to explain motion and equilibrium in real-world situations.,"I can identify balanced and unbalanced forces using diagrams, observations, or data.",2,practice_u1-s5-ic2_2,practice set 1-scenario-2,constructed_response,prose/data,instructional,,practice u1-s5-ic2 2,150,Unit 1 Assessment Plan U1-S5-IC2; Hewitt 2.4-2.6 net-force/equilibrium synthesis; existing Bank balanced-vs-unbalanced family retained.
U1-S5-PRACTICE-SET-1-013,Practice Set 1,1.5,U1-S5-IC2,,U1-MG04,I can build and critique simple force models to explain motion and equilibrium in real-world situations.,"I can identify balanced and unbalanced forces using diagrams, observations, or data.",2,practice_u1-s5-ic2_3,practice set 1-scenario-3,constructed_response,prose/data,instructional,,practice u1-s5-ic2 3,150,Unit 1 Assessment Plan U1-S5-IC2; Hewitt 2.4-2.6 net-force/equilibrium synthesis; existing Bank balanced-vs-unbalanced family retained.
U1-S5-PRACTICE-SET-1-014,Practice Set 1,1.5,U1-S5-IC2,,U1-MG04,I can build and critique simple force models to explain motion and equilibrium in real-world situations.,"I can identify balanced and unbalanced forces using diagrams, observations, or data.",2,practice_u1-s5-ic2_4,practice set 1-scenario-4,constructed_response,prose/data,instructional,,practice u1-s5-ic2 4,150,Unit 1 Assessment Plan U1-S5-IC2; Hewitt 2.4-2.6 net-force/equilibrium synthesis; existing Bank balanced-vs-unbalanced family retained.
U1-S5-PRACTICE-SET-1-015,Practice Set 1,1.5,U1-S5-IC2,,U1-MG04,I can build and critique simple force models to explain motion and equilibrium in real-world situations.,"I can identify balanced and unbalanced forces using diagrams, observations, or data.",2,practice_u1-s5-ic2_5,practice set 1-scenario-5,constructed_response,prose/data,instructional,,practice u1-s5-ic2 5,150,Unit 1 Assessment Plan U1-S5-IC2; Hewitt 2.4-2.6 net-force/equilibrium synthesis; existing Bank balanced-vs-unbalanced family retained.
U1-S5-PRACTICE-SET-1-016,Practice Set 1,1.5,U1-S5-IC2,,U1-MG04,I can build and critique simple force models to explain motion and equilibrium in real-world situations.,"I can identify balanced and unbalanced forces using diagrams, observations, or data.",2,practice_u1-s5-ic2_6,practice set 1-scenario-6,constructed_response,prose/data,instructional,,practice u1-s5-ic2 6,150,Unit 1 Assessment Plan U1-S5-IC2; Hewitt 2.4-2.6 net-force/equilibrium synthesis; existing Bank balanced-vs-unbalanced family retained.
U1-S5-PRACTICE-SET-1-017,Practice Set 1,1.5,U1-S5-IC3,,U1-MG04,I can build and critique simple force models to explain motion and equilibrium in real-world situations.,I can explain how net force changes motion and critique an incorrect force model or explanation.,3,practice_u1-s5-ic3_1,practice set 1-scenario-1,constructed_response,external figure,instructional,,practice u1-s5-ic3 1,150,Unit 1 Assessment Plan U1-S5-IC3; Hewitt 2.3-2.6 motion/net-force/model-critique synthesis; representation and wording adapted for independent evidence.
U1-S5-PRACTICE-SET-1-018,Practice Set 1,1.5,U1-S5-IC3,,U1-MG04,I can build and critique simple force models to explain motion and equilibrium in real-world situations.,I can explain how net force changes motion and critique an incorrect force model or explanation.,3,practice_u1-s5-ic3_2,practice set 1-scenario-2,constructed_response,external figure,instructional,,practice u1-s5-ic3 2,150,Unit 1 Assessment Plan U1-S5-IC3; Hewitt 2.3-2.6 motion/net-force/model-critique synthesis; representation and wording adapted for independent evidence.
U1-S5-PRACTICE-SET-1-019,Practice Set 1,1.5,U1-S5-IC3,,U1-MG04,I can build and critique simple force models to explain motion and equilibrium in real-world situations.,I can explain how net force changes motion and critique an incorrect force model or explanation.,3,practice_u1-s5-ic3_3,practice set 1-scenario-3,constructed_response,prose/data,instructional,,practice u1-s5-ic3 3,150,Unit 1 Assessment Plan U1-S5-IC3; Hewitt 2.3-2.6 motion/net-force/model-critique synthesis; representation and wording adapted for independent evidence.
U1-S5-PRACTICE-SET-1-020,Practice Set 1,1.5,U1-S5-IC3,,U1-MG04,I can build and critique simple force models to explain motion and equilibrium in real-world situations.,I can explain how net force changes motion and critique an incorrect force model or explanation.,3,practice_u1-s5-ic3_4,practice set 1-scenario-4,constructed_response,prose/data,instructional,,practice u1-s5-ic3 4,150,Unit 1 Assessment Plan U1-S5-IC3; Hewitt 2.3-2.6 motion/net-force/model-critique synthesis; representation and wording adapted for independent evidence.
U1-S5-PRACTICE-SET-1-021,Practice Set 1,1.5,U1-S5-IC3,,U1-MG04,I can build and critique simple force models to explain motion and equilibrium in real-world situations.,I can explain how net force changes motion and critique an incorrect force model or explanation.,3,practice_u1-s5-ic3_5,practice set 1-scenario-5,constructed_response,external figure,instructional,,practice u1-s5-ic3 5,150,Unit 1 Assessment Plan U1-S5-IC3; Hewitt 2.3-2.6 motion/net-force/model-critique synthesis; representation and wording adapted for independent evidence.
U1-S5-PRACTICE-SET-1-022,Practice Set 1,1.5,U1-S5-IC3,,U1-MG04,I can build and critique simple force models to explain motion and equilibrium in real-world situations.,I can explain how net force changes motion and critique an incorrect force model or explanation.,3,practice_u1-s5-ic3_6,practice set 1-scenario-6,constructed_response,external figure,instructional,,practice u1-s5-ic3 6,150,Unit 1 Assessment Plan U1-S5-IC3; Hewitt 2.3-2.6 motion/net-force/model-critique synthesis; representation and wording adapted for independent evidence.
U1-S5-PRACTICE-SET-1-023,Practice Set 1,1.5,U1-S5-IC3,,U1-MG04,I can build and critique simple force models to explain motion and equilibrium in real-world situations.,I can explain how net force changes motion and critique an incorrect force model or explanation.,3,practice_u1-s5-ic3_1,practice set 1-scenario-7,constructed_response,prose/data,instructional,,practice u1-s5-ic3 1,150,Unit 1 Assessment Plan U1-S5-IC3; Hewitt 2.3-2.6 motion/net-force/model-critique synthesis; representation and wording adapted for independent evidence.
U1-S5-PRACTICE-SET-1-024,Practice Set 1,1.5,U1-S5-IC3,,U1-MG04,I can build and critique simple force models to explain motion and equilibrium in real-world situations.,I can explain how net force changes motion and critique an incorrect force model or explanation.,3,practice_u1-s5-ic3_2,practice set 1-scenario-8,constructed_response,prose/data,instructional,,practice u1-s5-ic3 2,150,Unit 1 Assessment Plan U1-S5-IC3; Hewitt 2.3-2.6 motion/net-force/model-critique synthesis; representation and wording adapted for independent evidence.
U1-S5-PRACTICE-SET-2-001,Practice Set 2,1.5,U1-S5-IC1,,U1-MG04,I can build and critique simple force models to explain motion and equilibrium in real-world situations.,I can draw a force diagram for a simple real-world situation.,2,practice_u1-s5-ic1_1,practice set 2-scenario-1,constructed_response,external figure,instructional,,practice u1-s5-ic1 1,150,Unit 1 Assessment Plan U1-S5-IC1; Hewitt 2.5-2.6 support/tension scene archetypes; answer-neutral scene used for force-diagram construction.
U1-S5-PRACTICE-SET-2-002,Practice Set 2,1.5,U1-S5-IC1,,U1-MG04,I can build and critique simple force models to explain motion and equilibrium in real-world situations.,I can draw a force diagram for a simple real-world situation.,2,practice_u1-s5-ic1_2,practice set 2-scenario-2,constructed_response,external figure,instructional,,practice u1-s5-ic1 2,150,Unit 1 Assessment Plan U1-S5-IC1; Hewitt 2.5-2.6 support/tension scene archetypes; answer-neutral scene used for force-diagram construction.
U1-S5-PRACTICE-SET-2-003,Practice Set 2,1.5,U1-S5-IC1,,U1-MG04,I can build and critique simple force models to explain motion and equilibrium in real-world situations.,I can draw a force diagram for a simple real-world situation.,2,practice_u1-s5-ic1_3,practice set 2-scenario-3,constructed_response,external figure,instructional,,practice u1-s5-ic1 3,150,Unit 1 Assessment Plan U1-S5-IC1; Hewitt 2.5-2.6 support/tension scene archetypes; answer-neutral scene used for force-diagram construction.
U1-S5-PRACTICE-SET-2-004,Practice Set 2,1.5,U1-S5-IC1,,U1-MG04,I can build and critique simple force models to explain motion and equilibrium in real-world situations.,I can draw a force diagram for a simple real-world situation.,2,practice_u1-s5-ic1_4,practice set 2-scenario-4,constructed_response,external figure,instructional,,practice u1-s5-ic1 4,150,Unit 1 Assessment Plan U1-S5-IC1; Hewitt 2.5-2.6 support/tension scene archetypes; answer-neutral scene used for force-diagram construction.
U1-S5-PRACTICE-SET-2-005,Practice Set 2,1.5,U1-S5-IC1,,U1-MG04,I can build and critique simple force models to explain motion and equilibrium in real-world situations.,I can draw a force diagram for a simple real-world situation.,2,practice_u1-s5-ic1_5,practice set 2-scenario-5,constructed_response,external figure,instructional,,practice u1-s5-ic1 5,150,Unit 1 Assessment Plan U1-S5-IC1; Hewitt 2.5-2.6 support/tension scene archetypes; answer-neutral scene used for force-diagram construction.
U1-S5-PRACTICE-SET-2-006,Practice Set 2,1.5,U1-S5-IC1,,U1-MG04,I can build and critique simple force models to explain motion and equilibrium in real-world situations.,I can draw a force diagram for a simple real-world situation.,2,practice_u1-s5-ic1_6,practice set 2-scenario-6,constructed_response,external figure,instructional,,practice u1-s5-ic1 6,150,Unit 1 Assessment Plan U1-S5-IC1; Hewitt 2.5-2.6 support/tension scene archetypes; answer-neutral scene used for force-diagram construction.
U1-S5-PRACTICE-SET-2-007,Practice Set 2,1.5,U1-S5-IC1,,U1-MG04,I can build and critique simple force models to explain motion and equilibrium in real-world situations.,I can draw a force diagram for a simple real-world situation.,2,practice_u1-s5-ic1_1,practice set 2-scenario-7,constructed_response,external figure,instructional,,practice u1-s5-ic1 1,150,Unit 1 Assessment Plan U1-S5-IC1; Hewitt 2.5-2.6 support/tension scene archetypes; answer-neutral scene used for force-diagram construction.
U1-S5-PRACTICE-SET-2-008,Practice Set 2,1.5,U1-S5-IC1,,U1-MG04,I can build and critique simple force models to explain motion and equilibrium in real-world situations.,I can draw a force diagram for a simple real-world situation.,2,practice_u1-s5-ic1_2,practice set 2-scenario-8,constructed_response,external figure,instructional,,practice u1-s5-ic1 2,150,Unit 1 Assessment Plan U1-S5-IC1; Hewitt 2.5-2.6 support/tension scene archetypes; answer-neutral scene used for force-diagram construction.
U1-S5-PRACTICE-SET-2-009,Practice Set 2,1.5,U1-S5-IC1,,U1-MG04,I can build and critique simple force models to explain motion and equilibrium in real-world situations.,I can draw a force diagram for a simple real-world situation.,2,practice_u1-s5-ic1_3,practice set 2-scenario-9,constructed_response,external figure,instructional,,practice u1-s5-ic1 3,150,Unit 1 Assessment Plan U1-S5-IC1; Hewitt 2.5-2.6 support/tension scene archetypes; answer-neutral scene used for force-diagram construction.
U1-S5-PRACTICE-SET-2-010,Practice Set 2,1.5,U1-S5-IC2,,U1-MG04,I can build and critique simple force models to explain motion and equilibrium in real-world situations.,"I can identify balanced and unbalanced forces using diagrams, observations, or data.",2,practice_u1-s5-ic2_1,practice set 2-scenario-1,constructed_response,prose/data,instructional,,practice u1-s5-ic2 1,150,Unit 1 Assessment Plan U1-S5-IC2; Hewitt 2.4-2.6 net-force/equilibrium synthesis; existing Bank balanced-vs-unbalanced family retained.
U1-S5-PRACTICE-SET-2-011,Practice Set 2,1.5,U1-S5-IC2,,U1-MG04,I can build and critique simple force models to explain motion and equilibrium in real-world situations.,"I can identify balanced and unbalanced forces using diagrams, observations, or data.",2,practice_u1-s5-ic2_2,practice set 2-scenario-2,constructed_response,prose/data,instructional,,practice u1-s5-ic2 2,150,Unit 1 Assessment Plan U1-S5-IC2; Hewitt 2.4-2.6 net-force/equilibrium synthesis; existing Bank balanced-vs-unbalanced family retained.
U1-S5-PRACTICE-SET-2-012,Practice Set 2,1.5,U1-S5-IC2,,U1-MG04,I can build and critique simple force models to explain motion and equilibrium in real-world situations.,"I can identify balanced and unbalanced forces using diagrams, observations, or data.",2,practice_u1-s5-ic2_3,practice set 2-scenario-3,constructed_response,prose/data,instructional,,practice u1-s5-ic2 3,150,Unit 1 Assessment Plan U1-S5-IC2; Hewitt 2.4-2.6 net-force/equilibrium synthesis; existing Bank balanced-vs-unbalanced family retained.
U1-S5-PRACTICE-SET-2-013,Practice Set 2,1.5,U1-S5-IC2,,U1-MG04,I can build and critique simple force models to explain motion and equilibrium in real-world situations.,"I can identify balanced and unbalanced forces using diagrams, observations, or data.",2,practice_u1-s5-ic2_4,practice set 2-scenario-4,constructed_response,prose/data,instructional,,practice u1-s5-ic2 4,150,Unit 1 Assessment Plan U1-S5-IC2; Hewitt 2.4-2.6 net-force/equilibrium synthesis; existing Bank balanced-vs-unbalanced family retained.
U1-S5-PRACTICE-SET-2-014,Practice Set 2,1.5,U1-S5-IC2,,U1-MG04,I can build and critique simple force models to explain motion and equilibrium in real-world situations.,"I can identify balanced and unbalanced forces using diagrams, observations, or data.",2,practice_u1-s5-ic2_5,practice set 2-scenario-5,constructed_response,prose/data,instructional,,practice u1-s5-ic2 5,150,Unit 1 Assessment Plan U1-S5-IC2; Hewitt 2.4-2.6 net-force/equilibrium synthesis; existing Bank balanced-vs-unbalanced family retained.
U1-S5-PRACTICE-SET-2-015,Practice Set 2,1.5,U1-S5-IC2,,U1-MG04,I can build and critique simple force models to explain motion and equilibrium in real-world situations.,"I can identify balanced and unbalanced forces using diagrams, observations, or data.",2,practice_u1-s5-ic2_6,practice set 2-scenario-6,constructed_response,prose/data,instructional,,practice u1-s5-ic2 6,150,Unit 1 Assessment Plan U1-S5-IC2; Hewitt 2.4-2.6 net-force/equilibrium synthesis; existing Bank balanced-vs-unbalanced family retained.
U1-S5-PRACTICE-SET-2-016,Practice Set 2,1.5,U1-S5-IC2,,U1-MG04,I can build and critique simple force models to explain motion and equilibrium in real-world situations.,"I can identify balanced and unbalanced forces using diagrams, observations, or data.",2,practice_u1-s5-ic2_1,practice set 2-scenario-7,constructed_response,prose/data,instructional,,practice u1-s5-ic2 1,150,Unit 1 Assessment Plan U1-S5-IC2; Hewitt 2.4-2.6 net-force/equilibrium synthesis; existing Bank balanced-vs-unbalanced family retained.
U1-S5-PRACTICE-SET-2-017,Practice Set 2,1.5,U1-S5-IC3,,U1-MG04,I can build and critique simple force models to explain motion and equilibrium in real-world situations.,I can explain how net force changes motion and critique an incorrect force model or explanation.,3,practice_u1-s5-ic3_1,practice set 2-scenario-1,constructed_response,external figure,instructional,,practice u1-s5-ic3 1,150,Unit 1 Assessment Plan U1-S5-IC3; Hewitt 2.3-2.6 motion/net-force/model-critique synthesis; representation and wording adapted for independent evidence.
U1-S5-PRACTICE-SET-2-018,Practice Set 2,1.5,U1-S5-IC3,,U1-MG04,I can build and critique simple force models to explain motion and equilibrium in real-world situations.,I can explain how net force changes motion and critique an incorrect force model or explanation.,3,practice_u1-s5-ic3_2,practice set 2-scenario-2,constructed_response,external figure,instructional,,practice u1-s5-ic3 2,150,Unit 1 Assessment Plan U1-S5-IC3; Hewitt 2.3-2.6 motion/net-force/model-critique synthesis; representation and wording adapted for independent evidence.
U1-S5-PRACTICE-SET-2-019,Practice Set 2,1.5,U1-S5-IC3,,U1-MG04,I can build and critique simple force models to explain motion and equilibrium in real-world situations.,I can explain how net force changes motion and critique an incorrect force model or explanation.,3,practice_u1-s5-ic3_3,practice set 2-scenario-3,constructed_response,prose/data,instructional,,practice u1-s5-ic3 3,150,Unit 1 Assessment Plan U1-S5-IC3; Hewitt 2.3-2.6 motion/net-force/model-critique synthesis; representation and wording adapted for independent evidence.
U1-S5-PRACTICE-SET-2-020,Practice Set 2,1.5,U1-S5-IC3,,U1-MG04,I can build and critique simple force models to explain motion and equilibrium in real-world situations.,I can explain how net force changes motion and critique an incorrect force model or explanation.,3,practice_u1-s5-ic3_4,practice set 2-scenario-4,constructed_response,prose/data,instructional,,practice u1-s5-ic3 4,150,Unit 1 Assessment Plan U1-S5-IC3; Hewitt 2.3-2.6 motion/net-force/model-critique synthesis; representation and wording adapted for independent evidence.
U1-S5-PRACTICE-SET-2-021,Practice Set 2,1.5,U1-S5-IC3,,U1-MG04,I can build and critique simple force models to explain motion and equilibrium in real-world situations.,I can explain how net force changes motion and critique an incorrect force model or explanation.,3,practice_u1-s5-ic3_5,practice set 2-scenario-5,constructed_response,prose/data,instructional,,practice u1-s5-ic3 5,150,Unit 1 Assessment Plan U1-S5-IC3; Hewitt 2.3-2.6 motion/net-force/model-critique synthesis; representation and wording adapted for independent evidence.
U1-S5-PRACTICE-SET-2-022,Practice Set 2,1.5,U1-S5-IC3,,U1-MG04,I can build and critique simple force models to explain motion and equilibrium in real-world situations.,I can explain how net force changes motion and critique an incorrect force model or explanation.,3,practice_u1-s5-ic3_6,practice set 2-scenario-6,constructed_response,prose/data,instructional,,practice u1-s5-ic3 6,150,Unit 1 Assessment Plan U1-S5-IC3; Hewitt 2.3-2.6 motion/net-force/model-critique synthesis; representation and wording adapted for independent evidence.
U1-S5-PRACTICE-SET-2-023,Practice Set 2,1.5,U1-S5-IC3,,U1-MG04,I can build and critique simple force models to explain motion and equilibrium in real-world situations.,I can explain how net force changes motion and critique an incorrect force model or explanation.,3,practice_u1-s5-ic3_1,practice set 2-scenario-7,constructed_response,prose/data,instructional,,practice u1-s5-ic3 1,150,Unit 1 Assessment Plan U1-S5-IC3; Hewitt 2.3-2.6 motion/net-force/model-critique synthesis; representation and wording adapted for independent evidence.
U1-S5-PRACTICE-SET-2-024,Practice Set 2,1.5,U1-S5-IC3,,U1-MG04,I can build and critique simple force models to explain motion and equilibrium in real-world situations.,I can explain how net force changes motion and critique an incorrect force model or explanation.,3,practice_u1-s5-ic3_2,practice set 2-scenario-8,constructed_response,prose/data,instructional,,practice u1-s5-ic3 2,150,Unit 1 Assessment Plan U1-S5-IC3; Hewitt 2.3-2.6 motion/net-force/model-critique synthesis; representation and wording adapted for independent evidence.
U1-S5-PRACTICE-SET-3-001,Practice Set 3,1.5,U1-S5-IC1,,U1-MG04,I can build and critique simple force models to explain motion and equilibrium in real-world situations.,I can draw a force diagram for a simple real-world situation.,2,practice_u1-s5-ic1_1,practice set 3-scenario-1,constructed_response,external figure,instructional,,practice u1-s5-ic1 1,150,Unit 1 Assessment Plan U1-S5-IC1; Hewitt 2.5-2.6 support/tension scene archetypes; answer-neutral scene used for force-diagram construction.
U1-S5-PRACTICE-SET-3-002,Practice Set 3,1.5,U1-S5-IC1,,U1-MG04,I can build and critique simple force models to explain motion and equilibrium in real-world situations.,I can draw a force diagram for a simple real-world situation.,2,practice_u1-s5-ic1_2,practice set 3-scenario-2,constructed_response,external figure,instructional,,practice u1-s5-ic1 2,150,Unit 1 Assessment Plan U1-S5-IC1; Hewitt 2.5-2.6 support/tension scene archetypes; answer-neutral scene used for force-diagram construction.
U1-S5-PRACTICE-SET-3-003,Practice Set 3,1.5,U1-S5-IC1,,U1-MG04,I can build and critique simple force models to explain motion and equilibrium in real-world situations.,I can draw a force diagram for a simple real-world situation.,2,practice_u1-s5-ic1_3,practice set 3-scenario-3,constructed_response,external figure,instructional,,practice u1-s5-ic1 3,150,Unit 1 Assessment Plan U1-S5-IC1; Hewitt 2.5-2.6 support/tension scene archetypes; answer-neutral scene used for force-diagram construction.
U1-S5-PRACTICE-SET-3-004,Practice Set 3,1.5,U1-S5-IC1,,U1-MG04,I can build and critique simple force models to explain motion and equilibrium in real-world situations.,I can draw a force diagram for a simple real-world situation.,2,practice_u1-s5-ic1_4,practice set 3-scenario-4,constructed_response,external figure,instructional,,practice u1-s5-ic1 4,150,Unit 1 Assessment Plan U1-S5-IC1; Hewitt 2.5-2.6 support/tension scene archetypes; answer-neutral scene used for force-diagram construction.
U1-S5-PRACTICE-SET-3-005,Practice Set 3,1.5,U1-S5-IC1,,U1-MG04,I can build and critique simple force models to explain motion and equilibrium in real-world situations.,I can draw a force diagram for a simple real-world situation.,2,practice_u1-s5-ic1_5,practice set 3-scenario-5,constructed_response,external figure,instructional,,practice u1-s5-ic1 5,150,Unit 1 Assessment Plan U1-S5-IC1; Hewitt 2.5-2.6 support/tension scene archetypes; answer-neutral scene used for force-diagram construction.
U1-S5-PRACTICE-SET-3-006,Practice Set 3,1.5,U1-S5-IC1,,U1-MG04,I can build and critique simple force models to explain motion and equilibrium in real-world situations.,I can draw a force diagram for a simple real-world situation.,2,practice_u1-s5-ic1_6,practice set 3-scenario-6,constructed_response,external figure,instructional,,practice u1-s5-ic1 6,150,Unit 1 Assessment Plan U1-S5-IC1; Hewitt 2.5-2.6 support/tension scene archetypes; answer-neutral scene used for force-diagram construction.
U1-S5-PRACTICE-SET-3-007,Practice Set 3,1.5,U1-S5-IC1,,U1-MG04,I can build and critique simple force models to explain motion and equilibrium in real-world situations.,I can draw a force diagram for a simple real-world situation.,2,practice_u1-s5-ic1_1,practice set 3-scenario-7,constructed_response,external figure,instructional,,practice u1-s5-ic1 1,150,Unit 1 Assessment Plan U1-S5-IC1; Hewitt 2.5-2.6 support/tension scene archetypes; answer-neutral scene used for force-diagram construction.
U1-S5-PRACTICE-SET-3-008,Practice Set 3,1.5,U1-S5-IC1,,U1-MG04,I can build and critique simple force models to explain motion and equilibrium in real-world situations.,I can draw a force diagram for a simple real-world situation.,2,practice_u1-s5-ic1_2,practice set 3-scenario-8,constructed_response,external figure,instructional,,practice u1-s5-ic1 2,150,Unit 1 Assessment Plan U1-S5-IC1; Hewitt 2.5-2.6 support/tension scene archetypes; answer-neutral scene used for force-diagram construction.
U1-S5-PRACTICE-SET-3-009,Practice Set 3,1.5,U1-S5-IC2,,U1-MG04,I can build and critique simple force models to explain motion and equilibrium in real-world situations.,"I can identify balanced and unbalanced forces using diagrams, observations, or data.",2,practice_u1-s5-ic2_1,practice set 3-scenario-1,constructed_response,prose/data,instructional,,practice u1-s5-ic2 1,150,Unit 1 Assessment Plan U1-S5-IC2; Hewitt 2.4-2.6 net-force/equilibrium synthesis; existing Bank balanced-vs-unbalanced family retained.
U1-S5-PRACTICE-SET-3-010,Practice Set 3,1.5,U1-S5-IC2,,U1-MG04,I can build and critique simple force models to explain motion and equilibrium in real-world situations.,"I can identify balanced and unbalanced forces using diagrams, observations, or data.",2,practice_u1-s5-ic2_2,practice set 3-scenario-2,constructed_response,prose/data,instructional,,practice u1-s5-ic2 2,150,Unit 1 Assessment Plan U1-S5-IC2; Hewitt 2.4-2.6 net-force/equilibrium synthesis; existing Bank balanced-vs-unbalanced family retained.
U1-S5-PRACTICE-SET-3-011,Practice Set 3,1.5,U1-S5-IC2,,U1-MG04,I can build and critique simple force models to explain motion and equilibrium in real-world situations.,"I can identify balanced and unbalanced forces using diagrams, observations, or data.",2,practice_u1-s5-ic2_3,practice set 3-scenario-3,constructed_response,prose/data,instructional,,practice u1-s5-ic2 3,150,Unit 1 Assessment Plan U1-S5-IC2; Hewitt 2.4-2.6 net-force/equilibrium synthesis; existing Bank balanced-vs-unbalanced family retained.
U1-S5-PRACTICE-SET-3-012,Practice Set 3,1.5,U1-S5-IC2,,U1-MG04,I can build and critique simple force models to explain motion and equilibrium in real-world situations.,"I can identify balanced and unbalanced forces using diagrams, observations, or data.",2,practice_u1-s5-ic2_4,practice set 3-scenario-4,constructed_response,prose/data,instructional,,practice u1-s5-ic2 4,150,Unit 1 Assessment Plan U1-S5-IC2; Hewitt 2.4-2.6 net-force/equilibrium synthesis; existing Bank balanced-vs-unbalanced family retained.
U1-S5-PRACTICE-SET-3-013,Practice Set 3,1.5,U1-S5-IC2,,U1-MG04,I can build and critique simple force models to explain motion and equilibrium in real-world situations.,"I can identify balanced and unbalanced forces using diagrams, observations, or data.",2,practice_u1-s5-ic2_5,practice set 3-scenario-5,constructed_response,prose/data,instructional,,practice u1-s5-ic2 5,150,Unit 1 Assessment Plan U1-S5-IC2; Hewitt 2.4-2.6 net-force/equilibrium synthesis; existing Bank balanced-vs-unbalanced family retained.
U1-S5-PRACTICE-SET-3-014,Practice Set 3,1.5,U1-S5-IC3,,U1-MG04,I can build and critique simple force models to explain motion and equilibrium in real-world situations.,I can explain how net force changes motion and critique an incorrect force model or explanation.,3,practice_u1-s5-ic3_1,practice set 3-scenario-1,constructed_response,prose/data,instructional,,practice u1-s5-ic3 1,150,Unit 1 Assessment Plan U1-S5-IC3; Hewitt 2.3-2.6 motion/net-force/model-critique synthesis; representation and wording adapted for independent evidence.
U1-S5-PRACTICE-SET-3-015,Practice Set 3,1.5,U1-S5-IC3,,U1-MG04,I can build and critique simple force models to explain motion and equilibrium in real-world situations.,I can explain how net force changes motion and critique an incorrect force model or explanation.,3,practice_u1-s5-ic3_2,practice set 3-scenario-2,constructed_response,prose/data,instructional,,practice u1-s5-ic3 2,150,Unit 1 Assessment Plan U1-S5-IC3; Hewitt 2.3-2.6 motion/net-force/model-critique synthesis; representation and wording adapted for independent evidence.
U1-S5-PRACTICE-SET-3-016,Practice Set 3,1.5,U1-S5-IC3,,U1-MG04,I can build and critique simple force models to explain motion and equilibrium in real-world situations.,I can explain how net force changes motion and critique an incorrect force model or explanation.,3,practice_u1-s5-ic3_3,practice set 3-scenario-3,constructed_response,prose/data,instructional,,practice u1-s5-ic3 3,150,Unit 1 Assessment Plan U1-S5-IC3; Hewitt 2.3-2.6 motion/net-force/model-critique synthesis; representation and wording adapted for independent evidence.
U1-S5-PRACTICE-SET-3-017,Practice Set 3,1.5,U1-S5-IC3,,U1-MG04,I can build and critique simple force models to explain motion and equilibrium in real-world situations.,I can explain how net force changes motion and critique an incorrect force model or explanation.,3,practice_u1-s5-ic3_4,practice set 3-scenario-4,constructed_response,prose/data,instructional,,practice u1-s5-ic3 4,150,Unit 1 Assessment Plan U1-S5-IC3; Hewitt 2.3-2.6 motion/net-force/model-critique synthesis; representation and wording adapted for independent evidence.
U1-S5-PRACTICE-SET-3-018,Practice Set 3,1.5,U1-S5-IC3,,U1-MG04,I can build and critique simple force models to explain motion and equilibrium in real-world situations.,I can explain how net force changes motion and critique an incorrect force model or explanation.,3,practice_u1-s5-ic3_5,practice set 3-scenario-5,constructed_response,external figure,instructional,,practice u1-s5-ic3 5,150,Unit 1 Assessment Plan U1-S5-IC3; Hewitt 2.3-2.6 motion/net-force/model-critique synthesis; representation and wording adapted for independent evidence.
U1-S5-PRACTICE-SET-3-019,Practice Set 3,1.5,U1-S5-IC3,,U1-MG04,I can build and critique simple force models to explain motion and equilibrium in real-world situations.,I can explain how net force changes motion and critique an incorrect force model or explanation.,3,practice_u1-s5-ic3_6,practice set 3-scenario-6,constructed_response,external figure,instructional,,practice u1-s5-ic3 6,150,Unit 1 Assessment Plan U1-S5-IC3; Hewitt 2.3-2.6 motion/net-force/model-critique synthesis; representation and wording adapted for independent evidence.
U1-S5-PRACTICE-SET-3-020,Practice Set 3,1.5,U1-S5-IC3,,U1-MG04,I can build and critique simple force models to explain motion and equilibrium in real-world situations.,I can explain how net force changes motion and critique an incorrect force model or explanation.,3,practice_u1-s5-ic3_1,practice set 3-scenario-7,constructed_response,prose/data,instructional,,practice u1-s5-ic3 1,150,Unit 1 Assessment Plan U1-S5-IC3; Hewitt 2.3-2.6 motion/net-force/model-critique synthesis; representation and wording adapted for independent evidence.
U1-S5-PRACTICE-SET-3-021,Practice Set 3,1.5,U1-S5-IC3,,U1-MG04,I can build and critique simple force models to explain motion and equilibrium in real-world situations.,I can explain how net force changes motion and critique an incorrect force model or explanation.,3,practice_u1-s5-ic3_2,practice set 3-scenario-8,constructed_response,prose/data,instructional,,practice u1-s5-ic3 2,150,Unit 1 Assessment Plan U1-S5-IC3; Hewitt 2.3-2.6 motion/net-force/model-critique synthesis; representation and wording adapted for independent evidence.
U1-S5-PRACTICE-SET-3-022,Practice Set 3,1.5,U1-S5-IC3,,U1-MG04,I can build and critique simple force models to explain motion and equilibrium in real-world situations.,I can explain how net force changes motion and critique an incorrect force model or explanation.,3,practice_u1-s5-ic3_3,practice set 3-scenario-9,constructed_response,external figure,instructional,,practice u1-s5-ic3 3,150,Unit 1 Assessment Plan U1-S5-IC3; Hewitt 2.3-2.6 motion/net-force/model-critique synthesis; representation and wording adapted for independent evidence.
U1-S5-PRACTICE-SET-3-023,Practice Set 3,1.5,U1-S5-IC3,,U1-MG04,I can build and critique simple force models to explain motion and equilibrium in real-world situations.,I can explain how net force changes motion and critique an incorrect force model or explanation.,3,practice_u1-s5-ic3_4,practice set 3-scenario-10,constructed_response,external figure,instructional,,practice u1-s5-ic3 4,150,Unit 1 Assessment Plan U1-S5-IC3; Hewitt 2.3-2.6 motion/net-force/model-critique synthesis; representation and wording adapted for independent evidence.
U1-S5-PRACTICE-SET-3-024,Practice Set 3,1.5,U1-S5-IC3,,U1-MG04,I can build and critique simple force models to explain motion and equilibrium in real-world situations.,I can explain how net force changes motion and critique an incorrect force model or explanation.,3,practice_u1-s5-ic3_5,practice set 3-scenario-11,constructed_response,prose/data,instructional,,practice u1-s5-ic3 5,150,Unit 1 Assessment Plan U1-S5-IC3; Hewitt 2.3-2.6 motion/net-force/model-critique synthesis; representation and wording adapted for independent evidence.
U1-S5-EXTRA-PRACTICE-001,Extra Practice,1.5,U1-S5-IC1,,U1-MG04,I can build and critique simple force models to explain motion and equilibrium in real-world situations.,I can draw a force diagram for a simple real-world situation.,2,practice_u1-s5-ic1_1,extra practice-scenario-1,constructed_response,external figure,instructional,,practice u1-s5-ic1 1,150,Unit 1 Assessment Plan U1-S5-IC1; Hewitt 2.5-2.6 support/tension scene archetypes; answer-neutral scene used for force-diagram construction.
U1-S5-EXTRA-PRACTICE-002,Extra Practice,1.5,U1-S5-IC1,,U1-MG04,I can build and critique simple force models to explain motion and equilibrium in real-world situations.,I can draw a force diagram for a simple real-world situation.,2,practice_u1-s5-ic1_2,extra practice-scenario-2,constructed_response,external figure,instructional,,practice u1-s5-ic1 2,150,Unit 1 Assessment Plan U1-S5-IC1; Hewitt 2.5-2.6 support/tension scene archetypes; answer-neutral scene used for force-diagram construction.
U1-S5-EXTRA-PRACTICE-003,Extra Practice,1.5,U1-S5-IC1,,U1-MG04,I can build and critique simple force models to explain motion and equilibrium in real-world situations.,I can draw a force diagram for a simple real-world situation.,2,practice_u1-s5-ic1_3,extra practice-scenario-3,constructed_response,external figure,instructional,,practice u1-s5-ic1 3,150,Unit 1 Assessment Plan U1-S5-IC1; Hewitt 2.5-2.6 support/tension scene archetypes; answer-neutral scene used for force-diagram construction.
U1-S5-EXTRA-PRACTICE-004,Extra Practice,1.5,U1-S5-IC1,,U1-MG04,I can build and critique simple force models to explain motion and equilibrium in real-world situations.,I can draw a force diagram for a simple real-world situation.,2,practice_u1-s5-ic1_4,extra practice-scenario-4,constructed_response,external figure,instructional,,practice u1-s5-ic1 4,150,Unit 1 Assessment Plan U1-S5-IC1; Hewitt 2.5-2.6 support/tension scene archetypes; answer-neutral scene used for force-diagram construction.
U1-S5-EXTRA-PRACTICE-005,Extra Practice,1.5,U1-S5-IC1,,U1-MG04,I can build and critique simple force models to explain motion and equilibrium in real-world situations.,I can draw a force diagram for a simple real-world situation.,2,practice_u1-s5-ic1_5,extra practice-scenario-5,constructed_response,external figure,instructional,,practice u1-s5-ic1 5,150,Unit 1 Assessment Plan U1-S5-IC1; Hewitt 2.5-2.6 support/tension scene archetypes; answer-neutral scene used for force-diagram construction.
U1-S5-EXTRA-PRACTICE-006,Extra Practice,1.5,U1-S5-IC1,,U1-MG04,I can build and critique simple force models to explain motion and equilibrium in real-world situations.,I can draw a force diagram for a simple real-world situation.,2,practice_u1-s5-ic1_6,extra practice-scenario-6,constructed_response,external figure,instructional,,practice u1-s5-ic1 6,150,Unit 1 Assessment Plan U1-S5-IC1; Hewitt 2.5-2.6 support/tension scene archetypes; answer-neutral scene used for force-diagram construction.
U1-S5-EXTRA-PRACTICE-007,Extra Practice,1.5,U1-S5-IC1,,U1-MG04,I can build and critique simple force models to explain motion and equilibrium in real-world situations.,I can draw a force diagram for a simple real-world situation.,2,practice_u1-s5-ic1_1,extra practice-scenario-7,constructed_response,external figure,instructional,,practice u1-s5-ic1 1,150,Unit 1 Assessment Plan U1-S5-IC1; Hewitt 2.5-2.6 support/tension scene archetypes; answer-neutral scene used for force-diagram construction.
U1-S5-EXTRA-PRACTICE-008,Extra Practice,1.5,U1-S5-IC2,,U1-MG04,I can build and critique simple force models to explain motion and equilibrium in real-world situations.,"I can identify balanced and unbalanced forces using diagrams, observations, or data.",2,practice_u1-s5-ic2_1,extra practice-scenario-1,constructed_response,prose/data,instructional,,practice u1-s5-ic2 1,150,Unit 1 Assessment Plan U1-S5-IC2; Hewitt 2.4-2.6 net-force/equilibrium synthesis; existing Bank balanced-vs-unbalanced family retained.
U1-S5-EXTRA-PRACTICE-009,Extra Practice,1.5,U1-S5-IC2,,U1-MG04,I can build and critique simple force models to explain motion and equilibrium in real-world situations.,"I can identify balanced and unbalanced forces using diagrams, observations, or data.",2,practice_u1-s5-ic2_2,extra practice-scenario-2,constructed_response,prose/data,instructional,,practice u1-s5-ic2 2,150,Unit 1 Assessment Plan U1-S5-IC2; Hewitt 2.4-2.6 net-force/equilibrium synthesis; existing Bank balanced-vs-unbalanced family retained.
U1-S5-EXTRA-PRACTICE-010,Extra Practice,1.5,U1-S5-IC2,,U1-MG04,I can build and critique simple force models to explain motion and equilibrium in real-world situations.,"I can identify balanced and unbalanced forces using diagrams, observations, or data.",2,practice_u1-s5-ic2_3,extra practice-scenario-3,constructed_response,prose/data,instructional,,practice u1-s5-ic2 3,150,Unit 1 Assessment Plan U1-S5-IC2; Hewitt 2.4-2.6 net-force/equilibrium synthesis; existing Bank balanced-vs-unbalanced family retained.
U1-S5-EXTRA-PRACTICE-011,Extra Practice,1.5,U1-S5-IC2,,U1-MG04,I can build and critique simple force models to explain motion and equilibrium in real-world situations.,"I can identify balanced and unbalanced forces using diagrams, observations, or data.",2,practice_u1-s5-ic2_4,extra practice-scenario-4,constructed_response,prose/data,instructional,,practice u1-s5-ic2 4,150,Unit 1 Assessment Plan U1-S5-IC2; Hewitt 2.4-2.6 net-force/equilibrium synthesis; existing Bank balanced-vs-unbalanced family retained.
U1-S5-EXTRA-PRACTICE-012,Extra Practice,1.5,U1-S5-IC2,,U1-MG04,I can build and critique simple force models to explain motion and equilibrium in real-world situations.,"I can identify balanced and unbalanced forces using diagrams, observations, or data.",2,practice_u1-s5-ic2_5,extra practice-scenario-5,constructed_response,prose/data,instructional,,practice u1-s5-ic2 5,150,Unit 1 Assessment Plan U1-S5-IC2; Hewitt 2.4-2.6 net-force/equilibrium synthesis; existing Bank balanced-vs-unbalanced family retained.
U1-S5-EXTRA-PRACTICE-013,Extra Practice,1.5,U1-S5-IC2,,U1-MG04,I can build and critique simple force models to explain motion and equilibrium in real-world situations.,"I can identify balanced and unbalanced forces using diagrams, observations, or data.",2,practice_u1-s5-ic2_6,extra practice-scenario-6,constructed_response,prose/data,instructional,,practice u1-s5-ic2 6,150,Unit 1 Assessment Plan U1-S5-IC2; Hewitt 2.4-2.6 net-force/equilibrium synthesis; existing Bank balanced-vs-unbalanced family retained.
U1-S5-EXTRA-PRACTICE-014,Extra Practice,1.5,U1-S5-IC2,,U1-MG04,I can build and critique simple force models to explain motion and equilibrium in real-world situations.,"I can identify balanced and unbalanced forces using diagrams, observations, or data.",2,practice_u1-s5-ic2_1,extra practice-scenario-7,constructed_response,prose/data,instructional,,practice u1-s5-ic2 1,150,Unit 1 Assessment Plan U1-S5-IC2; Hewitt 2.4-2.6 net-force/equilibrium synthesis; existing Bank balanced-vs-unbalanced family retained.
U1-S5-EXTRA-PRACTICE-015,Extra Practice,1.5,U1-S5-IC2,,U1-MG04,I can build and critique simple force models to explain motion and equilibrium in real-world situations.,"I can identify balanced and unbalanced forces using diagrams, observations, or data.",2,practice_u1-s5-ic2_2,extra practice-scenario-8,constructed_response,prose/data,instructional,,practice u1-s5-ic2 2,150,Unit 1 Assessment Plan U1-S5-IC2; Hewitt 2.4-2.6 net-force/equilibrium synthesis; existing Bank balanced-vs-unbalanced family retained.
U1-S5-EXTRA-PRACTICE-016,Extra Practice,1.5,U1-S5-IC3,,U1-MG04,I can build and critique simple force models to explain motion and equilibrium in real-world situations.,I can explain how net force changes motion and critique an incorrect force model or explanation.,3,practice_u1-s5-ic3_1,extra practice-scenario-1,constructed_response,external figure,instructional,,practice u1-s5-ic3 1,150,Unit 1 Assessment Plan U1-S5-IC3; Hewitt 2.3-2.6 motion/net-force/model-critique synthesis; representation and wording adapted for independent evidence.
U1-S5-EXTRA-PRACTICE-017,Extra Practice,1.5,U1-S5-IC3,,U1-MG04,I can build and critique simple force models to explain motion and equilibrium in real-world situations.,I can explain how net force changes motion and critique an incorrect force model or explanation.,3,practice_u1-s5-ic3_2,extra practice-scenario-2,constructed_response,external figure,instructional,,practice u1-s5-ic3 2,150,Unit 1 Assessment Plan U1-S5-IC3; Hewitt 2.3-2.6 motion/net-force/model-critique synthesis; representation and wording adapted for independent evidence.
U1-S5-EXTRA-PRACTICE-018,Extra Practice,1.5,U1-S5-IC3,,U1-MG04,I can build and critique simple force models to explain motion and equilibrium in real-world situations.,I can explain how net force changes motion and critique an incorrect force model or explanation.,3,practice_u1-s5-ic3_3,extra practice-scenario-3,constructed_response,prose/data,instructional,,practice u1-s5-ic3 3,150,Unit 1 Assessment Plan U1-S5-IC3; Hewitt 2.3-2.6 motion/net-force/model-critique synthesis; representation and wording adapted for independent evidence.
U1-S5-EXTRA-PRACTICE-019,Extra Practice,1.5,U1-S5-IC3,,U1-MG04,I can build and critique simple force models to explain motion and equilibrium in real-world situations.,I can explain how net force changes motion and critique an incorrect force model or explanation.,3,practice_u1-s5-ic3_4,extra practice-scenario-4,constructed_response,prose/data,instructional,,practice u1-s5-ic3 4,150,Unit 1 Assessment Plan U1-S5-IC3; Hewitt 2.3-2.6 motion/net-force/model-critique synthesis; representation and wording adapted for independent evidence.
U1-S5-EXTRA-PRACTICE-020,Extra Practice,1.5,U1-S5-IC3,,U1-MG04,I can build and critique simple force models to explain motion and equilibrium in real-world situations.,I can explain how net force changes motion and critique an incorrect force model or explanation.,3,practice_u1-s5-ic3_5,extra practice-scenario-5,constructed_response,external figure,instructional,,practice u1-s5-ic3 5,150,Unit 1 Assessment Plan U1-S5-IC3; Hewitt 2.3-2.6 motion/net-force/model-critique synthesis; representation and wording adapted for independent evidence.
U1-S5-EXTRA-PRACTICE-021,Extra Practice,1.5,U1-S5-IC3,,U1-MG04,I can build and critique simple force models to explain motion and equilibrium in real-world situations.,I can explain how net force changes motion and critique an incorrect force model or explanation.,3,practice_u1-s5-ic3_6,extra practice-scenario-6,constructed_response,external figure,instructional,,practice u1-s5-ic3 6,150,Unit 1 Assessment Plan U1-S5-IC3; Hewitt 2.3-2.6 motion/net-force/model-critique synthesis; representation and wording adapted for independent evidence.
U1-S5-EXTRA-PRACTICE-022,Extra Practice,1.5,U1-S5-IC3,,U1-MG04,I can build and critique simple force models to explain motion and equilibrium in real-world situations.,I can explain how net force changes motion and critique an incorrect force model or explanation.,3,practice_u1-s5-ic3_1,extra practice-scenario-7,constructed_response,prose/data,instructional,,practice u1-s5-ic3 1,150,Unit 1 Assessment Plan U1-S5-IC3; Hewitt 2.3-2.6 motion/net-force/model-critique synthesis; representation and wording adapted for independent evidence.
U1-S5-EXTRA-PRACTICE-023,Extra Practice,1.5,U1-S5-IC3,,U1-MG04,I can build and critique simple force models to explain motion and equilibrium in real-world situations.,I can explain how net force changes motion and critique an incorrect force model or explanation.,3,practice_u1-s5-ic3_2,extra practice-scenario-8,constructed_response,prose/data,instructional,,practice u1-s5-ic3 2,150,Unit 1 Assessment Plan U1-S5-IC3; Hewitt 2.3-2.6 motion/net-force/model-critique synthesis; representation and wording adapted for independent evidence.
U1-S5-EXTRA-PRACTICE-024,Extra Practice,1.5,U1-S5-IC3,,U1-MG04,I can build and critique simple force models to explain motion and equilibrium in real-world situations.,I can explain how net force changes motion and critique an incorrect force model or explanation.,3,practice_u1-s5-ic3_3,extra practice-scenario-9,constructed_response,prose/data,instructional,,practice u1-s5-ic3 3,150,Unit 1 Assessment Plan U1-S5-IC3; Hewitt 2.3-2.6 motion/net-force/model-critique synthesis; representation and wording adapted for independent evidence.
U1-S5-CYU-001,CYU,1.5,U1-S5-IC1,,U1-MG04,I can build and critique simple force models to explain motion and equilibrium in real-world situations.,I can draw a force diagram for a simple real-world situation.,2,cyu_u1-s5-ic1_1,compact-section-check,constructed_response,external figure,instructional,,cyu u1-s5-ic1 1,150,Unit 1 Assessment Plan U1-S5-IC1; Hewitt 2.5-2.6 support/tension scene archetypes; answer-neutral scene used for force-diagram construction.
U1-S5-CYU-002,CYU,1.5,U1-S5-IC1,,U1-MG04,I can build and critique simple force models to explain motion and equilibrium in real-world situations.,I can draw a force diagram for a simple real-world situation.,2,cyu_u1-s5-ic1_2,compact-section-check,constructed_response,external figure,instructional,,cyu u1-s5-ic1 2,150,Unit 1 Assessment Plan U1-S5-IC1; Hewitt 2.5-2.6 support/tension scene archetypes; answer-neutral scene used for force-diagram construction.
U1-S5-CYU-003,CYU,1.5,U1-S5-IC2,,U1-MG04,I can build and critique simple force models to explain motion and equilibrium in real-world situations.,"I can identify balanced and unbalanced forces using diagrams, observations, or data.",2,cyu_u1-s5-ic2_1,compact-section-check,constructed_response,prose/data,instructional,,cyu u1-s5-ic2 1,150,Unit 1 Assessment Plan U1-S5-IC2; Hewitt 2.4-2.6 net-force/equilibrium synthesis; existing Bank balanced-vs-unbalanced family retained.
U1-S5-CYU-004,CYU,1.5,U1-S5-IC2,,U1-MG04,I can build and critique simple force models to explain motion and equilibrium in real-world situations.,"I can identify balanced and unbalanced forces using diagrams, observations, or data.",2,cyu_u1-s5-ic2_2,compact-section-check,constructed_response,prose/data,instructional,,cyu u1-s5-ic2 2,150,Unit 1 Assessment Plan U1-S5-IC2; Hewitt 2.4-2.6 net-force/equilibrium synthesis; existing Bank balanced-vs-unbalanced family retained.
U1-S5-CYU-005,CYU,1.5,U1-S5-IC3,,U1-MG04,I can build and critique simple force models to explain motion and equilibrium in real-world situations.,I can explain how net force changes motion and critique an incorrect force model or explanation.,2,cyu_u1-s5-ic3_1,compact-section-check,constructed_response,prose/data,instructional,,cyu u1-s5-ic3 1,150,Unit 1 Assessment Plan U1-S5-IC3; Hewitt 2.3-2.6 motion/net-force/model-critique synthesis; representation and wording adapted for independent evidence.
U1-S5-CYU-006,CYU,1.5,U1-S5-IC3,,U1-MG04,I can build and critique simple force models to explain motion and equilibrium in real-world situations.,I can explain how net force changes motion and critique an incorrect force model or explanation.,2,cyu_u1-s5-ic3_2,compact-section-check,constructed_response,prose/data,instructional,,cyu u1-s5-ic3 2,150,Unit 1 Assessment Plan U1-S5-IC3; Hewitt 2.3-2.6 motion/net-force/model-critique synthesis; representation and wording adapted for independent evidence.
U1-S5-WARM-UP-1-001,Warm-Up 1,1.5,U1-S5-IC1,,U1-MG04,I can build and critique simple force models to explain motion and equilibrium in real-world situations.,I can draw a force diagram for a simple real-world situation.,1,warmup_1_u1-s5-ic1_1,retrieval-plus-connection,constructed_response,external figure,instructional,,warmup 1 u1-s5-ic1 1,150,Unit 1 Assessment Plan U1-S5-IC1; Hewitt 2.5-2.6 support/tension scene archetypes; answer-neutral scene used for force-diagram construction.
U1-S5-WARM-UP-1-002,Warm-Up 1,1.5,U1-S5-IC1,,U1-MG04,I can build and critique simple force models to explain motion and equilibrium in real-world situations.,I can draw a force diagram for a simple real-world situation.,1,warmup_1_u1-s5-ic1_2,retrieval-plus-connection,constructed_response,external figure,instructional,,warmup 1 u1-s5-ic1 2,150,Unit 1 Assessment Plan U1-S5-IC1; Hewitt 2.5-2.6 support/tension scene archetypes; answer-neutral scene used for force-diagram construction.
U1-S5-WARM-UP-1-003,Warm-Up 1,1.5,U1-S5-IC2,,U1-MG04,I can build and critique simple force models to explain motion and equilibrium in real-world situations.,"I can identify balanced and unbalanced forces using diagrams, observations, or data.",1,warmup_1_u1-s5-ic2_3,retrieval-plus-connection,constructed_response,prose/data,instructional,,warmup 1 u1-s5-ic2 3,150,Unit 1 Assessment Plan U1-S5-IC2; Hewitt 2.4-2.6 net-force/equilibrium synthesis; existing Bank balanced-vs-unbalanced family retained.
U1-S5-WARM-UP-1-004,Warm-Up 1,1.5,U1-S5-IC3,,U1-MG04,I can build and critique simple force models to explain motion and equilibrium in real-world situations.,I can explain how net force changes motion and critique an incorrect force model or explanation.,2,warmup_1_u1-s5-ic3_4,retrieval-plus-connection,constructed_response,prose/data,instructional,,warmup 1 u1-s5-ic3 4,150,Unit 1 Assessment Plan U1-S5-IC3; Hewitt 2.3-2.6 motion/net-force/model-critique synthesis; representation and wording adapted for independent evidence.
U1-S5-WARM-UP-2-001,Warm-Up 2,1.5,U1-S5-IC1,,U1-MG04,I can build and critique simple force models to explain motion and equilibrium in real-world situations.,I can draw a force diagram for a simple real-world situation.,1,warmup_2_u1-s5-ic1_1,retrieval-plus-connection,constructed_response,external figure,instructional,,warmup 2 u1-s5-ic1 1,150,Unit 1 Assessment Plan U1-S5-IC1; Hewitt 2.5-2.6 support/tension scene archetypes; answer-neutral scene used for force-diagram construction.
U1-S5-WARM-UP-2-002,Warm-Up 2,1.5,U1-S5-IC2,,U1-MG04,I can build and critique simple force models to explain motion and equilibrium in real-world situations.,"I can identify balanced and unbalanced forces using diagrams, observations, or data.",1,warmup_2_u1-s5-ic2_2,retrieval-plus-connection,constructed_response,prose/data,instructional,,warmup 2 u1-s5-ic2 2,150,Unit 1 Assessment Plan U1-S5-IC2; Hewitt 2.4-2.6 net-force/equilibrium synthesis; existing Bank balanced-vs-unbalanced family retained.
U1-S5-WARM-UP-2-003,Warm-Up 2,1.5,U1-S5-IC2,,U1-MG04,I can build and critique simple force models to explain motion and equilibrium in real-world situations.,"I can identify balanced and unbalanced forces using diagrams, observations, or data.",1,warmup_2_u1-s5-ic2_3,retrieval-plus-connection,constructed_response,prose/data,instructional,,warmup 2 u1-s5-ic2 3,150,Unit 1 Assessment Plan U1-S5-IC2; Hewitt 2.4-2.6 net-force/equilibrium synthesis; existing Bank balanced-vs-unbalanced family retained.
U1-S5-WARM-UP-2-004,Warm-Up 2,1.5,U1-S5-IC3,,U1-MG04,I can build and critique simple force models to explain motion and equilibrium in real-world situations.,I can explain how net force changes motion and critique an incorrect force model or explanation.,2,warmup_2_u1-s5-ic3_4,retrieval-plus-connection,constructed_response,prose/data,instructional,,warmup 2 u1-s5-ic3 4,150,Unit 1 Assessment Plan U1-S5-IC3; Hewitt 2.3-2.6 motion/net-force/model-critique synthesis; representation and wording adapted for independent evidence.
U1-S5-WARM-UP-3-001,Warm-Up 3,1.5,U1-S5-IC1,,U1-MG04,I can build and critique simple force models to explain motion and equilibrium in real-world situations.,I can draw a force diagram for a simple real-world situation.,1,warmup_3_u1-s5-ic1_1,retrieval-plus-connection,constructed_response,external figure,instructional,,warmup 3 u1-s5-ic1 1,150,Unit 1 Assessment Plan U1-S5-IC1; Hewitt 2.5-2.6 support/tension scene archetypes; answer-neutral scene used for force-diagram construction.
U1-S5-WARM-UP-3-002,Warm-Up 3,1.5,U1-S5-IC2,,U1-MG04,I can build and critique simple force models to explain motion and equilibrium in real-world situations.,"I can identify balanced and unbalanced forces using diagrams, observations, or data.",1,warmup_3_u1-s5-ic2_2,retrieval-plus-connection,constructed_response,prose/data,instructional,,warmup 3 u1-s5-ic2 2,150,Unit 1 Assessment Plan U1-S5-IC2; Hewitt 2.4-2.6 net-force/equilibrium synthesis; existing Bank balanced-vs-unbalanced family retained.
U1-S5-WARM-UP-3-003,Warm-Up 3,1.5,U1-S5-IC3,,U1-MG04,I can build and critique simple force models to explain motion and equilibrium in real-world situations.,I can explain how net force changes motion and critique an incorrect force model or explanation.,2,warmup_3_u1-s5-ic3_3,retrieval-plus-connection,constructed_response,prose/data,instructional,,warmup 3 u1-s5-ic3 3,150,Unit 1 Assessment Plan U1-S5-IC3; Hewitt 2.3-2.6 motion/net-force/model-critique synthesis; representation and wording adapted for independent evidence.
U1-S5-WARM-UP-3-004,Warm-Up 3,1.5,U1-S5-IC3,,U1-MG04,I can build and critique simple force models to explain motion and equilibrium in real-world situations.,I can explain how net force changes motion and critique an incorrect force model or explanation.,2,warmup_3_u1-s5-ic3_4,retrieval-plus-connection,constructed_response,prose/data,instructional,,warmup 3 u1-s5-ic3 4,150,Unit 1 Assessment Plan U1-S5-IC3; Hewitt 2.3-2.6 motion/net-force/model-critique synthesis; representation and wording adapted for independent evidence.
U1-S5-EXIT-TICKET-A-001,Exit Ticket A,1.5,U1-S5-IC1,,U1-MG04,I can build and critique simple force models to explain motion and equilibrium in real-world situations.,I can draw a force diagram for a simple real-world situation.,2,exit_a_u1-s5-ic1_1,formative-evidence-sample,constructed_response,external figure,formative_evidence,,short evidence sample,75,Unit 1 Assessment Plan U1-S5-IC1; Hewitt 2.5-2.6 support/tension scene archetypes; answer-neutral scene used for force-diagram construction.
U1-S5-EXIT-TICKET-A-002,Exit Ticket A,1.5,U1-S5-IC2,,U1-MG04,I can build and critique simple force models to explain motion and equilibrium in real-world situations.,"I can identify balanced and unbalanced forces using diagrams, observations, or data.",2,exit_a_u1-s5-ic2_2,formative-evidence-sample,constructed_response,prose/data,formative_evidence,,short evidence sample,75,Unit 1 Assessment Plan U1-S5-IC2; Hewitt 2.4-2.6 net-force/equilibrium synthesis; existing Bank balanced-vs-unbalanced family retained.
U1-S5-EXIT-TICKET-A-003,Exit Ticket A,1.5,U1-S5-IC3,,U1-MG04,I can build and critique simple force models to explain motion and equilibrium in real-world situations.,I can explain how net force changes motion and critique an incorrect force model or explanation.,2,exit_a_u1-s5-ic3_3,formative-evidence-sample,constructed_response,prose/data,formative_evidence,,short evidence sample,75,Unit 1 Assessment Plan U1-S5-IC3; Hewitt 2.3-2.6 motion/net-force/model-critique synthesis; representation and wording adapted for independent evidence.
U1-S5-EXIT-TICKET-A-004,Exit Ticket A,1.5,U1-S5-IC3,,U1-MG04,I can build and critique simple force models to explain motion and equilibrium in real-world situations.,I can explain how net force changes motion and critique an incorrect force model or explanation.,3,exit_a_u1-s5-ic3_4,formative-evidence-sample,constructed_response,prose/data,formative_evidence,,short evidence sample,75,Unit 1 Assessment Plan U1-S5-IC3; Hewitt 2.3-2.6 motion/net-force/model-critique synthesis; representation and wording adapted for independent evidence.
U1-S5-EXIT-TICKET-B-001,Exit Ticket B,1.5,U1-S5-IC1,,U1-MG04,I can build and critique simple force models to explain motion and equilibrium in real-world situations.,I can draw a force diagram for a simple real-world situation.,2,exit_b_u1-s5-ic1_1,formative-evidence-sample,constructed_response,external figure,formative_evidence,,short evidence sample,75,Unit 1 Assessment Plan U1-S5-IC1; Hewitt 2.5-2.6 support/tension scene archetypes; answer-neutral scene used for force-diagram construction.
U1-S5-EXIT-TICKET-B-002,Exit Ticket B,1.5,U1-S5-IC2,,U1-MG04,I can build and critique simple force models to explain motion and equilibrium in real-world situations.,"I can identify balanced and unbalanced forces using diagrams, observations, or data.",2,exit_b_u1-s5-ic2_2,formative-evidence-sample,constructed_response,prose/data,formative_evidence,,short evidence sample,75,Unit 1 Assessment Plan U1-S5-IC2; Hewitt 2.4-2.6 net-force/equilibrium synthesis; existing Bank balanced-vs-unbalanced family retained.
U1-S5-EXIT-TICKET-B-003,Exit Ticket B,1.5,U1-S5-IC3,,U1-MG04,I can build and critique simple force models to explain motion and equilibrium in real-world situations.,I can explain how net force changes motion and critique an incorrect force model or explanation.,2,exit_b_u1-s5-ic3_3,formative-evidence-sample,constructed_response,prose/data,formative_evidence,,short evidence sample,75,Unit 1 Assessment Plan U1-S5-IC3; Hewitt 2.3-2.6 motion/net-force/model-critique synthesis; representation and wording adapted for independent evidence.
U1-S5-EXIT-TICKET-B-004,Exit Ticket B,1.5,U1-S5-IC3,,U1-MG04,I can build and critique simple force models to explain motion and equilibrium in real-world situations.,I can explain how net force changes motion and critique an incorrect force model or explanation.,3,exit_b_u1-s5-ic3_4,formative-evidence-sample,constructed_response,prose/data,formative_evidence,,short evidence sample,75,Unit 1 Assessment Plan U1-S5-IC3; Hewitt 2.3-2.6 motion/net-force/model-critique synthesis; representation and wording adapted for independent evidence.
U1-S5-EXIT-TICKET-C-001,Exit Ticket C,1.5,U1-S5-IC1,,U1-MG04,I can build and critique simple force models to explain motion and equilibrium in real-world situations.,I can draw a force diagram for a simple real-world situation.,2,exit_c_u1-s5-ic1_1,formative-evidence-sample,constructed_response,external figure,formative_evidence,,short evidence sample,75,Unit 1 Assessment Plan U1-S5-IC1; Hewitt 2.5-2.6 support/tension scene archetypes; answer-neutral scene used for force-diagram construction.
U1-S5-EXIT-TICKET-C-002,Exit Ticket C,1.5,U1-S5-IC2,,U1-MG04,I can build and critique simple force models to explain motion and equilibrium in real-world situations.,"I can identify balanced and unbalanced forces using diagrams, observations, or data.",2,exit_c_u1-s5-ic2_2,formative-evidence-sample,constructed_response,prose/data,formative_evidence,,short evidence sample,75,Unit 1 Assessment Plan U1-S5-IC2; Hewitt 2.4-2.6 net-force/equilibrium synthesis; existing Bank balanced-vs-unbalanced family retained.
U1-S5-EXIT-TICKET-C-003,Exit Ticket C,1.5,U1-S5-IC3,,U1-MG04,I can build and critique simple force models to explain motion and equilibrium in real-world situations.,I can explain how net force changes motion and critique an incorrect force model or explanation.,2,exit_c_u1-s5-ic3_3,formative-evidence-sample,constructed_response,prose/data,formative_evidence,,short evidence sample,75,Unit 1 Assessment Plan U1-S5-IC3; Hewitt 2.3-2.6 motion/net-force/model-critique synthesis; representation and wording adapted for independent evidence.
U1-S5-EXIT-TICKET-C-004,Exit Ticket C,1.5,U1-S5-IC3,,U1-MG04,I can build and critique simple force models to explain motion and equilibrium in real-world situations.,I can explain how net force changes motion and critique an incorrect force model or explanation.,3,exit_c_u1-s5-ic3_4,formative-evidence-sample,constructed_response,prose/data,formative_evidence,,short evidence sample,75,Unit 1 Assessment Plan U1-S5-IC3; Hewitt 2.3-2.6 motion/net-force/model-critique synthesis; representation and wording adapted for independent evidence.
U1-SUM-V1-Q01,Summative,1.1,U1-S1-IC1,,U1-MG01,"I can explain how scientific ideas are built, tested, and supported by evidence and models.","I can distinguish observations, inferences, hypotheses, scientific laws, and scientific theories.",2,secure_u1-s1-ic1_1,secure-distinct-context-and-reasoning,selected_response,prose/data,secure_summative,V1,selected response conceptual evidence,75,Assessment Plan 1.1; Hewitt Conceptual Physics 1.1-1.2
U1-SUM-V1-Q02,Summative,1.2,U1-S2-IC3,,U1-MG02,I can explain Newton's First Law and use it to predict motion when the net force is zero.,I can distinguish no force from no net force and identify common forces (such as support force and weight).,2,secure_u1-s2-ic3_1,secure-distinct-context-and-reasoning,selected_response,prose/data,secure_summative,V1,selected response conceptual evidence,75,Assessment Plan 1.2; Hewitt Conceptual Physics 2.3 and 2.6
U1-SUM-V1-Q03,Summative,1.4,U1-S4-IC2,,U1-MG02,I can use the equilibrium rule to analyze objects with zero net force.,I can explain how an object can remain at rest even when multiple forces act on it.,2,secure_u1-s4-ic2_1,secure-distinct-context-and-reasoning,selected_response,prose/data,secure_summative,V1,selected response conceptual evidence,75,Assessment Plan 1.4; Hewitt Conceptual Physics 2.5-2.6
U1-SUM-V1-Q04,Summative,1.1,U1-S1-IC2,,U1-MG01,"I can explain how scientific ideas are built, tested, and supported by evidence and models.",I can explain what makes a scientific claim testable and describe evidence that could support or refute it.,2,secure_extra_u1-s1-ic2_1,secure-semantic-independence,selected_response,prose/data,secure_summative,V1,identify a repeated measurement that falsifies an exact quantitative claim,75,Unit 1 Assessment Plan U1-S1-IC2; Hewitt Ch. 1 measurement/testability structures; secure stimulus and task rebuilt for semantic independence from instructional/public exports.
U1-SUM-V1-Q05,Summative,1.1,U1-S1-IC2,,U1-MG01,"I can explain how scientific ideas are built, tested, and supported by evidence and models.",I can explain what makes a scientific claim testable and describe evidence that could support or refute it.,2,secure_u1-s1-ic2_1,secure-distinct-context-and-reasoning,selected_response,prose/data,secure_summative,V1,selected response conceptual evidence,75,Assessment Plan 1.1; Hewitt Conceptual Physics 1.1-1.2
U1-SUM-V1-Q06,Summative,1.3,U1-S3-IC1,,U1-MG03,I can represent forces as vectors and determine the net force on an object.,I can explain that a force has both magnitude and direction.,2,secure_u1-s3-ic1_1,secure-distinct-context-and-reasoning,selected_response,prose/data,secure_summative,V1,selected response conceptual evidence,75,Assessment Plan 1.3; Hewitt Conceptual Physics 2.4
U1-SUM-V1-Q07,Summative,1.4,U1-S4-IC3,,U1-MG03,I can use the equilibrium rule to analyze objects with zero net force.,I can apply the equilibrium rule ($\Sigma F = 0$) to simple force situations and explain why constant velocity means equilibrium.,2,secure_equilibrium_calc_1,secure-semantic-independence,constructed_response,prose/data,secure_summative,V1,three-force static-equilibrium calculation with two same-direction known forces,270,Unit 1 Assessment Plan U1-S4-IC3; Hewitt 2.5 equilibrium rule and ΣF=0 reasoning; secure stimulus and task rebuilt for semantic independence from instructional/public exports.
U1-SUM-V1-Q08,Summative,1.2,U1-S2-IC3,,U1-MG02,I can explain Newton's First Law and use it to predict motion when the net force is zero.,I can distinguish no force from no net force and identify common forces (such as support force and weight).,2,secure_extra_u1-s2-ic3_1,secure-secondary-sample,selected_response,prose/data,secure_summative,V1,selected response secondary sample,75,Assessment Plan 1.2; Hewitt Conceptual Physics 2.3 and 2.6
U1-SUM-V1-Q09,Summative,1.1,U1-S1-IC3,,U1-MG01,"I can explain how scientific ideas are built, tested, and supported by evidence and models.",I can use observations and simple models/formulas to justify or reject a scientific explanation.,3,secure_evidence_model_1,secure-semantic-independence,constructed_response,prose/data,secure_summative,V1,evaluate a prediction from a new quantitative pattern and state an evidence limitation,270,Unit 1 Assessment Plan U1-S1-IC3; Hewitt Ch. 1 evidence/model reasoning; secure stimulus/data rebuilt for semantic independence from instructional/public exports.
U1-SUM-V1-Q10,Summative,1.3,U1-S3-IC2,,U1-MG03,I can represent forces as vectors and determine the net force on an object.,I can add forces acting in the same direction and subtract forces acting in opposite directions to find net force.,2,secure_u1-s3-ic2_1,secure-semantic-independence,selected_response,prose/data,secure_summative,V1,predict the resultant after reversing one same-axis force,75,Unit 1 Assessment Plan U1-S3-IC2; Hewitt 2.4 collinear force-combination structure; secure stimulus and task rebuilt for semantic independence from instructional/public exports.
U1-SUM-V1-Q11,Summative,1.5,U1-S5-IC1,,U1-MG04,I can build and critique simple force models to explain motion and equilibrium in real-world situations.,I can draw a force diagram for a simple real-world situation.,3,secure_force_diagram_1,secure-semantic-independence,constructed_response,external figure,secure_summative,V1,construct a force diagram from a unique neutral two-cable scene,270,Unit 1 Assessment Plan U1-S5-IC1; Hewitt 2.5-2.6 common-force scene structures; secure neutral scene redrawn and task rebuilt for semantic independence from instructional/public exports.
U1-SUM-V1-Q12,Summative,1.3,U1-S3-IC2,,U1-MG03,I can represent forces as vectors and determine the net force on an object.,I can add forces acting in the same direction and subtract forces acting in opposite directions to find net force.,2,secure_extra_u1-s3-ic2_1,secure-semantic-independence,selected_response,prose/data,secure_summative,V1,select a correct signed-force representation and interpret its direction,75,Unit 1 Assessment Plan U1-S3-IC2; Hewitt 2.4 collinear force-combination structure; secure stimulus and task rebuilt for semantic independence from instructional/public exports.
U1-SUM-V1-Q13,Summative,1.2,U1-S2-IC1,,U1-MG02,I can explain Newton's First Law and use it to predict motion when the net force is zero.,I can state Newton's First Law in everyday language and apply it to objects at rest or moving.,2,secure_u1-s2-ic1_1,secure-semantic-independence,selected_response,prose/data,secure_summative,V1,infer Newton-I force condition from equal-interval motion evidence,75,Unit 1 Assessment Plan U1-S2-IC1; Hewitt 2.3 Newton's First Law reasoning; secure stimulus and task rebuilt for semantic independence from instructional/public exports.
U1-SUM-V1-Q14,Summative,1.3,U1-S3-IC3,,U1-MG03,I can represent forces as vectors and determine the net force on an object.,I can read a simple vector diagram and use arrow length and direction to compare force strength and find the resultant.,2,secure_vector_read_1,secure-semantic-independence,selected_response,external figure,secure_summative,V1,read a resultant directly from a scaled two-vector diagram,75,Unit 1 Assessment Plan U1-S3-IC3; Hewitt 2.4 scaled-arrow/resultant reasoning; secure diagram task rebuilt for semantic independence from instructional/public exports.
U1-SUM-V1-Q15,Summative,1.5,U1-S5-IC2,,U1-MG04,I can build and critique simple force models to explain motion and equilibrium in real-world situations.,"I can identify balanced and unbalanced forces using diagrams, observations, or data.",2,secure_u1-s5-ic2_1,secure-distinct-context-and-reasoning,selected_response,prose/data,secure_summative,V1,selected response conceptual evidence,75,Assessment Plan 1.5; Hewitt Conceptual Physics 2.3-2.6
U1-SUM-V1-Q16,Summative,1.4,U1-S4-IC1,,U1-MG02,I can use the equilibrium rule to analyze objects with zero net force.,I can distinguish static equilibrium from dynamic equilibrium.,2,secure_extra_u1-s4-ic1_1,secure-secondary-sample,selected_response,prose/data,secure_summative,V1,selected response secondary sample,75,Assessment Plan 1.4; Hewitt Conceptual Physics 2.5-2.6
U1-SUM-V1-Q17,Summative,1.2,U1-S2-IC2,,U1-MG02,I can explain Newton's First Law and use it to predict motion when the net force is zero.,I can explain inertia as an object's resistance to a change in motion.,2,secure_u1-s2-ic2_1,secure-semantic-independence,selected_response,prose/data,secure_summative,V1,infer relative inertia from different velocity responses under the same force-time condition,75,Unit 1 Assessment Plan U1-S2-IC2; Hewitt 2.3 inertia reasoning; secure stimulus and task rebuilt for semantic independence from instructional/public exports.
U1-SUM-V1-Q18,Summative,1.4,U1-S4-IC1,,U1-MG02,I can use the equilibrium rule to analyze objects with zero net force.,I can distinguish static equilibrium from dynamic equilibrium.,2,secure_u1-s4-ic1_1,secure-distinct-context-and-reasoning,selected_response,prose/data,secure_summative,V1,selected response conceptual evidence,75,Assessment Plan 1.4; Hewitt Conceptual Physics 2.5-2.6
U1-SUM-V1-Q19,Summative,1.5,U1-S5-IC3,,U1-MG04,I can build and critique simple force models to explain motion and equilibrium in real-world situations.,I can explain how net force changes motion and critique an incorrect force model or explanation.,3,secure_model_critique_1,secure-semantic-independence,constructed_response,external figure,secure_summative,V1,critique the misconception that zero net force means no individual forces,270,Unit 1 Assessment Plan U1-S5-IC3; Hewitt 2.3-2.6 motion/net-force/model-critique synthesis; secure model task rebuilt for semantic independence from instructional/public exports.
U1-SUM-V1-Q20,Summative,1.5,U1-S5-IC2,,U1-MG04,I can build and critique simple force models to explain motion and equilibrium in real-world situations.,"I can identify balanced and unbalanced forces using diagrams, observations, or data.",2,secure_extra_u1-s5-ic2_1,secure-secondary-sample,selected_response,prose/data,secure_summative,V1,selected response secondary sample,75,Assessment Plan 1.5; Hewitt Conceptual Physics 2.3-2.6
U1-SUM-V2-Q01,Summative,1.3,U1-S3-IC2,,U1-MG03,I can represent forces as vectors and determine the net force on an object.,I can add forces acting in the same direction and subtract forces acting in opposite directions to find net force.,2,secure_u1-s3-ic2_2,secure-semantic-independence,selected_response,prose/data,secure_summative,V2,compare resultants for mirrored force pairs,75,Unit 1 Assessment Plan U1-S3-IC2; Hewitt 2.4 collinear force-combination structure; secure stimulus and task rebuilt for semantic independence from instructional/public exports.
U1-SUM-V2-Q02,Summative,1.1,U1-S1-IC1,,U1-MG01,"I can explain how scientific ideas are built, tested, and supported by evidence and models.","I can distinguish observations, inferences, hypotheses, scientific laws, and scientific theories.",2,secure_u1-s1-ic1_2,secure-distinct-context-and-reasoning,selected_response,prose/data,secure_summative,V2,selected response conceptual evidence,75,Assessment Plan 1.1; Hewitt Conceptual Physics 1.1-1.2
U1-SUM-V2-Q03,Summative,1.5,U1-S5-IC3,,U1-MG04,I can build and critique simple force models to explain motion and equilibrium in real-world situations.,I can explain how net force changes motion and critique an incorrect force model or explanation.,3,secure_model_critique_2,secure-semantic-independence,constructed_response,external figure,secure_summative,V2,critique an interaction-body error in a force diagram,270,Unit 1 Assessment Plan U1-S5-IC3; Hewitt 2.3-2.6 motion/net-force/model-critique synthesis; secure model-critique task rebuilt for semantic independence from instructional/public exports.
U1-SUM-V2-Q04,Summative,1.2,U1-S2-IC2,,U1-MG02,I can explain Newton's First Law and use it to predict motion when the net force is zero.,I can explain inertia as an object's resistance to a change in motion.,2,secure_u1-s2-ic2_2,secure-semantic-independence,selected_response,prose/data,secure_summative,V2,explain relative motion during a sudden slowdown using inertia,75,Unit 1 Assessment Plan U1-S2-IC2; Hewitt 2.3 inertia reasoning; secure stimulus and task rebuilt for semantic independence from instructional/public exports.
U1-SUM-V2-Q05,Summative,1.3,U1-S3-IC2,,U1-MG03,I can represent forces as vectors and determine the net force on an object.,I can add forces acting in the same direction and subtract forces acting in opposite directions to find net force.,2,secure_extra_u1-s3-ic2_2,secure-semantic-independence,selected_response,prose/data,secure_summative,V2,update a three-force resultant after removing one component,75,Unit 1 Assessment Plan U1-S3-IC2; Hewitt 2.4 collinear force-combination structure; secure stimulus and task rebuilt for semantic independence from instructional/public exports.
U1-SUM-V2-Q06,Summative,1.4,U1-S4-IC1,,U1-MG02,I can use the equilibrium rule to analyze objects with zero net force.,I can distinguish static equilibrium from dynamic equilibrium.,2,secure_u1-s4-ic1_2,secure-semantic-independence,selected_response,prose/data,secure_summative,V2,classify straight constant-velocity motion as dynamic equilibrium,75,Unit 1 Assessment Plan U1-S4-IC1; Hewitt 2.5 static/dynamic equilibrium reasoning; secure stimulus and task rebuilt for semantic independence from instructional/public exports.
U1-SUM-V2-Q07,Summative,1.1,U1-S1-IC3,,U1-MG01,"I can explain how scientific ideas are built, tested, and supported by evidence and models.",I can use observations and simple models/formulas to justify or reject a scientific explanation.,3,secure_evidence_model_2,secure-constructed-distinct-context,constructed_response,prose/data,secure_summative,V2,evidence-to-model constructed response,270,Assessment Plan 1.1; Hewitt Conceptual Physics 1.1-1.2
U1-SUM-V2-Q08,Summative,1.5,U1-S5-IC1,,U1-MG04,I can build and critique simple force models to explain motion and equilibrium in real-world situations.,I can draw a force diagram for a simple real-world situation.,3,secure_force_diagram_2,secure-semantic-independence,constructed_response,external figure,secure_summative,V2,construct a balanced force diagram from a unique constant-velocity suspended scene,270,Unit 1 Assessment Plan U1-S5-IC1; Hewitt 2.5-2.6 common-force scene structures; secure neutral scene redrawn and task rebuilt for semantic independence from instructional/public exports.
U1-SUM-V2-Q09,Summative,1.3,U1-S3-IC1,,U1-MG03,I can represent forces as vectors and determine the net force on an object.,I can explain that a force has both magnitude and direction.,2,secure_u1-s3-ic1_2,secure-distinct-context-and-reasoning,selected_response,prose/data,secure_summative,V2,selected response conceptual evidence,75,Assessment Plan 1.3; Hewitt Conceptual Physics 2.4
U1-SUM-V2-Q10,Summative,1.5,U1-S5-IC2,,U1-MG04,I can build and critique simple force models to explain motion and equilibrium in real-world situations.,"I can identify balanced and unbalanced forces using diagrams, observations, or data.",2,secure_extra_u1-s5-ic2_2,secure-secondary-sample,selected_response,prose/data,secure_summative,V2,selected response secondary sample,75,Assessment Plan 1.5; Hewitt Conceptual Physics 2.3-2.6
U1-SUM-V2-Q11,Summative,1.1,U1-S1-IC2,,U1-MG01,"I can explain how scientific ideas are built, tested, and supported by evidence and models.",I can explain what makes a scientific claim testable and describe evidence that could support or refute it.,2,secure_u1-s1-ic2_2,secure-semantic-independence,selected_response,prose/data,secure_summative,V2,identify a falsifying measurement for an operational scientific claim,75,Unit 1 Assessment Plan U1-S1-IC2; Hewitt Ch. 1 measurement/testability structures; secure stimulus and task rebuilt for semantic independence from instructional/public exports.
U1-SUM-V2-Q12,Summative,1.1,U1-S1-IC2,,U1-MG01,"I can explain how scientific ideas are built, tested, and supported by evidence and models.",I can explain what makes a scientific claim testable and describe evidence that could support or refute it.,2,secure_extra_u1-s1-ic2_2,secure-semantic-independence,selected_response,prose/data,secure_summative,V2,identify measurable and falsifiable features of a quantitative claim,75,Unit 1 Assessment Plan U1-S1-IC2; Hewitt Ch. 1 measurement/testability structures; secure stimulus and task rebuilt for semantic independence from instructional/public exports.
U1-SUM-V2-Q13,Summative,1.4,U1-S4-IC2,,U1-MG02,I can use the equilibrium rule to analyze objects with zero net force.,I can explain how an object can remain at rest even when multiple forces act on it.,2,secure_u1-s4-ic2_2,secure-semantic-independence,selected_response,prose/data,secure_summative,V2,explain static equilibrium by resolving the roles of angled support-force components,75,Unit 1 Assessment Plan U1-S4-IC2; Hewitt 2.5-2.6 resting-force equilibrium structures; secure stimulus and task rebuilt for semantic independence from instructional/public exports.
U1-SUM-V2-Q14,Summative,1.2,U1-S2-IC1,,U1-MG02,I can explain Newton's First Law and use it to predict motion when the net force is zero.,I can state Newton's First Law in everyday language and apply it to objects at rest or moving.,2,secure_u1-s2-ic1_2,secure-semantic-independence,selected_response,prose/data,secure_summative,V2,predict post-contact motion under negligible net force,75,Unit 1 Assessment Plan U1-S2-IC1; Hewitt 2.3 Newton's First Law reasoning; secure stimulus and task rebuilt for semantic independence from instructional/public exports.
U1-SUM-V2-Q15,Summative,1.4,U1-S4-IC1,,U1-MG02,I can use the equilibrium rule to analyze objects with zero net force.,I can distinguish static equilibrium from dynamic equilibrium.,2,secure_extra_u1-s4-ic1_2,secure-secondary-sample,selected_response,prose/data,secure_summative,V2,selected response secondary sample,75,Assessment Plan 1.4; Hewitt Conceptual Physics 2.5-2.6
U1-SUM-V2-Q16,Summative,1.3,U1-S3-IC3,,U1-MG03,I can represent forces as vectors and determine the net force on an object.,I can read a simple vector diagram and use arrow length and direction to compare force strength and find the resultant.,2,secure_vector_read_2,secure-semantic-independence,selected_response,external figure,secure_summative,V2,transform one represented vector and recompute the resultant,75,Unit 1 Assessment Plan U1-S3-IC3; Hewitt 2.4 scaled-arrow/resultant reasoning; secure diagram task rebuilt for semantic independence from instructional/public exports.
U1-SUM-V2-Q17,Summative,1.5,U1-S5-IC2,,U1-MG04,I can build and critique simple force models to explain motion and equilibrium in real-world situations.,"I can identify balanced and unbalanced forces using diagrams, observations, or data.",2,secure_u1-s5-ic2_2,secure-distinct-context-and-reasoning,selected_response,prose/data,secure_summative,V2,selected response conceptual evidence,75,Assessment Plan 1.5; Hewitt Conceptual Physics 2.3-2.6
U1-SUM-V2-Q18,Summative,1.2,U1-S2-IC3,,U1-MG02,I can explain Newton's First Law and use it to predict motion when the net force is zero.,I can distinguish no force from no net force and identify common forces (such as support force and weight).,2,secure_u1-s2-ic3_2,secure-semantic-independence,selected_response,prose/data,secure_summative,V2,identify equal tension and weight in one-cable static equilibrium,75,Unit 1 Assessment Plan U1-S2-IC3; Hewitt 2.3 and 2.6 common-force/support/tension structures; secure stimulus and task rebuilt for semantic independence from instructional/public exports.
U1-SUM-V2-Q19,Summative,1.2,U1-S2-IC3,,U1-MG02,I can explain Newton's First Law and use it to predict motion when the net force is zero.,I can distinguish no force from no net force and identify common forces (such as support force and weight).,2,secure_extra_u1-s2-ic3_2,secure-semantic-independence,selected_response,prose/data,secure_summative,V2,identify the interaction partner responsible for a support force,75,Unit 1 Assessment Plan U1-S2-IC3; Hewitt 2.3 and 2.6 common-force/support/tension structures; secure stimulus and task rebuilt for semantic independence from instructional/public exports.
U1-SUM-V2-Q20,Summative,1.4,U1-S4-IC3,,U1-MG03,I can use the equilibrium rule to analyze objects with zero net force.,I can apply the equilibrium rule ($\Sigma F = 0$) to simple force situations and explain why constant velocity means equilibrium.,2,secure_equilibrium_calc_2,secure-semantic-independence,constructed_response,prose/data,secure_summative,V2,recover weight from two support forces and justify static equilibrium,270,Unit 1 Assessment Plan U1-S4-IC3; Hewitt 2.5 equilibrium rule and ΣF=0 reasoning; secure stimulus and task rebuilt for semantic independence from instructional/public exports.
U1-SUM-V3-Q01,Summative,1.4,U1-S4-IC3,,U1-MG03,I can use the equilibrium rule to analyze objects with zero net force.,I can apply the equilibrium rule ($\Sigma F = 0$) to simple force situations and explain why constant velocity means equilibrium.,2,secure_equilibrium_calc_3,secure-semantic-independence,constructed_response,prose/data,secure_summative,V3,dynamic-equilibrium calculation with three horizontal interactions,270,Unit 1 Assessment Plan U1-S4-IC3; Hewitt 2.5 equilibrium rule and ΣF=0 reasoning; secure stimulus and task rebuilt for semantic independence from instructional/public exports.
U1-SUM-V3-Q02,Summative,1.2,U1-S2-IC1,,U1-MG02,I can explain Newton's First Law and use it to predict motion when the net force is zero.,I can state Newton's First Law in everyday language and apply it to objects at rest or moving.,2,secure_u1-s2-ic1_3,secure-semantic-independence,selected_response,prose/data,secure_summative,V3,infer Newton-I net-force condition from constant-velocity measurement evidence,75,Unit 1 Assessment Plan U1-S2-IC1; Hewitt 2.3 Newton's First Law reasoning; secure stimulus and task rebuilt for semantic independence from instructional/public exports.
U1-SUM-V3-Q03,Summative,1.2,U1-S2-IC3,,U1-MG02,I can explain Newton's First Law and use it to predict motion when the net force is zero.,I can distinguish no force from no net force and identify common forces (such as support force and weight).,2,secure_extra_u1-s2-ic3_3,secure-semantic-independence,selected_response,prose/data,secure_summative,V3,infer zero resultant from straight constant-velocity evidence with multiple interactions,75,Unit 1 Assessment Plan U1-S2-IC3; Hewitt 2.3 and 2.6 common-force/support/tension structures; secure stimulus and task rebuilt for semantic independence from instructional/public exports.
U1-SUM-V3-Q04,Summative,1.3,U1-S3-IC3,,U1-MG03,I can represent forces as vectors and determine the net force on an object.,I can read a simple vector diagram and use arrow length and direction to compare force strength and find the resultant.,2,secure_vector_read_3,secure-semantic-independence,selected_response,external figure,secure_summative,V3,evaluate a cancellation claim using scaled arrow length and direction,75,Unit 1 Assessment Plan U1-S3-IC3; Hewitt 2.4 scaled-arrow/resultant reasoning; secure diagram task rebuilt for semantic independence from instructional/public exports.
U1-SUM-V3-Q05,Summative,1.1,U1-S1-IC1,,U1-MG01,"I can explain how scientific ideas are built, tested, and supported by evidence and models.","I can distinguish observations, inferences, hypotheses, scientific laws, and scientific theories.",2,secure_u1-s1-ic1_3,secure-distinct-context-and-reasoning,selected_response,prose/data,secure_summative,V3,selected response conceptual evidence,75,Assessment Plan 1.1; Hewitt Conceptual Physics 1.1-1.2
U1-SUM-V3-Q06,Summative,1.5,U1-S5-IC2,,U1-MG04,I can build and critique simple force models to explain motion and equilibrium in real-world situations.,"I can identify balanced and unbalanced forces using diagrams, observations, or data.",2,secure_u1-s5-ic2_3,secure-semantic-independence,selected_response,prose/data,secure_summative,V3,infer resultant direction from motion that opposes the velocity,75,Unit 1 Assessment Plan U1-S5-IC2; Hewitt 2.4-2.6 balanced/unbalanced force reasoning; secure stimulus and task rebuilt for semantic independence from instructional/public exports.
U1-SUM-V3-Q07,Summative,1.2,U1-S2-IC3,,U1-MG02,I can explain Newton's First Law and use it to predict motion when the net force is zero.,I can distinguish no force from no net force and identify common forces (such as support force and weight).,2,secure_u1-s2-ic3_3,secure-distinct-context-and-reasoning,selected_response,prose/data,secure_summative,V3,selected response conceptual evidence,75,Assessment Plan 1.2; Hewitt Conceptual Physics 2.3 and 2.6
U1-SUM-V3-Q08,Summative,1.4,U1-S4-IC1,,U1-MG02,I can use the equilibrium rule to analyze objects with zero net force.,I can distinguish static equilibrium from dynamic equilibrium.,2,secure_extra_u1-s4-ic1_3,secure-secondary-sample,selected_response,prose/data,secure_summative,V3,selected response secondary sample,75,Assessment Plan 1.4; Hewitt Conceptual Physics 2.5-2.6
U1-SUM-V3-Q09,Summative,1.4,U1-S4-IC2,,U1-MG02,I can use the equilibrium rule to analyze objects with zero net force.,I can explain how an object can remain at rest even when multiple forces act on it.,2,secure_u1-s4-ic2_3,secure-semantic-independence,selected_response,prose/data,secure_summative,V3,explain rest with nonzero balanced support and weight forces,75,Unit 1 Assessment Plan U1-S4-IC2; Hewitt 2.5-2.6 resting-force equilibrium structures; secure stimulus and task rebuilt for semantic independence from instructional/public exports.
U1-SUM-V3-Q10,Summative,1.1,U1-S1-IC3,,U1-MG01,"I can explain how scientific ideas are built, tested, and supported by evidence and models.",I can use observations and simple models/formulas to justify or reject a scientific explanation.,3,secure_evidence_model_3,secure-semantic-independence,constructed_response,prose/data,secure_summative,V3,evaluate a model claim from a new quantitative trend and state an evidence limitation,270,Unit 1 Assessment Plan U1-S1-IC3; Hewitt Ch. 1 evidence/model reasoning; secure stimulus/data rebuilt for semantic independence from instructional/public exports.
U1-SUM-V3-Q11,Summative,1.1,U1-S1-IC2,,U1-MG01,"I can explain how scientific ideas are built, tested, and supported by evidence and models.",I can explain what makes a scientific claim testable and describe evidence that could support or refute it.,2,secure_extra_u1-s1-ic2_3,secure-secondary-sample,selected_response,prose/data,secure_summative,V3,selected response secondary sample,75,Assessment Plan 1.1; Hewitt Conceptual Physics 1.1-1.2
U1-SUM-V3-Q12,Summative,1.3,U1-S3-IC2,,U1-MG03,I can represent forces as vectors and determine the net force on an object.,I can add forces acting in the same direction and subtract forces acting in opposite directions to find net force.,2,secure_u1-s3-ic2_3,secure-semantic-independence,selected_response,prose/data,secure_summative,V3,separate zero resultant from a specific velocity state,75,Unit 1 Assessment Plan U1-S3-IC2; Hewitt 2.4 collinear force-combination structure; secure stimulus and task rebuilt for semantic independence from instructional/public exports.
U1-SUM-V3-Q13,Summative,1.5,U1-S5-IC2,,U1-MG04,I can build and critique simple force models to explain motion and equilibrium in real-world situations.,"I can identify balanced and unbalanced forces using diagrams, observations, or data.",2,secure_extra_u1-s5-ic2_3,secure-secondary-sample,selected_response,prose/data,secure_summative,V3,selected response secondary sample,75,Assessment Plan 1.5; Hewitt Conceptual Physics 2.3-2.6
U1-SUM-V3-Q14,Summative,1.2,U1-S2-IC2,,U1-MG02,I can explain Newton's First Law and use it to predict motion when the net force is zero.,I can explain inertia as an object's resistance to a change in motion.,2,secure_u1-s2-ic2_3,secure-semantic-independence,selected_response,prose/data,secure_summative,V3,infer relative inertia from a controlled response to the same interaction,75,Unit 1 Assessment Plan U1-S2-IC2; Hewitt 2.3 inertia reasoning; secure stimulus and task rebuilt for semantic independence from instructional/public exports.
U1-SUM-V3-Q15,Summative,1.5,U1-S5-IC1,,U1-MG04,I can build and critique simple force models to explain motion and equilibrium in real-world situations.,I can draw a force diagram for a simple real-world situation.,3,secure_force_diagram_3,secure-semantic-independence,constructed_response,external figure,secure_summative,V3,construct a four-force diagram from a unique rough-floor tension scene,270,Unit 1 Assessment Plan U1-S5-IC1; Hewitt 2.5-2.6 common-force scene structures; secure neutral scene redrawn and task rebuilt for semantic independence from instructional/public exports.
U1-SUM-V3-Q16,Summative,1.1,U1-S1-IC2,,U1-MG01,"I can explain how scientific ideas are built, tested, and supported by evidence and models.",I can explain what makes a scientific claim testable and describe evidence that could support or refute it.,2,secure_u1-s1-ic2_3,secure-distinct-context-and-reasoning,selected_response,prose/data,secure_summative,V3,selected response conceptual evidence,75,Assessment Plan 1.1; Hewitt Conceptual Physics 1.1-1.2
U1-SUM-V3-Q17,Summative,1.3,U1-S3-IC2,,U1-MG03,I can represent forces as vectors and determine the net force on an object.,I can add forces acting in the same direction and subtract forces acting in opposite directions to find net force.,2,secure_extra_u1-s3-ic2_3,secure-semantic-independence,selected_response,prose/data,secure_summative,V3,transfer a target resultant to a changed force condition,75,Unit 1 Assessment Plan U1-S3-IC2; Hewitt 2.4 collinear force-combination structure; secure stimulus and task rebuilt for semantic independence from instructional/public exports.
U1-SUM-V3-Q18,Summative,1.4,U1-S4-IC1,,U1-MG02,I can use the equilibrium rule to analyze objects with zero net force.,I can distinguish static equilibrium from dynamic equilibrium.,2,secure_u1-s4-ic1_3,secure-semantic-independence,selected_response,prose/data,secure_summative,V3,classify constant-speed turning as non-equilibrium from velocity direction change,75,Unit 1 Assessment Plan U1-S4-IC1; Hewitt 2.5 static/dynamic equilibrium reasoning; secure stimulus and task rebuilt for semantic independence from instructional/public exports.
U1-SUM-V3-Q19,Summative,1.3,U1-S3-IC1,,U1-MG03,I can represent forces as vectors and determine the net force on an object.,I can explain that a force has both magnitude and direction.,2,secure_u1-s3-ic1_3,secure-distinct-context-and-reasoning,selected_response,prose/data,secure_summative,V3,selected response conceptual evidence,75,Assessment Plan 1.3; Hewitt Conceptual Physics 2.4
U1-SUM-V3-Q20,Summative,1.5,U1-S5-IC3,,U1-MG04,I can build and critique simple force models to explain motion and equilibrium in real-world situations.,I can explain how net force changes motion and critique an incorrect force model or explanation.,3,secure_model_critique_3,secure-semantic-independence,constructed_response,external figure,secure_summative,V3,critique the claim that net-force direction uniquely determines velocity direction,270,Unit 1 Assessment Plan U1-S5-IC3; Hewitt 2.3-2.6 motion/net-force/model-critique synthesis; secure model task rebuilt for semantic independence from instructional/public exports.
U1-SUM-V4-Q01,Summative,1.2,U1-S2-IC2,,U1-MG02,I can explain Newton's First Law and use it to predict motion when the net force is zero.,I can explain inertia as an object's resistance to a change in motion.,2,secure_u1-s2-ic2_4,secure-distinct-context-and-reasoning,selected_response,prose/data,secure_summative,V4,selected response conceptual evidence,75,Assessment Plan 1.2; Hewitt Conceptual Physics 2.3 and 2.6
U1-SUM-V4-Q02,Summative,1.5,U1-S5-IC1,,U1-MG04,I can build and critique simple force models to explain motion and equilibrium in real-world situations.,I can draw a force diagram for a simple real-world situation.,3,secure_force_diagram_4,secure-semantic-independence,constructed_response,external figure,secure_summative,V4,construct a force diagram from a unique two-cable traffic-light scene,270,Unit 1 Assessment Plan U1-S5-IC1; Hewitt 2.5-2.6 common-force scene structures; secure neutral scene redrawn and task rebuilt for semantic independence from instructional/public exports.
U1-SUM-V4-Q03,Summative,1.1,U1-S1-IC2,,U1-MG01,"I can explain how scientific ideas are built, tested, and supported by evidence and models.",I can explain what makes a scientific claim testable and describe evidence that could support or refute it.,2,secure_u1-s1-ic2_4,secure-distinct-context-and-reasoning,selected_response,prose/data,secure_summative,V4,selected response conceptual evidence,75,Assessment Plan 1.1; Hewitt Conceptual Physics 1.1-1.2
U1-SUM-V4-Q04,Summative,1.4,U1-S4-IC1,,U1-MG02,I can use the equilibrium rule to analyze objects with zero net force.,I can distinguish static equilibrium from dynamic equilibrium.,2,secure_extra_u1-s4-ic1_4,secure-secondary-sample,selected_response,prose/data,secure_summative,V4,selected response secondary sample,75,Assessment Plan 1.4; Hewitt Conceptual Physics 2.5-2.6
U1-SUM-V4-Q05,Summative,1.4,U1-S4-IC1,,U1-MG02,I can use the equilibrium rule to analyze objects with zero net force.,I can distinguish static equilibrium from dynamic equilibrium.,2,secure_u1-s4-ic1_4,secure-distinct-context-and-reasoning,selected_response,prose/data,secure_summative,V4,selected response conceptual evidence,75,Assessment Plan 1.4; Hewitt Conceptual Physics 2.5-2.6
U1-SUM-V4-Q06,Summative,1.1,U1-S1-IC2,,U1-MG01,"I can explain how scientific ideas are built, tested, and supported by evidence and models.",I can explain what makes a scientific claim testable and describe evidence that could support or refute it.,2,secure_extra_u1-s1-ic2_4,secure-secondary-sample,selected_response,prose/data,secure_summative,V4,selected response secondary sample,75,Assessment Plan 1.1; Hewitt Conceptual Physics 1.1-1.2
U1-SUM-V4-Q07,Summative,1.3,U1-S3-IC1,,U1-MG03,I can represent forces as vectors and determine the net force on an object.,I can explain that a force has both magnitude and direction.,2,secure_u1-s3-ic1_4,secure-semantic-independence,selected_response,prose/data,secure_summative,V4,reason about vector magnitude representation when the drawing scale changes,75,Unit 1 Assessment Plan U1-S3-IC1; Hewitt 2.4 vector magnitude/direction structure; secure stimulus and task rebuilt for semantic independence from instructional/public exports.
U1-SUM-V4-Q08,Summative,1.1,U1-S1-IC1,,U1-MG01,"I can explain how scientific ideas are built, tested, and supported by evidence and models.","I can distinguish observations, inferences, hypotheses, scientific laws, and scientific theories.",2,secure_u1-s1-ic1_4,secure-distinct-context-and-reasoning,selected_response,prose/data,secure_summative,V4,selected response conceptual evidence,75,Assessment Plan 1.1; Hewitt Conceptual Physics 1.1-1.2
U1-SUM-V4-Q09,Summative,1.5,U1-S5-IC2,,U1-MG04,I can build and critique simple force models to explain motion and equilibrium in real-world situations.,"I can identify balanced and unbalanced forces using diagrams, observations, or data.",2,secure_u1-s5-ic2_4,secure-semantic-independence,selected_response,prose/data,secure_summative,V4,apply Newton-I while separating vertical balance from horizontal motion,75,Unit 1 Assessment Plan U1-S5-IC2; Hewitt 2.4-2.6 balanced/unbalanced force reasoning; secure stimulus and task rebuilt for semantic independence from instructional/public exports.
U1-SUM-V4-Q10,Summative,1.4,U1-S4-IC2,,U1-MG02,I can use the equilibrium rule to analyze objects with zero net force.,I can explain how an object can remain at rest even when multiple forces act on it.,2,secure_u1-s4-ic2_4,secure-distinct-context-and-reasoning,selected_response,prose/data,secure_summative,V4,selected response conceptual evidence,75,Assessment Plan 1.4; Hewitt Conceptual Physics 2.5-2.6
U1-SUM-V4-Q11,Summative,1.5,U1-S5-IC2,,U1-MG04,I can build and critique simple force models to explain motion and equilibrium in real-world situations.,"I can identify balanced and unbalanced forces using diagrams, observations, or data.",2,secure_extra_u1-s5-ic2_4,secure-secondary-sample,selected_response,prose/data,secure_summative,V4,selected response secondary sample,75,Assessment Plan 1.5; Hewitt Conceptual Physics 2.3-2.6
U1-SUM-V4-Q12,Summative,1.2,U1-S2-IC1,,U1-MG02,I can explain Newton's First Law and use it to predict motion when the net force is zero.,I can state Newton's First Law in everyday language and apply it to objects at rest or moving.,2,secure_u1-s2-ic1_4,secure-semantic-independence,selected_response,prose/data,secure_summative,V4,apply Newton-I to constant-velocity measurement evidence,75,Unit 1 Assessment Plan U1-S2-IC1; Hewitt 2.3 Newton's First Law reasoning; secure stimulus and task rebuilt for semantic independence from instructional/public exports.
U1-SUM-V4-Q13,Summative,1.2,U1-S2-IC3,,U1-MG02,I can explain Newton's First Law and use it to predict motion when the net force is zero.,I can distinguish no force from no net force and identify common forces (such as support force and weight).,2,secure_extra_u1-s2-ic3_4,secure-secondary-sample,selected_response,prose/data,secure_summative,V4,selected response secondary sample,75,Assessment Plan 1.2; Hewitt Conceptual Physics 2.3 and 2.6
U1-SUM-V4-Q14,Summative,1.3,U1-S3-IC2,,U1-MG03,I can represent forces as vectors and determine the net force on an object.,I can add forces acting in the same direction and subtract forces acting in opposite directions to find net force.,2,secure_u1-s3-ic2_4,secure-semantic-independence,selected_response,prose/data,secure_summative,V4,recover an opposing force from a target resultant with a new relation,75,Unit 1 Assessment Plan U1-S3-IC2; Hewitt 2.4 collinear force-combination structure; secure stimulus and task rebuilt for semantic independence from instructional/public exports.
U1-SUM-V4-Q15,Summative,1.1,U1-S1-IC3,,U1-MG01,"I can explain how scientific ideas are built, tested, and supported by evidence and models.",I can use observations and simple models/formulas to justify or reject a scientific explanation.,3,secure_evidence_model_4,secure-constructed-distinct-context,constructed_response,prose/data,secure_summative,V4,evidence-to-model constructed response,270,Assessment Plan 1.1; Hewitt Conceptual Physics 1.1-1.2
U1-SUM-V4-Q16,Summative,1.5,U1-S5-IC3,,U1-MG04,I can build and critique simple force models to explain motion and equilibrium in real-world situations.,I can explain how net force changes motion and critique an incorrect force model or explanation.,3,secure_model_critique_4,secure-representation-critique,constructed_response,external figure,secure_summative,V4,critique and repair represented force model,270,Unit 1 Assessment Plan U1-S5-IC3; Hewitt 2.3-2.6 motion/net-force/model-critique synthesis; representation and wording adapted for independent evidence.
U1-SUM-V4-Q17,Summative,1.2,U1-S2-IC3,,U1-MG02,I can explain Newton's First Law and use it to predict motion when the net force is zero.,I can distinguish no force from no net force and identify common forces (such as support force and weight).,2,secure_u1-s2-ic3_4,secure-distinct-context-and-reasoning,selected_response,prose/data,secure_summative,V4,selected response conceptual evidence,75,Assessment Plan 1.2; Hewitt Conceptual Physics 2.3 and 2.6
U1-SUM-V4-Q18,Summative,1.4,U1-S4-IC3,,U1-MG03,I can use the equilibrium rule to analyze objects with zero net force.,I can apply the equilibrium rule ($\Sigma F = 0$) to simple force situations and explain why constant velocity means equilibrium.,2,secure_equilibrium_calc_4,secure-semantic-independence,constructed_response,prose/data,secure_summative,V4,three-force static-equilibrium calculation with a balancing component,270,Unit 1 Assessment Plan U1-S4-IC3; Hewitt 2.5 equilibrium rule and ΣF=0 reasoning; secure stimulus and task rebuilt for semantic independence from instructional/public exports.
U1-SUM-V4-Q19,Summative,1.3,U1-S3-IC2,,U1-MG03,I can represent forces as vectors and determine the net force on an object.,I can add forces acting in the same direction and subtract forces acting in opposite directions to find net force.,2,secure_extra_u1-s3-ic2_4,secure-semantic-independence,selected_response,prose/data,secure_summative,V4,diagnose same-direction vector-combination error,75,Unit 1 Assessment Plan U1-S3-IC2; Hewitt 2.4 collinear force-combination structure; secure stimulus and task rebuilt for semantic independence from instructional/public exports.
U1-SUM-V4-Q20,Summative,1.3,U1-S3-IC3,,U1-MG03,I can represent forces as vectors and determine the net force on an object.,I can read a simple vector diagram and use arrow length and direction to compare force strength and find the resultant.,2,secure_vector_read_4,secure-semantic-independence,selected_response,external figure,secure_summative,V4,use a scaled vector diagram to test a resultant against a criterion,75,Unit 1 Assessment Plan U1-S3-IC3; Hewitt 2.4 scaled-arrow/resultant reasoning; secure diagram task rebuilt for semantic independence from instructional/public exports.
U1-SUM-V5-Q01,Summative,1.1,U1-S1-IC2,,U1-MG01,"I can explain how scientific ideas are built, tested, and supported by evidence and models.",I can explain what makes a scientific claim testable and describe evidence that could support or refute it.,2,secure_extra_u1-s1-ic2_5,secure-secondary-sample,selected_response,prose/data,secure_summative,V5,selected response secondary sample,75,Assessment Plan 1.1; Hewitt Conceptual Physics 1.1-1.2
U1-SUM-V5-Q02,Summative,1.1,U1-S1-IC3,,U1-MG01,"I can explain how scientific ideas are built, tested, and supported by evidence and models.",I can use observations and simple models/formulas to justify or reject a scientific explanation.,3,secure_evidence_model_5,secure-constructed-distinct-context,constructed_response,prose/data,secure_summative,V5,evidence-to-model constructed response,270,Assessment Plan 1.1; Hewitt Conceptual Physics 1.1-1.2
U1-SUM-V5-Q03,Summative,1.4,U1-S4-IC1,,U1-MG02,I can use the equilibrium rule to analyze objects with zero net force.,I can distinguish static equilibrium from dynamic equilibrium.,2,secure_u1-s4-ic1_5,secure-distinct-context-and-reasoning,selected_response,prose/data,secure_summative,V5,selected response conceptual evidence,75,Assessment Plan 1.4; Hewitt Conceptual Physics 2.5-2.6
U1-SUM-V5-Q04,Summative,1.3,U1-S3-IC2,,U1-MG03,I can represent forces as vectors and determine the net force on an object.,I can add forces acting in the same direction and subtract forces acting in opposite directions to find net force.,2,secure_extra_u1-s3-ic2_5,secure-semantic-independence,selected_response,prose/data,secure_summative,V5,inverse resultant: use net force and one component to recover the other force,75,Unit 1 Assessment Plan U1-S3-IC2; Hewitt 2.4 collinear force-combination structure; secure stimulus and task rebuilt for semantic independence from instructional/public exports.
U1-SUM-V5-Q05,Summative,1.2,U1-S2-IC3,,U1-MG02,I can explain Newton's First Law and use it to predict motion when the net force is zero.,I can distinguish no force from no net force and identify common forces (such as support force and weight).,2,secure_u1-s2-ic3_5,secure-semantic-independence,selected_response,prose/data,secure_summative,V5,identify tension as a common contact force and distinguish it from weight,75,Unit 1 Assessment Plan U1-S2-IC3; Hewitt 2.3 and 2.6 common-force/support/tension structures; secure stimulus and task rebuilt for semantic independence from instructional/public exports.
U1-SUM-V5-Q06,Summative,1.5,U1-S5-IC1,,U1-MG04,I can build and critique simple force models to explain motion and equilibrium in real-world situations.,I can draw a force diagram for a simple real-world situation.,3,secure_force_diagram_5,secure-semantic-independence,constructed_response,external figure,secure_summative,V5,construct an unbalanced force diagram from a unique slowing-after-contact scene,270,Unit 1 Assessment Plan U1-S5-IC1; Hewitt 2.5-2.6 common-force scene structures; secure neutral scene redrawn and task rebuilt for semantic independence from instructional/public exports.
U1-SUM-V5-Q07,Summative,1.1,U1-S1-IC1,,U1-MG01,"I can explain how scientific ideas are built, tested, and supported by evidence and models.","I can distinguish observations, inferences, hypotheses, scientific laws, and scientific theories.",2,secure_u1-s1-ic1_5,secure-distinct-context-and-reasoning,selected_response,prose/data,secure_summative,V5,selected response conceptual evidence,75,Assessment Plan 1.1; Hewitt Conceptual Physics 1.1-1.2
U1-SUM-V5-Q08,Summative,1.4,U1-S4-IC1,,U1-MG02,I can use the equilibrium rule to analyze objects with zero net force.,I can distinguish static equilibrium from dynamic equilibrium.,2,secure_extra_u1-s4-ic1_5,secure-secondary-sample,selected_response,prose/data,secure_summative,V5,selected response secondary sample,75,Assessment Plan 1.4; Hewitt Conceptual Physics 2.5-2.6
U1-SUM-V5-Q09,Summative,1.3,U1-S3-IC2,,U1-MG03,I can represent forces as vectors and determine the net force on an object.,I can add forces acting in the same direction and subtract forces acting in opposite directions to find net force.,2,secure_u1-s3-ic2_5,secure-semantic-independence,selected_response,prose/data,secure_summative,V5,reason about an invariant resultant when equal increments are added to opposing forces,75,Unit 1 Assessment Plan U1-S3-IC2; Hewitt 2.4 collinear force-combination structure; secure stimulus and task rebuilt for semantic independence from instructional/public exports.
U1-SUM-V5-Q10,Summative,1.5,U1-S5-IC3,,U1-MG04,I can build and critique simple force models to explain motion and equilibrium in real-world situations.,I can explain how net force changes motion and critique an incorrect force model or explanation.,3,secure_model_critique_5,secure-semantic-independence,constructed_response,external figure,secure_summative,V5,critique an equilibrium model for constant-speed curved motion,270,Unit 1 Assessment Plan U1-S5-IC3; Hewitt 2.3-2.6 motion/net-force/model-critique synthesis; secure model task rebuilt for semantic independence from instructional/public exports.
U1-SUM-V5-Q11,Summative,1.2,U1-S2-IC2,,U1-MG02,I can explain Newton's First Law and use it to predict motion when the net force is zero.,I can explain inertia as an object's resistance to a change in motion.,2,secure_u1-s2-ic2_5,secure-distinct-context-and-reasoning,selected_response,prose/data,secure_summative,V5,selected response conceptual evidence,75,Assessment Plan 1.2; Hewitt Conceptual Physics 2.3 and 2.6
U1-SUM-V5-Q12,Summative,1.4,U1-S4-IC2,,U1-MG02,I can use the equilibrium rule to analyze objects with zero net force.,I can explain how an object can remain at rest even when multiple forces act on it.,2,secure_u1-s4-ic2_5,secure-distinct-context-and-reasoning,selected_response,prose/data,secure_summative,V5,selected response conceptual evidence,75,Assessment Plan 1.4; Hewitt Conceptual Physics 2.5-2.6
U1-SUM-V5-Q13,Summative,1.5,U1-S5-IC2,,U1-MG04,I can build and critique simple force models to explain motion and equilibrium in real-world situations.,"I can identify balanced and unbalanced forces using diagrams, observations, or data.",2,secure_extra_u1-s5-ic2_5,secure-secondary-sample,selected_response,prose/data,secure_summative,V5,selected response secondary sample,75,Assessment Plan 1.5; Hewitt Conceptual Physics 2.3-2.6
U1-SUM-V5-Q14,Summative,1.1,U1-S1-IC2,,U1-MG01,"I can explain how scientific ideas are built, tested, and supported by evidence and models.",I can explain what makes a scientific claim testable and describe evidence that could support or refute it.,2,secure_u1-s1-ic2_5,secure-semantic-independence,selected_response,prose/data,secure_summative,V5,select a controlled repeated-measurement test for a causal claim,75,Unit 1 Assessment Plan U1-S1-IC2; Hewitt Ch. 1 measurement/testability structures; secure stimulus and task rebuilt for semantic independence from instructional/public exports.
U1-SUM-V5-Q15,Summative,1.3,U1-S3-IC3,,U1-MG03,I can represent forces as vectors and determine the net force on an object.,I can read a simple vector diagram and use arrow length and direction to compare force strength and find the resultant.,2,secure_vector_read_5,secure-semantic-independence,selected_response,external figure,secure_summative,V5,modify one represented vector to produce equilibrium,75,Unit 1 Assessment Plan U1-S3-IC3; Hewitt 2.4 scaled-arrow/resultant reasoning; secure diagram task rebuilt for semantic independence from instructional/public exports.
U1-SUM-V5-Q16,Summative,1.2,U1-S2-IC3,,U1-MG02,I can explain Newton's First Law and use it to predict motion when the net force is zero.,I can distinguish no force from no net force and identify common forces (such as support force and weight).,2,secure_extra_u1-s2-ic3_5,secure-semantic-independence,selected_response,prose/data,secure_summative,V5,infer tension from vertical equilibrium for a single support,75,Unit 1 Assessment Plan U1-S2-IC3; Hewitt 2.3 and 2.6 common-force/support/tension structures; secure stimulus and task rebuilt for semantic independence from instructional/public exports.
U1-SUM-V5-Q17,Summative,1.3,U1-S3-IC1,,U1-MG03,I can represent forces as vectors and determine the net force on an object.,I can explain that a force has both magnitude and direction.,2,secure_u1-s3-ic1_5,secure-semantic-independence,selected_response,prose/data,secure_summative,V5,interpret vector magnitude ratio and direction from scaled arrow geometry,75,Unit 1 Assessment Plan U1-S3-IC1; Hewitt 2.4 vector magnitude/direction structure; secure stimulus and task rebuilt for semantic independence from instructional/public exports.
U1-SUM-V5-Q18,Summative,1.5,U1-S5-IC2,,U1-MG04,I can build and critique simple force models to explain motion and equilibrium in real-world situations.,"I can identify balanced and unbalanced forces using diagrams, observations, or data.",2,secure_u1-s5-ic2_5,secure-distinct-context-and-reasoning,selected_response,prose/data,secure_summative,V5,selected response conceptual evidence,75,Assessment Plan 1.5; Hewitt Conceptual Physics 2.3-2.6
U1-SUM-V5-Q19,Summative,1.2,U1-S2-IC1,,U1-MG02,I can explain Newton's First Law and use it to predict motion when the net force is zero.,I can state Newton's First Law in everyday language and apply it to objects at rest or moving.,2,secure_u1-s2-ic1_5,secure-distinct-context-and-reasoning,selected_response,prose/data,secure_summative,V5,selected response conceptual evidence,75,Assessment Plan 1.2; Hewitt Conceptual Physics 2.3 and 2.6
U1-SUM-V5-Q20,Summative,1.4,U1-S4-IC3,,U1-MG03,I can use the equilibrium rule to analyze objects with zero net force.,I can apply the equilibrium rule ($\Sigma F = 0$) to simple force situations and explain why constant velocity means equilibrium.,2,secure_equilibrium_calc_5,secure-semantic-independence,constructed_response,prose/data,secure_summative,V5,infer an opposing force from constant-velocity evidence and justify dynamic equilibrium,270,Unit 1 Assessment Plan U1-S4-IC3; Hewitt 2.5 equilibrium rule and ΣF=0 reasoning; secure stimulus and task rebuilt for semantic independence from instructional/public exports.
U1-SUM-V6-Q01,Summative,1.3,U1-S3-IC3,,U1-MG03,I can represent forces as vectors and determine the net force on an object.,I can read a simple vector diagram and use arrow length and direction to compare force strength and find the resultant.,2,secure_vector_read_6,secure-semantic-independence,selected_response,external figure,secure_summative,V6,critique a scale inconsistency in a represented force-vector redraw,75,Unit 1 Assessment Plan U1-S3-IC3; Hewitt 2.4 scaled-arrow/resultant reasoning; secure diagram task rebuilt for semantic independence from instructional/public exports.
U1-SUM-V6-Q02,Summative,1.2,U1-S2-IC3,,U1-MG02,I can explain Newton's First Law and use it to predict motion when the net force is zero.,I can distinguish no force from no net force and identify common forces (such as support force and weight).,2,secure_extra_u1-s2-ic3_6,secure-semantic-independence,selected_response,prose/data,secure_summative,V6,identify weight and support as simultaneous vertical interactions at rest,75,Unit 1 Assessment Plan U1-S2-IC3; Hewitt 2.3 and 2.6 common-force/support/tension structures; secure stimulus and task rebuilt for semantic independence from instructional/public exports.
U1-SUM-V6-Q03,Summative,1.2,U1-S2-IC1,,U1-MG02,I can explain Newton's First Law and use it to predict motion when the net force is zero.,I can state Newton's First Law in everyday language and apply it to objects at rest or moving.,2,secure_u1-s2-ic1_6,secure-semantic-independence,selected_response,prose/data,secure_summative,V6,identify Newton-I inertia behavior during a sudden stop,75,Unit 1 Assessment Plan U1-S2-IC1; Hewitt 2.3 Newton's First Law reasoning; secure stimulus and task rebuilt for semantic independence from instructional/public exports.
U1-SUM-V6-Q04,Summative,1.4,U1-S4-IC2,,U1-MG02,I can use the equilibrium rule to analyze objects with zero net force.,I can explain how an object can remain at rest even when multiple forces act on it.,2,secure_u1-s4-ic2_6,secure-distinct-context-and-reasoning,selected_response,prose/data,secure_summative,V6,selected response conceptual evidence,75,Assessment Plan 1.4; Hewitt Conceptual Physics 2.5-2.6
U1-SUM-V6-Q05,Summative,1.4,U1-S4-IC1,,U1-MG02,I can use the equilibrium rule to analyze objects with zero net force.,I can distinguish static equilibrium from dynamic equilibrium.,2,secure_extra_u1-s4-ic1_6,secure-semantic-independence,selected_response,prose/data,secure_summative,V6,classify a changing-speed straight-line state as non-equilibrium,75,Unit 1 Assessment Plan U1-S4-IC1; Hewitt 2.5 static/dynamic equilibrium reasoning; secure stimulus and task rebuilt for semantic independence from instructional/public exports.
U1-SUM-V6-Q06,Summative,1.1,U1-S1-IC2,,U1-MG01,"I can explain how scientific ideas are built, tested, and supported by evidence and models.",I can explain what makes a scientific claim testable and describe evidence that could support or refute it.,2,secure_u1-s1-ic2_6,secure-distinct-context-and-reasoning,selected_response,prose/data,secure_summative,V6,selected response conceptual evidence,75,Assessment Plan 1.1; Hewitt Conceptual Physics 1.1-1.2
U1-SUM-V6-Q07,Summative,1.5,U1-S5-IC2,,U1-MG04,I can build and critique simple force models to explain motion and equilibrium in real-world situations.,"I can identify balanced and unbalanced forces using diagrams, observations, or data.",2,secure_u1-s5-ic2_6,secure-semantic-independence,selected_response,prose/data,secure_summative,V6,classify nonzero forces as balanced from unchanged motion,75,Assessment Plan 1.5; Hewitt Conceptual Physics 2.3-2.6
U1-SUM-V6-Q08,Summative,1.2,U1-S2-IC3,,U1-MG02,I can explain Newton's First Law and use it to predict motion when the net force is zero.,I can distinguish no force from no net force and identify common forces (such as support force and weight).,2,secure_u1-s2-ic3_6,secure-semantic-independence,selected_response,prose/data,secure_summative,V6,identify common forces while separating vertical interactions from horizontal motion,75,Unit 1 Assessment Plan U1-S2-IC3; Hewitt 2.3 and 2.6 common-force/support/tension structures; secure stimulus and task rebuilt for semantic independence from instructional/public exports.
U1-SUM-V6-Q09,Summative,1.5,U1-S5-IC2,,U1-MG04,I can build and critique simple force models to explain motion and equilibrium in real-world situations.,"I can identify balanced and unbalanced forces using diagrams, observations, or data.",2,secure_extra_u1-s5-ic2_6,secure-secondary-sample,selected_response,prose/data,secure_summative,V6,selected response secondary sample,75,Assessment Plan 1.5; Hewitt Conceptual Physics 2.3-2.6
U1-SUM-V6-Q10,Summative,1.4,U1-S4-IC3,,U1-MG03,I can use the equilibrium rule to analyze objects with zero net force.,I can apply the equilibrium rule ($\Sigma F = 0$) to simple force situations and explain why constant velocity means equilibrium.,2,secure_equilibrium_calc_6,secure-semantic-independence,constructed_response,prose/data,secure_summative,V6,three-force dynamic-equilibrium calculation with a missing resistive force,270,Unit 1 Assessment Plan U1-S4-IC3; Hewitt 2.5 equilibrium rule and ΣF=0 reasoning; secure stimulus and task rebuilt for semantic independence from instructional/public exports.
U1-SUM-V6-Q11,Summative,1.1,U1-S1-IC1,,U1-MG01,"I can explain how scientific ideas are built, tested, and supported by evidence and models.","I can distinguish observations, inferences, hypotheses, scientific laws, and scientific theories.",2,secure_u1-s1-ic1_6,secure-distinct-context-and-reasoning,selected_response,prose/data,secure_summative,V6,selected response conceptual evidence,75,Assessment Plan 1.1; Hewitt Conceptual Physics 1.1-1.2
U1-SUM-V6-Q12,Summative,1.5,U1-S5-IC3,,U1-MG04,I can build and critique simple force models to explain motion and equilibrium in real-world situations.,I can explain how net force changes motion and critique an incorrect force model or explanation.,3,secure_model_critique_6,secure-semantic-independence,constructed_response,external figure,secure_summative,V6,repair a one-force resting-object model by adding the missing support interaction,270,Unit 1 Assessment Plan U1-S5-IC3; Hewitt 2.3-2.6 motion/net-force/model-critique synthesis; secure model task rebuilt for semantic independence from instructional/public exports.
U1-SUM-V6-Q13,Summative,1.3,U1-S3-IC1,,U1-MG03,I can represent forces as vectors and determine the net force on an object.,I can explain that a force has both magnitude and direction.,2,secure_u1-s3-ic1_6,secure-distinct-context-and-reasoning,selected_response,prose/data,secure_summative,V6,selected response conceptual evidence,75,Assessment Plan 1.3; Hewitt Conceptual Physics 2.4
U1-SUM-V6-Q14,Summative,1.3,U1-S3-IC2,,U1-MG03,I can represent forces as vectors and determine the net force on an object.,I can add forces acting in the same direction and subtract forces acting in opposite directions to find net force.,2,secure_extra_u1-s3-ic2_6,secure-semantic-independence,selected_response,prose/data,secure_summative,V6,scale every collinear force and infer how the resultant scales,75,Unit 1 Assessment Plan U1-S3-IC2; Hewitt 2.4 collinear force-combination structure; secure stimulus and task rebuilt for semantic independence from instructional/public exports.
U1-SUM-V6-Q15,Summative,1.2,U1-S2-IC2,,U1-MG02,I can explain Newton's First Law and use it to predict motion when the net force is zero.,I can explain inertia as an object's resistance to a change in motion.,2,secure_u1-s2-ic2_6,secure-semantic-independence,selected_response,prose/data,secure_summative,V6,infer relative inertia from the force required for the same motion change,75,Unit 1 Assessment Plan U1-S2-IC2; Hewitt 2.3 inertia reasoning; secure stimulus and task rebuilt for semantic independence from instructional/public exports.
U1-SUM-V6-Q16,Summative,1.4,U1-S4-IC1,,U1-MG02,I can use the equilibrium rule to analyze objects with zero net force.,I can distinguish static equilibrium from dynamic equilibrium.,2,secure_u1-s4-ic1_6,secure-distinct-context-and-reasoning,selected_response,prose/data,secure_summative,V6,selected response conceptual evidence,75,Assessment Plan 1.4; Hewitt Conceptual Physics 2.5-2.6
U1-SUM-V6-Q17,Summative,1.1,U1-S1-IC3,,U1-MG01,"I can explain how scientific ideas are built, tested, and supported by evidence and models.",I can use observations and simple models/formulas to justify or reject a scientific explanation.,3,secure_evidence_model_6,secure-constructed-distinct-context,constructed_response,prose/data,secure_summative,V6,evidence-to-model constructed response,270,Assessment Plan 1.1; Hewitt Conceptual Physics 1.1-1.2
U1-SUM-V6-Q18,Summative,1.1,U1-S1-IC2,,U1-MG01,"I can explain how scientific ideas are built, tested, and supported by evidence and models.",I can explain what makes a scientific claim testable and describe evidence that could support or refute it.,2,secure_extra_u1-s1-ic2_6,secure-secondary-sample,selected_response,prose/data,secure_summative,V6,selected response secondary sample,75,Assessment Plan 1.1; Hewitt Conceptual Physics 1.1-1.2
U1-SUM-V6-Q19,Summative,1.3,U1-S3-IC2,,U1-MG03,I can represent forces as vectors and determine the net force on an object.,I can add forces acting in the same direction and subtract forces acting in opposite directions to find net force.,2,secure_u1-s3-ic2_6,secure-semantic-independence,selected_response,prose/data,secure_summative,V6,diagnose an opposite-direction force-combination error,75,Unit 1 Assessment Plan U1-S3-IC2; Hewitt 2.4 collinear force-combination structure; secure stimulus and task rebuilt for semantic independence from instructional/public exports.
U1-SUM-V6-Q20,Summative,1.5,U1-S5-IC1,,U1-MG04,I can build and critique simple force models to explain motion and equilibrium in real-world situations.,I can draw a force diagram for a simple real-world situation.,3,secure_force_diagram_6,secure-semantic-independence,constructed_response,external figure,secure_summative,V6,construct a balanced person-only force diagram from a unique force-plate scene,270,Unit 1 Assessment Plan U1-S5-IC1; Hewitt 2.5-2.6 common-force scene structures; secure neutral scene redrawn and task rebuilt for semantic independence from instructional/public exports.
