image_id,toolkit_path,filename,curriculum_unit,curriculum_section,hewitt_chapter,hewitt_subsection_hint,primary_story_role,story_roles,concept_tags,alt_text,caption,what_students_should_notice_candidate,sha256,duplicate_of,source_catalog_path
PHYS-6B7B9CF83824,images/unit1/PHYS-6B7B9CF83824__unit1-book-table-forces.png,unit1-book-table-forces.png,1,,,,table_or_data,table_or_data; model_or_diagram,force,Book resting on a table with weight and support force,,Book resting on a table with weight and support force.,6b7b9cf838242635333cad269c73280622748d71f15800aac8df4f6b72a0a54a,,units/unit1/figures/unit1-book-table-forces.png
PHYS-9C32901B2ABF,images/unit1/PHYS-9C32901B2ABF__unit1-box-constant-speed.png,unit1-box-constant-speed.png,1,,,,model_or_diagram,model_or_diagram; phenomenon_or_example,force; speed; friction,Box moving at constant speed with a push and friction | Constant-speed box force diagram,,Box moving at constant speed with a push and friction | Constant-speed box force diagram.,9c32901b2abf235641b4e09eaca9b62f1b09f0ddf86d2e80d43d65e798d39efb,,units/unit1/figures/unit1-box-constant-speed.png
PHYS-CE653198C2C5,images/unit1/PHYS-CE653198C2C5__unit1-flawed-cart-diagram.png,unit1-flawed-cart-diagram.png,1,,,,misconception_or_critique,misconception_or_critique; model_or_diagram; phenomenon_or_example,force; speed,Flawed force diagram for a cart rolling at constant speed,,Flawed force diagram for a cart rolling at constant speed.,ce653198c2c5ab7212ec7d0ed00c8aa596b04dc5542280e02669bd759c5b769b,,units/unit1/figures/unit1-flawed-cart-diagram.png
PHYS-AA6B41E5091B,images/unit1/PHYS-AA6B41E5091B__unit1-hanging-signs.png,unit1-hanging-signs.png,1,,,,comparison,comparison,,One hanging sign with one chain and one hanging sign with two chains,,One hanging sign with one chain and one hanging sign with two chains.,aa6b41e5091bf4db4a6c745526ba2406b1c0d9bc1bc2b996a16fef6369e7ab60,,units/unit1/figures/unit1-hanging-signs.png
PHYS-70800F1157C9,images/unit1/PHYS-70800F1157C9__unit1-opposing-forces.png,unit1-opposing-forces.png,1,,,,model_or_diagram,model_or_diagram; phenomenon_or_example,force,Opposing forces on a box,,Opposing forces on a box.,70800f1157c9f4803ac7c1191f278cb1f742ba0ac67d064fbe17b716759d58aa,,units/unit1/figures/unit1-opposing-forces.png
PHYS-EAE46BC4363D,images/unit1/PHYS-EAE46BC4363D__unit1-plant-basket-forces.png,unit1-plant-basket-forces.png,1,,,,model_or_diagram,model_or_diagram; comparison; phenomenon_or_example,force,Plant basket supported by two angled chains,,Plant basket supported by two angled chains.,eae46bc4363dedec1eb5bc15d27d80575c8bafc7363ddcd65c499f9106c0f120,,units/unit1/figures/unit1-plant-basket-forces.png
PHYS-DBC68196705B,images/unit1/PHYS-DBC68196705B__unit1-representation-mismatch.png,unit1-representation-mismatch.png,1,,,,model_or_diagram,model_or_diagram; experiment_or_measurement,force; speed,A crate moving at constant speed with an unbalanced force diagram,,A crate moving at constant speed with an unbalanced force diagram.,dbc68196705b4765fae3b937ae74eeca9de8fa01284fda84e8ac937046c74fff,,units/unit1/figures/unit1-representation-mismatch.png
PHYS-DAC530DEBC21,images/unit1/PHYS-DAC530DEBC21__unit1-scale-forces.png,unit1-scale-forces.png,1,,,,model_or_diagram,model_or_diagram; experiment_or_measurement; phenomenon_or_example,force,Person standing on a scale with scale force and weight | Scale force and weight on a person,,Person standing on a scale with scale force and weight | Scale force and weight on a person.,dac530debc2144e3387657c18d2d2c04a7ee25645ce7a9a9a7a102eba28923b2,,units/unit1/figures/unit1-scale-forces.png
PHYS-89A1BA54AF31,images/unit1/PHYS-89A1BA54AF31__u1_1_from_ch_1_1_eratosthenes_earth_measurement.png,u1_1_from_ch_1_1_eratosthenes_earth_measurement.png,1,1.1,1,1,model_or_diagram,model_or_diagram; experiment_or_measurement; comparison; historical_story; phenomenon_or_example,,"Eratosthenes measurement diagram showing Syene, Alexandria, Sun rays, verticals, and 7.1 degree angle.","Figure 1.1 When the Sun is directly overhead at Syene, it is not directly overhead in Alexandria, 800 km north. When the Sun’s rays shine directly down a vertical well in Syene, they cast a shadow of a vertical pillar in Alexandria. The verticals at both locations extend to the center of Earth, and they make the same angle that the Sun’s rays make with the pillar at Alexandria. Eratosthenes measured this angle to be 1/50 of a complete circle. Therefore, the distance between Alexandria and Syene is 1/50 Earth’s circumference.","Eratosthenes measurement diagram showing Syene, Alexandria, Sun rays, verticals, and 7.1 degree angle.",89a1ba54af318d01ad149f9b9535998fec260fec3eb78597e0677731cbe11fa3,,units/unit1/images_1_1/u1_1_from_ch_1_1_eratosthenes_earth_measurement.png
PHYS-E86B1795CA98,images/unit1/PHYS-E86B1795CA98__u1_1_from_ch_1_2_lunar_eclipse_earth_shadow.png,u1_1_from_ch_1_2_lunar_eclipse_earth_shadow.png,1,1.1,1,2,model_or_diagram,model_or_diagram; comparison; phenomenon_or_example,,Lunar eclipse geometry diagram showing Earth shadow and Moon shadow taper.,"Figure 1.2 During a lunar eclipse, Earth’s shadow is observed to be 2.5 times as wide as the Moon’s diameter. Because of the Sun’s large size, Earth’s shadow must taper. The amount of taper is evident during a solar eclipse, where the Moon’s shadow tapers a whole Moon diameter from Moon to Earth. So Earth’s shadow tapers the same amount in the same distance. Therefore, Earth’s diameter must be 3.5 Moon diameters.",Lunar eclipse geometry diagram showing Earth shadow and Moon shadow taper.,e86b1795ca98778d7a24c1400872d1bfd83178cd146f72b864a0f50c1fffd751,,units/unit1/images_1_1/u1_1_from_ch_1_2_lunar_eclipse_earth_shadow.png
PHYS-CA9D2E2A037E,images/unit1/PHYS-CA9D2E2A037E__u1_1_from_ch_1_3_sun_earth_moon_scale_diagram.png,u1_1_from_ch_1_3_sun_earth_moon_scale_diagram.png,1,1.1,1,3,model_or_diagram,model_or_diagram; experiment_or_measurement; phenomenon_or_example,orbit,"Correct scale solar and lunar eclipse diagram showing Sun, Moon orbit, and Earth too small to see.","Figure 1.3 Correct scale of solar and lunar eclipses, which shows why a perfect lineup of the Sun, Moon, and Earth is rare. (Eclipses are even rarer because the Moon’s orbit is tilted about 5° from the plane of Earth’s orbit about the Sun.)","Correct scale solar and lunar eclipse diagram showing Sun, Moon orbit, and Earth too small to see.",ca9d2e2a037e0854ad04aa7cf4e5da19776881f47c83b00973ef203a2419147c,,units/unit1/images_1_1/u1_1_from_ch_1_3_sun_earth_moon_scale_diagram.png
PHYS-8B222CED52FE,images/unit1/PHYS-8B222CED52FE__u1_1_from_ch_1_4_coin_moon_distance_ratio.png,u1_1_from_ch_1_4_coin_moon_distance_ratio.png,1,1.1,1,4,model_or_diagram,model_or_diagram; experiment_or_measurement; phenomenon_or_example,,Coin and Moon distance ratio diagram showing similar triangles.,"Figure 1.4 An exercise in ratios: When the coin barely “eclipses” the Moon, the ratio of the diameter of the coin to the distance between you and the coin is equal to the ratio of the diameter of the Moon to the distance between you and the Moon (not to scale here). Measurements give a value of 1/110 for both ratios.",Coin and Moon distance ratio diagram showing similar triangles.,8b222ced52fe227c9c42fcd6bdecd3db4bcff70ba5a1e38bc5feb1c1a34f54d4,,units/unit1/images_1_1/u1_1_from_ch_1_4_coin_moon_distance_ratio.png
PHYS-9A96F2D9C368,images/unit1/PHYS-9A96F2D9C368__u1_1_from_ch_1_5_half_moon_sun_distance_geometry.png,u1_1_from_ch_1_5_half_moon_sun_distance_geometry.png,1,1.1,1,5,model_or_diagram,model_or_diagram; experiment_or_measurement; phenomenon_or_example,,"Half Moon Sun distance geometry diagram showing right triangle with Sun, Half Moon, Earth, 90 degrees, and angle X.","Figure 1.5 When the Moon appears exactly half full, the Sun, Moon, and Earth form a right triangle (not to scale). The hypotenuse is the Earth–Sun distance. By simple trigonometry, the hypotenuse of a right triangle can be found if you know the size of either nonright angle and the length of one side. The Earth–Moon distance is a side of known length. Measure angle X and you can calculate the Earth–Sun distance.","Half Moon Sun distance geometry diagram showing right triangle with Sun, Half Moon, Earth, 90 degrees, and angle X.",9a96f2d9c36886d419942b1758aba26efe9e9d0bf2961f16b067851cf7a9c544,,units/unit1/images_1_1/u1_1_from_ch_1_5_half_moon_sun_distance_geometry.png
PHYS-5DA25DB5B295,images/unit1/PHYS-5DA25DB5B295__u1_1_from_ch_1_6_sun_diameter_measurement.png,u1_1_from_ch_1_6_sun_diameter_measurement.png,1,1.1,1,6,model_or_diagram,model_or_diagram; experiment_or_measurement; comparison; phenomenon_or_example,,Sun diameter measurement diagram using pinhole image and 1 over 110 ratio.,"Figure 1.6 The round spot of light cast by the pinhole is an image of the Sun. Its diameter/distance ratio is the same as the Sun diameter/Sun–Earth distance ratio, 1/110. The Sun’s diameter is 1/110 its distance from Earth.",Sun diameter measurement diagram using pinhole image and 1 over 110 ratio.,5da25db5b295b8588801e95fe091e09d2d0e6c2e925cbf9e586cfb61abd93b21,,units/unit1/images_1_1/u1_1_from_ch_1_6_sun_diameter_measurement.png
PHYS-5CA1F965D292,images/unit1/PHYS-5CA1F965D292__u1_2_from_ch_2_15_support_force_book_and_spring.png,u1_2_from_ch_2_15_support_force_book_and_spring.png,1,1.2,2,15,table_or_data,table_or_data; model_or_diagram,force,Figure 2.15: A table pushes up on a book and a spring pushes up on a hand. Downward and upward force arrows are shown.,Figure 2.15 (Left) The table pushes up on the book with as much force as the downward force of gravity on the book. (Right) The spring pushes up on your hand with as much force as you exert to push down on the spring.,Figure 2.15: A table pushes up on a book and a spring pushes up on a hand. Downward and upward force arrows are shown.,5ca1f965d29226c40d3c533ed6f244d4be5eb4850bee8ad10aabc843dea0defb,,units/unit1/images_1_2/u1_2_from_ch_2_15_support_force_book_and_spring.png
PHYS-7264DA39607E,images/unit1/PHYS-7264DA39607E__u1_2_from_ch_2_16_man_on_scale_support_force.png,u1_2_from_ch_2_16_man_on_scale_support_force.png,1,1.2,2,16,model_or_diagram,model_or_diagram; experiment_or_measurement; phenomenon_or_example,force,Figure 2.16: A person stands on a bathroom scale with gravitational force downward and support force upward.,"Figure 2.16 Your weight is the force you exert on a supporting surface, which when in equilibrium is the gravitational force on you. The scale reading shows both your weight and the support force.",Figure 2.16: A person stands on a bathroom scale with gravitational force downward and support force upward.,7264da39607eb462e6a01cc69242e4a0553cdb9b31efc5da499be0b058ab494c,,units/unit1/images_1_2/u1_2_from_ch_2_16_man_on_scale_support_force.png
PHYS-EBDB211E5BE1,images/unit1/PHYS-EBDB211E5BE1__u1_2_from_ch_2_4a_inertia_tablecloth_pull.png,u1_2_from_ch_2_4a_inertia_tablecloth_pull.png,1,1.2,2,4,table_or_data,table_or_data,inertia,Figure 2.4: A tablecloth is pulled quickly from beneath dishes on a table.,Figure 2.4 Inertia in action.,Figure 2.4: A tablecloth is pulled quickly from beneath dishes on a table.,ebdb211e5be1604dc68f097064bbf27848f7bbaf1093ab78f5133255db86692d,,units/unit1/images_1_2/u1_2_from_ch_2_4a_inertia_tablecloth_pull.png
PHYS-B74B7F006560,images/unit1/PHYS-B74B7F006560__u1_2_from_ch_2_4b_inertia_coin_card_glass.png,u1_2_from_ch_2_4b_inertia_coin_card_glass.png,1,1.2,2,4,phenomenon_or_example,phenomenon_or_example,inertia,Figure 2.5: A hand accelerates a card under a coin above a glass.,Figure 2.5 Examples of inertia.,Figure 2.5: A hand accelerates a card under a coin above a glass.,b74b7f00656041eb8c76b6905a0d9865bd5933a29c71ac205de4e6ca56b1a901,,units/unit1/images_1_2/u1_2_from_ch_2_4b_inertia_coin_card_glass.png
PHYS-1748C659E939,images/unit1/PHYS-1748C659E939__u1_2_from_ch_2_4c_inertia_ball_between_strings.png,u1_2_from_ch_2_4c_inertia_ball_between_strings.png,1,1.2,2,4,phenomenon_or_example,phenomenon_or_example,inertia,Figure 2.5: A massive ball hangs between an upper and lower string.,Figure 2.5 Examples of inertia.,Figure 2.5: A massive ball hangs between an upper and lower string.,1748c659e939d25bf763a62279db0d10d175bad3489144dda594e242a6255a1d,,units/unit1/images_1_2/u1_2_from_ch_2_4c_inertia_ball_between_strings.png
PHYS-54FB729D388D,images/unit1/PHYS-54FB729D388D__u1_2_from_ch_2_4d_inertia_hammer_on_nail.png,u1_2_from_ch_2_4d_inertia_hammer_on_nail.png,1,1.2,2,4,conceptual_reference,conceptual_reference,inertia,Figure 2.5: A hammer moves downward and stops suddenly on a block.,Figure 2.5 Examples of inertia.,Figure 2.5: A hammer moves downward and stops suddenly on a block.,54fb729d388dfe87d2cd2ea23dc8cdeff9c81aea115004fb25dffa4a73737188,,units/unit1/images_1_2/u1_2_from_ch_2_4d_inertia_hammer_on_nail.png
PHYS-33C49CFE6A49,images/unit1/PHYS-33C49CFE6A49__u1_4_from_ch_2_pp_equilibrium_scaffold_four_panel.png,u1_4_from_ch_2_pp_equilibrium_scaffold_four_panel.png,1,1.2,2,pp,phenomenon_or_example,phenomenon_or_example,equilibrium,Personal Essay illustration: four scaffold panels showing changing rope tension and equilibrium.,Personal Essay illustration showing scaffold-tension reasoning and equilibrium.,Personal Essay illustration: four scaffold panels showing changing rope tension and equilibrium.,33c49cfe6a49ea29de7ac1703ae1826ea27d9513171fe0a8bf581514e1836947,,units/unit1/images_1_2/u1_4_from_ch_2_pp_equilibrium_scaffold_four_panel.png
PHYS-5C23E8EEAEA8,images/unit1/PHYS-5C23E8EEAEA8__u1_2_from_ch_2_6_net_force_applied_forces_table.png,u1_2_from_ch_2_6_net_force_applied_forces_table.png,1,1.3,2,6,table_or_data,table_or_data; model_or_diagram,force,"Figure 2.6: Applied forces combine to produce net forces of 10 N, 0 N, and 5 N.",Figure 2.6 Net force (a force of 5 N is about 1.1 lb).,"Figure 2.6: Applied forces combine to produce net forces of 10 N, 0 N, and 5 N.",5c23e8eeaea8bf4c54533365e9149ea99f6789929323f1eee1a68fcb776fc84d,,units/unit1/images_1_3/u1_2_from_ch_2_6_net_force_applied_forces_table.png
PHYS-F1137C742CAA,images/unit1/PHYS-F1137C742CAA__u1_3_from_ch_2_10_resultant_30N_40N_50N_forces.png,u1_3_from_ch_2_10_resultant_30N_40N_50N_forces.png,1,1.3,2,10,model_or_diagram,model_or_diagram,force; vector,Figure 2.10: A 30-N vector and 40-N vector produce a 50-N resultant.,Figure 2.10 The resultant of the 30-N and 40-N forces is 50 N.,Figure 2.10: A 30-N vector and 40-N vector produce a 50-N resultant.,f1137c742caa458f0919791226419321b0bf263860398266b61eee3491c9f9ef,,units/unit1/images_1_3/u1_3_from_ch_2_10_resultant_30N_40N_50N_forces.png
PHYS-ECA638594CC9,images/unit1/PHYS-ECA638594CC9__u1_3_from_ch_2_8_vector_addition_right_angle_components.png,u1_3_from_ch_2_8_vector_addition_right_angle_components.png,1,1.3,2,8,model_or_diagram,model_or_diagram; comparison,vector,Figure 2.8: Perpendicular vectors form a rectangle whose diagonal is the resultant.,"Figure 2.8 The pair of vectors at right angles to each other make two sides of a rectangle, the diagonal of which is their resultant.",Figure 2.8: Perpendicular vectors form a rectangle whose diagonal is the resultant.,eca638594cc92ee77653d286abc2c22c022d7cab8e6618120d10ee39dc6d607f,,units/unit1/images_1_3/u1_3_from_ch_2_8_vector_addition_right_angle_components.png
PHYS-2EC4ABF93A6F,images/unit1/PHYS-2EC4ABF93A6F__u1_3_from_ch_2_9_perpendicular_vectors_45_degrees_sqrt2.png,u1_3_from_ch_2_9_perpendicular_vectors_45_degrees_sqrt2.png,1,1.3,2,9,model_or_diagram,model_or_diagram,vector,Figure 2.9: Equal perpendicular vectors form a square with a resultant diagonal of square root of 2 times either side.,"Figure 2.9 When a pair of equal-length vectors at right angles to each other are added, they form a square. The diagonal of the square is the resultant, √2 times the length of either side.",Figure 2.9: Equal perpendicular vectors form a square with a resultant diagonal of square root of 2 times either side.,2ec4abf93a6f2303547111c0d18740baebc458fa0be142f2c614f902aa1c08d3,,units/unit1/images_1_3/u1_3_from_ch_2_9_perpendicular_vectors_45_degrees_sqrt2.png
PHYS-15C8D0E3F482,images/unit1/PHYS-15C8D0E3F482__u1_4_from_ch_2_11_girl_on_rings_three_positions_abc.png,u1_4_from_ch_2_11_girl_on_rings_three_positions_abc.png,1,1.3,2,11,model_or_diagram,model_or_diagram; process_or_sequence; historical_story,vector,Figure 2.11: Nellie Newton hanging from a clothesline with vector construction showing rope tensions.,"Figure 2.11 (a) The force due to gravity on Nellie is shown by the downward vertical vector. An equal and opposite vector is needed for equilibrium, shown by the dashed vector. (b) This dashed vector is the diagonal of a parallelogram defined by the green lines. (c) Both rope tensions are shown by the constructed vectors. Tension is greater in the right rope, the one more likely to break.",Figure 2.11: Nellie Newton hanging from a clothesline with vector construction showing rope tensions.,15c8d0e3f482f6f8cafa06258dca6cb83c285db6c4e1bb67a6ab6da2b539426f,,units/unit1/images_1_3/u1_4_from_ch_2_11_girl_on_rings_three_positions_abc.png
PHYS-B094215EA3FC,images/unit1/PHYS-B094215EA3FC__u1_4_from_ch_2_12_girl_on_rings_two_positions_tension.png,u1_4_from_ch_2_12_girl_on_rings_two_positions_tension.png,1,1.4,2,12,comparison,comparison; process_or_sequence,,Check Point illustration: a gymnast hangs from rings with her weight evenly divided and then with more weight supported by the left ring.,Check Point illustration The gymnast hanging from the rings in two positions.,Check Point illustration: a gymnast hangs from rings with her weight evenly divided and then with more weight supported by the left ring.,b094215ea3fc8d03539da95e84c17b892cee42a1645b22d40334789364dbe9d3,,units/unit1/images_1_4/u1_4_from_ch_2_12_girl_on_rings_two_positions_tension.png
PHYS-B6D46ACCB666,images/unit1/PHYS-B6D46ACCB666__u1_4_from_ch_2_14_equilibrium_rule_scaffold_force_diagram.png,u1_4_from_ch_2_14_equilibrium_rule_scaffold_force_diagram.png,1,1.4,2,14,model_or_diagram,model_or_diagram,force; equilibrium; vector,Figure 2.14: Force vectors on a sign-painting scaffold show upward forces balancing downward forces.,Figure 2.14 The sum of the upward forces equals the sum of the downward forces. ΣF = 0 and the scaffold is in equilibrium.,Figure 2.14: Force vectors on a sign-painting scaffold show upward forces balancing downward forces.,b6d46accb6668c9833d7181939c146ab030945e7f73ab66320f5da0952332f6a,,units/unit1/images_1_4/u1_4_from_ch_2_14_equilibrium_rule_scaffold_force_diagram.png
PHYS-052FC46E3600,images/unit1/PHYS-052FC46E3600__u1_4_from_ch_2_pp_scaffold_positions_500N_170N_0N.png,u1_4_from_ch_2_pp_scaffold_positions_500N_170N_0N.png,1,1.4,2,pp,experiment_or_measurement,experiment_or_measurement; process_or_sequence,,"Practicing Physics: three scaffold scale-reading situations with left readings of 500 N, 170 N, and 0 N.",Practicing Physics Burl on the sign-painting scaffold in three positions.,"Practicing Physics: three scaffold scale-reading situations with left readings of 500 N, 170 N, and 0 N.",052fc46e36001b8c1913bede1c29f64e5839263f04d351b74210bdbba2384bc8,,units/unit1/images_1_4/u1_4_from_ch_2_pp_scaffold_positions_500N_170N_0N.png
PHYS-EF34AE664F90,images/unit2/PHYS-EF34AE664F90__unit2-distance-time-graphs.png,unit2-distance-time-graphs.png,2,,,,graph_or_data,graph_or_data; experiment_or_measurement,,Five distance time graphs labeled A through E,,Five distance time graphs labeled A through E.,ef34ae664f901f221e8e32891b5c5beae147571b57aaa272dc068d18b2a4fa85,,units/unit2/figures/unit2-distance-time-graphs.png
PHYS-16CF98465B9D,images/unit2/PHYS-16CF98465B9D__unit2-flawed-freefall-graph.png,unit2-flawed-freefall-graph.png,2,,,,misconception_or_critique,misconception_or_critique; graph_or_data; comparison; phenomenon_or_example,free fall,Flawed dropped ball graph compared to a free fall pattern,,Flawed dropped ball graph compared to a free fall pattern.,16cf98465b9d03bb6626acd5b8e123aa4244bff5ad8ba7cebd365243a80395b2,,units/unit2/figures/unit2-flawed-freefall-graph.png
PHYS-547DA9DA940B,images/unit2/PHYS-547DA9DA940B__unit2-free-fall-speed-pattern.png,unit2-free-fall-speed-pattern.png,2,,,,graph_or_data,graph_or_data,speed; free fall,Free fall speed pattern bar graph,,Free fall speed pattern bar graph.,547da9da940beb52e4cf6cf94b8f6b4cc5d87cfa61cf54332c1f80232163ae90,,units/unit2/figures/unit2-free-fall-speed-pattern.png
PHYS-836DAB15CFD1,images/unit2/PHYS-836DAB15CFD1__unit2-motion-diagram-spacing.png,unit2-motion-diagram-spacing.png,2,,,,model_or_diagram,model_or_diagram; comparison,motion,Three motion diagrams with different dot spacing patterns,,Three motion diagrams with different dot spacing patterns.,836dab15cfd119304dd64a01d6dce821afb34e7d1f3c465f3fd9b6184f3eecd5,,units/unit2/figures/unit2-motion-diagram-spacing.png
PHYS-8403B9F46123,images/unit2/PHYS-8403B9F46123__unit2-reference-frame-bus.png,unit2-reference-frame-bus.png,2,,,,model_or_diagram,model_or_diagram,,Bus moving relative to a road observer with a student inside | Bus and observer reference frame diagram,,Bus moving relative to a road observer with a student inside | Bus and observer reference frame diagram.,8403b9f46123dac0a36359c2c30a0b41ca5085496d6f0840d506086cd8353ffb,,units/unit2/figures/unit2-reference-frame-bus.png
PHYS-7179793B8074,images/unit2/PHYS-7179793B8074__unit2-velocity-time-pattern.png,unit2-velocity-time-pattern.png,2,,,,graph_or_data,graph_or_data; comparison,velocity,Velocity time graph increasing by two meters per second every second,,Velocity time graph increasing by two meters per second every second.,7179793b80747d80b4e0b3f8cd4294eef23a855dcc92d0d65c3a5006be0e0565,,units/unit2/figures/unit2-velocity-time-pattern.png
PHYS-44DC9441BA60,images/unit2/PHYS-44DC9441BA60__unit2-velocity-vector-turn.png,unit2-velocity-vector-turn.png,2,,,,model_or_diagram,model_or_diagram,vector; velocity,Velocity vectors changing direction from east to north,,Velocity vectors changing direction from east to north.,44dc9441ba6076610431b10df4c6b5efa60e9927f67610f3b4e82c4b1836acfb,,units/unit2/figures/unit2-velocity-vector-turn.png
PHYS-07FF852192BD,images/unit2/PHYS-07FF852192BD__u2_1_from_ch_3_1_earth_orbiting_sun_motion_is_relative.png,u2_1_from_ch_3_1_earth_orbiting_sun_motion_is_relative.png,2,2.1,3,1,model_or_diagram,model_or_diagram; phenomenon_or_example,motion; orbit,"Figure 3.1: Earth moves around the Sun, illustrating motion relative to a frame of reference.","Figure 3.1 When you sit on a chair, your speed is zero relative to Earth but 30 km/s relative to the Sun.","Figure 3.1: Earth moves around the Sun, illustrating motion relative to a frame of reference.",07ff852192bd6013f20b52d14a5bb8c1c3ce887d4bd88ec97152bedf005d488c,,units/unit2/images_2_1/u2_1_from_ch_3_1_earth_orbiting_sun_motion_is_relative.png
PHYS-AC99ADB32B41,images/unit2/PHYS-AC99ADB32B41__u2_1_from_ch_3_4_motorcycle_three_scenarios_inertia.png,u2_1_from_ch_3_4_motorcycle_three_scenarios_inertia.png,2,2.2,3,4,phenomenon_or_example,phenomenon_or_example,inertia,Figure 3.3: Car moving around a circular track while its direction changes.,"Figure 3.3 The car on the circular track may have a constant speed, but its velocity is changing every instant. Why?",Figure 3.3: Car moving around a circular track while its direction changes.,ac99adb32b410380914e8886ed7faa39f3fdb1cc1fde8eb8f3dac74859f7c93b,,units/unit2/images_2_2/u2_1_from_ch_3_4_motorcycle_three_scenarios_inertia.png
PHYS-47E451868F45,images/unit2/PHYS-47E451868F45__u2_1_from_ch_3_5_car_stops_suddenly_person_flies_forward.png,u2_1_from_ch_3_5_car_stops_suddenly_person_flies_forward.png,2,2.3,3,5,phenomenon_or_example,phenomenon_or_example,acceleration; speed,"Figure 3.4: Three motorcycle scenes showing acceleration by speeding up, slowing down, and changing direction.",Figure 3.4 We say that a body is accelerating when its velocity is changing.,"Figure 3.4: Three motorcycle scenes showing acceleration by speeding up, slowing down, and changing direction.",47e451868f450f7846ba62636064e70b78ac370e60847c7a0e65e0f3229357fe,,units/unit2/images_2_3/u2_1_from_ch_3_5_car_stops_suddenly_person_flies_forward.png
PHYS-919926B19A71,images/unit2/PHYS-919926B19A71__u2_2_from_ch_3_3_car_on_circular_track_constant_speed.png,u2_2_from_ch_3_3_car_on_circular_track_constant_speed.png,2,2.3,3,3,historical_story,historical_story; phenomenon_or_example,speed,Figure 3.5: A car stops suddenly and the driver lurches forward.,"Figure 3.5 Rapid deceleration is sensed by the driver, who seems to lurch forward (in accord with Newton’s first law).",Figure 3.5: A car stops suddenly and the driver lurches forward.,919926b19a7192dc3daee8c37856d552bf5a46cec3ab2bf2200625a6fafbc128,,units/unit2/images_2_3/u2_2_from_ch_3_3_car_on_circular_track_constant_speed.png
PHYS-1ED633405212,images/unit2/PHYS-1ED633405212__u2_4_from_ch_3_6_galileo_inclined_planes_steeper_angles.png,u2_4_from_ch_3_6_galileo_inclined_planes_steeper_angles.png,2,2.3,3,6,historical_story,historical_story; phenomenon_or_example,acceleration; free fall,"Figure 3.6: Balls roll down steeper inclined planes with increasing acceleration, ending with vertical free fall.","Figure 3.6 INTERACTIVE FIGURE The steeper the slope of the incline, the greater the acceleration of the ball. What is the ball’s acceleration if it falls vertically?","Figure 3.6: Balls roll down steeper inclined planes with increasing acceleration, ending with vertical free fall.",1ed63340521223a6ae9f4e215885dcfefc08b792b0e12cc464d21675ae4b7fed,,units/unit2/images_2_3/u2_4_from_ch_3_6_galileo_inclined_planes_steeper_angles.png
PHYS-70D66F7D9D64,images/unit2/PHYS-70D66F7D9D64__u2_2_from_ch_3_4_speed_velocity_acceleration_summary.png,u2_2_from_ch_3_4_speed_velocity_acceleration_summary.png,2,2.4,3,4,conceptual_reference,conceptual_reference,motion; acceleration; velocity; speed,"Figure 3.11: Motion analysis comparing speed, velocity, and acceleration examples.",Figure 3.11 Motion analysis.,"Figure 3.11: Motion analysis comparing speed, velocity, and acceleration examples.",70d66f7d9d64649c31df2bcec84addd346f55efa2210763730c9274c3e317cdc,,units/unit2/images_2_4/u2_2_from_ch_3_4_speed_velocity_acceleration_summary.png
PHYS-98A36ECA0C00,images/unit2/PHYS-98A36ECA0C00__u2_4_from_ch_3_10_vacuum_tube_coin_feather_equal_fall.png,u2_4_from_ch_3_10_vacuum_tube_coin_feather_equal_fall.png,2,2.4,3,10,conceptual_reference,conceptual_reference,acceleration,Figure 3.10: A vacuum tube containing a feather and coin falling with equal acceleration.,Figure 3.10 A feather and a coin fall at equal accelerations in a vacuum.,Figure 3.10: A vacuum tube containing a feather and coin falling with equal acceleration.,98a36eca0c006282d1ea34768754eb7b9940af3029c790d834c9daa95dbaa2f0,,units/unit2/images_2_4/u2_4_from_ch_3_10_vacuum_tube_coin_feather_equal_fall.png
PHYS-C4A301190D15,images/unit2/PHYS-C4A301190D15__u2_4_from_ch_3_11_ball_thrown_up_velocity_t0_to_t7.png,u2_4_from_ch_3_11_ball_thrown_up_velocity_t0_to_t7.png,2,2.4,3,11,experiment_or_measurement,experiment_or_measurement; comparison; phenomenon_or_example,velocity,Figure 3.8: A ball thrown upward and falling back down with velocity labels at equal times.,Figure 3.8 INTERACTIVE FIGURE The rate at which the velocity changes each second is the same.,Figure 3.8: A ball thrown upward and falling back down with velocity labels at equal times.,c4a301190d151f1326d33aad3385fc7117fb7437c3ed2ab8f6742eda2d3bd496,,units/unit2/images_2_4/u2_4_from_ch_3_11_ball_thrown_up_velocity_t0_to_t7.png
PHYS-9293646581FD,images/unit2/PHYS-9293646581FD__u2_4_from_ch_3_7_falling_rock_speedometer_t0_to_t5.png,u2_4_from_ch_3_7_falling_rock_speedometer_t0_to_t5.png,2,2.4,3,7,table_or_data,table_or_data; comparison; process_or_sequence,speed,Figure 3.7: A falling rock with speedometers at times from 0 seconds to 5 seconds.,"Figure 3.7 Pretend that a falling rock is equipped with a speedometer. In each successive second of fall, you’d find the rock’s speed increasing by the same amount: 10 m/s. Sketch in the missing speedometer needle at t = 3 s, 4 s, and 5 s. (Table 3.2 shows the speeds we would read at various seconds of fall.)",Figure 3.7: A falling rock with speedometers at times from 0 seconds to 5 seconds.,9293646581fd8302a19bdfdb70410c082c5a761ed24078fff66d0fa2237ff2b0,,units/unit2/images_2_4/u2_4_from_ch_3_7_falling_rock_speedometer_t0_to_t5.png
PHYS-50BF5470B9F4,images/unit2/PHYS-50BF5470B9F4__u2_4_from_ch_3_9_falling_detailed_speedometer_t0_to_t6.png,u2_4_from_ch_3_9_falling_detailed_speedometer_t0_to_t6.png,2,2.4,3,9,process_or_sequence,process_or_sequence,speed,Figure 3.9: A falling rock with speedometer and odometer readings from 0 seconds to 6 seconds.,"Figure 3.9 Pretend that a falling rock is equipped with a speedometer and an odometer. Each second, the speed readings increase by 10 m/s and the distance readings by ½ gt 2 . Can you complete the speedometer positions and odometer readings?",Figure 3.9: A falling rock with speedometer and odometer readings from 0 seconds to 6 seconds.,50bf5470b9f4060767fc1fc54d79b1e4fe962714efeb0a23cd1fa3b11882a4b8,,units/unit2/images_2_4/u2_4_from_ch_3_9_falling_detailed_speedometer_t0_to_t6.png
PHYS-357B9BF16D21,images/unit2/PHYS-357B9BF16D21__u2_5_from_ch_3_29_airplane_velocity_vector_80_60_100.png,u2_5_from_ch_3_29_airplane_velocity_vector_80_60_100.png,2,2.5,3,29,model_or_diagram,model_or_diagram,vector; velocity,"Figure 3.12: Airplane velocity vector, crosswind vector, and resultant ground velocity vector.",Figure 3.12 The 60-km/h crosswind blows the 80-km/h airplane off course at 100 km/h.,"Figure 3.12: Airplane velocity vector, crosswind vector, and resultant ground velocity vector.",357b9bf16d21a0e2ebf06c618a1ea57adaa74a36e519bc5d0cc4defe85fadddf,,units/unit2/images_2_5/u2_5_from_ch_3_29_airplane_velocity_vector_80_60_100.png
PHYS-95F05654EE6B,images/unit2/PHYS-95F05654EE6B__u2_1_from_ch_3_pp_person_running_on_flatcar_abcd.png,u2_1_from_ch_3_pp_person_running_on_flatcar_abcd.png,2,,3,pp,process_or_sequence,process_or_sequence; phenomenon_or_example,,"Think and Rank 41: Jogging Jake on a moving train flatcar, positions A-D.","Think and Rank 41 Jogging Jake on a moving train flatcar, positions A-D.","Think and Rank 41: Jogging Jake on a moving train flatcar, positions A-D.",95f05654ee6b92138d5cbd6cafb42c8aa4660d573044ba8e749153d28b277b3a,,units/unit2/images_review/u2_1_from_ch_3_pp_person_running_on_flatcar_abcd.png
PHYS-87BC36D4512E,images/unit2/PHYS-87BC36D4512E__u2_2_from_ch_3_pp_bill_grab_reaction_time_demo.png,u2_2_from_ch_3_pp_bill_grab_reaction_time_demo.png,2,,3,pp,conceptual_reference,conceptual_reference,,Think and Do 26: Dollar-bill reaction-time challenge image.,Think and Do 26 Dollar-bill reaction-time challenge image.,Think and Do 26: Dollar-bill reaction-time challenge image.,87bc36d4512eb9f166c9c928a5013e4d880bb9ab8a290522b8202bd90445ec64,,units/unit2/images_review/u2_2_from_ch_3_pp_bill_grab_reaction_time_demo.png
PHYS-E8EF8498C755,images/unit2/PHYS-E8EF8498C755__u2_2_from_ch_3_pp_roller_coaster_track_abcd_speed.png,u2_2_from_ch_3_pp_roller_coaster_track_abcd_speed.png,2,,3,pp,experiment_or_measurement,experiment_or_measurement; phenomenon_or_example,speed,Think and Rank 42: Ball rolling on a channel-iron track labeled A-D.,Think and Rank 42 Ball rolling on a channel-iron track labeled A-D.,Think and Rank 42: Ball rolling on a channel-iron track labeled A-D.,e8ef8498c755c6310218cda61fc0ea045810a2870bcce8d244505ae5141a3b7b,,units/unit2/images_review/u2_2_from_ch_3_pp_roller_coaster_track_abcd_speed.png
PHYS-94FA0E23AC47,images/unit2/PHYS-94FA0E23AC47__u2_2_from_ch_3_pp_roller_coasters_three_tracks_abc.png,u2_2_from_ch_3_pp_roller_coasters_three_tracks_abc.png,2,,3,pp,experiment_or_measurement,experiment_or_measurement,,"Think and Rank 43: Three equal-length tracks labeled A, B, and C.","Think and Rank 43 Three equal-length tracks labeled A, B, and C.","Think and Rank 43: Three equal-length tracks labeled A, B, and C.",94fa0e23ac47f10a0690bda29e11fccbad826a0f8e24b19362fa67900abbbbff,,units/unit2/images_review/u2_2_from_ch_3_pp_roller_coasters_three_tracks_abc.png
PHYS-AC264D42070F,images/unit2/PHYS-AC264D42070F__u2_2_from_ch_3_pp_ruler_drop_reaction_time_demo.png,u2_2_from_ch_3_pp_ruler_drop_reaction_time_demo.png,2,,3,pp,conceptual_reference,conceptual_reference,,Think and Do 27: Ruler-drop reaction-time image.,Think and Do 27 Ruler-drop reaction-time image.,Think and Do 27: Ruler-drop reaction-time image.,ac264d42070f79e9932613a36c5fed45ec9ba566e9ba4a7e3993d40b921800cf,,units/unit2/images_review/u2_2_from_ch_3_pp_ruler_drop_reaction_time_demo.png
PHYS-4DC0E75A1169,images/unit2/PHYS-4DC0E75A1169__u2_2_from_ch_3_pp_three_balls_mass_and_velocity_abc.png,u2_2_from_ch_3_pp_three_balls_mass_and_velocity_abc.png,2,,3,pp,comparison,comparison; phenomenon_or_example,velocity; speed,Think and Rank 44: Three balls with different masses thrown upward with different initial speeds.,Think and Rank 44 Three balls with different masses thrown upward with different initial speeds.,Think and Rank 44: Three balls with different masses thrown upward with different initial speeds.,4dc0e75a116921d633084136883be2a653bc0c4f896f50601f1cc080e8e7e591,,units/unit2/images_review/u2_2_from_ch_3_pp_three_balls_mass_and_velocity_abc.png
PHYS-200DFC07629B,images/unit2/PHYS-200DFC07629B__u2_5_from_ch_3_30_airplane_wind_vectors_three_directions.png,u2_5_from_ch_3_30_airplane_wind_vectors_three_directions.png,2,,3,30,model_or_diagram,model_or_diagram,vector; velocity,Think and Rank 45: Airplane velocity and wind vectors for three wind directions.,Think and Rank 45 Airplane velocity and wind vectors for three wind directions.,Think and Rank 45: Airplane velocity and wind vectors for three wind directions.,200dfc07629bb097bbf83d362ba2a1841a5b11d5c5717bbc7c20eebd2353a826,,units/unit2/images_review/u2_5_from_ch_3_30_airplane_wind_vectors_three_directions.png
PHYS-30963818838C,images/unit2/PHYS-30963818838C__u2_5_from_ch_3_31_boat_crossing_river_three_scenarios.png,u2_5_from_ch_3_31_boat_crossing_river_three_scenarios.png,2,,3,31,comparison,comparison,,Think and Rank 46: Three motorboats crossing a river with different headings.,Think and Rank 46 Three motorboats crossing a river with different headings.,Think and Rank 46: Three motorboats crossing a river with different headings.,30963818838cced09c0b141caebddc16f1f0e7ad02884ffce6ed89d842aeab40,,units/unit2/images_review/u2_5_from_ch_3_31_boat_crossing_river_three_scenarios.png
PHYS-E6E09BE0491D,images/unit3/PHYS-E6E09BE0491D__unit3-car-bug-third-law.png,unit3-car-bug-third-law.png,3,,,,phenomenon_or_example,phenomenon_or_example,,Unit 3 assessment figure,,Unit 3 assessment figure.,e6e09be0491d604cf8c7021bfcfb93f585c51ef21a0069e6885d4c9101bf8e09,,units/unit3/figures/unit3-car-bug-third-law.png
PHYS-5ECA9D42DAED,images/unit3/PHYS-5ECA9D42DAED__unit3-falling-force-models.png,unit3-falling-force-models.png,3,,,,model_or_diagram,model_or_diagram,force,Unit 3 assessment figure,,Unit 3 assessment figure.,5eca9d42daed6cee1cc01c9263a6c4827ebd61e6dce3a9292943f8f16fdd083d,,units/unit3/figures/unit3-falling-force-models.png
PHYS-2B55B01AD724,images/unit3/PHYS-2B55B01AD724__unit3-flawed-projectile-horizontal.png,unit3-flawed-projectile-horizontal.png,3,,,,misconception_or_critique,misconception_or_critique,projectile,Unit 3 assessment figure,,Unit 3 assessment figure.,2b55b01ad724869a0b0b9eb62de8ba7cebc5f64904a80791ab6120f61b01b1c3,,units/unit3/figures/unit3-flawed-projectile-horizontal.png
PHYS-1324D0384827,images/unit3/PHYS-1324D0384827__unit3-force-mass-acceleration-comparison.png,unit3-force-mass-acceleration-comparison.png,3,,,,model_or_diagram,model_or_diagram; comparison,force; acceleration,Unit 3 assessment figure,,Unit 3 assessment figure.,1324d038482761cfe3431e0a4f059c103b8f55e14a7842e493537b7e4962611a,,units/unit3/figures/unit3-force-mass-acceleration-comparison.png
PHYS-35B575C7CA1F,images/unit3/PHYS-35B575C7CA1F__unit3-friction-net-force-box.png,unit3-friction-net-force-box.png,3,,,,model_or_diagram,model_or_diagram; phenomenon_or_example,force; friction,Unit 3 assessment figure,,Unit 3 assessment figure.,35b575c7ca1f2e078ce2ae291b5247a46e96372b3ba75c176c0bceeacea382f8,,units/unit3/figures/unit3-friction-net-force-box.png
PHYS-2FACE079C14B,images/unit3/PHYS-2FACE079C14B__unit3-mass-weight-earth-moon.png,unit3-mass-weight-earth-moon.png,3,,,,phenomenon_or_example,phenomenon_or_example,,Unit 3 assessment figure,,Unit 3 assessment figure.,2face079c14b4e74c0a3bc97f7197a3e29cfa6657ea6771ea68d4d5ba05f4ab0,,units/unit3/figures/unit3-mass-weight-earth-moon.png
PHYS-428FEBF64E01,images/unit3/PHYS-428FEBF64E01__unit3-projectile-components.png,unit3-projectile-components.png,3,,,,conceptual_reference,conceptual_reference,projectile,Unit 3 assessment figure,,Unit 3 assessment figure.,428febf64e018b6c2fca70b695dd2f623009770a70bd9ed01e576b810de317da,,units/unit3/figures/unit3-projectile-components.png
PHYS-29C3FABDA03C,images/unit3/PHYS-29C3FABDA03C__unit3-ramp-cart-motion.png,unit3-ramp-cart-motion.png,3,,,,phenomenon_or_example,phenomenon_or_example,motion,Unit 3 assessment figure,,Unit 3 assessment figure.,29c3fabda03ce3b1fd6a500b8180a2ffeffb8cccc204b181bfd6a8e487daf60b,,units/unit3/figures/unit3-ramp-cart-motion.png
PHYS-00C8080C59AD,images/unit3/PHYS-00C8080C59AD__unit3-static-sliding-friction-graph.png,unit3-static-sliding-friction-graph.png,3,,,,graph_or_data,graph_or_data,friction,Unit 3 assessment figure,,Unit 3 assessment figure.,00c8080c59ad9b458726fa8f9ee070455fe02aab118bf6210eca724f10a1804f,,units/unit3/figures/unit3-static-sliding-friction-graph.png
PHYS-C9837A7E0698,images/unit3/PHYS-C9837A7E0698__unit3-system-internal-external-forces.png,unit3-system-internal-external-forces.png,3,,,,model_or_diagram,model_or_diagram,force,Unit 3 assessment figure,,Unit 3 assessment figure.,c9837a7e0698898369d22f8afb6c589d7bb9a8fdf52c3d4516bf9d80b156d5f7,,units/unit3/figures/unit3-system-internal-external-forces.png
PHYS-2C7E397F95BC,images/unit3/PHYS-2C7E397F95BC__unit3-terminal-speed-graph.png,unit3-terminal-speed-graph.png,3,,,,graph_or_data,graph_or_data,speed,Unit 3 assessment figure,,Unit 3 assessment figure.,2c7e397f95bcec3b5eca2dc822e192a29ce015e3db03ad5797c8a17196788ad2,,units/unit3/figures/unit3-terminal-speed-graph.png
PHYS-6CF676B58FEA,images/unit3/PHYS-6CF676B58FEA__unit3-wall-third-law.png,unit3-wall-third-law.png,3,,,,conceptual_reference,conceptual_reference,,Unit 3 assessment figure,,Unit 3 assessment figure.,6cf676b58fea9f5aa414d2acc917eb9bf135f0adcdbe535f544373359a4cee19,,units/unit3/figures/unit3-wall-third-law.png
PHYS-F4C43242A227,images/unit3/PHYS-F4C43242A227__u3_1_from_ch_4_1_man_kicking_ball_force_produces_acceleration.png,u3_1_from_ch_4_1_man_kicking_ball_force_produces_acceleration.png,3,3.1,4,1,model_or_diagram,model_or_diagram; phenomenon_or_example,force; acceleration,"Figure 4.1: A person kicks a ball, causing it to accelerate.",Figure 4.1 Kick the ball and it accelerates.,"Figure 4.1: A person kicks a ball, causing it to accelerate.",f4c43242a227e733a1fb829f35887a484e56a3637f907b632cf69e54a249eedd,,units/unit3/images_3_1/u3_1_from_ch_4_1_man_kicking_ball_force_produces_acceleration.png
PHYS-CAD08A638FCD,images/unit3/PHYS-CAD08A638FCD__u3_1_from_ch_4_1b_same_force_more_mass_less_acceleration_bricks.png,u3_1_from_ch_4_1b_same_force_more_mass_less_acceleration_bricks.png,3,3.1,4,1,model_or_diagram,model_or_diagram; comparison,force; acceleration,Figure 4.11: The same force produces less acceleration when more bricks are pushed.,Figure 4.11 Acceleration is inversely proportional to mass.,Figure 4.11: The same force produces less acceleration when more bricks are pushed.,cad08a638fcd6177901a74939b5e70da9f83833d1c7d1022bfa4c52fcc11d1c0,,units/unit3/images_3_1/u3_1_from_ch_4_1b_same_force_more_mass_less_acceleration_bricks.png
PHYS-7D4C326778CD,images/unit3/PHYS-7D4C326778CD__u3_1_from_ch_4_2_force_doubles_acceleration_doubles_brick.png,u3_1_from_ch_4_2_force_doubles_acceleration_doubles_brick.png,3,3.1,4,2,model_or_diagram,model_or_diagram,force; acceleration,Figure 4.2: Diagrams showing acceleration proportional to applied force.,Figure 4.2 Acceleration is directly proportional to force.,Figure 4.2: Diagrams showing acceleration proportional to applied force.,7d4c326778cdacc5dd827e84d72212bcd13c0b70ef5da67e3f4ea566ce7c5e98,,units/unit3/images_3_1/u3_1_from_ch_4_2_force_doubles_acceleration_doubles_brick.png
PHYS-FC0069678EE8,images/unit3/PHYS-FC0069678EE8__u3_1_from_ch_4_10_person_pushing_elephant_mass_resists.png,u3_1_from_ch_4_10_person_pushing_elephant_mass_resists.png,3,3.2,4,10,model_or_diagram,model_or_diagram; phenomenon_or_example,,Figure 4.9: A person pushes against a massive elephant on skates.,"Figure 4.9 INTERACTIVE FIGURE The greater the mass, the greater the force must be for a given acceleration.",Figure 4.9: A person pushes against a massive elephant on skates.,fc0069678ee8f1e03966735a1a5f9a4fea2546f75d1d4bb823afcad1981f7353,,units/unit3/images_3_2/u3_1_from_ch_4_10_person_pushing_elephant_mass_resists.png
PHYS-01FBBE535ACA,images/unit3/PHYS-01FBBE535ACA__u3_1_from_ch_4_6_foot_on_block_weight_and_support_force.png,u3_1_from_ch_4_6_foot_on_block_weight_and_support_force.png,3,3.2,4,6,model_or_diagram,model_or_diagram; experiment_or_measurement,force,Figure 4.6: Weight on a foot is balanced by an upward support force from a scale.,"Figure 4.6 At equilibrium on a weighing scale, weight ( mg ) is balanced by an upward support force.",Figure 4.6: Weight on a foot is balanced by an upward support force from a scale.,01fbbe535acac17656ea4a19b266c82342f04b50e5c7f59d423f6d7051d2d825,,units/unit3/images_3_2/u3_1_from_ch_4_6_foot_on_block_weight_and_support_force.png
PHYS-7EA4384CAFF0,images/unit3/PHYS-7EA4384CAFF0__u3_1_from_ch_4_7_astronaut_kicking_wrench_mass_in_space.png,u3_1_from_ch_4_7_astronaut_kicking_wrench_mass_in_space.png,3,3.2,4,7,phenomenon_or_example,phenomenon_or_example,,Figure 4.7: An astronaut in space shakes a weightless anvil-like object.,"Figure 4.7 The astronaut in space finds that it is just as difficult to shake the “weightless” anvil as it would be on Earth. If the anvil were more massive than the astronaut, which would shake more: the anvil or the astronaut?",Figure 4.7: An astronaut in space shakes a weightless anvil-like object.,7ea4384caff06ab8455302ff36ff4175d5ca08bc18f47779ba1dad5d9bad828c,,units/unit3/images_3_2/u3_1_from_ch_4_7_astronaut_kicking_wrench_mass_in_space.png
PHYS-7026401CD080,images/unit3/PHYS-7026401CD080__u3_2_from_ch_4_3_friction_surface_irregularities_magnified.png,u3_2_from_ch_4_3_friction_surface_irregularities_magnified.png,3,3.2,4,3,comparison,comparison; phenomenon_or_example,friction,Figure 4.3: Magnified irregular surfaces between two sliding objects.,Figure 4.3 Friction results from surface irregularities and mutual attractions (stickiness) between atoms in the surfaces of sliding objects. Even surfaces that appear to be smooth have irregular surfaces when viewed at the microscopic level.,Figure 4.3: Magnified irregular surfaces between two sliding objects.,7026401cd08091276ac956a1556411b561733bb89a613776ed0a8aac8b5db999,,units/unit3/images_3_2/u3_2_from_ch_4_3_friction_surface_irregularities_magnified.png
PHYS-C8D897616B72,images/unit3/PHYS-C8D897616B72__u3_2_from_ch_4_4_push_with_friction_and_balloon_air_resistance.png,u3_2_from_ch_4_4_push_with_friction_and_balloon_air_resistance.png,3,3.2,4,4,model_or_diagram,model_or_diagram; phenomenon_or_example,resistance; gravity; friction,Figure 4.4: A crate pushed right has friction left; a falling sack has air resistance upward and gravity downward.,"Figure 4.4 The direction of the force of friction always opposes the direction of motion. (Left) Push the crate to the right, and friction acts toward the left. (Right) The force of gravity on the sack acts downward, and air friction (air resistance) acts upward. (What is the sack’s acceleration when the air resistance builds up to match the force of gravity?)",Figure 4.4: A crate pushed right has friction left; a falling sack has air resistance upward and gravity downward.,c8d897616b72c73791c1dc5336b53f9a23622f894580a9a3f17827ecca0b5c03,,units/unit3/images_3_2/u3_2_from_ch_4_4_push_with_friction_and_balloon_air_resistance.png
PHYS-9AFE67E9FE5D,images/unit3/PHYS-9AFE67E9FE5D__u3_2_from_ch_4_5_tire_friction_ground_contact_photo.png,u3_2_from_ch_4_5_tire_friction_ground_contact_photo.png,3,3.2,4,5,model_or_diagram,model_or_diagram; comparison; phenomenon_or_example,friction,Figure 4.5: A wide tire contacting the ground.,Figure 4.5 Friction between the tire and the ground is nearly the same whether the tire is wide or narrow. The purpose of the greater contact area is to reduce heating and wear.,Figure 4.5: A wide tire contacting the ground.,9afe67e9fe5da1515edbfb8c440295e93e06e9ceb8414f90036ca4632e49f4ef,,units/unit3/images_3_2/u3_2_from_ch_4_5_tire_friction_ground_contact_photo.png
PHYS-401349329DA8,images/unit3/PHYS-401349329DA8__u3_2_from_ch_4_8_ball_on_string_sudden_pull_lower_string.png,u3_2_from_ch_4_8_ball_on_string_sudden_pull_lower_string.png,3,3.2,4,8,model_or_diagram,model_or_diagram; phenomenon_or_example,,Figure 4.8: A massive ball hangs from a top string while a hand pulls on a lower string.,"Figure 4.8 Why will a slow, continuous increase in downward force break the string above the massive ball, while a sudden increase will break the lower string?",Figure 4.8: A massive ball hangs from a top string while a hand pulls on a lower string.,401349329da891c2b3faed2916754e0358444578d2769ebebbbe2ac5a75650c8,,units/unit3/images_3_2/u3_2_from_ch_4_8_ball_on_string_sudden_pull_lower_string.png
PHYS-EF57E997B805,images/unit3/PHYS-EF57E997B805__u3_3_from_ch_4_12_packages_m_2m_fall_same_rate_Fm_equals_g.png,u3_3_from_ch_4_12_packages_m_2m_fall_same_rate_Fm_equals_g.png,3,3.3,4,12,model_or_diagram,model_or_diagram; experiment_or_measurement; comparison; phenomenon_or_example,force,Figure 4.12: Two falling packages labeled m and 2m show that the force-to-mass ratio equals g for both.,"Figure 4.12 INTERACTIVE FIGURE The ratio of the force of gravity ( F ) to mass ( m ) is the same for all objects in the same locality; hence, their accelerations are the same in the absence of air resistance.",Figure 4.12: Two falling packages labeled m and 2m show that the force-to-mass ratio equals g for both.,ef57e997b805404b7ac9e3abf608de773b37a7788684bc9396b4746b34670100,,units/unit3/images_3_3/u3_3_from_ch_4_12_packages_m_2m_fall_same_rate_Fm_equals_g.png
PHYS-A096C5E1453E,images/unit3/PHYS-A096C5E1453E__u3_3_from_ch_4_13_rock_feather_Fm_equals_g_circle_pi_analogy.png,u3_3_from_ch_4_13_rock_feather_Fm_equals_g_circle_pi_analogy.png,3,3.3,4,13,model_or_diagram,model_or_diagram; comparison,force,"Figure 4.13: A falling rock and feather both show force divided by mass equals g, like circle circumference divided by diameter equals pi.","Figure 4.13 The ratio of the force due to gravity ( F ) to mass ( m ) is the same for both the large rock and the small feather; similarly, the ratio of circumference ( C ) to diameter ( D ) is the same for both the large and the small circles.","Figure 4.13: A falling rock and feather both show force divided by mass equals g, like circle circumference divided by diameter equals pi.",a096c5e1453e3655114108659a7e7f04f31417c427096ad3dc9b883d95153b68,,units/unit3/images_3_3/u3_3_from_ch_4_13_rock_feather_Fm_equals_g_circle_pi_analogy.png
PHYS-1CEC9B405B6D,images/unit3/PHYS-1CEC9B405B6D__u3_3_from_ch_4_15_balloon_nonfree_fall_air_resistance_R_vs_mg.png,u3_3_from_ch_4_15_balloon_nonfree_fall_air_resistance_R_vs_mg.png,3,3.3,4,15,model_or_diagram,model_or_diagram; phenomenon_or_example,force; free fall; resistance,Figure 4.14: Falling sack of mail with upward air resistance R and downward force mg.,"Figure 4.14 When the force due to gravity mg is greater than the air resistance R , the falling sack of mail accelerates. At higher speeds, R increases. When R = mg , the acceleration reaches zero, and the sack reaches its terminal velocity.",Figure 4.14: Falling sack of mail with upward air resistance R and downward force mg.,1cec9b405b6d4bc196f8d473921703c0f8d4e1ad10a696fbb5fa465b4acc2f24,,units/unit3/images_3_3/u3_3_from_ch_4_15_balloon_nonfree_fall_air_resistance_R_vs_mg.png
PHYS-CC8828550304,images/unit3/PHYS-CC8828550304__u3_3_from_ch_4_16_two_parachutists_air_resistance_vs_gravity.png,u3_3_from_ch_4_16_two_parachutists_air_resistance_vs_gravity.png,3,3.3,4,16,model_or_diagram,model_or_diagram,force; light; resistance; gravity,Figure 4.15: Lighter and heavier parachutists with air resistance and mg force arrows.,Figure 4.15 The heavier parachutist must fall faster than the lighter parachutist for air resistance to cancel the greater gravitational force pulling him down.,Figure 4.15: Lighter and heavier parachutists with air resistance and mg force arrows.,cc8828550304f7babb0702f0f01c6dc006ee4bee77c900ebce07394474e31aa3,,units/unit3/images_3_3/u3_3_from_ch_4_16_two_parachutists_air_resistance_vs_gravity.png
PHYS-6E8FAB919B30,images/unit3/PHYS-6E8FAB919B30__u3_3_from_ch_4_17_person_spread_eagle_nonfree_fall.png,u3_3_from_ch_4_17_person_spread_eagle_nonfree_fall.png,3,3.3,4,17,historical_story,historical_story; phenomenon_or_example,free fall,Check Point illustration: Nellie Newton falling spread-eagle through the air.,,Check Point illustration: Nellie Newton falling spread-eagle through the air.,6e8fab919b30698e888dd0841db3e05180a230e4298a228eaacb0c41b1604440,,units/unit3/images_3_3/u3_3_from_ch_4_17_person_spread_eagle_nonfree_fall.png
PHYS-74A3D8ADDC83,images/unit3/PHYS-74A3D8ADDC83__u3_4_from_ch_5_10_orange_apple_shared_system_internal_forces.png,u3_4_from_ch_5_10_orange_apple_shared_system_internal_forces.png,3,3.4,5,10,model_or_diagram,model_or_diagram,force,"Figure 5.10: The dashed system boundary encloses both orange and apple, showing internal forces.","Figure 5.10 In the larger system of orange + apple, action and reaction forces are internal and cancel. If these are the only horizontal forces, with no external force, no acceleration of the system occurs.","Figure 5.10: The dashed system boundary encloses both orange and apple, showing internal forces.",74a3d8addc83be3f6e028b961c33a0109908f1ed3995a7b11763d0ab9de2b37c,,units/unit3/images_3_4/u3_4_from_ch_5_10_orange_apple_shared_system_internal_forces.png
PHYS-0F9021FE55D3,images/unit3/PHYS-0F9021FE55D3__u3_4_from_ch_5_11_orange_apple_system_external_floor_force.png,u3_4_from_ch_5_11_orange_apple_system_external_floor_force.png,3,3.4,5,11,model_or_diagram,model_or_diagram,force,Figure 5.11: The orange-apple system accelerates when the floor pushes on the apple.,Figure 5.11 An external horizontal force occurs when the floor pushes on the apple (reaction to the apple’s push on the floor). The orange–apple system accelerates.,Figure 5.11: The orange-apple system accelerates when the floor pushes on the apple.,0f9021fe55d3187141e3ef92f954a509269ceb0007319780585e48e918558b43,,units/unit3/images_3_4/u3_4_from_ch_5_11_orange_apple_system_external_floor_force.png
PHYS-ECC756F8E7F6,images/unit3/PHYS-ECC756F8E7F6__u3_4_from_ch_5_12_foot_kicking_football_ab.png,u3_4_from_ch_5_12_foot_kicking_football_ab.png,3,3.4,5,12,experiment_or_measurement,experiment_or_measurement; phenomenon_or_example,,Figure 5.12: A foot labeled A acts on a football labeled B.,"Figure 5.12 A acts on B, and B accelerates.",Figure 5.12: A foot labeled A acts on a football labeled B.,ecc756f8e7f6528dee6bd349d07707eab6a23b53c61bb00d64b23b98fc77d77e,,units/unit3/images_3_4/u3_4_from_ch_5_12_foot_kicking_football_ab.png
PHYS-DA94FDBA5EE2,images/unit3/PHYS-DA94FDBA5EE2__u3_4_from_ch_5_13_two_feet_kicking_football_whap.png,u3_4_from_ch_5_13_two_feet_kicking_football_whap.png,3,3.4,5,13,comparison,comparison; phenomenon_or_example,,"Figure 5.13: Two feet act on a football from opposite sides, canceling their effects.","Figure 5.13 Both A and C act on B. They can cancel each other. If they do, B does not accelerate.","Figure 5.13: Two feet act on a football from opposite sides, canceling their effects.",da94fdba5ee2d718a22279006f63e9324a588f14a7127b07c80d514e9a5ac73d,,units/unit3/images_3_4/u3_4_from_ch_5_13_two_feet_kicking_football_whap.png
PHYS-7C1EBFB837B9,images/unit3/PHYS-7C1EBFB837B9__u3_4_from_ch_5_14_rock_earth_gravitational_force_pair.png,u3_4_from_ch_5_14_rock_earth_gravitational_force_pair.png,3,3.4,5,14,model_or_diagram,model_or_diagram; phenomenon_or_example,force,Figure 5.14: A boulder and Earth pull on each other with equal and opposite gravitational forces.,Figure 5.14 Earth is pulled up by the boulder with just as much force as the boulder is pulled down by Earth.,Figure 5.14: A boulder and Earth pull on each other with equal and opposite gravitational forces.,7c1ebfb837b976b61ad21ac310790921802825df6792f041d90f300fb2c78623,,units/unit3/images_3_4/u3_4_from_ch_5_14_rock_earth_gravitational_force_pair.png
PHYS-134E45C2C824,images/unit3/PHYS-134E45C2C824__u3_4_from_ch_5_15_two_spheres_different_mass_scenarios_abcde.png,u3_4_from_ch_5_15_two_spheres_different_mass_scenarios_abcde.png,3,3.4,5,15,model_or_diagram,model_or_diagram; comparison,force; acceleration,"Figure 5.15: Five pairs of bodies A and B with different relative masses, showing equal force arrows but different accelerations.","Figure 5.15 Which falls toward the other: A or B? Although the forces between each pair are the same, do the accelerations differ?","Figure 5.15: Five pairs of bodies A and B with different relative masses, showing equal force arrows but different accelerations.",134e45c2c8249f54ce180b1219fa680c431633ee31b0f7546673abbb5859f2f8,,units/unit3/images_3_4/u3_4_from_ch_5_15_two_spheres_different_mass_scenarios_abcde.png
PHYS-42C693A06CD5,images/unit3/PHYS-42C693A06CD5__u3_4_from_ch_5_16_cannon_firing_recoil.png,u3_4_from_ch_5_16_cannon_firing_recoil.png,3,3.4,5,16,model_or_diagram,model_or_diagram; phenomenon_or_example,force,Figure 5.16: A cannon fires a cannonball; force arrows show equal and opposite forces.,"Figure 5.16 The force exerted against the recoiling cannon is just as great as the force that drives the cannonball inside the barrel. Why, then, does the cannonball accelerate more than the cannon?",Figure 5.16: A cannon fires a cannonball; force arrows show equal and opposite forces.,42c693a06cd5bb9848857d3922ffe6c204e6ff6de5405a9f5ae317c6744bb831,,units/unit3/images_3_4/u3_4_from_ch_5_16_cannon_firing_recoil.png
PHYS-3A708535571A,images/unit3/PHYS-3A708535571A__u3_4_from_ch_5_17_balloon_recoil_escaping_air.png,u3_4_from_ch_5_17_balloon_recoil_escaping_air.png,3,3.4,5,17,phenomenon_or_example,phenomenon_or_example,,Figure 5.17: A balloon moves upward as air escapes downward.,"Figure 5.17 The balloon recoils from the escaping air, and it moves upward.",Figure 5.17: A balloon moves upward as air escapes downward.,3a708535571a82fd9e0c29cad4293809521dc635a9ac5f6c09b93a68ffb36351,,units/unit3/images_3_4/u3_4_from_ch_5_17_balloon_recoil_escaping_air.png
PHYS-C14FD6EA4BAE,images/unit3/PHYS-C14FD6EA4BAE__u3_4_from_ch_5_18_rocket_propulsion_recoil.png,u3_4_from_ch_5_18_rocket_propulsion_recoil.png,3,3.4,5,18,phenomenon_or_example,phenomenon_or_example,,Figure 5.18: A rocket moves upward as exhaust gas is expelled downward.,"Figure 5.18 The rocket recoils from the &ldquo;molecular cannonballs&rdquo; it fires, and it moves upward.",Figure 5.18: A rocket moves upward as exhaust gas is expelled downward.,c14fd6ea4baedcd86f3590eec6ab6667cda4de04f6a82243b04c7d5aba9c05a7,,units/unit3/images_3_4/u3_4_from_ch_5_18_rocket_propulsion_recoil.png
PHYS-C35C2ECBA85C,images/unit3/PHYS-C35C2ECBA85C__u3_4_from_ch_5_1_fingers_pushing_each_other_wall.png,u3_4_from_ch_5_1_fingers_pushing_each_other_wall.png,3,3.4,5,1,model_or_diagram,model_or_diagram; comparison,,Figure 5.1: Fingers pushing against fingers and a hand pushing against a wall.,"Figure 5.1 You can feel your fingers being pushed by your friend’s fingers. You also feel the same amount of force when you push on a wall and it pushes back on you. As a point of fact, you can’t push on the wall unless it pushes back on you!",Figure 5.1: Fingers pushing against fingers and a hand pushing against a wall.,c35c2ecba85cd4b009d9e18db0b362bc67e426f51cb0a5ee6c0612a02ac23a9d,,units/unit3/images_3_4/u3_4_from_ch_5_1_fingers_pushing_each_other_wall.png
PHYS-21FCFAEABF4C,images/unit3/PHYS-21FCFAEABF4C__u3_4_from_ch_5_21_dog_leash_force_components_fx_fy.png,u3_4_from_ch_5_21_dog_leash_force_components_fx_fy.png,3,3.4,5,21,model_or_diagram,model_or_diagram,force; vector,Figure 5.21: Nellie pulls a sled with a force vector resolved into horizontal and vertical components.,Figure 5.21 The force F that Nellie exerts on the sled has a horizontal component Fx and a vertical component Fy. (Not shown are other forces on the sled.),Figure 5.21: Nellie pulls a sled with a force vector resolved into horizontal and vertical components.,21fcfaeabf4c10f44eaaabae325ab74d4769440162256cb79dd52bca04b5de7d,,units/unit3/images_3_4/u3_4_from_ch_5_21_dog_leash_force_components_fx_fy.png
PHYS-9641D583B563,images/unit3/PHYS-9641D583B563__u3_4_from_ch_5_22_vector_v_construction_three_panels.png,u3_4_from_ch_5_22_vector_v_construction_three_panels.png,3,3.4,5,22,model_or_diagram,model_or_diagram,vector,Figure 5.22: Three-panel construction of the horizontal and vertical components of vector V.,Figure 5.22 Construction of the vertical and horizontal components of a vector.,Figure 5.22: Three-panel construction of the horizontal and vertical components of vector V.,9641d583b563bc0cc71a1455289776c76e07a59908c84f694abdad6a13d5e750,,units/unit3/images_3_4/u3_4_from_ch_5_22_vector_v_construction_three_panels.png
PHYS-3AD92177DE79,images/unit3/PHYS-3AD92177DE79__u3_4_from_ch_5_23_skier_normal_force_slope_abc.png,u3_4_from_ch_5_23_skier_normal_force_slope_abc.png,3,3.4,5,23,model_or_diagram,model_or_diagram; comparison; historical_story,force,Figure 5.23: Nellie Newton on a level surface and on an incline with normal force and weight components.,"Figure 5.23 (a) Nellie Newton presses against the surface, mg (action), and the surface presses on Nellie, N (reaction). So mg and N are equal and opposite. (b) Nellie presses with less force against the inclined surface, so in action–reaction fashion, the normal force N is correspondingly smaller. (c) The component of mg perpendicular to the sloped surface has the same magnitude as N; the component of mg parallel to the surface provides acceleration.",Figure 5.23: Nellie Newton on a level surface and on an incline with normal force and weight components.,3ad92177de7935f48d637733b47a6d228050c5879a700d3b4b80f0e67f250f00,,units/unit3/images_3_4/u3_4_from_ch_5_23_skier_normal_force_slope_abc.png
PHYS-3D81C1526DCE,images/unit3/PHYS-3D81C1526DCE__u3_4_from_ch_5_24_block_on_incline_normal_force_decreasing.png,u3_4_from_ch_5_24_block_on_incline_normal_force_decreasing.png,3,3.4,5,24,model_or_diagram,model_or_diagram,force,"Figure 5.24: Four blocks of ice on increasingly steep surfaces, showing normal force diminishing to zero.","Figure 5.24 As the incline steepens, the normal force N on a block of ice diminishes, and N is zero when the incline is vertical.","Figure 5.24: Four blocks of ice on increasingly steep surfaces, showing normal force diminishing to zero.",3d81c1526dce07962333fca4c7e7c369e538348ec615740d923cd8f067064e08,,units/unit3/images_3_4/u3_4_from_ch_5_24_block_on_incline_normal_force_decreasing.png
PHYS-341E6A6848FB,images/unit3/PHYS-341E6A6848FB__u3_4_from_ch_5_25_shoe_on_incline_friction_normal_abc.png,u3_4_from_ch_5_25_shoe_on_incline_friction_normal_abc.png,3,3.4,5,25,model_or_diagram,model_or_diagram,force; vector; friction,"Figure 5.25: A shoe on an incline under three conditions, showing weight, normal force, friction, and resultant vectors.","Figure 5.25 (a) On friction-free ice, only mg and N act on the shoe. (b) On the wooden board, a force of friction f is present. (c) At equilibrium, the resultant of N and mg is equal and opposite to f.","Figure 5.25: A shoe on an incline under three conditions, showing weight, normal force, friction, and resultant vectors.",341e6a6848fb5123b3a7260188ff5f6696a711020b6040a696595026cb7d1b90,,units/unit3/images_3_4/u3_4_from_ch_5_25_shoe_on_incline_friction_normal_abc.png
PHYS-767F4A39C416,images/unit3/PHYS-767F4A39C416__u3_4_from_ch_5_26_monkey_mo_equilibrium_three_forces.png,u3_4_from_ch_5_26_monkey_mo_equilibrium_three_forces.png,3,3.4,5,26,model_or_diagram,model_or_diagram,force; equilibrium; vector,"Figure 5.26: Monkey Mo hangs from a rope and cage with tension, sideways pull, and weight vectors shown.",Figure 5.26 Monkey Mo and the three forces that provide equilibrium.,"Figure 5.26: Monkey Mo hangs from a rope and cage with tension, sideways pull, and weight vectors shown.",767f4a39c416150ffed8d7dcb1f0453c81258903b417f717bf5ec46ca2905279,,units/unit3/images_3_4/u3_4_from_ch_5_26_monkey_mo_equilibrium_three_forces.png
PHYS-E86603BB105A,images/unit3/PHYS-E86603BB105A__u3_4_from_ch_5_27_tossed_stone_velocity_components_parabola.png,u3_4_from_ch_5_27_tossed_stone_velocity_components_parabola.png,3,3.4,5,27,conceptual_reference,conceptual_reference,velocity,Figure 5.27: A tossed stone with horizontal and vertical components of velocity shown along a parabolic path.,Figure 5.27 The horizontal and vertical components of a tossed stone&rsquo;s velocity.,Figure 5.27: A tossed stone with horizontal and vertical components of velocity shown along a parabolic path.,e86603bb105abf899c5fea59bdebfedc1b08e69446518b8ad80176fa459c038a,,units/unit3/images_3_4/u3_4_from_ch_5_27_tossed_stone_velocity_components_parabola.png
PHYS-8446935C3504,images/unit3/PHYS-8446935C3504__u3_4_from_ch_5_28_geese_v_formation_aerodynamic_lift.png,u3_4_from_ch_5_28_geese_v_formation_aerodynamic_lift.png,3,3.4,5,28,conceptual_reference,conceptual_reference,,Figure 5.28: Geese flying in a V formation against a blue sky.,"Figure 5.28 Geese fly in a V formation because air pushed downward at the tips of their wings swirls upward, creating an updraft that is strongest off to the side of the bird. A trailing bird gets added lift by positioning itself in this updraft, pushes air downward, and creates another updraft for the next bird, and so on. The result is a flock flying in a V formation.",Figure 5.28: Geese flying in a V formation against a blue sky.,8446935c350400f0740fad845170403964cf96848bbe78305d012f25078e79c9,,units/unit3/images_3_4/u3_4_from_ch_5_28_geese_v_formation_aerodynamic_lift.png
PHYS-868226B24707,images/unit3/PHYS-868226B24707__u3_4_from_ch_5_2_boy_leaning_against_wall.png,u3_4_from_ch_5_2_boy_leaning_against_wall.png,3,3.4,5,2,model_or_diagram,model_or_diagram; experiment_or_measurement,,Figure 5.2: A boy leans against a wall and stays balanced.,"Figure 5.2 When you lean against a wall, you exert a force on the wall. The wall simultaneously exerts an equal and opposite force on you. Hence you don’t topple over.",Figure 5.2: A boy leans against a wall and stays balanced.,868226b247072ed453c5b9e68fe45b9aad1f4e64dffd99acdf439fe8d393213e,,units/unit3/images_3_4/u3_4_from_ch_5_2_boy_leaning_against_wall.png
PHYS-9E638A3F5F1F,images/unit3/PHYS-9E638A3F5F1F__u3_4_from_ch_5_3_boxer_heavy_bag_vs_tissue_paper.png,u3_4_from_ch_5_3_boxer_heavy_bag_vs_tissue_paper.png,3,3.4,5,3,model_or_diagram,model_or_diagram; comparison; phenomenon_or_example,,Figure 5.3: A boxer hits a heavy bag and then tissue paper.,Figure 5.3 The boxer can hit the massive bag with considerable force. But with the same punch he can exert only a tiny force on the tissue paper in midair.,Figure 5.3: A boxer hits a heavy bag and then tissue paper.,9e638a3f5f1fc4d35d2c9635eccc35bc3bb18faab68d2a298ea14d854338f93d,,units/unit3/images_3_4/u3_4_from_ch_5_3_boxer_heavy_bag_vs_tissue_paper.png
PHYS-CF20D9B184D0,images/unit3/PHYS-CF20D9B184D0__u3_4_from_ch_5_4_hammer_hitting_stake_force_arrows.png,u3_4_from_ch_5_4_hammer_hitting_stake_force_arrows.png,3,3.4,5,4,model_or_diagram,model_or_diagram; comparison,force,Figure 5.4: Hammer and stake exert equal forces on each other.,"Figure 5.4 In the interaction between the hammer and the stake, each exerts the same amount of force on the other.",Figure 5.4: Hammer and stake exert equal forces on each other.,cf20d9b184d050ce4f6705d25ad05850d6850f968ddd1c081366e2acd8d15202,,units/unit3/images_3_4/u3_4_from_ch_5_4_hammer_hitting_stake_force_arrows.png
PHYS-452AA11E7512,images/unit3/PHYS-452AA11E7512__u3_4_from_ch_5_5_pendulum_balls_collision_blue_yellow.png,u3_4_from_ch_5_5_pendulum_balls_collision_blue_yellow.png,3,3.4,5,5,model_or_diagram,model_or_diagram; phenomenon_or_example,pendulum,"Figure 5.5: A blue ball collides with a yellow ball, stopping while moving the yellow ball.",Figure 5.5 The impact forces between the blue ball and the yellow ball move the yellow ball and stop the blue ball.,"Figure 5.5: A blue ball collides with a yellow ball, stopping while moving the yellow ball.",452aa11e7512190c5a00fc21aa71953cd1a4b182c1a7f6e7e5224596834ea5f6,,units/unit3/images_3_4/u3_4_from_ch_5_5_pendulum_balls_collision_blue_yellow.png
PHYS-7F6F6656AB1E,images/unit3/PHYS-7F6F6656AB1E__u3_4_from_ch_5_6_car_truck_collision.png,u3_4_from_ch_5_6_car_truck_collision.png,3,3.4,5,6,model_or_diagram,model_or_diagram; comparison; phenomenon_or_example,force,"Figure 5.6: A car and truck collide, showing an interaction force pair.","Figure 5.6 In the interaction between the car and the truck, is the force of impact the same on each? Is the damage the same?","Figure 5.6: A car and truck collide, showing an interaction force pair.",7f6f6656ab1e5a33e1cf8d0e83d0dfe3543c3b30da178b61f299de78cde43963,,units/unit3/images_3_4/u3_4_from_ch_5_6_car_truck_collision.png
PHYS-091184F2366E,images/unit3/PHYS-091184F2366E__u3_4_from_ch_5_7_action_reaction_examples_car_rocket_spring_earth.png,u3_4_from_ch_5_7_action_reaction_examples_car_rocket_spring_earth.png,3,3.4,5,7,model_or_diagram,model_or_diagram; phenomenon_or_example,force,"Figure 5.7: Action and reaction force pairs for a tire and road, rocket and gas, person and spring, and Earth and ball.","Figure 5.7 Action and reaction forces. Note that when the action is “A exerts force on B,” the reaction is simply “B exerts force on A.”","Figure 5.7: Action and reaction force pairs for a tire and road, rocket and gas, person and spring, and Earth and ball.",091184f2366e3a88963ca13522066421a034f7a214cb19a4ae9d25637e05f484,,units/unit3/images_3_4/u3_4_from_ch_5_7_action_reaction_examples_car_rocket_spring_earth.png
PHYS-20CD08463151,images/unit3/PHYS-20CD08463151__u3_4_from_ch_5_8_orange_cart_system_box.png,u3_4_from_ch_5_8_orange_cart_system_box.png,3,3.4,5,8,model_or_diagram,model_or_diagram; phenomenon_or_example,force,"Figure 5.8: A dashed line encloses an orange on a cart as a system, with a force arrow to the right.","Figure 5.8 A force acts on the orange, and the orange accelerates to the right.","Figure 5.8: A dashed line encloses an orange on a cart as a system, with a force arrow to the right.",20cd08463151fd864d6efc7792353b3b0136311c2ba81026baf15f35580bd3d3,,units/unit3/images_3_4/u3_4_from_ch_5_8_orange_cart_system_box.png
PHYS-69A2882E9797,images/unit3/PHYS-69A2882E9797__u3_4_from_ch_5_9_orange_cart_apple_pulls_orange_system.png,u3_4_from_ch_5_9_orange_cart_apple_pulls_orange_system.png,3,3.4,5,9,model_or_diagram,model_or_diagram; phenomenon_or_example,,Figure 5.9: An apple pulls an orange on a cart; the orange is the defined system.,"Figure 5.9 The force on the orange, provided by the apple, is not canceled by the reaction force on the apple. The orange still accelerates.",Figure 5.9: An apple pulls an orange on a cart; the orange is the defined system.,69a2882e9797a9a95a58e9354507d9fb3be977cd362af378900a19d5ff4e6f15,,units/unit3/images_3_4/u3_4_from_ch_5_9_orange_cart_apple_pulls_orange_system.png
PHYS-7B4B8C5EA9AE,images/unit3/PHYS-7B4B8C5EA9AE__u3_4_from_ch_5_pp_checkpoint_two_vectors_angle_resolution.png,u3_4_from_ch_5_pp_checkpoint_two_vectors_angle_resolution.png,3,3.4,5,pp,model_or_diagram,model_or_diagram; comparison,vector,Check Point image: two angled vectors on dashed axes for measuring horizontal and vertical components.,Check Point Two vectors for resolving into horizontal and vertical components.,Check Point image: two angled vectors on dashed axes for measuring horizontal and vertical components.,7b4b8c5ea9aebd47c0ffb793d7e124e74905e6bac659becbbef499e9184971b4,,units/unit3/images_3_4/u3_4_from_ch_5_pp_checkpoint_two_vectors_angle_resolution.png
PHYS-485CA1406C6E,images/unit3/PHYS-485CA1406C6E__u3_4_from_ch_5_pp_tug_of_war_activity.png,u3_4_from_ch_5_pp_tug_of_war_activity.png,3,3.4,5,pp,conceptual_reference,conceptual_reference,,Practicing Physics: Tug-of-war teams pulling on a rope.,Practicing Physics Tug-of-War illustration.,Practicing Physics: Tug-of-war teams pulling on a rope.,485ca1406c6e4c136ff015ae55b4b8e56c21cfb9f66eab1b9b8ba123739f6c2e,,units/unit3/images_3_4/u3_4_from_ch_5_pp_tug_of_war_activity.png
PHYS-A952DCC64885,images/unit3/PHYS-A952DCC64885__figure_10_10_steeper_projection_angle_velocity_vectors.png,figure_10_10_steeper_projection_angle_velocity_vectors.png,3,3.5,,,model_or_diagram,model_or_diagram,vector; velocity; projectile,Steeper projectile trajectory with velocity component vectors.,Figure 10.10 Trajectory for a steeper projection angle.,Steeper projectile trajectory with velocity component vectors.,a952dcc64885735fa77ff7a7ade4e6dfb01ffcb75aab698749ca27ef843e62ca,,units/unit3/images_3_5/figure_10_10_steeper_projection_angle_velocity_vectors.png
PHYS-3289C03F7D2B,images/unit3/PHYS-3289C03F7D2B__figure_10_11_ranges_multiple_projection_angles.png,figure_10_11_ranges_multiple_projection_angles.png,3,3.5,,,comparison,comparison,projectile,"Multiple projectile trajectories for angles 15, 30, 45, 60, and 75 degrees.",Figure 10.11 Ranges of a projectile shot at the same speed at different projection angles.,"Multiple projectile trajectories for angles 15, 30, 45, 60, and 75 degrees.",3289c03f7d2b1bb395f5cf410fb9eaba77a49320dcb9a6dada5907c5c14f69d5,,units/unit3/images_3_5/figure_10_11_ranges_multiple_projection_angles.png
PHYS-A59C12EF49DA,images/unit3/PHYS-A59C12EF49DA__figure_10_13_air_resistance_actual_vs_ideal_path.png,figure_10_13_air_resistance_actual_vs_ideal_path.png,3,3.5,,,conceptual_reference,conceptual_reference,resistance; projectile,Actual projectile path falling short of ideal path due to air resistance.,"Figure 10.13 In the presence of air resistance, the trajectory of a high-speed projectile falls short of the idealized parabolic path.",Actual projectile path falling short of ideal path due to air resistance.,a59c12ef49daa6839c1217906b4e3b7243d0851dc21129410c8b1e902a32f661,,units/unit3/images_3_5/figure_10_13_air_resistance_actual_vs_ideal_path.png
PHYS-D5293CCDFA34,images/unit3/PHYS-D5293CCDFA34__figure_10_14_same_speeds_up_and_down.png,figure_10_14_same_speeds_up_and_down.png,3,3.5,,,comparison,comparison,speed; projectile,Projectile speeds are symmetric upward and downward without air drag.,"Figure 10.14 Without air drag, the speed lost while going up equals the speed gained while coming down: Time going up equals time coming down.",Projectile speeds are symmetric upward and downward without air drag.,d5293ccdfa343ed83d51c9d2be1822d1a79ce2db84921e9e04872bf65ae0cadc,,units/unit3/images_3_5/figure_10_14_same_speeds_up_and_down.png
PHYS-A3402E2483D4,images/unit3/PHYS-A3402E2483D4__figure_10_15_tower_pitching_speed.png,figure_10_15_tower_pitching_speed.png,3,3.5,,,comparison,comparison; phenomenon_or_example,speed,Tower problem showing 5 m drop and 20 m horizontal range.,Figure 10.15 Boy on a tower throwing a ball 20 m downrange after a 5 m drop.,Tower problem showing 5 m drop and 20 m horizontal range.,a3402e2483d49a639fcc06ce813bc3ada6afe880c2562712dc55b7bd8b2bf303,,units/unit3/images_3_5/figure_10_15_tower_pitching_speed.png
PHYS-B36E6BC831FA,images/unit3/PHYS-B36E6BC831FA__figure_10_1a_horizontal_motion_constant_velocity.png,figure_10_1a_horizontal_motion_constant_velocity.png,3,3.5,,,model_or_diagram,model_or_diagram; process_or_sequence; phenomenon_or_example,motion; velocity,Figure 10.1 left: A ball rolls horizontally with equal spacing between positions.,"Figure 10.1 (Left) Roll a ball along a level surface, and its velocity is constant because no component of gravitational force acts horizontally. (Right) Drop the ball, and it accelerates downward and covers a greater vertical distance each second.",Figure 10.1 left: A ball rolls horizontally with equal spacing between positions.,b36e6bc831fa1d1b49af960c750663b74288c611bd299013bc17732b498b8fff,,units/unit3/images_3_5/figure_10_1a_horizontal_motion_constant_velocity.png
PHYS-B3FA999D384E,images/unit3/PHYS-B3FA999D384E__figure_10_1b_vertical_free_fall_increasing_spacing.png,figure_10_1b_vertical_free_fall_increasing_spacing.png,3,3.5,,,model_or_diagram,model_or_diagram; process_or_sequence; phenomenon_or_example,free fall,Figure 10.1 right: A dropped ball has increasing spacing between positions.,"Figure 10.1 (Left) Roll a ball along a level surface, and its velocity is constant because no component of gravitational force acts horizontally. (Right) Drop the ball, and it accelerates downward and covers a greater vertical distance each second.",Figure 10.1 right: A dropped ball has increasing spacing between positions.,b3fa999d384e475bba47c03d362114495dbcd7e14eea8b31e705fbd48e3cf3d6,,units/unit3/images_3_5/figure_10_1b_vertical_free_fall_increasing_spacing.png
PHYS-639374AD8CE7,images/unit3/PHYS-639374AD8CE7__figure_10_2_stone_velocity_components.png,figure_10_2_stone_velocity_components.png,3,3.5,,,conceptual_reference,conceptual_reference,velocity,Vertical and horizontal velocity components of a tossed stone.,Figure 10.2 Vertical and horizontal components of a stone’s velocity.,Vertical and horizontal velocity components of a tossed stone.,639374ad8ce750c06f0b2173ea5255933ca6457b80b4ac5c6c152dc80a7f04a4,,units/unit3/images_3_5/figure_10_2_stone_velocity_components.png
PHYS-3CAAAA74E10D,images/unit3/PHYS-3CAAAA74E10D__figure_10_3_projectile_superposition_four_panels.png,figure_10_3_projectile_superposition_four_panels.png,3,3.5,,,graph_or_data,graph_or_data; phenomenon_or_example,motion; projectile,"Four-panel simulated strobe photographs of horizontal, vertical, and combined projectile motion.",Figure 10.3 Simulated photographs of a moving ball illuminated with a strobe light.,"Four-panel simulated strobe photographs of horizontal, vertical, and combined projectile motion.",3caaaa74e10dfdfade6377ba16a0750bbb6674172be07b436bba1020601f234c,,units/unit3/images_3_5/figure_10_3_projectile_superposition_four_panels.png
PHYS-A8E9D4F5AB80,images/unit3/PHYS-A8E9D4F5AB80__figure_10_4_strobe_dropped_vs_projected_balls.png,figure_10_4_strobe_dropped_vs_projected_balls.png,3,3.5,,,graph_or_data,graph_or_data; comparison; phenomenon_or_example,,Strobe photograph showing dropped and horizontally projected balls falling together.,Figure 10.4 A strobe-light photograph of two golf balls released simultaneously from a mechanism that allows one ball to drop freely while the other is projected horizontally.,Strobe photograph showing dropped and horizontally projected balls falling together.,a8e9d4f5ab809de03629c99989ae62681b55f84c2eda5870bc787faf0212ab11,,units/unit3/images_3_5/figure_10_4_strobe_dropped_vs_projected_balls.png
PHYS-27DA828AD2E8,images/unit3/PHYS-27DA828AD2E8__figure_10_6_projectile_parabola_grid.png,figure_10_6_projectile_parabola_grid.png,3,3.5,,,graph_or_data,graph_or_data,projectile,Projectile path with vertical and horizontal dashed guide lines.,Figure 10.6 The vertical dashed line is the path of a stone dropped from rest. The horizontal dashed line would be its path if there were no gravity. The curved solid line shows the trajectory that combines horizontal and vertical motions.,Projectile path with vertical and horizontal dashed guide lines.,27da828ad2e85191612a5a12fae90c716664ee84063be1bdd2a72f40468cf047,,units/unit3/images_3_5/figure_10_6_projectile_parabola_grid.png
PHYS-C41F4F5BD6B3,images/unit3/PHYS-C41F4F5BD6B3__figure_10_7_upward_downward_launch_same_fall.png,figure_10_7_upward_downward_launch_same_fall.png,3,3.5,,,model_or_diagram,model_or_diagram; comparison,projectile,Two projectile diagrams showing equal vertical fall beneath ideal paths.,"Figure 10.7 Whether launched at an upward or downward angle, the vertical distance of fall beneath the idealized straight-line path is the same for equal times.",Two projectile diagrams showing equal vertical fall beneath ideal paths.,c41f4f5bd6b3a7fc469cc1b66364fc22e87d3a5478c8c3933c5ebcbe821ad32c,,units/unit3/images_3_5/figure_10_7_upward_downward_launch_same_fall.png
PHYS-12FFAFD4DA2D,images/unit3/PHYS-12FFAFD4DA2D__figure_10_8_gravity_drop_below_straight_line.png,figure_10_8_gravity_drop_below_straight_line.png,3,3.5,,,table_or_data,table_or_data; comparison,gravity; projectile,"Cannon projectile showing vertical drops of 5 m, 20 m, and 45 m after 1, 2, and 3 seconds.","Figure 10.8 With no gravity, the projectile would follow a straight-line path (dashed line). But, because of gravity, the projectile falls beneath this line the same vertical distance it would fall if it were released from rest. Compare the distances fallen with those given in Table 3.3 in Chapter 3. (With g = 9.8 m/s 2 , these distances are more precisely 4.9 m, 19.6 m, and 44.1 m.)","Cannon projectile showing vertical drops of 5 m, 20 m, and 45 m after 1, 2, and 3 seconds.",12ffafd4da2d76fddbaa41987a1598c7f71be340fab2c42c19f9d852b6704324,,units/unit3/images_3_5/figure_10_8_gravity_drop_below_straight_line.png
PHYS-F8374DA8745E,images/unit3/PHYS-F8374DA8745E__figure_10_9_velocity_vectors_horizontal_component_constant.png,figure_10_9_velocity_vectors_horizontal_component_constant.png,3,3.5,,,model_or_diagram,model_or_diagram; comparison,vector; velocity; projectile,Projectile velocity vectors with constant horizontal components and changing vertical components.,Figure 10.9 The velocity of a projectile at various points along its trajectory. Note that the vertical component changes and the horizontal component is the same everywhere.,Projectile velocity vectors with constant horizontal components and changing vertical components.,f8374da8745e9418c7cbd42e1d115c430e45ec5c8b7db9c96b89fcc4933a34e0,,units/unit3/images_3_5/figure_10_9_velocity_vectors_horizontal_component_constant.png
PHYS-6CCB662CB1DF,images/unit3/PHYS-6CCB662CB1DF__u3_1_from_ch_4_20_weight_on_earth_moon_jupiter_abc.png,u3_1_from_ch_4_20_weight_on_earth_moon_jupiter_abc.png,3,,4,20,phenomenon_or_example,phenomenon_or_example,,"Think and Rank 56: A 100-kg box of tools shown at Earth, Moon, and Jupiter locations.","Think and Rank 56 A 100-kg box of tools shown at Earth, Moon, and Jupiter locations.","Think and Rank 56: A 100-kg box of tools shown at Earth, Moon, and Jupiter locations.",6ccb662cb1df34804664bf9ca3c9f064ac4637b3ab340832ee566ac9d7533017,,units/unit3/images_review/u3_1_from_ch_4_20_weight_on_earth_moon_jupiter_abc.png
PHYS-C253DE392264,images/unit3/PHYS-C253DE392264__u3_1_from_ch_4_pp_car_braking_truck_object_flying.png,u3_1_from_ch_4_pp_car_braking_truck_object_flying.png,3,,4,pp,phenomenon_or_example,phenomenon_or_example,,Think and Explain 77: Car braking sketch with driver and object moving forward.,Think and Explain 77 Car braking sketch with driver and object moving forward.,Think and Explain 77: Car braking sketch with driver and object moving forward.,c253de392264517b94fcfb1b56b09645947e8ee9770fa048d97f0afc45ffd1fc,,units/unit3/images_review/u3_1_from_ch_4_pp_car_braking_truck_object_flying.png
PHYS-9913DFCC3D09,images/unit3/PHYS-9913DFCC3D09__u3_1_from_ch_4_pp_net_force_blocks_abcd_force_mass.png,u3_1_from_ch_4_pp_net_force_blocks_abcd_force_mass.png,3,,4,pp,model_or_diagram,model_or_diagram; experiment_or_measurement; phenomenon_or_example,force,Think and Rank 54: Boxes of various masses with horizontal forces labeled A-D.,Think and Rank 54 Boxes of various masses with horizontal forces labeled A-D.,Think and Rank 54: Boxes of various masses with horizontal forces labeled A-D.,9913dfcc3d09088d39d2d26bd0f21b3303878486a297f3fc9b1f5d1c18162df4,,units/unit3/images_review/u3_1_from_ch_4_pp_net_force_blocks_abcd_force_mass.png
PHYS-6A79E893AB53,images/unit3/PHYS-6A79E893AB53__u3_1_from_ch_4_pp_three_blocks_tension_30n.png,u3_1_from_ch_4_pp_three_blocks_tension_30n.png,3,,4,pp,conceptual_reference,conceptual_reference,friction,Think and Discuss 107: Three identical blocks pulled on a horizontal frictionless surface with 30 N at the hand.,Think and Discuss 107 Three identical blocks pulled on a horizontal frictionless surface with 30 N at the hand.,Think and Discuss 107: Three identical blocks pulled on a horizontal frictionless surface with 30 N at the hand.,6a79e893ab53888b0b99310d152d51a409291619fb786de57c9cdd391d88a893,,units/unit3/images_review/u3_1_from_ch_4_pp_three_blocks_tension_30n.png
PHYS-B185D118F275,images/unit3/PHYS-B185D118F275__u3_2_from_ch_4_pp_spool_bobbin_direction_of_rolling.png,u3_2_from_ch_4_pp_spool_bobbin_direction_of_rolling.png,3,,4,pp,model_or_diagram,model_or_diagram,force; acceleration,Think and Do 35: Spool/bobbin pulled horizontally to demonstrate net force and acceleration direction.,Think and Do 35 Spool/bobbin pulled horizontally to demonstrate net force and acceleration direction.,Think and Do 35: Spool/bobbin pulled horizontally to demonstrate net force and acceleration direction.,b185d118f27593fee8466c55c24fd67a468049fbfec69d38d87b0cc38373974f,,units/unit3/images_review/u3_2_from_ch_4_pp_spool_bobbin_direction_of_rolling.png
PHYS-74B69DB1A8F1,images/unit3/PHYS-74B69DB1A8F1__u3_2_from_ch_4_pp_static_vs_kinetic_friction_girl_pushing_wall.png,u3_2_from_ch_4_pp_static_vs_kinetic_friction_girl_pushing_wall.png,3,,4,pp,model_or_diagram,model_or_diagram; experiment_or_measurement; comparison,force; equilibrium; friction,Think and Rank 55: Crates in equilibrium with different applied forces and velocities labeled A-C.,Think and Rank 55 Crates in equilibrium with different applied forces and velocities labeled A-C.,Think and Rank 55: Crates in equilibrium with different applied forces and velocities labeled A-C.,74b69db1a8f1e5265634ca264e9feab7728ef68196dbfe43b464ebe93394398e,,units/unit3/images_review/u3_2_from_ch_4_pp_static_vs_kinetic_friction_girl_pushing_wall.png
PHYS-4E2E8C8AB3D4,images/unit3/PHYS-4E2E8C8AB3D4__u3_3_from_ch_4_pp_cat_falling_spread_eagle_nonfree_fall.png,u3_3_from_ch_4_pp_cat_falling_spread_eagle_nonfree_fall.png,3,,4,pp,conceptual_reference,conceptual_reference,free fall; resistance,Think and Explain 94: Falling cat spread out to increase air resistance.,Think and Explain 94 Falling cat spread out to increase air resistance.,Think and Explain 94: Falling cat spread out to increase air resistance.,4e2e8c8ab3d48b53f2d473aaa503c3d202e755942bfb1b96b6e801b3351e220a,,units/unit3/images_review/u3_3_from_ch_4_pp_cat_falling_spread_eagle_nonfree_fall.png
PHYS-41B60FD13608,images/unit3/PHYS-41B60FD13608__u3_3_from_ch_4_pp_three_parachutists_terminal_velocity_abc.png,u3_3_from_ch_4_pp_three_parachutists_terminal_velocity_abc.png,3,,4,pp,conceptual_reference,conceptual_reference,velocity,"Think and Rank 57: Three parachutists with masses 50 kg, 40 kg, and 75 kg.","Think and Rank 57 Three parachutists with masses 50 kg, 40 kg, and 75 kg.","Think and Rank 57: Three parachutists with masses 50 kg, 40 kg, and 75 kg.",41b60fd136082d389dbeb97cfb16420ea41325b3fc0f8787f73c76eb87cef03a,,units/unit3/images_review/u3_3_from_ch_4_pp_three_parachutists_terminal_velocity_abc.png
PHYS-C21C13BEB5C5,images/unit3/PHYS-C21C13BEB5C5__u3_4_from_ch_5_pp_boxes_same_force_different_mass_abc.png,u3_4_from_ch_5_pp_boxes_same_force_different_mass_abc.png,3,,5,pp,model_or_diagram,model_or_diagram; comparison; phenomenon_or_example,force; friction,Think and Rank 32: Three box systems pulled by the same force F on a friction-free surface.,Think and Rank 32 Three box systems pulled by the same force F on a friction-free surface.,Think and Rank 32: Three box systems pulled by the same force F on a friction-free surface.,c21c13beb5c54933edf2b44c30b4e891245af94631b4c9651b797fee5051c980,,units/unit3/images_review/u3_4_from_ch_5_pp_boxes_same_force_different_mass_abc.png
PHYS-1F4938A6EA56,images/unit3/PHYS-1F4938A6EA56__u3_4_from_ch_5_pp_carts_m_2m_compressed_spring_release.png,u3_4_from_ch_5_pp_carts_m_2m_compressed_spring_release.png,3,,5,pp,comparison,comparison; phenomenon_or_example,,Think and Explain 50: Two carts of masses m and 2m joined by a compressed spring.,Think and Explain 50 Two carts of masses m and 2m joined by a compressed spring.,Think and Explain 50: Two carts of masses m and 2m joined by a compressed spring.,1f4938a6ea5682c75e6126e1c038ee7e9d193a435c6f0ac5868064504235f830,,units/unit3/images_review/u3_4_from_ch_5_pp_carts_m_2m_compressed_spring_release.png
PHYS-B97B007614AD,images/unit3/PHYS-B97B007614AD__u3_4_from_ch_5_pp_person_standing_gravity_normal_force.png,u3_4_from_ch_5_pp_person_standing_gravity_normal_force.png,3,,5,pp,model_or_diagram,model_or_diagram; phenomenon_or_example,force; gravity,Think and Explain 45: Person standing still with downward gravity and upward support force arrows.,Think and Explain 45 Person standing still with downward gravity and upward support force arrows.,Think and Explain 45: Person standing still with downward gravity and upward support force arrows.,b97b007614ad1daa2fe0ad6d54c3e582ad874e992bee4be9cb753a56aa3292f6,,units/unit3/images_review/u3_4_from_ch_5_pp_person_standing_gravity_normal_force.png
PHYS-BEFE901C91D8,images/unit3/PHYS-BEFE901C91D8__u3_4_from_ch_5_pp_pucks_ice_speed_2_4_6_ms_abc.png,u3_4_from_ch_5_pp_pucks_ice_speed_2_4_6_ms_abc.png,3,,5,pp,conceptual_reference,conceptual_reference,speed,"Think and Rank 33: Three identical pucks moving at 2 m/s, 4 m/s, and 6 m/s across ice.","Think and Rank 33 Three identical pucks moving at 2 m/s, 4 m/s, and 6 m/s across ice.","Think and Rank 33: Three identical pucks moving at 2 m/s, 4 m/s, and 6 m/s across ice.",befe901c91d8813ceee468d548493d99f6a235b4101919a587be4ed9ef6fc77b,,units/unit3/images_review/u3_4_from_ch_5_pp_pucks_ice_speed_2_4_6_ms_abc.png
PHYS-FFE56E304FFD,images/unit3/PHYS-FFE56E304FFD__u3_4_from_ch_5_pp_spring_scale_100n_each_side.png,u3_4_from_ch_5_pp_spring_scale_100n_each_side.png,3,,5,pp,experiment_or_measurement,experiment_or_measurement; comparison,,Think and Discuss 76: Spring scale pulled by two 100-N weights.,Think and Discuss 76 Spring scale pulled by two 100-N weights.,Think and Discuss 76: Spring scale pulled by two 100-N weights.,ffe56e304ffddd268523b99a54aa54dc89e053c2bb3564df4449b0118a927710,,units/unit3/images_review/u3_4_from_ch_5_pp_spring_scale_100n_each_side.png
PHYS-D1D00E849CF7,images/unit3/PHYS-D1D00E849CF7__u3_4_from_ch_5_pp_stone_accelerating_upward_force_vectors.png,u3_4_from_ch_5_pp_stone_accelerating_upward_force_vectors.png,3,,5,pp,model_or_diagram,model_or_diagram,force; vector,Think and Explain 63: Stone being accelerated vertically upward by a string.,Think and Explain 63 Stone being accelerated vertically upward by a string.,Think and Explain 63: Stone being accelerated vertically upward by a string.,d1d00e849cf79352e0ee806c46b8fead783abd24dda81bec394cd7d32cb0878b,,units/unit3/images_review/u3_4_from_ch_5_pp_stone_accelerating_upward_force_vectors.png
PHYS-7DDC4EE480A0,images/unit3/PHYS-7DDC4EE480A0__u3_4_from_ch_5_pp_stone_block_on_incline_two_normals.png,u3_4_from_ch_5_pp_stone_block_on_incline_two_normals.png,3,,5,pp,conceptual_reference,conceptual_reference,,Think and Explain 67: Stone at rest against an inclined surface and a block.,Think and Explain 67 Stone at rest against an inclined surface and a block.,Think and Explain 67: Stone at rest against an inclined surface and a block.,7ddc4ee480a0ba8c93718b1dd3003a5ca417e82d319ec93c22688240dd7e5038,,units/unit3/images_review/u3_4_from_ch_5_pp_stone_block_on_incline_two_normals.png
PHYS-4190F5045191,images/unit3/PHYS-4190F5045191__u3_4_from_ch_5_pp_stone_on_ground_weight_vector.png,u3_4_from_ch_5_pp_stone_on_ground_weight_vector.png,3,,5,pp,model_or_diagram,model_or_diagram,vector,Think and Explain 61: Stone at rest on the ground with a downward weight vector.,Think and Explain 61 Stone at rest on the ground with a downward weight vector.,Think and Explain 61: Stone at rest on the ground with a downward weight vector.,4190f5045191df78894776d013b0a245b93cb2745ac45ab6405738cc53264f33,,units/unit3/images_review/u3_4_from_ch_5_pp_stone_on_ground_weight_vector.png
PHYS-D0D1CD4A651E,images/unit3/PHYS-D0D1CD4A651E__u3_4_from_ch_5_pp_stone_sliding_frictionless_incline.png,u3_4_from_ch_5_pp_stone_sliding_frictionless_incline.png,3,,5,pp,conceptual_reference,conceptual_reference,friction,Think and Explain 66: Stone sliding down a friction-free incline.,Think and Explain 66 Stone sliding down a friction-free incline.,Think and Explain 66: Stone sliding down a friction-free incline.,d0d1cd4a651e92ea536069af2658b0cef2436f9558319edb6ad32d4087a6b13d,,units/unit3/images_review/u3_4_from_ch_5_pp_stone_sliding_frictionless_incline.png
PHYS-8F1195534763,images/unit3/PHYS-8F1195534763__u3_4_from_ch_5_pp_stone_suspended_string_force_vectors.png,u3_4_from_ch_5_pp_stone_suspended_string_force_vectors.png,3,,5,pp,model_or_diagram,model_or_diagram,force; vector,Think and Explain 62: Stone suspended at rest by a string.,Think and Explain 62 Stone suspended at rest by a string.,Think and Explain 62: Stone suspended at rest by a string.,8f11955347638d4316cf2410511a265d372a7b7b3f39837db7de497368e747fb,,units/unit3/images_review/u3_4_from_ch_5_pp_stone_suspended_string_force_vectors.png
PHYS-FD4AEFD6C958,images/unit3/PHYS-FD4AEFD6C958__u3_4_from_ch_5_pp_strongman_between_equal_mass_carts.png,u3_4_from_ch_5_pp_strongman_between_equal_mass_carts.png,3,,5,pp,comparison,comparison; phenomenon_or_example,,Think and Explain 49: Strong man pushing two equal-mass freight cars apart.,Think and Explain 49 Strong man pushing two equal-mass freight cars apart.,Think and Explain 49: Strong man pushing two equal-mass freight cars apart.,fd4aefd6c95809be6e65465601fe50ad4b5525965569acf473bda43f7ab7ad2a,,units/unit3/images_review/u3_4_from_ch_5_pp_strongman_between_equal_mass_carts.png
PHYS-B781589C7112,images/unit3/PHYS-B781589C7112__u3_4_from_ch_5_pp_strongman_horses_tree_tension_comparison.png,u3_4_from_ch_5_pp_strongman_horses_tree_tension_comparison.png,3,,5,pp,comparison,comparison,,"Think and Discuss 80: Strong man, two horses, and tree tension comparison.","Think and Discuss 80 Strong man, two horses, and tree tension comparison.","Think and Discuss 80: Strong man, two horses, and tree tension comparison.",b781589c7112946ff6233f9387c448dee1adf7850418b75f930986ebf8f74799,,units/unit3/images_review/u3_4_from_ch_5_pp_strongman_horses_tree_tension_comparison.png
PHYS-143A12DC1D7E,images/unit3/PHYS-143A12DC1D7E__u3_4_from_ch_5_pp_tug_of_war_scale_tension_question.png,u3_4_from_ch_5_pp_tug_of_war_scale_tension_question.png,3,,5,pp,experiment_or_measurement,experiment_or_measurement; comparison,,Think and Explain 55: Two people pulling on scales attached to the ends of a horizontal rope.,Think and Explain 55 Two people pulling on scales attached to the ends of a horizontal rope.,Think and Explain 55: Two people pulling on scales attached to the ends of a horizontal rope.,143a12dc1d7eb8a53325f380efca3350b1982440e222975bd573a39fb8c7c8b4,,units/unit3/images_review/u3_4_from_ch_5_pp_tug_of_war_scale_tension_question.png
PHYS-11C4BB71C9A2,images/unit3/PHYS-11C4BB71C9A2__u3_4_from_ch_5_pp_van_trailer_mass_velocity_rank_abc.png,u3_4_from_ch_5_pp_van_trailer_mass_velocity_rank_abc.png,3,,5,pp,model_or_diagram,model_or_diagram; comparison,force; velocity,"Think and Rank 31: Van exerting force on trailers of different masses A, B, and C.","Think and Rank 31 Van exerting force on trailers of different masses A, B, and C.","Think and Rank 31: Van exerting force on trailers of different masses A, B, and C.",11c4bb71c9a2ff579e1e30ab290b1e4cb8c3198508b62e56c49c155714ac1042,,units/unit3/images_review/u3_4_from_ch_5_pp_van_trailer_mass_velocity_rank_abc.png
PHYS-F6EB08AC9134,images/unit3/PHYS-F6EB08AC9134__u3_4_from_ch_5_pp_weightlifter_barbell_overhead_force_arrows.png,u3_4_from_ch_5_pp_weightlifter_barbell_overhead_force_arrows.png,3,,5,pp,model_or_diagram,model_or_diagram,force,Think and Explain 44: Athlete holding a barbell overhead with a force arrow.,Think and Explain 44 Athlete holding a barbell overhead with a force arrow.,Think and Explain 44: Athlete holding a barbell overhead with a force arrow.,f6eb08ac9134a773c727057101207452330de3afa570a5cb3155b0014933dced,,units/unit3/images_review/u3_4_from_ch_5_pp_weightlifter_barbell_overhead_force_arrows.png
PHYS-8F24DD1F2E05,images/unit4/PHYS-8F24DD1F2E05__unit4-cart-collision-model.png,unit4-cart-collision-model.png,4,,,,comparison,comparison; phenomenon_or_example,,Before and after cart collision model,,Before and after cart collision model.,8f24dd1f2e05c417b07eddbad95b6e939cefa58b9ea59142050e30bcbd4dd0a2,,units/unit4/figures/unit4-cart-collision-model.png
PHYS-BFDC15778901,images/unit4/PHYS-BFDC15778901__unit4-energy-bar-chart.png,unit4-energy-bar-chart.png,4,,,,graph_or_data,graph_or_data,energy,Energy bar chart for roller coaster,,Energy bar chart for roller coaster.,bfdc157789014ae4ecdb5611f71bc3eb7a7fb61db33d2446bfc620ff802d2402,,units/unit4/figures/unit4-energy-bar-chart.png
PHYS-7F44FBDFA064,images/unit4/PHYS-7F44FBDFA064__unit4-energy-source-criteria.png,unit4-energy-source-criteria.png,4,,,,table_or_data,table_or_data; comparison,energy,Energy source comparison criteria table,,Energy source comparison criteria table.,7f44fbdfa06463b2d7f4ab82f74113f76a0ad2620edfc3220f7c6f61cca59810,,units/unit4/figures/unit4-energy-source-criteria.png
PHYS-D7DC54859E67,images/unit4/PHYS-D7DC54859E67__unit4-explosion-momentum.png,unit4-explosion-momentum.png,4,,,,conceptual_reference,conceptual_reference,momentum,Explosion momentum model,,Explosion momentum model.,d7dc54859e67182348c54d329e322689dd15282fc176940db0463dba858c8807,,units/unit4/figures/unit4-explosion-momentum.png
PHYS-83F092E5C7A9,images/unit4/PHYS-83F092E5C7A9__unit4-impulse-contact-time.png,unit4-impulse-contact-time.png,4,,,,model_or_diagram,model_or_diagram,force; impulse,Contact time and stopping force,,Contact time and stopping force.,83f092e5c7a9c2a33e7731518cf67b49a59d3cdd29815fe06d76be8ae64fb3e5,,units/unit4/figures/unit4-impulse-contact-time.png
PHYS-5DE3152BD70E,images/unit4/PHYS-5DE3152BD70E__unit4-ke-speed-comparison.png,unit4-ke-speed-comparison.png,4,,,,comparison,comparison,speed; energy,Kinetic energy speed comparison,,Kinetic energy speed comparison.,5de3152bd70e3106b5e91eabfced8ad9f88c2f0dbaf78810b338f90a8f5136cb,,units/unit4/figures/unit4-ke-speed-comparison.png
PHYS-753C71495A81,images/unit4/PHYS-753C71495A81__unit4-machine-work-tradeoff.png,unit4-machine-work-tradeoff.png,4,,,,model_or_diagram,model_or_diagram,force; work,Ramp force distance work tradeoff,,Ramp force distance work tradeoff.,753c71495a81cc2fb64f9001d29eeb7d939b28bf0e7aafc862634046b47d9848,,units/unit4/figures/unit4-machine-work-tradeoff.png
PHYS-0A53A807368C,images/unit4/PHYS-0A53A807368C__unit4-momentum-ranking.png,unit4-momentum-ranking.png,4,,,,phenomenon_or_example,phenomenon_or_example,momentum,Momentum ranking carts,,Momentum ranking carts.,0a53a807368c1a98e06337835324c7af973681db2bd051576b04327fc94254f4,,units/unit4/figures/unit4-momentum-ranking.png
PHYS-EFA8237B3F9F,images/unit4/PHYS-EFA8237B3F9F__unit4-pendulum-energy.png,unit4-pendulum-energy.png,4,,,,process_or_sequence,process_or_sequence; phenomenon_or_example,energy; pendulum,Pendulum energy positions,,Pendulum energy positions.,efa8237b3f9f56f6882d326f60afb14263def30863322a5b41253208f19a8c66,,units/unit4/figures/unit4-pendulum-energy.png
PHYS-EA2F8DB169DC,images/unit4/PHYS-EA2F8DB169DC__unit4-perpetual-motion-claim.png,unit4-perpetual-motion-claim.png,4,,,,model_or_diagram,model_or_diagram,motion,Perpetual motion claim diagram,,Perpetual motion claim diagram.,ea2f8db169dc7af4f7d34a9cf95cb9bc8a90f18b15b13757bacd1f3c1e0cc66f,,units/unit4/figures/unit4-perpetual-motion-claim.png
PHYS-A8F7897C23AB,images/unit4/PHYS-A8F7897C23AB__unit4-regenerative-braking.png,unit4-regenerative-braking.png,4,,,,conceptual_reference,conceptual_reference,energy,Regenerative braking energy flow,,Regenerative braking energy flow.,a8f7897c23abdbc11d4801ad7db5a4f9aae0c44cada048a385db2710ac14793f,,units/unit4/figures/unit4-regenerative-braking.png
PHYS-67CCC2B84BDE,images/unit4/PHYS-67CCC2B84BDE__unit4-work-no-work.png,unit4-work-no-work.png,4,,,,conceptual_reference,conceptual_reference,work,Work or no work scenarios,,Work or no work scenarios.,67ccc2b84bde05237a6119e227e9678f2027a848f7a3de0a94b5cf3a9d579df1,,units/unit4/figures/unit4-work-no-work.png
PHYS-AC0B16F1F88E,images/unit4/PHYS-AC0B16F1F88E__u4_1_from_ch_6_1_boulder_has_more_momentum_than_runner.png,u4_1_from_ch_6_1_boulder_has_more_momentum_than_runner.png,4,4.1,6,1,conceptual_reference,conceptual_reference,momentum,Figure 6.1: A boulder rolling downhill toward a runner.,"Figure 6.1 The boulder, unfortunately, has more momentum than the runner.",Figure 6.1: A boulder rolling downhill toward a runner.,ac0b16f1f88eec2b038a572e5b90ba35e94b46bc9c261da55e6481500d35c677,,units/unit4/images_4_1/u4_1_from_ch_6_1_boulder_has_more_momentum_than_runner.png
PHYS-0CC216160B63,images/unit4/PHYS-0CC216160B63__u4_1_from_ch_6_3_push_same_force_twice_time_twice_impulse.png,u4_1_from_ch_6_3_push_same_force_twice_time_twice_impulse.png,4,4.1,6,3,model_or_diagram,model_or_diagram; comparison; phenomenon_or_example,force; impulse,Figure 6.3: A person pushes a car with the same force for twice the time.,"Figure 6.3 When you push with the same force for twice the time, you impart twice the impulse and produce twice the change in momentum.",Figure 6.3: A person pushes a car with the same force for twice the time.,0cc216160b6325b20d3142cef6ae78aee119734305259d8b3d0223243e4a9af4,,units/unit4/images_4_1/u4_1_from_ch_6_3_push_same_force_twice_time_twice_impulse.png
PHYS-6BDC6E060D3B,images/unit4/PHYS-6BDC6E060D3B__u4_1_from_ch_6_5_car_hits_haystack_long_time_small_force.png,u4_1_from_ch_6_5_car_hits_haystack_long_time_small_force.png,4,4.1,6,5,model_or_diagram,model_or_diagram; phenomenon_or_example,force,"Figure 6.5: A car hits a haystack, extending stopping time and reducing force.","Figure 6.5 If the change in momentum occurs over a long time, the hitting force is small.","Figure 6.5: A car hits a haystack, extending stopping time and reducing force.",6bdc6e060d3b6ff28a0b4e49c96c345cb704b3bfd485d116777215726d55c03b,,units/unit4/images_4_1/u4_1_from_ch_6_5_car_hits_haystack_long_time_small_force.png
PHYS-B5544584074D,images/unit4/PHYS-B5544584074D__u4_1_from_ch_6_6_car_hits_wall_short_time_large_force.png,u4_1_from_ch_6_6_car_hits_wall_short_time_large_force.png,4,4.1,6,6,model_or_diagram,model_or_diagram; phenomenon_or_example,force,"Figure 6.6: A car hits a wall, shortening stopping time and increasing force.","Figure 6.6 If the change in momentum occurs over a short time, the hitting force is large.","Figure 6.6: A car hits a wall, shortening stopping time and increasing force.",b5544584074d6be886c69ea030f04223c6eeb83abf285c0d9a18fcade7330893,,units/unit4/images_4_1/u4_1_from_ch_6_6_car_hits_wall_short_time_large_force.png
PHYS-245C8E7E8BFA,images/unit4/PHYS-245C8E7E8BFA__u4_1_from_ch_6_8_boxer_riding_with_or_into_punch.png,u4_1_from_ch_6_8_boxer_riding_with_or_into_punch.png,4,4.1,6,8,model_or_diagram,model_or_diagram; comparison; phenomenon_or_example,,Figure 6.8: Two boxer diagrams showing a boxer riding with a punch or moving into a punch.,"Figure 6.8 In both cases, the impulse provided by the boxer’s jaw reduces the momentum of the punch. (a) When the boxer moves away (rides with the punch), he extends the time and diminishes the force. (b) If the boxer moves into the gloved fist, the time is reduced and he must withstand a greater force.",Figure 6.8: Two boxer diagrams showing a boxer riding with a punch or moving into a punch.,245c8e7e8bfaecfe98aaf6f32b895150027e3b8fdbb4886de21a209b929668ff,,units/unit4/images_4_1/u4_1_from_ch_6_8_boxer_riding_with_or_into_punch.png
PHYS-C5500466EB2D,images/unit4/PHYS-C5500466EB2D__u4_2_from_ch_6_10_pelton_wheel_water_bounce_impulse.png,u4_2_from_ch_6_10_pelton_wheel_water_bounce_impulse.png,4,4.2,6,10,graph_or_data,graph_or_data,impulse,Figure 6.10: A Pelton wheel with curved blades that make water bounce and turn the wheel.,"Figure 6.10 A Pelton wheel. The curved blades cause water to bounce and make a U-turn, which produces a greater impulse to turn the wheel.",Figure 6.10: A Pelton wheel with curved blades that make water bounce and turn the wheel.,c5500466eb2d3b4281b6673f3de53be20a76bda811a6e4d612cd34ed167b9e50,,units/unit4/images_4_2/u4_2_from_ch_6_10_pelton_wheel_water_bounce_impulse.png
PHYS-1560335ABCEA,images/unit4/PHYS-1560335ABCEA__u4_2_from_ch_6_11_cannon_recoil_momentum_conservation.png,u4_2_from_ch_6_11_cannon_recoil_momentum_conservation.png,4,4.2,6,11,comparison,comparison; phenomenon_or_example,momentum,"Figure 6.11: A cannon fires a cannonball and recoils, illustrating equal and opposite momentum.","Figure 6.11 The momentum before firing is zero. After firing, the net momentum is still zero because the momentum of the cannon is equal and opposite to the momentum of the cannonball. INTERACTIVE FIGURE","Figure 6.11: A cannon fires a cannonball and recoils, illustrating equal and opposite momentum.",1560335abcea5f79cc72cc4b84b692df71fa220ad8c765fd79d8b24a0e303f09,,units/unit4/images_4_2/u4_2_from_ch_6_11_cannon_recoil_momentum_conservation.png
PHYS-5E0A8EA4E40F,images/unit4/PHYS-5E0A8EA4E40F__u4_2_from_ch_6_12_cue_ball_8_ball_systems_momentum_transfer.png,u4_2_from_ch_6_12_cue_ball_8_ball_systems_momentum_transfer.png,4,4.2,6,12,model_or_diagram,model_or_diagram; phenomenon_or_example,momentum,Figure 6.12: A cue ball and 8 ball are shown as separate systems and as one combined system.,"Figure 6.12 A cue ball hits an 8 ball head-on. Consider this event in three systems: (a) An external force acts on the 8-ball system, and its momentum increases. (b) An external force acts on the cue-ball system, and its momentum decreases. (c) No external force acts on the cue-ball + 8-ball system, and momentum is conserved (simply transferred from one part of the system to the other).",Figure 6.12: A cue ball and 8 ball are shown as separate systems and as one combined system.,5e0a8ea4e40f42f25f564ae3d4f514921074cbd12db44e2557733f5c6e6015a5,,units/unit4/images_4_2/u4_2_from_ch_6_12_cue_ball_8_ball_systems_momentum_transfer.png
PHYS-319A31B908A9,images/unit4/PHYS-319A31B908A9__u4_2_from_ch_6_13_elastic_collisions_equal_mass_balls.png,u4_2_from_ch_6_13_elastic_collisions_equal_mass_balls.png,4,4.2,6,13,comparison,comparison; phenomenon_or_example,,Figure 6.13: Elastic collisions of equally massive balls in three cases.,"Figure 6.13 INTERACTIVE FIGURE Elastic collisions of equally massive balls. (a) A green ball strikes a yellow ball at rest. (b) A head-on collision. (c) A collision of balls moving in the same direction. In each case, momentum is transferred from one ball to the other.",Figure 6.13: Elastic collisions of equally massive balls in three cases.,319a31b908a90556662684c8d9e2510ab91fdbb60d6c0cb1a11a4c70f4e5f417,,units/unit4/images_4_2/u4_2_from_ch_6_13_elastic_collisions_equal_mass_balls.png
PHYS-FCA0BF45956A,images/unit4/PHYS-FCA0BF45956A__u4_2_from_ch_6_14_inelastic_freight_car_collision_shared_momentum.png,u4_2_from_ch_6_14_inelastic_freight_car_collision_shared_momentum.png,4,4.2,6,14,comparison,comparison; phenomenon_or_example,momentum,"Figure 6.14: Inelastic collision of freight cars before, during, and after coupling.",Figure 6.14 INTERACTIVE FIGURE Inelastic collision. The momentum of the freight car on the left is shared with the same-mass freight car on the right after collision.,"Figure 6.14: Inelastic collision of freight cars before, during, and after coupling.",fca0bf45956a11572417c6d2771ec0b4d6628399f32db5dcbbbc7e5dc2bdee3d,,units/unit4/images_4_2/u4_2_from_ch_6_14_inelastic_freight_car_collision_shared_momentum.png
PHYS-38CA807BE012,images/unit4/PHYS-38CA807BE012__u4_2_from_ch_6_15_inelastic_truck_collisions_momentum_conserved.png,u4_2_from_ch_6_15_inelastic_truck_collisions_momentum_conserved.png,4,4.2,6,15,comparison,comparison,momentum,Figure 6.15: Inelastic truck collisions showing momentum before and after collision.,Figure 6.15 INTERACTIVE FIGURE Inelastic collisions. The net momentum of the trucks before and after the collision is the same.,Figure 6.15: Inelastic truck collisions showing momentum before and after collision.,38ca807be012c2a52ee8c827a3a413062243fa570cab724da25879d33fa2dd44,,units/unit4/images_4_2/u4_2_from_ch_6_15_inelastic_truck_collisions_momentum_conserved.png
PHYS-F5347CF8CDE9,images/unit4/PHYS-F5347CF8CDE9__u4_2_from_ch_6_17_fish_lunch_momentum_conservation.png,u4_2_from_ch_6_17_fish_lunch_momentum_conservation.png,4,4.2,6,17,comparison,comparison,momentum,Figure 6.17: A larger fish swims toward a smaller fish before lunch.,Figure 6.17 Two fish make up a system that has the same momentum just before lunch and just after lunch.,Figure 6.17: A larger fish swims toward a smaller fish before lunch.,f5347cf8cde940a1d17614ea90a7eee9c20fac283a1b3289f7b69d89d3c7c87a,,units/unit4/images_4_2/u4_2_from_ch_6_17_fish_lunch_momentum_conservation.png
PHYS-B258DCC1511D,images/unit4/PHYS-B258DCC1511D__u4_2_from_ch_6_18_perpendicular_car_momenta_vector_sum.png,u4_2_from_ch_6_18_perpendicular_car_momenta_vector_sum.png,4,4.2,6,18,model_or_diagram,model_or_diagram; comparison; phenomenon_or_example,vector; momentum,Figure 6.18: Momentum of two cars at right angles combines as a vector quantity.,Figure 6.18 INTERACTIVE FIGURE Momentum is a vector quantity.,Figure 6.18: Momentum of two cars at right angles combines as a vector quantity.,b258dcc1511d6ef63df31425a4985762441a4472144060dd0feabe4cab19dfa3,,units/unit4/images_4_2/u4_2_from_ch_6_18_perpendicular_car_momenta_vector_sum.png
PHYS-9DD8E453EE7B,images/unit4/PHYS-9DD8E453EE7B__u4_2_from_ch_6_19_billiard_ball_and_proton_collision_tracks.png,u4_2_from_ch_6_19_billiard_ball_and_proton_collision_tracks.png,4,4.2,6,19,process_or_sequence,process_or_sequence; phenomenon_or_example,momentum,Figure 6.19: Colliding billiard balls and nuclear particle tracks demonstrate conserved momentum.,"Figure 6.19 Momentum is conserved for colliding billiard balls and for colliding nuclear particles in a liquid hydrogen bubble chamber. (a) Billiard ball A strikes billiard ball B, which was initially at rest. (b) Proton A collides successively with protons B, C, and D. The moving protons leave tracks of tiny bubbles.",Figure 6.19: Colliding billiard balls and nuclear particle tracks demonstrate conserved momentum.,9dd8e453ee7be6f6a9ea40b8401637bb8497a65f7ed7181e00343ddc3a199357,,units/unit4/images_4_2/u4_2_from_ch_6_19_billiard_ball_and_proton_collision_tracks.png
PHYS-12F168E20E19,images/unit4/PHYS-12F168E20E19__u4_2_from_ch_6_20_falling_firecracker_explosion_momentum_vectors.png,u4_2_from_ch_6_20_falling_firecracker_explosion_momentum_vectors.png,4,4.2,6,20,model_or_diagram,model_or_diagram; comparison,vector; momentum,Figure 6.20: Firecracker fragments have momenta that add to the original momentum.,"Figure 6.20 After the firecracker bursts, the momenta of its fragments add up (by vector addition) to the original momentum.",Figure 6.20: Firecracker fragments have momenta that add to the original momentum.,12f168e20e192c06cb70c1e5499400cb2df0cb4950f0060044a5b0557eea446a,,units/unit4/images_4_2/u4_2_from_ch_6_20_falling_firecracker_explosion_momentum_vectors.png
PHYS-8CD394695C02,images/unit4/PHYS-8CD394695C02__u4_3_from_ch_7_11_pendulum_swings_to_same_height_with_peg.png,u4_3_from_ch_7_11_pendulum_swings_to_same_height_with_peg.png,4,4.3,7,11,comparison,comparison; phenomenon_or_example,pendulum,Figure 7.11: A pendulum bob swings to the same height even when a peg changes its path.,Figure 7.11 Interactive Figure. The pendulum bob will swing to its original height whether or not the peg is present.,Figure 7.11: A pendulum bob swings to the same height even when a peg changes its path.,8cd394695c029d9506a0a584bd209b41d6785fcde5e1f59888892cfdfaf8161b,,units/unit4/images_4_3/u4_3_from_ch_7_11_pendulum_swings_to_same_height_with_peg.png
PHYS-D2FBCB960F23,images/unit4/PHYS-D2FBCB960F23__u4_3_from_ch_7_1_lifting_same_load_twice_height_twice_work.png,u4_3_from_ch_7_1_lifting_same_load_twice_height_twice_work.png,4,4.3,7,1,comparison,comparison,work,Figure 7.1: A load of gravel is lifted one story and two stories to compare work done.,"Figure 7.1 Compared with the work done in lifting a load of gravel one story high, twice as much work is done in lifting the same load two stories high. Twice the work is done because the distance is twice as great.",Figure 7.1: A load of gravel is lifted one story and two stories to compare work done.,d2fbcb960f2347f7a30246afae1eef198a023af8340f25128a05e275b2659e7f,,units/unit4/images_4_3/u4_3_from_ch_7_1_lifting_same_load_twice_height_twice_work.png
PHYS-0C5CA554C03D,images/unit4/PHYS-0C5CA554C03D__u4_3_from_ch_7_2_lifting_twice_load_same_height_twice_work.png,u4_3_from_ch_7_2_lifting_twice_load_same_height_twice_work.png,4,4.3,7,2,model_or_diagram,model_or_diagram; comparison,work,Figure 7.2: Twice the load of gravel is lifted to the same height.,"Figure 7.2 When twice the load of gravel is lifted to the same height, twice as much work is done because the force needed to lift it is twice as much.",Figure 7.2: Twice the load of gravel is lifted to the same height.,0c5ca554c03d595a6280b5399edd76ce21d73865e30a146fe9f8cc73f5ba087f,,units/unit4/images_4_3/u4_3_from_ch_7_2_lifting_twice_load_same_height_twice_work.png
PHYS-8CE7A1FD46CD,images/unit4/PHYS-8CE7A1FD46CD__u4_3_from_ch_7_4_pushing_wall_no_work_if_wall_does_not_move.png,u4_3_from_ch_7_4_pushing_wall_no_work_if_wall_does_not_move.png,4,4.3,7,4,phenomenon_or_example,phenomenon_or_example,work,Figure 7.4: A person pushes against a wall that does not move.,"Figure 7.4 He may expend energy when he pushes on the wall, but, if the wall doesn’t move, no work is done on the wall.",Figure 7.4: A person pushes against a wall that does not move.,8ce7a1fd46cdfdcdc1310e9f6de1583567888dce6a40b0ddd76e0016610620e2,,units/unit4/images_4_3/u4_3_from_ch_7_4_pushing_wall_no_work_if_wall_does_not_move.png
PHYS-46C67FECE5C6,images/unit4/PHYS-46C67FECE5C6__u4_3_from_ch_7_9_pendulum_potential_and_kinetic_energy_transitions.png,u4_3_from_ch_7_9_pendulum_potential_and_kinetic_energy_transitions.png,4,4.3,7,9,phenomenon_or_example,phenomenon_or_example,energy; pendulum,Figure 7.9: A pendulum changes between potential energy and kinetic energy as it swings.,"Figure 7.9 Energy transitions in a pendulum. PE is relative to the lowest point of the pendulum, when it is vertical.",Figure 7.9: A pendulum changes between potential energy and kinetic energy as it swings.,46c67fece5c649ecb22d5ef9f9de867c4605267419906b34a30a543293b70006,,units/unit4/images_4_3/u4_3_from_ch_7_9_pendulum_potential_and_kinetic_energy_transitions.png
PHYS-DD6095B08432,images/unit4/PHYS-DD6095B08432__u4_4_from_ch_7_13_infrared_bicycle_skid_heat_from_friction.png,u4_4_from_ch_7_13_infrared_bicycle_skid_heat_from_friction.png,4,4.4,7,13,comparison,comparison,heat; friction,Figure 7.13: Infrared images show heat in a bicycle tire track and tire after skidding.,"Figure 7.13 Due to friction, energy is transferred both into the floor and into the tire when the bicycle skids to a stop. An infrared camera reveals the heated tire track (the red streak on the floor, left) and the warmth of the tire (right). (Courtesy of Michael Vollmer)",Figure 7.13: Infrared images show heat in a bicycle tire track and tire after skidding.,dd6095b0843233d22ee95eb217cef3e41118610ffd783290d34dbddaa4aedf8b,,units/unit4/images_4_4/u4_4_from_ch_7_13_infrared_bicycle_skid_heat_from_friction.png
PHYS-F8D6007E6792,images/unit4/PHYS-F8D6007E6792__u4_4_from_ch_7_14_san_francisco_cable_cars_transfer_energy_uphill_downhill.png,u4_4_from_ch_7_14_san_francisco_cable_cars_transfer_energy_uphill_downhill.png,4,4.4,7,14,phenomenon_or_example,phenomenon_or_example,energy,Figure 7.14: San Francisco cable cars transfer energy through a looped cable connecting cars moving uphill and downhill.,"Figure 7.14 Cable cars on the steep hills of San Francisco nicely transfer energy to one another via the cable beneath the street. The cable forms a complete loop that connects cars going both downhill and uphill. In this way a car moving downhill does work on a car moving uphill. So, the increased gravitational PE of an uphill car is due to the decreased gravitational PE of a car moving downhill.",Figure 7.14: San Francisco cable cars transfer energy through a looped cable connecting cars moving uphill and downhill.,f8d6007e67923c58943f8a375c5f367015bad5b3e398bbee61b6c9bcfc86db15,,units/unit4/images_4_4/u4_4_from_ch_7_14_san_francisco_cable_cars_transfer_energy_uphill_downhill.png
PHYS-E09300AD1423,images/unit4/PHYS-E09300AD1423__u4_4_from_ch_7_15_circus_diver_potential_energy_converts_to_kinetic_energy.png,u4_4_from_ch_7_15_circus_diver_potential_energy_converts_to_kinetic_energy.png,4,4.4,7,15,process_or_sequence,process_or_sequence,energy,Figure 7.15: A circus diver’s potential energy converts to kinetic energy while total energy remains constant.,"Figure 7.15 A circus diver at the top of a pole has a PE of 10,000 J. As he dives, his PE converts to KE. Note that, at successive positions one-fourth, one-half, three-fourths, and all the way down, the total energy is constant.",Figure 7.15: A circus diver’s potential energy converts to kinetic energy while total energy remains constant.,e09300ad1423513e2921f691a0e886fda1955638f0cee7f11280df8c6b7c3392,,units/unit4/images_4_4/u4_4_from_ch_7_15_circus_diver_potential_energy_converts_to_kinetic_energy.png
PHYS-F52F6019749E,images/unit4/PHYS-F52F6019749E__u4_4_from_ch_7_pp_circus_physics_art_bart_seesaw_energy_transfer.png,u4_4_from_ch_7_pp_circus_physics_art_bart_seesaw_energy_transfer.png,4,4.4,7,pp,model_or_diagram,model_or_diagram,energy,Circus Physics: Bart jumps onto a seesaw and propels Art upward through energy transfer.,Circus Physics seesaw diagram for Art and Bart.,Circus Physics: Bart jumps onto a seesaw and propels Art upward through energy transfer.,f52f6019749eeb37547b8d0c7c7dc7e18d63a59161b74200383bd8b6a3f669bd,,units/unit4/images_4_4/u4_4_from_ch_7_pp_circus_physics_art_bart_seesaw_energy_transfer.png
PHYS-A5715ECE1700,images/unit4/PHYS-A5715ECE1700__u4_4_from_ch_7_pp_wind_generators_slow_wind_by_extracting_kinetic_energy.png,u4_4_from_ch_7_pp_wind_generators_slow_wind_by_extracting_kinetic_energy.png,4,4.4,7,pp,conceptual_reference,conceptual_reference,energy,Check Your Answers: wind generators extract kinetic energy from moving air and slow the wind.,Check Your Answers wind-generator illustration.,Check Your Answers: wind generators extract kinetic energy from moving air and slow the wind.,a5715ece1700127722d8226c4072cb241f909d5649dc18d573f52b448b7711fa,,units/unit4/images_4_4/u4_4_from_ch_7_pp_wind_generators_slow_wind_by_extracting_kinetic_energy.png
PHYS-38C6E44F83DE,images/unit4/PHYS-38C6E44F83DE__u4_5_from_ch_7_23_electrolysis_hydrogen_and_oxygen_bubbles_fuel_cell_reverse.png,u4_5_from_ch_7_23_electrolysis_hydrogen_and_oxygen_bubbles_fuel_cell_reverse.png,4,4.5,7,23,conceptual_reference,conceptual_reference,,Figure 7.23: electrolysis produces hydrogen and oxygen bubbles at opposite wires in conducting water.,"Figure 7.23 When electric current passes through conducting water, hydrogen bubbles form at one wire and oxygen bubbles form at the other. This is electrolysis. A fuel cell does the opposite: Hydrogen and oxygen enter the fuel cell and are combined to produce electricity and water.",Figure 7.23: electrolysis produces hydrogen and oxygen bubbles at opposite wires in conducting water.,38c6e44f83def9250fc7ebf7c8442c3b65bb8130c85d4b48fd5f241874ee05c6,,units/unit4/images_4_5/u4_5_from_ch_7_23_electrolysis_hydrogen_and_oxygen_bubbles_fuel_cell_reverse.png
PHYS-F42627EF986F,images/unit4/PHYS-F42627EF986F__u4_5_from_ch_7_26_dry_rock_geothermal_power_water_circulation.png,u4_5_from_ch_7_26_dry_rock_geothermal_power_water_circulation.png,4,4.5,7,26,comparison,comparison; phenomenon_or_example,power; thermal,Figure 7.26: dry-rock geothermal power circulates water through hot fractured rock and a power plant.,"Figure 7.26 Dry-rock geothermal power. (a) A hole is sunk several kilometers into dry granite. (b) Water is pumped into the hole at high pressure and fractures the surrounding rock to form cavities with increased surface area. (c) A second hole is sunk nearby. (d) Water is circulated down one hole and through the fractured rock, where it is superheated, before rising through the second hole. After driving a turbine, the water is recirculated into the hot rock again, making a closed cycle.",Figure 7.26: dry-rock geothermal power circulates water through hot fractured rock and a power plant.,f42627ef986fe42ad4a19cc2fe1a2252785bcbdf997cb5d23570b6f4585f7c04,,units/unit4/images_4_5/u4_5_from_ch_7_26_dry_rock_geothermal_power_water_circulation.png
PHYS-26D0DC916E75,images/unit4/PHYS-26D0DC916E75__u4_1_from_ch_6_pp_jogging_jake_flatcar_relative_momentum.png,u4_1_from_ch_6_pp_jogging_jake_flatcar_relative_momentum.png,4,,6,pp,phenomenon_or_example,phenomenon_or_example,momentum,Think and Rank 40: Jogging Jake running on moving flatcars in four cases.,Think and Rank 40 Jogging Jake running on moving flatcars in four cases.,Think and Rank 40: Jogging Jake running on moving flatcars in four cases.,26d0dc916e75fd85eb961eecf66faa019da450f1830c79b35bb18ba6b59a9139,,units/unit4/images_review/u4_1_from_ch_6_pp_jogging_jake_flatcar_relative_momentum.png
PHYS-A3B0902233C2,images/unit4/PHYS-A3B0902233C2__u4_1_from_ch_6_pp_loose_coupled_train_cars_impulse_delay.png,u4_1_from_ch_6_pp_loose_coupled_train_cars_impulse_delay.png,4,,6,pp,phenomenon_or_example,phenomenon_or_example,impulse,Think and Discuss 88: Loosely coupled railroad cars with slack between cars.,Think and Discuss 88 Loosely coupled railroad cars with slack between cars.,Think and Discuss 88: Loosely coupled railroad cars with slack between cars.,a3b0902233c2844d5aab56488aa7bb2b7485d04a36c6572378ca549833c8af42,,units/unit4/images_review/u4_1_from_ch_6_pp_loose_coupled_train_cars_impulse_delay.png
PHYS-CFB38EDA1B3D,images/unit4/PHYS-CFB38EDA1B3D__u4_1_from_ch_6_pp_marshall_crates_impulse_change_momentum_final_speed.png,u4_1_from_ch_6_pp_marshall_crates_impulse_change_momentum_final_speed.png,4,,6,pp,model_or_diagram,model_or_diagram; comparison,force; speed; momentum; impulse,Think and Rank 41: Marshall pushing three crates with different net forces and masses.,Think and Rank 41 Marshall pushing three crates with different net forces and masses.,Think and Rank 41: Marshall pushing three crates with different net forces and masses.,cfb38eda1b3d087a76cf7f212099d838365485940d00e00c05d9280e9e3aca25,,units/unit4/images_review/u4_1_from_ch_6_pp_marshall_crates_impulse_change_momentum_final_speed.png
PHYS-DC82AB745323,images/unit4/PHYS-DC82AB745323__u4_1_from_ch_6_pp_rank_balls_by_momentum_and_stopping_impulse.png,u4_1_from_ch_6_pp_rank_balls_by_momentum_and_stopping_impulse.png,4,,6,pp,comparison,comparison; phenomenon_or_example,speed; momentum; impulse,Think and Rank 39: Four balls with different masses and speeds for ranking momentum and stopping impulse.,Think and Rank 39 Four balls with different masses and speeds for ranking momentum and stopping impulse.,Think and Rank 39: Four balls with different masses and speeds for ranking momentum and stopping impulse.,dc82ab74532338e6a9934a5466fdf152b9afa671658dd9851cfc23d85b8d4347,,units/unit4/images_review/u4_1_from_ch_6_pp_rank_balls_by_momentum_and_stopping_impulse.png
PHYS-1E1F69D7F7FB,images/unit4/PHYS-1E1F69D7F7FB__u4_2_from_ch_6_pp_astronauts_play_catch_momentum_conservation.png,u4_2_from_ch_6_pp_astronauts_play_catch_momentum_conservation.png,4,,6,pp,conceptual_reference,conceptual_reference,momentum,Think and Discuss 100: Three astronauts outside a spaceship playing catch.,Think and Discuss 100 Three astronauts outside a spaceship playing catch.,Think and Discuss 100: Three astronauts outside a spaceship playing catch.,1e1f69d7f7fb96559df33caf0a1e1a6b748ea4b27b52ec7c06014e2929ded026,,units/unit4/images_review/u4_2_from_ch_6_pp_astronauts_play_catch_momentum_conservation.png
PHYS-D59E08FF6019,images/unit4/PHYS-D59E08FF6019__u4_2_from_ch_6_pp_carts_m_and_2m_spring_release_speeds.png,u4_2_from_ch_6_pp_carts_m_and_2m_spring_release_speeds.png,4,,6,pp,comparison,comparison; phenomenon_or_example,speed,Think and Explain 69: Two carts of masses m and 2m connected by a spring.,Think and Explain 69 Two carts of masses m and 2m connected by a spring.,Think and Explain 69: Two carts of masses m and 2m connected by a spring.,d59e08ff601905c54b2d8b0ed37d3fe0e400e22b181ceb7078caeca085bd3f0d,,units/unit4/images_review/u4_2_from_ch_6_pp_carts_m_and_2m_spring_release_speeds.png
PHYS-5D28A5F899A5,images/unit4/PHYS-5D28A5F899A5__u4_2_from_ch_6_pp_freddy_frog_drops_on_moving_skateboard.png,u4_2_from_ch_6_pp_freddy_frog_drops_on_moving_skateboard.png,4,,6,pp,conceptual_reference,conceptual_reference,,Think and Discuss 98: Freddy Frog dropping vertically from a tree onto a moving skateboard.,Think and Discuss 98 Freddy Frog dropping vertically from a tree onto a moving skateboard.,Think and Discuss 98: Freddy Frog dropping vertically from a tree onto a moving skateboard.,5d28a5f899a59d92bd67093dfd3d59966d74b11bde352578a616a5ccc635d7f7,,units/unit4/images_review/u4_2_from_ch_6_pp_freddy_frog_drops_on_moving_skateboard.png
PHYS-8D48AF7B7228,images/unit4/PHYS-8D48AF7B7228__u4_2_from_ch_6_pp_hungry_fish_lunch_rank_final_speeds.png,u4_2_from_ch_6_pp_hungry_fish_lunch_rank_final_speeds.png,4,,6,pp,conceptual_reference,conceptual_reference,speed,Think and Rank 42: Hungry fish about to swallow small fish in three speed cases.,Think and Rank 42 Hungry fish about to swallow small fish in three speed cases.,Think and Rank 42: Hungry fish about to swallow small fish in three speed cases.,8d48af7b7228edccdcc2f481f9159283ae675830b2e0dde5558c022e8541d02e,,units/unit4/images_review/u4_2_from_ch_6_pp_hungry_fish_lunch_rank_final_speeds.png
PHYS-8FFC47BCF1C5,images/unit4/PHYS-8FFC47BCF1C5__u4_2_from_ch_6_pp_ice_sail_craft_fan_and_sail_internal_momentum.png,u4_2_from_ch_6_pp_ice_sail_craft_fan_and_sail_internal_momentum.png,4,,6,pp,conceptual_reference,conceptual_reference,momentum,Think and Discuss 94: Ice sail craft with a skipper using a fan aimed at the sail.,Think and Discuss 94 Ice sail craft with a skipper using a fan aimed at the sail.,Think and Discuss 94: Ice sail craft with a skipper using a fan aimed at the sail.,8ffc47bcf1c552f0c8733ea3279831030fe0458c979b0f918cdda7fde14b619b,,units/unit4/images_review/u4_2_from_ch_6_pp_ice_sail_craft_fan_and_sail_internal_momentum.png
PHYS-1A242AAA1D3F,images/unit4/PHYS-1A242AAA1D3F__u4_3_from_ch_7_pp_rank_ball_track_momentum_ke_pe_points_a_to_d.png,u4_3_from_ch_7_pp_rank_ball_track_momentum_ke_pe_points_a_to_d.png,4,,7,pp,phenomenon_or_example,phenomenon_or_example,momentum; energy,"Think and Rank 52: Ball rolling on a metal track with points A, B, C, and D for ranking momentum, kinetic energy, and potential energy.","Think and Rank 52 Ball rolling on a metal track with points A, B, C, and D for ranking momentum, kinetic energy, and potential energy.","Think and Rank 52: Ball rolling on a metal track with points A, B, C, and D for ranking momentum, kinetic energy, and potential energy.",1a242aaa1d3f23a3178959abe6a5f9aae3aafdb554f92a2796920be5aa817b03,,units/unit4/images_review/u4_3_from_ch_7_pp_rank_ball_track_momentum_ke_pe_points_a_to_d.png
PHYS-5E3D734F23E1,images/unit4/PHYS-5E3D734F23E1__u4_3_from_ch_7_pp_rank_vehicles_momentum_kinetic_energy_work.png,u4_3_from_ch_7_pp_rank_vehicles_momentum_kinetic_energy_work.png,4,,7,pp,comparison,comparison,speed; momentum; energy; work,"Think and Rank 51: Vehicles A, B, and C with different masses and speeds for ranking momentum, kinetic energy, and work.","Think and Rank 51 Vehicles A, B, and C with different masses and speeds for ranking momentum, kinetic energy, and work.","Think and Rank 51: Vehicles A, B, and C with different masses and speeds for ranking momentum, kinetic energy, and work.",5e3d734f23e14085cf0522270a7f3e1054fc691428dcdb5ef5f5f0f3cea9bcfc,,units/unit4/images_review/u4_3_from_ch_7_pp_rank_vehicles_momentum_kinetic_energy_work.png
PHYS-A77B84567BB1,images/unit4/PHYS-A77B84567BB1__u4_4_from_ch_7_pp_bowling_ball_gravity_component_work_on_incline.png,u4_4_from_ch_7_pp_bowling_ball_gravity_component_work_on_incline.png,4,,7,pp,model_or_diagram,model_or_diagram; phenomenon_or_example,force; work; gravity,Think and Discuss 117: Bowling ball on a level surface and an incline showing a gravitational force component parallel to the incline.,Think and Discuss 117 Bowling ball on a level surface and an incline showing a gravitational force component parallel to the incline.,Think and Discuss 117: Bowling ball on a level surface and an incline showing a gravitational force component parallel to the incline.,a77b84567bb139b146a0692e85e1c3569269ff5c73371c0f101aa2358bc049d0,,units/unit4/images_review/u4_4_from_ch_7_pp_bowling_ball_gravity_component_work_on_incline.png
PHYS-66126B3ACFBF,images/unit4/PHYS-66126B3ACFBF__u4_4_from_ch_7_pp_identical_balls_tracks_a_b_same_speed.png,u4_4_from_ch_7_pp_identical_balls_tracks_a_b_same_speed.png,4,,7,pp,comparison,comparison; phenomenon_or_example,speed,Think and Discuss 100: Two identical balls released from rest on tracks A and B.,Think and Discuss 100 Two identical balls released from rest on tracks A and B.,Think and Discuss 100: Two identical balls released from rest on tracks A and B.,66126b3acfbf5fa8a97721fb253f28771b676b86365e2677ae7c3fee9d5fa14e,,units/unit4/images_review/u4_4_from_ch_7_pp_identical_balls_tracks_a_b_same_speed.png
PHYS-F483A69A4307,images/unit4/PHYS-F483A69A4307__u4_4_from_ch_7_pp_pendulum_bob_released_from_nose_energy_conservation.png,u4_4_from_ch_7_pp_pendulum_bob_released_from_nose_energy_conservation.png,4,,7,pp,phenomenon_or_example,phenomenon_or_example,energy; pendulum,Think and Explain 69: Instructor releasing a pendulum bob from his nose to demonstrate energy conservation.,Think and Explain 69 Instructor releasing a pendulum bob from his nose to demonstrate energy conservation.,Think and Explain 69: Instructor releasing a pendulum bob from his nose to demonstrate energy conservation.,f483a69a4307c56d60621c83c672ede00c16d1ae25d43e73c38b7a64777d282b,,units/unit4/images_review/u4_4_from_ch_7_pp_pendulum_bob_released_from_nose_energy_conservation.png
PHYS-6897D92B15A1,images/unit4/PHYS-6897D92B15A1__u4_4_from_ch_7_pp_pendulum_tension_gravity_work_components.png,u4_4_from_ch_7_pp_pendulum_tension_gravity_work_components.png,4,,7,pp,model_or_diagram,model_or_diagram; phenomenon_or_example,force; vector; work; gravity; pendulum,Think and Discuss 118: Pendulum bob with tension and gravitational force vectors.,Think and Discuss 118 Pendulum bob with tension and gravitational force vectors.,Think and Discuss 118: Pendulum bob with tension and gravitational force vectors.,6897d92b15a14168097aa118f5fc53d959da4f8e6f8cea3c46f985d2aa9e317a,,units/unit4/images_review/u4_4_from_ch_7_pp_pendulum_tension_gravity_work_components.png
PHYS-071A4F49B314,images/unit4/PHYS-071A4F49B314__u4_4_from_ch_7_pp_pulley_system_blocks_a_b_mass_relationship.png,u4_4_from_ch_7_pp_pulley_system_blocks_a_b_mass_relationship.png,4,,7,pp,conceptual_reference,conceptual_reference,,Think and Discuss 112: Pulley system with block A and block B for discussing the mass relationship.,Think and Discuss 112 Pulley system with block A and block B for discussing the mass relationship.,Think and Discuss 112: Pulley system with block A and block B for discussing the mass relationship.,071a4f49b3148ffcf7b91c8fb1c77809fdbb5ca0116a04c1945cc9df8e5b5073,,units/unit4/images_review/u4_4_from_ch_7_pp_pulley_system_blocks_a_b_mass_relationship.png
PHYS-02C7EA79A014,images/unit4/PHYS-02C7EA79A014__u4_4_from_ch_7_pp_rank_pulley_scale_readings_no_friction.png,u4_4_from_ch_7_pp_rank_pulley_scale_readings_no_friction.png,4,,7,pp,experiment_or_measurement,experiment_or_measurement,friction,"Think and Rank 54: Pulley and scale-reading cases A, B, and C with friction ignored.","Think and Rank 54 Pulley and scale-reading cases A, B, and C with friction ignored.","Think and Rank 54: Pulley and scale-reading cases A, B, and C with friction ignored.",02c7ea79a014c91ea22d4cf97c578224096382228ddd14d602539aae1c8a2af2,,units/unit4/images_review/u4_4_from_ch_7_pp_rank_pulley_scale_readings_no_friction.png
PHYS-75C406B77260,images/unit4/PHYS-75C406B77260__u4_4_from_ch_7_pp_roller_coaster_design_energy_conservation.png,u4_4_from_ch_7_pp_roller_coaster_design_energy_conservation.png,4,,7,pp,conceptual_reference,conceptual_reference,energy,Think and Explain 81: Roller coaster sketch for discussing design in terms of conservation of energy.,Think and Explain 81 Roller coaster sketch for discussing design in terms of conservation of energy.,Think and Explain 81: Roller coaster sketch for discussing design in terms of conservation of energy.,75c406b77260e2ac4cb2f31484d9bd4f2d42ef6699f8bc43e0c8f828bf56e21b,,units/unit4/images_review/u4_4_from_ch_7_pp_roller_coaster_design_energy_conservation.png
PHYS-ACB73C2D6916,images/unit4/PHYS-ACB73C2D6916__u4_4_from_ch_7_pp_roller_coaster_rank_speed_ke_pe_points_a_to_e.png,u4_4_from_ch_7_pp_roller_coaster_rank_speed_ke_pe_points_a_to_e.png,4,,7,pp,conceptual_reference,conceptual_reference,speed; energy,"Think and Rank 53: Roller coaster path with points A through E for ranking speed, kinetic energy, and potential energy.","Think and Rank 53 Roller coaster path with points A through E for ranking speed, kinetic energy, and potential energy.","Think and Rank 53: Roller coaster path with points A through E for ranking speed, kinetic energy, and potential energy.",acb73c2d6916c09809541d9ab00e0c843adee8ce8f2e8726e3956a1525488df1,,units/unit4/images_review/u4_4_from_ch_7_pp_roller_coaster_rank_speed_ke_pe_points_a_to_e.png
PHYS-CDDC909B8A93,images/unit4/PHYS-CDDC909B8A93__u4_4_from_ch_7_pp_sliding_object_earth_curvature_constant_velocity.png,u4_4_from_ch_7_pp_sliding_object_earth_curvature_constant_velocity.png,4,,7,pp,phenomenon_or_example,phenomenon_or_example,velocity; speed; friction,"Think and Discuss 102: Object sliding on an infinite frictionless plane tangent to Earth, with speeds less than escape velocity.","Think and Discuss 102 Object sliding on an infinite frictionless plane tangent to Earth, with speeds less than escape velocity.","Think and Discuss 102: Object sliding on an infinite frictionless plane tangent to Earth, with speeds less than escape velocity.",cddc909b8a932ee7a26d827a61486cb6c45925f24384c49dbb31db01d1aa0b9d,,units/unit4/images_review/u4_4_from_ch_7_pp_sliding_object_earth_curvature_constant_velocity.png
PHYS-6D8B941934DD,images/unit5/PHYS-6D8B941934DD__unit5-beats-pattern.png,unit5-beats-pattern.png,5,,,,conceptual_reference,conceptual_reference,,Beat pattern from close frequencies,,Beat pattern from close frequencies.,6d8b941934dd28b18c2a39b27c028913e61f4e03ba4266ed7eca057821b832e1,,units/unit5/figures/unit5-beats-pattern.png
PHYS-7891E3AA34B5,images/unit5/PHYS-7891E3AA34B5__unit5-constructive-interference.png,unit5-constructive-interference.png,5,,,,model_or_diagram,model_or_diagram,,Constructive interference diagram,,Constructive interference diagram.,7891e3aa34b5cec025e285aeb7deb0d1e0e262741bfa63e048dd199f0702d9d8,,units/unit5/figures/unit5-constructive-interference.png
PHYS-26844D61252D,images/unit5/PHYS-26844D61252D__unit5-destructive-interference.png,unit5-destructive-interference.png,5,,,,model_or_diagram,model_or_diagram,,Destructive interference diagram,,Destructive interference diagram.,26844d61252dcf5dee2a65cf118ffeeed5cbee0e6ce2414e13d73a8aa165d32a,,units/unit5/figures/unit5-destructive-interference.png
PHYS-EE20F762545C,images/unit5/PHYS-EE20F762545C__unit5-doppler-wavefronts.png,unit5-doppler-wavefronts.png,5,,,,model_or_diagram,model_or_diagram,wave; doppler,Doppler effect compressed and spread wavefronts,,Doppler effect compressed and spread wavefronts.,ee20f762545c09d06053bd945a0f8316c54078f8e550953cfd8b6a011b96c13a,,units/unit5/figures/unit5-doppler-wavefronts.png
PHYS-44B4DEC9F76F,images/unit5/PHYS-44B4DEC9F76F__unit5-echo-round-trip.png,unit5-echo-round-trip.png,5,,,,conceptual_reference,conceptual_reference,sound,Echo round trip sound path,,Echo round trip sound path.,44b4dec9f76f459c6eddef777b347fd5190164554cd88ed757c18503df435646,,units/unit5/figures/unit5-echo-round-trip.png
PHYS-BAF74DE21232,images/unit5/PHYS-BAF74DE21232__unit5-longitudinal-wave.png,unit5-longitudinal-wave.png,5,,,,model_or_diagram,model_or_diagram,wave,Longitudinal wave with compressions and rarefaction,,Longitudinal wave with compressions and rarefaction.,baf74de21232af9a8c38aa301e54cd8f99769b18596bb97e531ea7c9a863b5fc,,units/unit5/figures/unit5-longitudinal-wave.png
PHYS-64EAA8842C2D,images/unit5/PHYS-64EAA8842C2D__unit5-noise-cancellation.png,unit5-noise-cancellation.png,5,,,,conceptual_reference,conceptual_reference,,Destructive interference for noise cancellation,,Destructive interference for noise cancellation.,64eaa8842c2dbffc4cbb23e455e63bcc34c30c0f89943697879c64e49ac5c349,,units/unit5/figures/unit5-noise-cancellation.png
PHYS-9202429F0BDD,images/unit5/PHYS-9202429F0BDD__unit5-resonance-swing.png,unit5-resonance-swing.png,5,,,,conceptual_reference,conceptual_reference,resonance,Resonance swing model,,Resonance swing model.,9202429f0bdd065e047bdc8e0ae6b1e8cbfea42a2f96a5d420fab3a6880262c2,,units/unit5/figures/unit5-resonance-swing.png
PHYS-E451B2AE6E09,images/unit5/PHYS-E451B2AE6E09__unit5-sound-medium-particles.png,unit5-sound-medium-particles.png,5,,,,conceptual_reference,conceptual_reference,energy; sound,Sound energy traveling through vibrating particles,,Sound energy traveling through vibrating particles.,e451b2ae6e099d917515828792ec9f8eb968d5b93eafcdd3d988e151cf1bb4d6,,units/unit5/figures/unit5-sound-medium-particles.png
PHYS-7849A28216A2,images/unit5/PHYS-7849A28216A2__unit5-sound-refraction.png,unit5-sound-refraction.png,5,,,,conceptual_reference,conceptual_reference,speed; sound; refraction,Sound path bending due to speed change,,Sound path bending due to speed change.,7849a28216a2a61520ac2b425d49ff65e83874ad00d62600413e5100942dad50,,units/unit5/figures/unit5-sound-refraction.png
PHYS-96DAE14D1F6C,images/unit5/PHYS-96DAE14D1F6C__unit5-standing-wave.png,unit5-standing-wave.png,5,,,,model_or_diagram,model_or_diagram,wave,Standing wave pattern with nodes and antinodes,,Standing wave pattern with nodes and antinodes.,96dae14d1f6c9954a3f639ff990c4a0589f0fc0fb1e38de32e3f0a61b3ec1e20,,units/unit5/figures/unit5-standing-wave.png
PHYS-15605F45DC48,images/unit5/PHYS-15605F45DC48__unit5-transverse-wave-labels.png,unit5-transverse-wave-labels.png,5,,,,model_or_diagram,model_or_diagram; experiment_or_measurement,wave,Transverse wave with labeled amplitude and wavelength | Transverse wave diagram,,Transverse wave with labeled amplitude and wavelength | Transverse wave diagram.,15605f45dc489940ec7c9d2ba60dca3832b732b2244cf83afc9f43dff3a1140b,,units/unit5/figures/unit5-transverse-wave-labels.png
PHYS-C3EB78FD116A,images/unit5/PHYS-C3EB78FD116A__u5_1_from_ch_19_1_motions_independent_of_mass_drop_incline_pendulum.png,u5_1_from_ch_19_1_motions_independent_of_mass_drop_incline_pendulum.png,5,5.1,19,1,comparison,comparison; phenomenon_or_example,motion; pendulum,"Figure 19.1: balls of different masses dropped, sliding on an incline, and swinging as pendulums.","Figure 19.1 If you drop two balls of different mass, they accelerate at g . Let them slide without friction down the incline, and they slide together at the same fraction of g . Tie them to strings of the same length so that they are pendulums, and they swing to and fro in unison. In all cases, the motions are independent of mass.","Figure 19.1: balls of different masses dropped, sliding on an incline, and swinging as pendulums.",c3eb78fd116af0f728bc46661ed6ea208974b2653a4e462abada0f63d89d001d,,units/unit5/images_5_1/u5_1_from_ch_19_1_motions_independent_of_mass_drop_incline_pendulum.png
PHYS-4F86300BA889,images/unit5/PHYS-4F86300BA889__u5_1_from_ch_19_2_spring_bob_traces_sine_wave_amplitude_wavelength.png,u5_1_from_ch_19_2_spring_bob_traces_sine_wave_amplitude_wavelength.png,5,5.1,19,2,graph_or_data,graph_or_data; model_or_diagram; experiment_or_measurement,wave,Figure 19.2: spring bob tracing a sine curve labeled amplitude and wavelength.,"Figure 19.2 When the bob vibrates up and down, a marking pen traces a sine curve on paper that is moved horizontally at constant speed.",Figure 19.2: spring bob tracing a sine curve labeled amplitude and wavelength.,4f86300ba88986dceeb9ff5fef5f5a0655c3df781e3bad17013623040b5911f9,,units/unit5/images_5_1/u5_1_from_ch_19_2_spring_bob_traces_sine_wave_amplitude_wavelength.png
PHYS-7E445099C110,images/unit5/PHYS-7E445099C110__u5_1_from_ch_19_3_radio_transmitting_antenna_electrons_vibrate.png,u5_1_from_ch_19_3_radio_transmitting_antenna_electrons_vibrate.png,5,5.1,19,3,model_or_diagram,model_or_diagram,wave,Figure 19.3: transmitting antenna with radio waves radiating from it.,"Figure 19.3 Electrons in the transmitting antenna vibrate 940,000 times each second and produce 940-kHz radio waves.",Figure 19.3: transmitting antenna with radio waves radiating from it.,7e445099c110671a90baf1fd608695bbf88fc783d0939403e5a1df418960b070,,units/unit5/images_5_1/u5_1_from_ch_19_3_radio_transmitting_antenna_electrons_vibrate.png
PHYS-493412FA3EB9,images/unit5/PHYS-493412FA3EB9__u5_1_from_ch_19_5_transverse_wave_rope_pulse_energy_transfer.png,u5_1_from_ch_19_5_transverse_wave_rope_pulse_energy_transfer.png,5,5.1,19,5,model_or_diagram,model_or_diagram,energy; wave,Figure 19.5: hand shaking a rope to create a transverse wave.,Figure 19.5 A transverse wave.,Figure 19.5: hand shaking a rope to create a transverse wave.,493412fa3eb94664f22100d5940001efe22ba9ba28bb2ac6603af49781318575,,units/unit5/images_5_1/u5_1_from_ch_19_5_transverse_wave_rope_pulse_energy_transfer.png
PHYS-14D9CBADD8E9,images/unit5/PHYS-14D9CBADD8E9__u5_1_from_ch_19_6_slinky_longitudinal_and_transverse_waves.png,u5_1_from_ch_19_6_slinky_longitudinal_and_transverse_waves.png,5,5.1,19,6,model_or_diagram,model_or_diagram; comparison,wave,"Figure 19.6: two Slinky waves, longitudinal and transverse.","Figure 19.6 Both waves transfer energy from left to right. (a) When the end of a Slinky is pushed and pulled rapidly along its length, a longitudinal wave is produced. (b) When it’s shaken sideways, a transverse wave is produced.","Figure 19.6: two Slinky waves, longitudinal and transverse.",14d9cbadd8e95700e30d4bf557962d1b4202a1c32fc94581709b8de95e832b5c,,units/unit5/images_5_1/u5_1_from_ch_19_6_slinky_longitudinal_and_transverse_waves.png
PHYS-906CDF0DB5FE,images/unit5/PHYS-906CDF0DB5FE__u5_1_from_ch_19_7_earthquake_p_and_s_waves_earth_interior.png,u5_1_from_ch_19_7_earthquake_p_and_s_waves_earth_interior.png,5,5.1,19,7,model_or_diagram,model_or_diagram; phenomenon_or_example,wave,Figure 19.7: P and S earthquake waves traveling through Earth’s interior.,Figure 19.7 P and S waves generated by an earthquake.,Figure 19.7: P and S earthquake waves traveling through Earth’s interior.,906cdf0db5fefee5299ec65e909041a9bb46215aa23cfaebf85c7d68ef781eb3,,units/unit5/images_5_1/u5_1_from_ch_19_7_earthquake_p_and_s_waves_earth_interior.png
PHYS-DD68AEB6FF45,images/unit5/PHYS-DD68AEB6FF45__u5_1_from_ch_19_8_water_wavefronts_concentric_crests_top_view.png,u5_1_from_ch_19_8_water_wavefronts_concentric_crests_top_view.png,5,5.1,19,8,model_or_diagram,model_or_diagram,wave,Figure 19.8: top view of circular water wavefronts showing wavelength between crests.,Figure 19.8 A top view of water waves. Each blue circle represents a crest of the expanding ripple pattern. We call these crest lines wavefronts.,Figure 19.8: top view of circular water wavefronts showing wavelength between crests.,dd68aeb6ff45723a9bcb667cf4b2cd72ecc18f55ae075c57c8e3d14e8ac5ae0b,,units/unit5/images_5_1/u5_1_from_ch_19_8_water_wavefronts_concentric_crests_top_view.png
PHYS-3BBB7A2AD0AF,images/unit5/PHYS-3BBB7A2AD0AF__u5_1_from_ch_19_9_wave_speed_one_meter_per_second_bird_on_pole.png,u5_1_from_ch_19_9_wave_speed_one_meter_per_second_bird_on_pole.png,5,5.1,19,9,model_or_diagram,model_or_diagram,speed; wave,Figure 19.9: water wave with wavelength of 1 meter moving at 1 meter per second past a pole.,"Figure 19.9 If the wavelength is 1 m, and one wavelength per second passes the pole, then the speed of the wave is 1 m/s.",Figure 19.9: water wave with wavelength of 1 meter moving at 1 meter per second past a pole.,3bbb7a2ad0af559806baca8b243d1516813a616ac773b6a0db210fcce3c12294,,units/unit5/images_5_1/u5_1_from_ch_19_9_wave_speed_one_meter_per_second_bird_on_pole.png
PHYS-F409C48E58D8,images/unit5/PHYS-F409C48E58D8__u5_1_from_ch_19_pp_transverse_wave_measure_wavelength_amplitude.png,u5_1_from_ch_19_pp_transverse_wave_measure_wavelength_amplitude.png,5,5.1,19,pp,graph_or_data,graph_or_data; model_or_diagram,wave,Practicing Physics: sine curve representing a transverse wave.,Practicing Physics Sine curve representing a transverse wave for measuring wavelength and amplitude.,Practicing Physics: sine curve representing a transverse wave.,f409c48e58d8113774f4a5ea7ee098d82c4a114b2e2952297daa8cdd79252253,,units/unit5/images_5_1/u5_1_from_ch_19_pp_transverse_wave_measure_wavelength_amplitude.png
PHYS-EB6660592D0D,images/unit5/PHYS-EB6660592D0D__u5_2_from_ch_19_10_constructive_destructive_interference_reinforcement_cancellation.png,u5_2_from_ch_19_10_constructive_destructive_interference_reinforcement_cancellation.png,5,5.2,19,10,model_or_diagram,model_or_diagram,force; wave,"Figure 19.10: constructive and destructive interference in transverse waves, showing reinforcement and cancellation.",Figure 19.10 Constructive and destructive interference in a transverse wave.,"Figure 19.10: constructive and destructive interference in transverse waves, showing reinforcement and cancellation.",eb6660592d0d7bc462223c44e347d2ac8b1e0670d4a78fcefe1f877bdc601b34,,units/unit5/images_5_2/u5_2_from_ch_19_10_constructive_destructive_interference_reinforcement_cancellation.png
PHYS-DC450F73C2AC,images/unit5/PHYS-DC450F73C2AC__u5_2_from_ch_19_11_overlapping_water_waves_interference_pattern.png,u5_2_from_ch_19_11_overlapping_water_waves_interference_pattern.png,5,5.2,19,11,graph_or_data,graph_or_data; model_or_diagram; comparison; phenomenon_or_example,force; wave,Figure 19.11: two overlapping water-wave patterns producing regions of reinforcement and cancellation.,Figure 19.11 Two sets of overlapping water waves produce an interference pattern. The left image is an idealized drawing of the expanding waves from the two sources. The right image is a photograph of an actual interference pattern.,Figure 19.11: two overlapping water-wave patterns producing regions of reinforcement and cancellation.,dc450f73c2acd2832e59fb4068e2c11f2df0e0a7e0d7f30388deac9714d127f8,,units/unit5/images_5_2/u5_2_from_ch_19_11_overlapping_water_waves_interference_pattern.png
PHYS-6927191CD688,images/unit5/PHYS-6927191CD688__u5_2_from_ch_19_12_standing_wave_incident_reflected_nodes_phase.png,u5_2_from_ch_19_12_standing_wave_incident_reflected_nodes_phase.png,5,5.2,19,12,model_or_diagram,model_or_diagram,wave,Figure 19.12: incident and reflected waves combine to form nodes and a standing wave.,Figure 19.12 The incident and reflected waves interfere to produce a standing wave.,Figure 19.12: incident and reflected waves combine to form nodes and a standing wave.,6927191cd6882ccf53ed5223f7b16b2a5a819954be3bb7454466d45d95cd4ee2,,units/unit5/images_5_2/u5_2_from_ch_19_12_standing_wave_incident_reflected_nodes_phase.png
PHYS-0F5B18B7A377,images/unit5/PHYS-0F5B18B7A377__u5_2_from_ch_19_13_standing_wave_one_two_three_segments.png,u5_2_from_ch_19_13_standing_wave_one_two_three_segments.png,5,5.2,19,13,model_or_diagram,model_or_diagram; comparison,wave,"Figure 19.13: rope standing waves with one, two, and three segments.",Figure 19.13 (a) Shake the rope until you set up a standing wave of one segment (½ wavelength). (b) Shake with twice the frequency and produce a wave with two segments (1 wavelength). (c) Shake with three times the frequency and produce three segments (1½ wavelengths).,"Figure 19.13: rope standing waves with one, two, and three segments.",0f5b18b7a377b89ce8cb49267893d8782b3ea37e5042215d9603d15be69876df,,units/unit5/images_5_2/u5_2_from_ch_19_13_standing_wave_one_two_three_segments.png
PHYS-4FEE9BECC8DA,images/unit5/PHYS-4FEE9BECC8DA__u5_2_from_ch_19_15_stationary_bug_concentric_water_wavefronts.png,u5_2_from_ch_19_15_stationary_bug_concentric_water_wavefronts.png,5,5.2,19,15,model_or_diagram,model_or_diagram,wave,"Figure 19.15: top view of concentric wavefronts around a stationary bug, with points A and B on opposite sides.",Figure 19.15 Top view of water waves formed by a stationary bug jiggling in still water. The blue circles represent wavefronts in the expanding pattern.,"Figure 19.15: top view of concentric wavefronts around a stationary bug, with points A and B on opposite sides.",4fee9becc8da21f6694e3e01cfdd5a2450ccf7b19413bd5f4c395736745bc448,,units/unit5/images_5_2/u5_2_from_ch_19_15_stationary_bug_concentric_water_wavefronts.png
PHYS-59A1A915D68E,images/unit5/PHYS-59A1A915D68E__u5_2_from_ch_19_16_moving_bug_doppler_wavefront_spacing.png,u5_2_from_ch_19_16_moving_bug_doppler_wavefront_spacing.png,5,5.2,19,16,model_or_diagram,model_or_diagram,wave; doppler,"Figure 19.16: water waves made by a moving bug, with wavefronts closer together toward point B.",Figure 19.16 Water waves formed by a bug swimming in still water toward point B.,"Figure 19.16: water waves made by a moving bug, with wavefronts closer together toward point B.",59a1a915d68ebee23f7974c59d2111c6cdc3fc9c85dbe374dc5fa103d7ee6020,,units/unit5/images_5_2/u5_2_from_ch_19_16_moving_bug_doppler_wavefront_spacing.png
PHYS-004AA385012B,images/unit5/PHYS-004AA385012B__u5_2_from_ch_19_17_doppler_effect_source_toward_away_frequency.png,u5_2_from_ch_19_17_doppler_effect_source_toward_away_frequency.png,5,5.2,19,17,model_or_diagram,model_or_diagram,wave; doppler,Figure 19.17: ambulance siren waves have higher frequency ahead of a moving source and lower frequency behind it.,"Figure 19.17 The pitch (frequency) of sound is higher when a source is moving toward you, and lower when the source is moving away.",Figure 19.17: ambulance siren waves have higher frequency ahead of a moving source and lower frequency behind it.,004aa385012b7ca773ec757173dc1c316bf7f967d0dbbd1e265dd0087fa3e6bc,,units/unit5/images_5_2/u5_2_from_ch_19_17_doppler_effect_source_toward_away_frequency.png
PHYS-66DFBEFF085D,images/unit5/PHYS-66DFBEFF085D__u5_3_from_ch_20_1_compression_and_rarefaction_door_pulse_room.png,u5_3_from_ch_20_1_compression_and_rarefaction_door_pulse_room.png,5,5.3,20,1,conceptual_reference,conceptual_reference,,Figure 20.1: Door opening makes a compression and door closing makes a rarefaction across a room.,"Figure 20.1 (a) When the door is opened, a compression travels across the room. (b) When the door is closed, a rarefaction travels across the room.",Figure 20.1: Door opening makes a compression and door closing makes a rarefaction across a room.,66dfbeff085d9e91bbcfabcd9d0e5cea29c82d429a2322abc4376856e60b32eb,,units/unit5/images_5_3/u5_3_from_ch_20_1_compression_and_rarefaction_door_pulse_room.png
PHYS-971972FD2E92,images/unit5/PHYS-971972FD2E92__u5_3_from_ch_20_2_tuning_fork_tube_compressions_and_rarefactions.png,u5_3_from_ch_20_2_tuning_fork_tube_compressions_and_rarefactions.png,5,5.3,20,2,comparison,comparison,,Figure 20.2: Compressions and rarefactions in a tube produced by a tuning fork.,Figure 20.2 Compressions and rarefactions travel (both at the same speed in the same direction) from the tuning fork through the air in the tube.,Figure 20.2: Compressions and rarefactions in a tube produced by a tuning fork.,971972fd2e928ab997c520e87d63a280bc8b3be7b0e7383a55872f5d38fbdb79,,units/unit5/images_5_3/u5_3_from_ch_20_2_tuning_fork_tube_compressions_and_rarefactions.png
PHYS-5344B7F307A6,images/unit5/PHYS-5344B7F307A6__u5_3_from_ch_20_3_ping_pong_paddle_vibrating_balls_sound_model.png,u5_3_from_ch_20_3_ping_pong_paddle_vibrating_balls_sound_model.png,5,5.3,20,3,phenomenon_or_example,phenomenon_or_example,sound,Figure 20.3: A vibrating Ping-Pong paddle among Ping-Pong balls models vibration of air particles.,Figure 20.3 A Ping-Pong paddle vibrating in the midst of Ping-Pong balls produces vibration of the balls.,Figure 20.3: A vibrating Ping-Pong paddle among Ping-Pong balls models vibration of air particles.,5344b7f307a6e4c36e5a475cb9b531083a03a07c2186c58291ad72cf9d191768,,units/unit5/images_5_3/u5_3_from_ch_20_3_ping_pong_paddle_vibrating_balls_sound_model.png
PHYS-5E7447BD40AA,images/unit5/PHYS-5E7447BD40AA__u5_3_from_ch_20_5_loudspeaker_microphone_oscilloscope_waveform.png,u5_3_from_ch_20_5_loudspeaker_microphone_oscilloscope_waveform.png,5,5.3,20,5,model_or_diagram,model_or_diagram,wave,Figure 20.5: A loudspeaker sends compressions to a microphone and oscilloscope waveform display.,"Figure 20.5 (a) Vibrations of the radio loudspeaker send compressions of air (red lines) and produce similar vibrations in the microphone, which are displayed on an oscilloscope. (b) The shape of the waveform on the oscilloscope screen reveals information about the sound.",Figure 20.5: A loudspeaker sends compressions to a microphone and oscilloscope waveform display.,5e7447bd40aa56cb5402c97fa270bffc94c5372ade22ee03870099c4ca3155a3,,units/unit5/images_5_3/u5_3_from_ch_20_5_loudspeaker_microphone_oscilloscope_waveform.png
PHYS-733B8EC08AB5,images/unit5/PHYS-733B8EC08AB5__u5_3_from_ch_20_pp_radio_wave_is_not_sound_wave_check_point.png,u5_3_from_ch_20_pp_radio_wave_is_not_sound_wave_check_point.png,5,5.3,20,pp,model_or_diagram,model_or_diagram; phenomenon_or_example,wave; sound; magnet,Check Point cartoon: a radio wave is electromagnetic and not a sound wave.,Check Point A radio wave is electromagnetic and travels at the speed of light. A radio receiver converts it to a mechanical wave—sound—that travels a million times slower. So a radio wave is not a sound wave!,Check Point cartoon: a radio wave is electromagnetic and not a sound wave.,733b8ec08ab53cde78ec18b6f7539ac5024829d17dd9e3958aabbdfc4db64899,,units/unit5/images_5_3/u5_3_from_ch_20_pp_radio_wave_is_not_sound_wave_check_point.png
PHYS-356F00972488,images/unit5/PHYS-356F00972488__u5_3_from_ch_20_pp_wire_grille_string_to_ears_sound_transmission.png,u5_3_from_ch_20_pp_wire_grille_string_to_ears_sound_transmission.png,5,5.3,20,pp,phenomenon_or_example,phenomenon_or_example,sound,Practicing Physics: person holds string from a wire grille to both ears while the grille is stroked.,Practicing Physics Wire-grille sound-transmission activity.,Practicing Physics: person holds string from a wire grille to both ears while the grille is stroked.,356f009724883f58e688a55bcdd5943fd02306a0316a14d9793452673d6cb123,,units/unit5/images_5_3/u5_3_from_ch_20_pp_wire_grille_string_to_ears_sound_transmission.png
PHYS-B807BF9E1FEB,images/unit5/PHYS-B807BF9E1FEB__u5_4_from_ch_20_12_bells_natural_frequency_smaller_bell_higher_pitch.png,u5_4_from_ch_20_12_bells_natural_frequency_smaller_bell_higher_pitch.png,5,5.4,20,12,comparison,comparison,,Figure 20.12: Smaller and larger bells with different natural frequencies.,"Figure 20.12 The natural frequency of the smaller bell is higher than that of the larger bell, and it rings at a higher pitch.",Figure 20.12: Smaller and larger bells with different natural frequencies.,b807bf9e1feb91a96e2b405f3fe2bce3411719416c898368dedfd72e1b1b1c89,,units/unit5/images_5_4/u5_4_from_ch_20_12_bells_natural_frequency_smaller_bell_higher_pitch.png
PHYS-B93AE3E68E2A,images/unit5/PHYS-B93AE3E68E2A__u5_4_from_ch_20_14_resonance_stages_tuning_fork_compressions_rarefactions.png,u5_4_from_ch_20_14_resonance_stages_tuning_fork_compressions_rarefactions.png,5,5.4,20,14,model_or_diagram,model_or_diagram; process_or_sequence,sound; resonance,Figure 20.14: Five stages of a tuning fork resonating with sound compressions and rarefactions.,"Figure 20.14 Stages of resonance (blue arrows indicate sound waves traveling to the right). (a) The first compression meets the tuning fork and gives it a tiny and momentary push. (b) The fork bends and then (c) returns to its initial position just at the time a rarefaction arrives and (d) overshoots in the opposite direction. Just when the fork returns to its initial position (e), the next compression arrives to repeat the cycle. Now the fork bends farther because it is moving.",Figure 20.14: Five stages of a tuning fork resonating with sound compressions and rarefactions.,b93ae3e68e2a79b0d2c9a1355c976b45dd71b7d0efbb28dc7d2b87b204003105,,units/unit5/images_5_4/u5_4_from_ch_20_14_resonance_stages_tuning_fork_compressions_rarefactions.png
PHYS-1ECA23C18DA2,images/unit5/PHYS-1ECA23C18DA2__u5_4_from_ch_20_15_tacoma_narrows_bridge_wind_generated_resonance.png,u5_4_from_ch_20_15_tacoma_narrows_bridge_wind_generated_resonance.png,5,5.4,20,15,model_or_diagram,model_or_diagram; comparison,resonance,Figure 20.15: Tacoma Narrows Bridge oscillating and collapsing because of wind-generated resonance.,"Figure 20.15 In 1940, four months after being completed, the Tacoma Narrows Bridge in Washington State was destroyed by wind-generated resonance. A mild gale produced an irregular force in resonance with the natural frequency of the bridge, steadily increasing the amplitude of vibration until the bridge collapsed.",Figure 20.15: Tacoma Narrows Bridge oscillating and collapsing because of wind-generated resonance.,1eca23c18da2dc58377e98c99f8f5c7ea301a750918ae5067383ee3ed46632fe,,units/unit5/images_5_4/u5_4_from_ch_20_15_tacoma_narrows_bridge_wind_generated_resonance.png
PHYS-41517E9EC738,images/unit5/PHYS-41517E9EC738__u5_4_from_ch_20_16_swing_pumping_in_rhythm_natural_frequency_resonance.png,u5_4_from_ch_20_16_swing_pumping_in_rhythm_natural_frequency_resonance.png,5,5.4,20,16,conceptual_reference,conceptual_reference,resonance,Figure 20.16: A child on a swing pumping in rhythm with the swing’s natural frequency.,Figure 20.16 INTERACTIVE FIGURE Manuel finds that he produces a large amplitude when he pumps in rhythm with the swing’s natural frequency.,Figure 20.16: A child on a swing pumping in rhythm with the swing’s natural frequency.,41517e9ec73891266c34b3472605b8a1f09900ceac1807949c8700191df4abf0,,units/unit5/images_5_4/u5_4_from_ch_20_16_swing_pumping_in_rhythm_natural_frequency_resonance.png
PHYS-5DB61442C111,images/unit5/PHYS-5DB61442C111__u5_4_from_ch_20_8_concert_hall_reflectors_sound_reflection.png,u5_4_from_ch_20_8_concert_hall_reflectors_sound_reflection.png,5,5.4,20,8,conceptual_reference,conceptual_reference,sound; light; reflection,Figure 20.8: Reflecting plastic plates above an orchestra direct light and sound toward the audience.,Figure 20.8 The plastic plates above the orchestra reflect both light and sound. Adjusting them is quite simple: What you see is what you hear.,Figure 20.8: Reflecting plastic plates above an orchestra direct light and sound toward the audience.,5db61442c111b83cc0f73b6770f40728fadfa2f877ca2be30f0cb7bfc51b584a,,units/unit5/images_5_4/u5_4_from_ch_20_8_concert_hall_reflectors_sound_reflection.png
PHYS-F2BEAADF5EB9,images/unit5/PHYS-F2BEAADF5EB9__u5_4_from_ch_20_9_sound_refraction_warm_and_cool_air_layers.png,u5_4_from_ch_20_9_sound_refraction_warm_and_cool_air_layers.png,5,5.4,20,9,model_or_diagram,model_or_diagram,wave; sound; refraction,Figure 20.9: Sound waves bend in warm and cool air layers.,Figure 20.9 Sound waves are bent in air of uneven temperatures.,Figure 20.9: Sound waves bend in warm and cool air layers.,f2beaadf5eb96d2abf7db12961992b0d30979fc48f5d159afff52b1b49274200,,units/unit5/images_5_4/u5_4_from_ch_20_9_sound_refraction_warm_and_cool_air_layers.png
PHYS-41BE4D38FF9E,images/unit5/PHYS-41BE4D38FF9E__u5_5_from_ch_20_17_constructive_destructive_interference_transverse_longitudinal_waves.png,u5_5_from_ch_20_17_constructive_destructive_interference_transverse_longitudinal_waves.png,5,5.5,20,17,model_or_diagram,model_or_diagram; comparison,wave,Figure 20.17: Constructive and destructive interference for transverse and longitudinal waves.,"Figure 20.17 INTERACTIVE FIGURE Constructive (a, b) and destructive (c, d) wave interference in transverse and longitudinal waves. (a) The superposition of two identical transverse waves in phase produces a wave of increased amplitude. (b) The superposition of two identical longitudinal waves in phase produces a wave of increased intensity. (c) Two identical transverse waves that are out of phase destroy each other when they are superimposed. (d) Two identical longitudinal waves that are out of phase destroy each other when they are superimposed.",Figure 20.17: Constructive and destructive interference for transverse and longitudinal waves.,41be4d38ff9e27a3153dbbe0cd8c31e1f395a2218122fa55bad66b6db04e0cee,,units/unit5/images_5_5/u5_5_from_ch_20_17_constructive_destructive_interference_transverse_longitudinal_waves.png
PHYS-105E70AFB474,images/unit5/PHYS-105E70AFB474__u5_5_from_ch_20_18_speaker_path_length_interference_loud_and_dead_spots.png,u5_5_from_ch_20_18_speaker_path_length_interference_loud_and_dead_spots.png,5,5.5,20,18,model_or_diagram,model_or_diagram; comparison,sound,Figure 20.18: Two speakers producing constructive and destructive sound interference depending on path length.,"Figure 20.18 INTERACTIVE FIGURE Interference of sound waves. (a) Waves arrive in phase and interfere constructively when the path lengths from the speakers are the same. (b) Waves arrive out of phase and interfere destructively when the path lengths differ by half a wavelength (or 3/2, 5/2, and so on).",Figure 20.18: Two speakers producing constructive and destructive sound interference depending on path length.,105e70afb4747ff95ed31709c82d37e6c348bc3b9cfb18f95293c41e2749e0ae,,units/unit5/images_5_5/u5_5_from_ch_20_18_speaker_path_length_interference_loud_and_dead_spots.png
PHYS-957D5399135F,images/unit5/PHYS-957D5399135F__u5_5_from_ch_20_19_out_of_phase_stereo_speakers_destructive_interference.png,u5_5_from_ch_20_19_out_of_phase_stereo_speakers_destructive_interference.png,5,5.5,20,19,comparison,comparison,sound,Figure 20.19: Two stereo speakers out of phase canceling monaural sound.,"Figure 20.19 If the positive and negative wire inputs to one of the stereo speakers are switched, the speakers are out of phase. When the speakers are far apart, monaural sound is not as loud as from properly phased speakers. When they are brought face to face, very little sound is heard. Interference is nearly complete as the compressions of one speaker fill in the rarefactions of the other!",Figure 20.19: Two stereo speakers out of phase canceling monaural sound.,957d5399135f4f36a83dc7d60be6c5da7edae95df9dd2462426955bcedc5366d,,units/unit5/images_5_5/u5_5_from_ch_20_19_out_of_phase_stereo_speakers_destructive_interference.png
PHYS-B189AB9B43ED,images/unit5/PHYS-B189AB9B43ED__u5_5_from_ch_20_20_noise_canceling_mirror_image_sound_signal.png,u5_5_from_ch_20_20_noise_canceling_mirror_image_sound_signal.png,5,5.5,20,20,model_or_diagram,model_or_diagram,wave; sound; mirror,Figure 20.20: A mirror-image sound wave canceling the original sound signal.,"Figure 20.20 When a mirror image of a sound signal combines with the sound itself, the sound is canceled.",Figure 20.20: A mirror-image sound wave canceling the original sound signal.,b189ab9b43ede7b944313354b0af6a664c7a3946c735bc589c6f44d3143f4d49,,units/unit5/images_5_5/u5_5_from_ch_20_20_noise_canceling_mirror_image_sound_signal.png
PHYS-0434F9717EF5,images/unit5/PHYS-0434F9717EF5__u5_5_from_ch_20_21_tuning_fork_beats_constructive_destructive_interference.png,u5_5_from_ch_20_21_tuning_fork_beats_constructive_destructive_interference.png,5,5.5,20,21,comparison,comparison,sound,Figure 20.21: Constructive and destructive interference producing beats from two sound sources.,Figure 20.21 The interference of two sound sources of slightly different frequencies produces beats.,Figure 20.21: Constructive and destructive interference producing beats from two sound sources.,0434f9717ef5e612ff92e2c09f698fea2ac1d97936e90b12a24e6711978f7cc8,,units/unit5/images_5_5/u5_5_from_ch_20_21_tuning_fork_beats_constructive_destructive_interference.png
PHYS-071C19E5B8D4,images/unit5/PHYS-071C19E5B8D4__u5_5_from_ch_20_23_am_fm_radio_signals_modulation_static_clipping.png,u5_5_from_ch_20_23_am_fm_radio_signals_modulation_static_clipping.png,5,5.5,20,23,model_or_diagram,model_or_diagram; phenomenon_or_example,wave; sound,"Figure 20.23: AM and FM radio signals showing sound waves, carrier waves, modulation, static, and receiver output.",Figure 20.23 AM and FM radio signals. (a) Sound waves that enter a microphone. (b) Radio-frequency carrier wave produced by a transmitter without a sound signal. (c) Carrier wave modulated by signal. (d) Static interference. (e) Carrier wave and signal affected by static. (f) Radio receiver cuts out negative half of carrier wave. (g) Signal remaining is rough for AM because of static but is smooth for FM because the tips of the waveform are clipped without loss to the signal.,"Figure 20.23: AM and FM radio signals showing sound waves, carrier waves, modulation, static, and receiver output.",071c19e5b8d42f0e8c57dc4b931e81ff39bf1facce0581bb24ba1348a335429d,,units/unit5/images_5_5/u5_5_from_ch_20_23_am_fm_radio_signals_modulation_static_clipping.png
PHYS-9B847F6553A4,images/unit5/PHYS-9B847F6553A4__u5_4_from_ch_20_pp_bathtub_sound_underwater_and_sloshing_resonance.png,u5_4_from_ch_20_pp_bathtub_sound_underwater_and_sloshing_resonance.png,5,,20,pp,conceptual_reference,conceptual_reference,sound; resonance,Think and Do 31: Bathtub sound and sloshing resonance activity illustration.,Think and Do 31 Bathtub sound and sloshing resonance activity illustration.,Think and Do 31: Bathtub sound and sloshing resonance activity illustration.,9b847f6553a4b5fb26485c0e002114e28452ef220f9342b8333d18ebb96fd7b2,,units/unit5/images_review/u5_4_from_ch_20_pp_bathtub_sound_underwater_and_sloshing_resonance.png
PHYS-FC32B68BA201,images/unit5/PHYS-FC32B68BA201__u5_4_from_ch_20_pp_rubber_membrane_speaker_mirror_light_sound_patterns.png,u5_4_from_ch_20_pp_rubber_membrane_speaker_mirror_light_sound_patterns.png,5,,20,pp,conceptual_reference,conceptual_reference,sound; light; mirror,"Think and Do 32: Rubber membrane, loudspeaker, mirror, and reflected light-pattern activity illustration.","Think and Do 32 Rubber membrane, loudspeaker, mirror, and reflected light-pattern activity illustration.","Think and Do 32: Rubber membrane, loudspeaker, mirror, and reflected light-pattern activity illustration.",fc32b68ba20146788a7b1a71a1291b21fb250ea24b31f38c2d710ec45bf9add4,,units/unit5/images_review/u5_4_from_ch_20_pp_rubber_membrane_speaker_mirror_light_sound_patterns.png
PHYS-32A2E3060EDF,images/unit6/PHYS-32A2E3060EDF__unit6-converging-lens.png,unit6-converging-lens.png,6,,,,model_or_diagram,model_or_diagram,lens,Converging lens ray model,,Converging lens ray model.,32a2e3060edf4a7d0d67a865f61ce8ceaab6ae0b31821418b09c222704b88295,,units/unit6/figures/unit6-converging-lens.png
PHYS-60F868503DA8,images/unit6/PHYS-60F868503DA8__unit6-corrective-lens-eye.png,unit6-corrective-lens-eye.png,6,,,,conceptual_reference,conceptual_reference,lens,Corrective lens and eye focus model,,Corrective lens and eye focus model.,60f868503da8e037ba3065eef19557fcfb1ba783b796f36ead1e3e353606b60c,,units/unit6/figures/unit6-corrective-lens-eye.png
PHYS-33E5410706EA,images/unit6/PHYS-33E5410706EA__unit6-diverging-lens.png,unit6-diverging-lens.png,6,,,,model_or_diagram,model_or_diagram,lens,Diverging lens ray model,,Diverging lens ray model.,33e5410706ea591688a142c0c272da3a9a31eee4d77806d2a481563cb8e470a1,,units/unit6/figures/unit6-diverging-lens.png
PHYS-400204AD2413,images/unit6/PHYS-400204AD2413__unit6-material-interactions.png,unit6-material-interactions.png,6,,,,conceptual_reference,conceptual_reference,,Transparent translucent and opaque materials,,Transparent translucent and opaque materials.,400204ad24139f8788d5dc164dee1d79e945d0af15304b93fa08b92a81772d58,,units/unit6/figures/unit6-material-interactions.png
PHYS-EE5883D49481,images/unit6/PHYS-EE5883D49481__unit6-optical-fiber-tir.png,unit6-optical-fiber-tir.png,6,,,,conceptual_reference,conceptual_reference,reflection,Total internal reflection in optical fiber,,Total internal reflection in optical fiber.,ee5883d49481185e71a0da7a558df54b46d69b05def7584389c95a1ee4585a29,,units/unit6/figures/unit6-optical-fiber-tir.png
PHYS-E280F0DA09B1,images/unit6/PHYS-E280F0DA09B1__unit6-periscope.png,unit6-periscope.png,6,,,,model_or_diagram,model_or_diagram,,Simple periscope ray path,,Simple periscope ray path.,e280f0da09b18f1f027539d3c282374216c3b5370b41b4e3fee987f9a2ca8293,,units/unit6/figures/unit6-periscope.png
PHYS-C284D92BD55A,images/unit6/PHYS-C284D92BD55A__unit6-plane-mirror-image.png,unit6-plane-mirror-image.png,6,,,,model_or_diagram,model_or_diagram,mirror,Plane mirror virtual image diagram | Plane mirror image ray model,,Plane mirror virtual image diagram | Plane mirror image ray model.,c284d92bd55ab433efa37db09b0f9d162d6b01d17c6071fabbeb257fb25cd412,,units/unit6/figures/unit6-plane-mirror-image.png
PHYS-944D740894FB,images/unit6/PHYS-944D740894FB__unit6-prism-dispersion.png,unit6-prism-dispersion.png,6,,,,model_or_diagram,model_or_diagram,,Prism dispersion diagram | Dispersion through a prism,,Prism dispersion diagram | Dispersion through a prism.,944d740894fbd94e5e2239c1eee12c7f47eca23dbdc35e6a15cf672b7d90b81f,,units/unit6/figures/unit6-prism-dispersion.png
PHYS-EE22A0FA466D,images/unit6/PHYS-EE22A0FA466D__unit6-reflection-law.png,unit6-reflection-law.png,6,,,,model_or_diagram,model_or_diagram,reflection,Reflection diagram showing normal line and angles | Law of reflection diagram,,Reflection diagram showing normal line and angles | Law of reflection diagram.,ee22a0fa466db7baea8422c9a25103f191b4bab763fe18edc1265245c8b077cc,,units/unit6/figures/unit6-reflection-law.png
PHYS-37F1D1829494,images/unit6/PHYS-37F1D1829494__unit6-refraction-away-normal.png,unit6-refraction-away-normal.png,6,,,,model_or_diagram,model_or_diagram,refraction,Refraction away from normal diagram,,Refraction away from normal diagram.,37f1d182949417e02ee8d39d5de4aa8932ba0fd6402744c54c0baf168e03c43b,,units/unit6/figures/unit6-refraction-away-normal.png
PHYS-339A93E1C830,images/unit6/PHYS-339A93E1C830__unit6-refraction-toward-normal.png,unit6-refraction-toward-normal.png,6,,,,model_or_diagram,model_or_diagram,refraction,Refraction toward normal diagram,,Refraction toward normal diagram.,339a93e1c83092dc88cee24cf5514eeb7a90625995a7247271e00d7c7064fc8d,,units/unit6/figures/unit6-refraction-toward-normal.png
PHYS-6BD4C780D03B,images/unit6/PHYS-6BD4C780D03B__unit6-shadow-formation.png,unit6-shadow-formation.png,6,,,,conceptual_reference,conceptual_reference,light,Shadow formation by blocked light,,Shadow formation by blocked light.,6bd4c780d03b0d1d2779b77acd61b7e83e5312e918750363f4d3e0286b775a43,,units/unit6/figures/unit6-shadow-formation.png
PHYS-5D9307A2F535,images/unit6/PHYS-5D9307A2F535__u6_1_from_ch_26_10_glass_blocks_ultraviolet_infrared_transmits_visible.png,u6_1_from_ch_26_10_glass_blocks_ultraviolet_infrared_transmits_visible.png,6,6.1,26,10,conceptual_reference,conceptual_reference,light,Figure 26.10: glass blocks ultraviolet and infrared light but transmits visible light,"Figure 26.10 Glass blocks both infrared and ultraviolet light, but it is transparent to visible light.",Figure 26.10: glass blocks ultraviolet and infrared light but transmits visible light.,5d9307a2f53590d878aaf303cf4f98caa855c0f4a218caa058c7d5bb297965d6,,units/unit6/images_6_1/u6_1_from_ch_26_10_glass_blocks_ultraviolet_infrared_transmits_visible.png
PHYS-3A34C3395A13,images/unit6/PHYS-3A34C3395A13__u6_1_from_ch_26_12_small_and_large_light_source_sharp_blurry_shadow.png,u6_1_from_ch_26_12_small_and_large_light_source_sharp_blurry_shadow.png,6,6.1,26,12,conceptual_reference,conceptual_reference,light,Figure 26.12: small and large light sources produce sharp and blurry shadows,Figure 26.12 A small light source produces a sharper shadow than a larger source.,Figure 26.12: small and large light sources produce sharp and blurry shadows.,3a34c3395a1383f5d363f336beaf3d12643700ae07936b05f8858f145c6835fe,,units/unit6/images_6_1/u6_1_from_ch_26_12_small_and_large_light_source_sharp_blurry_shadow.png
PHYS-330E45FC37C6,images/unit6/PHYS-330E45FC37C6__u6_1_from_ch_26_13_object_farther_from_wall_umbra_penumbra_shadow_blur.png,u6_1_from_ch_26_13_object_farther_from_wall_umbra_penumbra_shadow_blur.png,6,6.1,26,13,comparison,comparison; phenomenon_or_example,,Figure 26.13: object moved farther from a wall makes a shadow with growing penumbra and smaller umbra,"Figure 26.13 An object held close to a wall casts a sharp shadow because light coming from slightly different directions does not spread out much behind the object. As the object is moved farther away from the wall, the penumbra grows and the umbra becomes smaller. When the object is even farther away, the shadow is less distinct. When the object is very far away (not shown), no shadow is evident because the penumbra expands into a big blur.",Figure 26.13: object moved farther from a wall makes a shadow with growing penumbra and smaller umbra.,330e45fc37c6b7aed2fb1aec0518435340d50a2543b5af4c47811f283da424cb,,units/unit6/images_6_1/u6_1_from_ch_26_13_object_farther_from_wall_umbra_penumbra_shadow_blur.png
PHYS-956CFF55DD28,images/unit6/PHYS-956CFF55DD28__u6_1_from_ch_26_14_moon_phases_lunar_and_solar_eclipses_alignment.png,u6_1_from_ch_26_14_moon_phases_lunar_and_solar_eclipses_alignment.png,6,6.1,26,14,phenomenon_or_example,phenomenon_or_example,,Figure 26.14: Moon phases and alignments for lunar and solar eclipses,"Figure 26.14 Interactive Figure. (a) A full Moon is seen when Earth is between the Sun and the Moon. (b) When this alignment is perfect, the Moon is in Earth’s shadow, and a lunar eclipse is produced. (c) A new Moon occurs when the Moon is between the Sun and Earth. (d) When this alignment is perfect, the Moon’s shadow falls on part of Earth to produce a solar eclipse.",Figure 26.14: Moon phases and alignments for lunar and solar eclipses.,956cff55dd28a5c1716c77a1f766e65eb2bf6a84de2d23679db51263a623bd76,,units/unit6/images_6_1/u6_1_from_ch_26_14_moon_phases_lunar_and_solar_eclipses_alignment.png
PHYS-EB341150BD92,images/unit6/PHYS-EB341150BD92__u6_1_from_ch_26_15_solar_eclipse_umbra_penumbra_total_partial.png,u6_1_from_ch_26_15_solar_eclipse_umbra_penumbra_total_partial.png,6,6.1,26,15,phenomenon_or_example,phenomenon_or_example,,Figure 26.15: solar eclipse showing umbra and penumbra for total and partial eclipses,"Figure 26.15 Interactive Figure. Details of a solar eclipse. A total eclipse is seen by observers in the umbra, and a partial eclipse is seen by observers in the penumbra. Most Earth observers see no eclipse at all.",Figure 26.15: solar eclipse showing umbra and penumbra for total and partial eclipses.,eb341150bd925e73bb0307d24ee3d532ea0bbe51471206372cd26917b5c133bc,,units/unit6/images_6_1/u6_1_from_ch_26_15_solar_eclipse_umbra_penumbra_total_partial.png
PHYS-F4896B293452,images/unit6/PHYS-F4896B293452__u6_1_from_ch_26_16_human_eye_cornea_retina_lens_fovea_blind_spot.png,u6_1_from_ch_26_16_human_eye_cornea_retina_lens_fovea_blind_spot.png,6,6.1,26,16,model_or_diagram,model_or_diagram; experiment_or_measurement,lens,"Figure 26.16: diagram of the human eye labeling cornea, retina, lens, fovea, blind spot, and iris",Figure 26.16 The human eye.,"Figure 26.16: diagram of the human eye labeling cornea, retina, lens, fovea, blind spot, and iris.",f4896b2934523c06031c0bfbae28e7f232ba637f225515f8079de8cba7fc237f,,units/unit6/images_6_1/u6_1_from_ch_26_16_human_eye_cornea_retina_lens_fovea_blind_spot.png
PHYS-C8C362BD111A,images/unit6/PHYS-C8C362BD111A__u6_1_from_ch_26_17_blind_spot_experiment_dot_and_x.png,u6_1_from_ch_26_17_blind_spot_experiment_dot_and_x.png,6,6.1,26,17,experiment_or_measurement,experiment_or_measurement,,Figure 26.17: blind-spot experiment using a round dot and an X,Figure 26.17 The blind-spot experiment. Close your left eye and look with your right eye at the round dot. Adjust your distance and find the blind spot that erases the X. Switch eyes and look at the X and the dot disappears. Does your brain fill in crossed lines where the dot was?,Figure 26.17: blind-spot experiment using a round dot and an X.,c8c362bd111a4270bb71203fa2d899b95970dd25a96d1a6d553e7d447efde12b,,units/unit6/images_6_1/u6_1_from_ch_26_17_blind_spot_experiment_dot_and_x.png
PHYS-A887091F5493,images/unit6/PHYS-A887091F5493__u6_1_from_ch_26_19_peripheral_vision_detects_motion_not_color.png,u6_1_from_ch_26_19_peripheral_vision_detects_motion_not_color.png,6,6.1,26,19,phenomenon_or_example,phenomenon_or_example,motion,Figure 26.19: peripheral vision detects a moving object but not its color,"Figure 26.19 On the periphery of your vision, you can see an object only if it is moving; you cannot see its color at all.",Figure 26.19: peripheral vision detects a moving object but not its color.,a887091f54934cce3ffdcea51f290e1cafa78e1348f0cc652b936d217142692f,,units/unit6/images_6_1/u6_1_from_ch_26_19_peripheral_vision_detects_motion_not_color.png
PHYS-4F991D4811B6,images/unit6/PHYS-4F991D4811B6__u6_1_from_ch_26_1_shaking_charged_rod_produces_electromagnetic_wave.png,u6_1_from_ch_26_1_shaking_charged_rod_produces_electromagnetic_wave.png,6,6.1,26,1,model_or_diagram,model_or_diagram; phenomenon_or_example,wave; electric; charge; magnet,Figure 26.1: Person shaking an electrically charged object to produce an electromagnetic wave.,"Figure 26.1 Shake an electrically charged object to and fro, and you produce an electromagnetic wave.",Figure 26.1: Person shaking an electrically charged object to produce an electromagnetic wave.,4f991d4811b660007d685477e5d4a1852400e519e5b3fe8f28af42ef10b9f195,,units/unit6/images_6_1/u6_1_from_ch_26_1_shaking_charged_rod_produces_electromagnetic_wave.png
PHYS-4BCDCF4A787D,images/unit6/PHYS-4BCDCF4A787D__u6_1_from_ch_26_20_pupil_size_depends_on_mood.png,u6_1_from_ch_26_20_pupil_size_depends_on_mood.png,6,6.1,26,20,conceptual_reference,conceptual_reference,,Figure 26.20: pupil size changes with mood,Figure 26.20 The size of your pupils depends on your mood.,Figure 26.20: pupil size changes with mood.,4bcdcf4a787da1f6ca5b119ad00442aa7a740a614b09ca1cc1164688bcb47f93,,units/unit6/images_6_1/u6_1_from_ch_26_20_pupil_size_depends_on_mood.png
PHYS-8D745E6B55EB,images/unit6/PHYS-8D745E6B55EB__u6_1_from_ch_26_21_lateral_inhibition_equal_brightness_rectangles.png,u6_1_from_ch_26_21_lateral_inhibition_equal_brightness_rectangles.png,6,6.1,26,21,comparison,comparison,,Figure 26.21: two equally bright rectangles illustrating lateral inhibition,Figure 26.21 Both rectangles are equally bright. Cover the boundary between them with your pencil and see.,Figure 26.21: two equally bright rectangles illustrating lateral inhibition.,8d745e6b55ebf3447e5156b0eb6a350cc3b7afa0efc4dfbb8ae7defb0a4c2f1d,,units/unit6/images_6_1/u6_1_from_ch_26_21_lateral_inhibition_equal_brightness_rectangles.png
PHYS-A6B493859E4F,images/unit6/PHYS-A6B493859E4F__u6_1_from_ch_26_22_brightness_levels_graph_for_lateral_inhibition.png,u6_1_from_ch_26_22_brightness_levels_graph_for_lateral_inhibition.png,6,6.1,26,22,graph_or_data,graph_or_data,,Figure 26.22: graph of brightness levels for the lateral inhibition rectangle,Figure 26.22 Graph of brightness levels for the rectangle in Figure 26.21.,Figure 26.22: graph of brightness levels for the lateral inhibition rectangle.,a6b493859e4f32ebbc05cd01dde4939529677ab26702ee4f73974c19359cef07,,units/unit6/images_6_1/u6_1_from_ch_26_22_brightness_levels_graph_for_lateral_inhibition.png
PHYS-215312E906C0,images/unit6/PHYS-215312E906C0__u6_1_from_ch_26_23_optical_illusion_crooked_rows_tiles.png,u6_1_from_ch_26_23_optical_illusion_crooked_rows_tiles.png,6,6.1,26,23,conceptual_reference,conceptual_reference,,Figure 26.23: optical illusion asking whether rows of tiles are really crooked,Figure 26.23 Optical illusions. Is the slanted line really broken? Are the dashes on the right really shorter? Can you count the black dots? Could you make this in the shop? Is the hat taller than the brim is wide? What does this sign read? Are the vertical lines parallel? Are the rows of tiles really crooked?,Figure 26.23: optical illusion asking whether rows of tiles are really crooked.,215312e906c02aa7371b615e39205a6ce0970ef3517983ae34ed0c2511ffe03d,,units/unit6/images_6_1/u6_1_from_ch_26_23_optical_illusion_crooked_rows_tiles.png
PHYS-43F667E3CE63,images/unit6/PHYS-43F667E3CE63__u6_1_from_ch_26_23_optical_illusion_dashes_shorter.png,u6_1_from_ch_26_23_optical_illusion_dashes_shorter.png,6,6.1,26,23,conceptual_reference,conceptual_reference,,Figure 26.23: optical illusion asking whether the dashes on the right are really shorter,Figure 26.23 Optical illusions. Is the slanted line really broken? Are the dashes on the right really shorter? Can you count the black dots? Could you make this in the shop? Is the hat taller than the brim is wide? What does this sign read? Are the vertical lines parallel? Are the rows of tiles really crooked?,Figure 26.23: optical illusion asking whether the dashes on the right are really shorter.,43f667e3ce636cf0699b7c0836b6e65525944679aa8d8ed0a4ad39f96beb4684,,units/unit6/images_6_1/u6_1_from_ch_26_23_optical_illusion_dashes_shorter.png
PHYS-A9E44FAB8A9F,images/unit6/PHYS-A9E44FAB8A9F__u6_1_from_ch_26_23_optical_illusion_hat_height_vs_brim_width.png,u6_1_from_ch_26_23_optical_illusion_hat_height_vs_brim_width.png,6,6.1,26,23,conceptual_reference,conceptual_reference,,Figure 26.23: optical illusion asking whether the hat is taller than the brim is wide,Figure 26.23 Optical illusions. Is the slanted line really broken? Are the dashes on the right really shorter? Can you count the black dots? Could you make this in the shop? Is the hat taller than the brim is wide? What does this sign read? Are the vertical lines parallel? Are the rows of tiles really crooked?,Figure 26.23: optical illusion asking whether the hat is taller than the brim is wide.,a9e44fab8a9f3417e7e370ac0350aaa346181763aa43940702d8bd584a675ad4,,units/unit6/images_6_1/u6_1_from_ch_26_23_optical_illusion_hat_height_vs_brim_width.png
PHYS-9C5204701BB9,images/unit6/PHYS-9C5204701BB9__u6_1_from_ch_26_23_optical_illusion_hermann_grid_black_dots.png,u6_1_from_ch_26_23_optical_illusion_hermann_grid_black_dots.png,6,6.1,26,23,conceptual_reference,conceptual_reference,,Figure 26.23: Hermann grid optical illusion asking if you can count the black dots,Figure 26.23 Optical illusions. Is the slanted line really broken? Are the dashes on the right really shorter? Can you count the black dots? Could you make this in the shop? Is the hat taller than the brim is wide? What does this sign read? Are the vertical lines parallel? Are the rows of tiles really crooked?,Figure 26.23: Hermann grid optical illusion asking if you can count the black dots.,9c5204701bb9e1926087cc1d1c4f1c75e2669a076d9ff51adee8e70d25c23249,,units/unit6/images_6_1/u6_1_from_ch_26_23_optical_illusion_hermann_grid_black_dots.png
PHYS-2F8B73CA59B2,images/unit6/PHYS-2F8B73CA59B2__u6_1_from_ch_26_23_optical_illusion_impossible_shop_object.png,u6_1_from_ch_26_23_optical_illusion_impossible_shop_object.png,6,6.1,26,23,phenomenon_or_example,phenomenon_or_example,,Figure 26.23: impossible object optical illusion asking if you could make it in the shop,Figure 26.23 Optical illusions. Is the slanted line really broken? Are the dashes on the right really shorter? Can you count the black dots? Could you make this in the shop? Is the hat taller than the brim is wide? What does this sign read? Are the vertical lines parallel? Are the rows of tiles really crooked?,Figure 26.23: impossible object optical illusion asking if you could make it in the shop.,2f8b73ca59b2413fe1a96a112b1cf6a4b4d1b37c7111231f88c95a2e8d52cc85,,units/unit6/images_6_1/u6_1_from_ch_26_23_optical_illusion_impossible_shop_object.png
PHYS-399E5E92B7D0,images/unit6/PHYS-399E5E92B7D0__u6_1_from_ch_26_23_optical_illusion_parallel_vertical_lines.png,u6_1_from_ch_26_23_optical_illusion_parallel_vertical_lines.png,6,6.1,26,23,conceptual_reference,conceptual_reference,,Figure 26.23: optical illusion asking whether the vertical lines are parallel,Figure 26.23 Optical illusions. Is the slanted line really broken? Are the dashes on the right really shorter? Can you count the black dots? Could you make this in the shop? Is the hat taller than the brim is wide? What does this sign read? Are the vertical lines parallel? Are the rows of tiles really crooked?,Figure 26.23: optical illusion asking whether the vertical lines are parallel.,399e5e92b7d032537dd595e53105189fa37c687b92aa259c77607e6411826e01,,units/unit6/images_6_1/u6_1_from_ch_26_23_optical_illusion_parallel_vertical_lines.png
PHYS-601439EF0BDB,images/unit6/PHYS-601439EF0BDB__u6_1_from_ch_26_23_optical_illusion_paris_in_the_spring_sign.png,u6_1_from_ch_26_23_optical_illusion_paris_in_the_spring_sign.png,6,6.1,26,23,conceptual_reference,conceptual_reference,,Figure 26.23: sign optical illusion asking what the sign reads,Figure 26.23 Optical illusions. Is the slanted line really broken? Are the dashes on the right really shorter? Can you count the black dots? Could you make this in the shop? Is the hat taller than the brim is wide? What does this sign read? Are the vertical lines parallel? Are the rows of tiles really crooked?,Figure 26.23: sign optical illusion asking what the sign reads.,601439ef0bdb101f94c15fb0f3e03203ecc20cc2646269f7fedb764ebf18c6e9,,units/unit6/images_6_1/u6_1_from_ch_26_23_optical_illusion_paris_in_the_spring_sign.png
PHYS-6175E34DF287,images/unit6/PHYS-6175E34DF287__u6_1_from_ch_26_23_optical_illusion_slanted_line_broken.png,u6_1_from_ch_26_23_optical_illusion_slanted_line_broken.png,6,6.1,26,23,conceptual_reference,conceptual_reference,,Figure 26.23: optical illusion asking whether the slanted line is really broken,Figure 26.23 Optical illusions. Is the slanted line really broken? Are the dashes on the right really shorter? Can you count the black dots? Could you make this in the shop? Is the hat taller than the brim is wide? What does this sign read? Are the vertical lines parallel? Are the rows of tiles really crooked?,Figure 26.23: optical illusion asking whether the slanted line is really broken.,6175e34df2870e5383af8d5af4dc3797749865054008c153cd2daf1ef545e816,,units/unit6/images_6_1/u6_1_from_ch_26_23_optical_illusion_slanted_line_broken.png
PHYS-5B1C845D0C79,images/unit6/PHYS-5B1C845D0C79__u6_1_from_ch_26_2_electric_and_magnetic_fields_electromagnetic_wave.png,u6_1_from_ch_26_2_electric_and_magnetic_fields_electromagnetic_wave.png,6,6.1,26,2,model_or_diagram,model_or_diagram,wave; electric; magnet; field,Figure 26.2: Electric and magnetic fields perpendicular to each other and to the direction of wave travel.,Figure 26.2 INTERACTIVE FIGURE The electric and magnetic fields of an electromagnetic wave are perpendicular to each other and to the direction of motion of the wave.,Figure 26.2: Electric and magnetic fields perpendicular to each other and to the direction of wave travel.,5b1c845d0c7960c399b4101fa5bf081dc9cba5fe4c7d15dade12c2405d4d3c44,,units/unit6/images_6_1/u6_1_from_ch_26_2_electric_and_magnetic_fields_electromagnetic_wave.png
PHYS-BF0C37D6F6A6,images/unit6/PHYS-BF0C37D6F6A6__u6_1_from_ch_26_3_electromagnetic_spectrum_frequency_ranges.png,u6_1_from_ch_26_3_electromagnetic_spectrum_frequency_ranges.png,6,6.1,26,3,model_or_diagram,model_or_diagram; comparison; historical_story,wave; magnet,Figure 26.3: electromagnetic spectrum frequency ranges from radio waves to gamma rays,"Figure 26.3 INTERACTIVE FIGURE The electromagnetic spectrum is a continuous range of waves extending from radio waves to gamma rays. The descriptive names of the sections are merely a historical classification because all waves are the same in nature, differing principally in frequency and wavelength; all travel at the same speed.",Figure 26.3: electromagnetic spectrum frequency ranges from radio waves to gamma rays.,bf0c37d6f6a6109f61f4e8089bfd51116fe5ec61fcb77e70ce37e77f482eaffb,,units/unit6/images_6_1/u6_1_from_ch_26_3_electromagnetic_spectrum_frequency_ranges.png
PHYS-9EE4A6139508,images/unit6/PHYS-9EE4A6139508__u6_1_from_ch_26_4_visible_spectrum_teaching_aid_and_photo.png,u6_1_from_ch_26_4_visible_spectrum_teaching_aid_and_photo.png,6,6.1,26,4,graph_or_data,graph_or_data; phenomenon_or_example,,Figure 26.4: teaching aid and photograph showing colors blending in the visible spectrum,"Figure 26.4 (a) Bruce Novak created this teaching aid to show his students how colors of the spectrum blend from one to the other. (b) He photographed this spectrum, which better shows the blending of colors.",Figure 26.4: teaching aid and photograph showing colors blending in the visible spectrum.,9ee4a6139508ed8d88e1b09278d7c553e103d9cc73b2f3415eeecfe94c1c97f6,,units/unit6/images_6_1/u6_1_from_ch_26_4_visible_spectrum_teaching_aid_and_photo.png
PHYS-9F8EAD3E6979,images/unit6/PHYS-9F8EAD3E6979__u6_1_from_ch_26_5_red_green_violet_relative_wavelengths.png,u6_1_from_ch_26_5_red_green_violet_relative_wavelengths.png,6,6.1,26,5,model_or_diagram,model_or_diagram,wave; light,"Figure 26.5: relative wavelengths of red, green, and violet light","Figure 26.5 INTERACTIVE FIGURE Relative wavelengths of red, green, and violet light. Violet light has nearly twice the frequency of red light and half the wavelength.","Figure 26.5: relative wavelengths of red, green, and violet light.",9f8ead3e6979de4760d64a9f94c5556eb3044b4ad3767d5fb1865436d29e3581,,units/unit6/images_6_1/u6_1_from_ch_26_5_red_green_violet_relative_wavelengths.png
PHYS-ED0AEBB97417,images/unit6/PHYS-ED0AEBB97417__u6_1_from_ch_26_6_tuning_fork_sound_wave_emitter_receiver_analogy.png,u6_1_from_ch_26_6_tuning_fork_sound_wave_emitter_receiver_analogy.png,6,6.1,26,6,model_or_diagram,model_or_diagram,wave; sound; light,Figure 26.6: tuning fork sound wave analogy to a light wave forcing electrons into vibration,"Figure 26.6 Just as a sound wave can force a sound receiver into vibration, a light wave can force electrons in materials into vibration.",Figure 26.6: tuning fork sound wave analogy to a light wave forcing electrons into vibration.,ed0aebb974170857204e52b3c12c30fd1eadbc577fd897ed7fdffb6e6c867e7d,,units/unit6/images_6_1/u6_1_from_ch_26_6_tuning_fork_sound_wave_emitter_receiver_analogy.png
PHYS-4EEDA13AF0DB,images/unit6/PHYS-4EEDA13AF0DB__u6_1_from_ch_26_7_spring_model_atom_electrons_natural_frequencies.png,u6_1_from_ch_26_7_spring_model_atom_electrons_natural_frequencies.png,6,6.1,26,7,conceptual_reference,conceptual_reference,,Figure 26.7: spring model of an atom showing electrons attached to a nucleus as if by springs,Figure 26.7 The spring model of light. The electrons of atoms in glass have certain natural frequencies of vibration and behave as if they were connected to the atomic nucleus by springs.,Figure 26.7: spring model of an atom showing electrons attached to a nucleus as if by springs.,4eeda13af0db65f49e7a3c2f378b45a2af54b813bd6ad68999a2a560da12434c,,units/unit6/images_6_1/u6_1_from_ch_26_7_spring_model_atom_electrons_natural_frequencies.png
PHYS-5B5FECDC62BC,images/unit6/PHYS-5B5FECDC62BC__u6_1_from_ch_26_8_visible_light_absorption_reemission_through_glass_atoms.png,u6_1_from_ch_26_8_visible_light_absorption_reemission_through_glass_atoms.png,6,6.1,26,8,model_or_diagram,model_or_diagram,speed; light,"Figure 26.8: visible light is absorbed and reemitted through glass atoms, slowing its average speed","Figure 26.8 A wave of visible light incident on a pane of glass sets up vibrations in the glass atoms that produce a chain of absorptions and reemissions, which pass the light energy through the material and out the other side. Because of the time delay between absorptions and reemissions, the light travels more slowly through the glass than through empty space.","Figure 26.8: visible light is absorbed and reemitted through glass atoms, slowing its average speed.",5b5fecdc62bc9d2d79acea7e979934c81828dc1ef88a2c76ddb88ff3439b3340,,units/unit6/images_6_1/u6_1_from_ch_26_8_visible_light_absorption_reemission_through_glass_atoms.png
PHYS-A8592C38F166,images/unit6/PHYS-A8592C38F166__u6_2_from_ch_28_10_diffuse_reflection_from_rough_surface.png,u6_2_from_ch_28_10_diffuse_reflection_from_rough_surface.png,6,6.2,28,10,model_or_diagram,model_or_diagram; comparison,reflection,Figure 28.10: parallel incident rays reflect in many directions from a rough surface,"Figure 28.10 Diffuse reflection. Although each ray obeys the law of reflection, the many different surface angles that light rays encounter in striking a rough surface cause reflection in many directions.",Figure 28.10: parallel incident rays reflect in many directions from a rough surface.,a8592c38f1663c25e80d0853703f66b311b2afddea3533c65e8fac75a2a0f400,,units/unit6/images_6_2/u6_2_from_ch_28_10_diffuse_reflection_from_rough_surface.png
PHYS-CBF9BC2F08CA,images/unit6/PHYS-CBF9BC2F08CA__u6_2_from_ch_28_12_magnified_ordinary_paper_surface.png,u6_2_from_ch_28_12_magnified_ordinary_paper_surface.png,6,6.2,28,12,conceptual_reference,conceptual_reference,,Figure 28.12: magnified rough surface of ordinary paper,Figure 28.12 A magnified view of the surface of ordinary paper.,Figure 28.12: magnified rough surface of ordinary paper.,cbf9bc2f08ca62e1a440214240489a226a9ae5b614871792e33f30ca483e1863,,units/unit6/images_6_2/u6_2_from_ch_28_12_magnified_ordinary_paper_surface.png
PHYS-056CCE3367AB,images/unit6/PHYS-056CCE3367AB__u6_2_from_ch_28_1_light_interacts_with_atoms_like_sound_with_tuning_forks.png,u6_2_from_ch_28_1_light_interacts_with_atoms_like_sound_with_tuning_forks.png,6,6.2,28,1,conceptual_reference,conceptual_reference,sound; light,Figure 28.1: light interacts with atoms as sound interacts with tuning forks,Figure 28.1 Light interacts with atoms as sound interacts with tuning forks.,Figure 28.1: light interacts with atoms as sound interacts with tuning forks.,056cce3367aba61aa1279b481bbd97620348546e3eaf2eb89a1147faa1080e5e,,units/unit6/images_6_2/u6_2_from_ch_28_1_light_interacts_with_atoms_like_sound_with_tuning_forks.png
PHYS-47DB4844D7A7,images/unit6/PHYS-47DB4844D7A7__u6_2_from_ch_28_2_plane_mirror_points_a_b_shortest_path_problem.png,u6_2_from_ch_28_2_plane_mirror_points_a_b_shortest_path_problem.png,6,6.2,28,2,conceptual_reference,conceptual_reference,mirror,Figure 28.2: points A and B above a plane mirror,Figure 28.2,Figure 28.2: points A and B above a plane mirror.,47db4844d7a7a35cd6cc15c1e853041a1caf5ee241046f1e66b6662f89595e39,,units/unit6/images_6_2/u6_2_from_ch_28_2_plane_mirror_points_a_b_shortest_path_problem.png
PHYS-B3238D622EC3,images/unit6/PHYS-B3238D622EC3__u6_2_from_ch_28_3_plane_mirror_reflection_path_less_time.png,u6_2_from_ch_28_3_plane_mirror_reflection_path_less_time.png,6,6.2,28,3,conceptual_reference,conceptual_reference,reflection; mirror,Figure 28.3: plane mirror with reflection paths from A to B,Figure 28.3,Figure 28.3: plane mirror with reflection paths from A to B.,b3238d622ec31863880b6263d840b88491a9092a7688d5c900b0ae74bbf4fbd9,,units/unit6/images_6_2/u6_2_from_ch_28_3_plane_mirror_reflection_path_less_time.png
PHYS-7FD6DA5FF162,images/unit6/PHYS-7FD6DA5FF162__u6_2_from_ch_28_4_artificial_point_b_prime_least_time_reflection.png,u6_2_from_ch_28_4_artificial_point_b_prime_least_time_reflection.png,6,6.2,28,4,conceptual_reference,conceptual_reference,reflection,Figure 28.4: artificial point B prime showing least-time reflection,Figure 28.4,Figure 28.4: artificial point B prime showing least-time reflection.,7fd6da5ff162a91d4e8ac778cb1115a6a6c970f2264459c9469a1acf579a5556,,units/unit6/images_6_2/u6_2_from_ch_28_4_artificial_point_b_prime_least_time_reflection.png
PHYS-4684D3C2CF1A,images/unit6/PHYS-4684D3C2CF1A__u6_2_from_ch_28_5_reflection_least_time_three_possible_paths.png,u6_2_from_ch_28_5_reflection_least_time_three_possible_paths.png,6,6.2,28,5,conceptual_reference,conceptual_reference,reflection,Figure 28.5: three reflection paths showing equal angles for the least-time path | Figure 28.5: three reflection paths showing equal incidence and reflection angles,Figure 28.5,Figure 28.5: three reflection paths showing equal angles for the least-time path | Figure 28.5: three reflection paths showing equal incidence and reflection angles.,4684d3c2cf1a0bb82635eee92536ed4b65723078561e8868f3d1dc89a4823f26,,units/unit6/images_6_2/u6_2_from_ch_28_5_reflection_least_time_three_possible_paths.png
PHYS-61391EDFE1AD,images/unit6/PHYS-61391EDFE1AD__u6_2_from_ch_28_6_law_of_reflection_incidence_equals_reflection.png,u6_2_from_ch_28_6_law_of_reflection_incidence_equals_reflection.png,6,6.2,28,6,model_or_diagram,model_or_diagram,reflection; mirror,"Figure 28.6: incident ray, normal, reflected ray, and equal angles at a mirror",Figure 28.6 The law of reflection.,"Figure 28.6: incident ray, normal, reflected ray, and equal angles at a mirror.",61391edfe1addc31c9896767b3d1758f227d7fa30a895792a01a1175ea9073f0,,units/unit6/images_6_2/u6_2_from_ch_28_6_law_of_reflection_incidence_equals_reflection.png
PHYS-1564A4A911CC,images/unit6/PHYS-1564A4A911CC__u6_2_from_ch_28_7_plane_mirror_virtual_image_behind_mirror.png,u6_2_from_ch_28_7_plane_mirror_virtual_image_behind_mirror.png,6,6.2,28,7,model_or_diagram,model_or_diagram,mirror,Figure 28.7: rays reflected from a plane mirror appear to form a virtual image behind the mirror,Figure 28.7 A virtual image is formed behind the mirror and is located at the position where the extended reflected rays (dashed lines) converge.,Figure 28.7: rays reflected from a plane mirror appear to form a virtual image behind the mirror.,1564a4a911ccbf0fc23522914a6843c37c1675721b2d0e00d03f35e6f7e1c062,,units/unit6/images_6_2/u6_2_from_ch_28_7_plane_mirror_virtual_image_behind_mirror.png
PHYS-C72853EFE5DE,images/unit6/PHYS-C72853EFE5DE__u6_2_from_ch_28_8_plane_mirror_front_back_reversal.png,u6_2_from_ch_28_8_plane_mirror_front_back_reversal.png,6,6.2,28,8,model_or_diagram,model_or_diagram; comparison; phenomenon_or_example,mirror,Figure 28.8: person in front of a mirror and diagram showing front-back reversal,"Figure 28.8 Marjorie’s image is as far behind the mirror as she is in front. Note that she and her image have the same color of clothing—evidence that light doesn’t change frequency upon reflection. Interestingly, her left–right axis is no more reversed than her up–down axis. The axis that is reversed, as shown to the right, is front–back. That’s why it seems like her left hand faces the right hand of her image.",Figure 28.8: person in front of a mirror and diagram showing front-back reversal.,c72853efe5de0ca6bbba066dbd8dce1c039c7d405c70f1e0a44f6a9c4171ca02,,units/unit6/images_6_2/u6_2_from_ch_28_8_plane_mirror_front_back_reversal.png
PHYS-8895770CADF9,images/unit6/PHYS-8895770CADF9__u6_2_from_ch_28_9_curved_mirrors_virtual_images.png,u6_2_from_ch_28_9_curved_mirrors_virtual_images.png,6,6.2,28,9,graph_or_data,graph_or_data; model_or_diagram; phenomenon_or_example,mirror,Figure 28.9: convex and concave mirrors forming virtual images,"Figure 28.9 (a) The virtual image formed by a convex mirror (a mirror that curves outward) is smaller and closer to the mirror than the object. (b) When the object is close to a concave mirror (a mirror that curves inward like a “cave”), the virtual image is larger and farther away than the object. In either case, the law of reflection applies to each ray.",Figure 28.9: convex and concave mirrors forming virtual images.,8895770cadf936f587890a2d30867322c61367bfe4b15b833a32d785e117ccd1,,units/unit6/images_6_2/u6_2_from_ch_28_9_curved_mirrors_virtual_images.png
PHYS-3482FA8E580E,images/unit6/PHYS-3482FA8E580E__u6_2_from_ch_28_pp_reversibility_reflection_same_point_c.png,u6_2_from_ch_28_pp_reversibility_reflection_same_point_c.png,6,6.2,28,pp,model_or_diagram,model_or_diagram; comparison,reflection,Checkpoint answer diagram: artificial points A prime and B prime show the same reflection point C,Checkpoint answer diagram showing that point C is common to both reversed light-path constructions.,Checkpoint answer diagram: artificial points A prime and B prime show the same reflection point C.,3482fa8e580eef2e84dc0d31ca6966635af3b785b845ce947cadd544bf6938d9,,units/unit6/images_6_2/u6_2_from_ch_28_pp_reversibility_reflection_same_point_c.png
PHYS-DF3F2FEBF284,images/unit6/PHYS-DF3F2FEBF284__u6_3_from_ch_28_13_lifeguard_least_time_refraction_path.png,u6_3_from_ch_28_13_lifeguard_least_time_refraction_path.png,6,6.3,28,13,phenomenon_or_example,phenomenon_or_example,refraction,Figure 28.13: lifeguard path from sand into water to reach a person in distress,Figure 28.13 Refraction.,Figure 28.13: lifeguard path from sand into water to reach a person in distress.,df3f2febf2846419bef54f6d355763d10452f6f5f0ddf2d6c207a3a9cb028ebb,,units/unit6/images_6_3/u6_3_from_ch_28_13_lifeguard_least_time_refraction_path.png
PHYS-1259E05BC446,images/unit6/PHYS-1259E05BC446__u6_3_from_ch_28_14_refraction_angles_air_to_water.png,u6_3_from_ch_28_14_refraction_angles_air_to_water.png,6,6.3,28,14,model_or_diagram,model_or_diagram,light; refraction,Figure 28.14: light ray bending from air into water with incidence and refraction angles,Figure 28.14 INTERACTIVE FIGURE Refraction.,Figure 28.14: light ray bending from air into water with incidence and refraction angles.,1259e05bc446879e15e3cf0730f740bb54617dd16e44124b8b858e8763cf27d5,,units/unit6/images_6_3/u6_3_from_ch_28_14_refraction_angles_air_to_water.png
PHYS-F1B2327A4881,images/unit6/PHYS-F1B2327A4881__u6_3_from_ch_28_15_refraction_through_window_glass_parallel_displacement.png,u6_3_from_ch_28_15_refraction_through_window_glass_parallel_displacement.png,6,6.3,28,15,model_or_diagram,model_or_diagram,refraction,Figure 28.15: ray through a pane of glass showing parallel displacement,"Figure 28.15 Refraction through glass. Although dashed line AC is the shortest path, light takes a slightly longer path through the air from A to a, then a shorter path through the glass to c, and then to C. The emerging light is displaced but parallel to the incident light.",Figure 28.15: ray through a pane of glass showing parallel displacement.,f1b2327a488189d3480bb20cdd59deedeffc602ab4662ed77a447f418d52467a,,units/unit6/images_6_3/u6_3_from_ch_28_15_refraction_through_window_glass_parallel_displacement.png
PHYS-6551D80020B7,images/unit6/PHYS-6551D80020B7__u6_3_from_ch_28_16_prism_least_time_refraction_path.png,u6_3_from_ch_28_16_prism_least_time_refraction_path.png,6,6.3,28,16,conceptual_reference,conceptual_reference,refraction,Figure 28.16: prism showing a least-time path through glass,Figure 28.16 A prism.,Figure 28.16: prism showing a least-time path through glass.,6551d80020b73414bcb0a5b00198ab52bccc6950b38d125f8cd8cd77d3bbd206,,units/unit6/images_6_3/u6_3_from_ch_28_16_prism_least_time_refraction_path.png
PHYS-7CC81A36C418,images/unit6/PHYS-7CC81A36C418__u6_3_from_ch_28_17_curved_prism_equal_time_paths.png,u6_3_from_ch_28_17_curved_prism_equal_time_paths.png,6,6.3,28,17,graph_or_data,graph_or_data,,Figure 28.17: curved prism showing equal-time paths,Figure 28.17 A “curved prism.”,Figure 28.17: curved prism showing equal-time paths.,7cc81a36c418331694937c7ab6a71e26629cd02856f5db131455fda78e11b005,,units/unit6/images_6_3/u6_3_from_ch_28_17_curved_prism_equal_time_paths.png
PHYS-57195DBC2E26,images/unit6/PHYS-57195DBC2E26__u6_3_from_ch_28_18_converging_lens_equal_time_paths.png,u6_3_from_ch_28_18_converging_lens_equal_time_paths.png,6,6.3,28,18,model_or_diagram,model_or_diagram,lens,Figure 28.18: converging lens focusing rays from A to B,Figure 28.18 A converging lens.,Figure 28.18: converging lens focusing rays from A to B.,57195dbc2e26f7389c714c4cf0dcb489c781d5daeef6a5b90179cea7418d978a,,units/unit6/images_6_3/u6_3_from_ch_28_18_converging_lens_equal_time_paths.png
PHYS-E73C8C1900BD,images/unit6/PHYS-E73C8C1900BD__u6_3_from_ch_28_19_atmospheric_refraction_apparent_sun_position.png,u6_3_from_ch_28_19_atmospheric_refraction_apparent_sun_position.png,6,6.3,28,19,phenomenon_or_example,phenomenon_or_example,refraction,Figure 28.19: atmospheric refraction makes the Sun appear above its true position,"Figure 28.19 Because of atmospheric refraction, when the Sun is near the horizon, it appears to be higher in the sky.",Figure 28.19: atmospheric refraction makes the Sun appear above its true position.,e73c8c1900bd765fb9f8e58fed713cf6e1edfe27e5063fb065650b80d8a91777,,units/unit6/images_6_3/u6_3_from_ch_28_19_atmospheric_refraction_apparent_sun_position.png
PHYS-3A7D5F163720,images/unit6/PHYS-3A7D5F163720__u6_3_from_ch_28_21_snells_law_indices_angles_theta1_theta2.png,u6_3_from_ch_28_21_snells_law_indices_angles_theta1_theta2.png,6,6.3,28,21,model_or_diagram,model_or_diagram,,"Figure 28.21: ray at a boundary showing n1, n2, theta1, and theta2",Figure 28.21 Refraction relates to indices of refraction in accord with Snell’s law.,"Figure 28.21: ray at a boundary showing n1, n2, theta1, and theta2.",3a7d5f1637209f3d8b984d2d864ba51786f40c22698e9d3cdbac67f832bcfee5,,units/unit6/images_6_3/u6_3_from_ch_28_21_snells_law_indices_angles_theta1_theta2.png
PHYS-C68E9669AC30,images/unit6/PHYS-C68E9669AC30__u6_3_from_ch_28_22_mirage_hot_road_refracted_sky_light.png,u6_3_from_ch_28_22_mirage_hot_road_refracted_sky_light.png,6,6.3,28,22,conceptual_reference,conceptual_reference,light,Figure 28.22: light from the sky bending upward over a hot road to form a mirage,"Figure 28.22 Light from the sky picks up speed in the air near the ground because that air is hotter and less dense than the air above. When the light grazes the surface and bends upward, the observer sees a mirage.",Figure 28.22: light from the sky bending upward over a hot road to form a mirage.,c68e9669ac30dd56943210d257e929b70269a50d8fa689750e943e9db33f01e8,,units/unit6/images_6_3/u6_3_from_ch_28_22_mirage_hot_road_refracted_sky_light.png
PHYS-BDB66FB1BDC8,images/unit6/PHYS-BDB66FB1BDC8__u6_3_from_ch_28_24_cart_wheels_sidewalk_to_grass_refraction_model.png,u6_3_from_ch_28_24_cart_wheels_sidewalk_to_grass_refraction_model.png,6,6.3,28,24,comparison,comparison; phenomenon_or_example,refraction,Figure 28.24: cart wheels rolling from sidewalk into grass and turning toward the normal,Figure 28.24 The direction of the rolling wheels changes when one wheel slows down before the other one does.,Figure 28.24: cart wheels rolling from sidewalk into grass and turning toward the normal.,bdb66fb1bdc810e13bf571a67076f2dd8593333a66a9d3b80b608c1e2f67d58e,,units/unit6/images_6_3/u6_3_from_ch_28_24_cart_wheels_sidewalk_to_grass_refraction_model.png
PHYS-FEB8D1050C07,images/unit6/PHYS-FEB8D1050C07__u6_3_from_ch_28_25_wavefront_refraction_air_to_water.png,u6_3_from_ch_28_25_wavefront_refraction_air_to_water.png,6,6.3,28,25,model_or_diagram,model_or_diagram; comparison,wave; refraction,Figure 28.25: wavefronts entering water at an angle and bending as one part slows first,Figure 28.25 The direction of the light waves changes when one part of each wave slows down before the other part.,Figure 28.25: wavefronts entering water at an angle and bending as one part slows first.,feb8d1050c07975d337ff43b851d3d5cb2e83e5cdb3a29f35674691f3ddfd47b,,units/unit6/images_6_3/u6_3_from_ch_28_25_wavefront_refraction_air_to_water.png
PHYS-5AC23DFB544D,images/unit6/PHYS-5AC23DFB544D__u6_3_from_ch_28_26_wave_explanation_mirage_tree_refraction.png,u6_3_from_ch_28_26_wave_explanation_mirage_tree_refraction.png,6,6.3,28,26,model_or_diagram,model_or_diagram,wave; light; refraction,Figure 28.26: tree light wavefronts bending upward through hotter air near the ground,Figure 28.26 A wave explanation of a mirage. Wavefronts of light travel faster in the hot air near the ground and bend upward.,Figure 28.26: tree light wavefronts bending upward through hotter air near the ground.,5ac23dfb544da4669894500ab5ffdca983b1b75466724292449ceb438ef03d28,,units/unit6/images_6_3/u6_3_from_ch_28_26_wave_explanation_mirage_tree_refraction.png
PHYS-6C67657E0629,images/unit6/PHYS-6C67657E0629__u6_3_from_ch_28_27_refraction_toward_and_away_from_normal_water_mirror.png,u6_3_from_ch_28_27_refraction_toward_and_away_from_normal_water_mirror.png,6,6.3,28,27,conceptual_reference,conceptual_reference,light; refraction; mirror,Figure 28.27: light path in water showing refraction toward and away from the normal,"Figure 28.27 When light slows down in going from one medium to another, such as going from air to water, it refracts toward the normal. When it speeds up in traveling from one medium to another, such as going from water to air, it refracts away from the normal.",Figure 28.27: light path in water showing refraction toward and away from the normal.,6c67657e062923de12cfa75d415e5c375649f0866c9f5dac06bbe288e6be0f75,,units/unit6/images_6_3/u6_3_from_ch_28_27_refraction_toward_and_away_from_normal_water_mirror.png
PHYS-B83191C7855B,images/unit6/PHYS-B83191C7855B__u6_3_from_ch_28_28_submerged_fish_appears_nearer_surface.png,u6_3_from_ch_28_28_submerged_fish_appears_nearer_surface.png,6,6.3,28,28,phenomenon_or_example,phenomenon_or_example,,Figure 28.28: fish underwater appears closer to the surface than its actual position,"Figure 28.28 Because of refraction, a submerged object seems to be nearer to the surface than it actually is.",Figure 28.28: fish underwater appears closer to the surface than its actual position.,b83191c7855bb04962c017bccba029062506e48f71584da3dea6866dfadadbfb,,units/unit6/images_6_3/u6_3_from_ch_28_28_submerged_fish_appears_nearer_surface.png
PHYS-290ADD90BCE3,images/unit6/PHYS-290ADD90BCE3__u6_3_from_ch_28_29_full_root_beer_mug_appears_to_hold_more.png,u6_3_from_ch_28_29_full_root_beer_mug_appears_to_hold_more.png,6,6.3,28,29,conceptual_reference,conceptual_reference,refraction,Figure 28.29: full root-beer mug appears to contain more root beer because of refraction,"Figure 28.29 Because of refraction, the full root-beer mug appears to hold more root beer than it actually does.",Figure 28.29: full root-beer mug appears to contain more root beer because of refraction.,290add90bce3840bb8dcb97ac2ca5fbccd2687da8498b1211f135416a54064b0,,units/unit6/images_6_3/u6_3_from_ch_28_29_full_root_beer_mug_appears_to_hold_more.png
PHYS-C014084AFEAE,images/unit6/PHYS-C014084AFEAE__u6_3_from_ch_28_30_prism_dispersion_white_light_red_blue.png,u6_3_from_ch_28_30_prism_dispersion_white_light_red_blue.png,6,6.3,28,30,conceptual_reference,conceptual_reference,light,Figure 28.30: white light enters a prism and disperses into red and blue paths,Figure 28.30 Dispersion by a prism makes the components of white light visible.,Figure 28.30: white light enters a prism and disperses into red and blue paths.,c014084afeaeae0a24d33ff3e8fafe98ab71ef7872de4badfbffe16d733a79b8,,units/unit6/images_6_3/u6_3_from_ch_28_30_prism_dispersion_white_light_red_blue.png
PHYS-3AA24D260CA5,images/unit6/PHYS-3AA24D260CA5__u6_3_from_ch_28_31_single_raindrop_dispersion_red_violet_angles.png,u6_3_from_ch_28_31_single_raindrop_dispersion_red_violet_angles.png,6,6.3,28,31,phenomenon_or_example,phenomenon_or_example,light,"Figure 28.31: sunlight refracts and reflects inside a raindrop, dispersing red and violet light",Figure 28.31 Dispersion of sunlight by a single raindrop.,"Figure 28.31: sunlight refracts and reflects inside a raindrop, dispersing red and violet light.",3aa24d260ca526eccd407ab883061240e74b2f3cc7c592d2b5a3bbb8327e2f0d,,units/unit6/images_6_3/u6_3_from_ch_28_31_single_raindrop_dispersion_red_violet_angles.png
PHYS-FCBCADEEA27D,images/unit6/PHYS-FCBCADEEA27D__u6_3_from_ch_28_32_two_raindrops_red_and_violet_to_observer.png,u6_3_from_ch_28_32_two_raindrops_red_and_violet_to_observer.png,6,6.3,28,32,model_or_diagram,model_or_diagram; comparison; phenomenon_or_example,,Figure 28.32: two raindrops send red and violet rays toward an observer,"Figure 28.32 Sunlight incident on two sample raindrops, as shown, emerges from them as dispersed light. The observer sees the red light from the upper drop and the violet light from the lower drop. Millions of drops produce the whole spectrum of visible light.",Figure 28.32: two raindrops send red and violet rays toward an observer.,fcbcadeea27d557da92b143d6c509674209902f9b35280b0edfc5c11b4588bc2,,units/unit6/images_6_3/u6_3_from_ch_28_32_two_raindrops_red_and_violet_to_observer.png
PHYS-E8C4888C3E0E,images/unit6/PHYS-E8C4888C3E0E__u6_3_from_ch_28_33_rainbow_as_edge_of_cone_water_drop_region.png,u6_3_from_ch_28_33_rainbow_as_edge_of_cone_water_drop_region.png,6,6.3,28,33,phenomenon_or_example,phenomenon_or_example,,Figure 28.33: rainbow appears as the edge of a three-dimensional cone through water drops,"Figure 28.33 When your eye is located between the Sun (not shown off to the left) and a water drop region, the rainbow you see is the edge of a three-dimensional cone that extends through the water drop region. (Innumerable layers of drops form innumerable two-dimensional arcs like the four suggested here.)",Figure 28.33: rainbow appears as the edge of a three-dimensional cone through water drops.,e8c4888c3e0e2f8fa77628f6daf0f72f63a2be78bf416540e458f0602538e7ee,,units/unit6/images_6_3/u6_3_from_ch_28_33_rainbow_as_edge_of_cone_water_drop_region.png
PHYS-B398B3D31110,images/unit6/PHYS-B398B3D31110__u6_3_from_ch_28_34_red_light_cone_raindrops_at_42_degrees.png,u6_3_from_ch_28_34_red_light_cone_raindrops_at_42_degrees.png,6,6.3,28,34,conceptual_reference,conceptual_reference,light,Figure 28.34: raindrops along a dashed cone line disperse red light to the observer,"Figure 28.34 Only raindrops along the dashed line disperse red light to the observer at a 42° angle; hence, the light forms a bow.",Figure 28.34: raindrops along a dashed cone line disperse red light to the observer.,b398b3d3111068ea1750b1f1c71f74d681336def6cc7a1a6fc99343126b9009c,,units/unit6/images_6_3/u6_3_from_ch_28_34_red_light_cone_raindrops_at_42_degrees.png
PHYS-9F6B90C85B99,images/unit6/PHYS-9F6B90C85B99__u6_3_from_ch_28_36_secondary_rainbow_double_reflection_raindrop.png,u6_3_from_ch_28_36_secondary_rainbow_double_reflection_raindrop.png,6,6.3,28,36,phenomenon_or_example,phenomenon_or_example,light; reflection,Figure 28.36: sunlight reflects twice inside a drop to produce a secondary bow,Figure 28.36 Double reflection in a drop produces a secondary bow.,Figure 28.36: sunlight reflects twice inside a drop to produce a secondary bow.,9f6b90c85b99113ec0c50ae016f78312f61f50cf403061a691bd32372498e8d9,,units/unit6/images_6_3/u6_3_from_ch_28_36_secondary_rainbow_double_reflection_raindrop.png
PHYS-65CC1BBABA56,images/unit6/PHYS-65CC1BBABA56__u6_3_from_ch_28_37_total_internal_reflection_critical_angle_underwater_flashlight.png,u6_3_from_ch_28_37_total_internal_reflection_critical_angle_underwater_flashlight.png,6,6.3,28,37,model_or_diagram,model_or_diagram,light; reflection; refraction,"Figure 28.37: underwater flashlight beams show refraction, reflection, and total internal reflection beyond the critical angle","Figure 28.37 Light emitted in the water is partly refracted and partly reflected at the surface. The blue dashed lines show the direction of light and the lengths of the arrows indicate the proportions refracted and reflected. Beyond the critical angle, the beam is totally internally reflected.","Figure 28.37: underwater flashlight beams show refraction, reflection, and total internal reflection beyond the critical angle.",65cc1bbaba56646dd7571ede6ad27e6387142058383cf36125d7c419ff627a56,,units/unit6/images_6_3/u6_3_from_ch_28_37_total_internal_reflection_critical_angle_underwater_flashlight.png
PHYS-CA562CB847F6,images/unit6/PHYS-CA562CB847F6__u6_3_from_ch_28_38_underwater_observer_sees_96_degree_circle_of_light.png,u6_3_from_ch_28_38_underwater_observer_sees_96_degree_circle_of_light.png,6,6.3,28,38,conceptual_reference,conceptual_reference,light,Figure 28.38: fish underwater sees a 96 degree cone of light at the surface,"Figure 28.38 An observer underwater sees a circle of light at the still surface. Beyond a cone of 96° (twice the critical angle), an observer sees a reflection of the water interior or bottom.",Figure 28.38: fish underwater sees a 96 degree cone of light at the surface.,ca562cb847f666d4e78733ba519fdeabee61e72c3aa19fe41529d7f6ca650c6a,,units/unit6/images_6_3/u6_3_from_ch_28_38_underwater_observer_sees_96_degree_circle_of_light.png
PHYS-209F401FFE8A,images/unit6/PHYS-209F401FFE8A__u6_3_from_ch_28_39_total_internal_reflection_prism_90_180_orientation.png,u6_3_from_ch_28_39_total_internal_reflection_prism_90_180_orientation.png,6,6.3,28,39,comparison,comparison; phenomenon_or_example,light; reflection,"Figure 28.39: three prism arrangements change light direction by 90 degrees, 180 degrees, or not at all","Figure 28.39 Total internal reflection in a prism. The prism changes the direction of the light beam (a) by 90°, (b) by 180°, and (c) not at all. Note that, in each case, the orientation of the image is different from the orientation of the object.","Figure 28.39: three prism arrangements change light direction by 90 degrees, 180 degrees, or not at all.",209f401ffe8afe6d1e97df7fb56947848b3afe8b38ce86ef262eb44ad90a72c5,,units/unit6/images_6_3/u6_3_from_ch_28_39_total_internal_reflection_prism_90_180_orientation.png
PHYS-9639ED5C27DF,images/unit6/PHYS-9639ED5C27DF__u6_3_from_ch_28_40_total_internal_reflection_pair_of_prisms_binoculars.png,u6_3_from_ch_28_40_total_internal_reflection_pair_of_prisms_binoculars.png,6,6.3,28,40,conceptual_reference,conceptual_reference,light; reflection,Figure 28.40: pair of prisms inside binoculars redirects light by total internal reflection,"Figure 28.40 Total internal reflection in a pair of prisms, common in binoculars.",Figure 28.40: pair of prisms inside binoculars redirects light by total internal reflection.,9639ed5c27dfd5441bd88dd7b3c7026967e7369e44f4baf9d8749232cb400c04,,units/unit6/images_6_3/u6_3_from_ch_28_40_total_internal_reflection_pair_of_prisms_binoculars.png
PHYS-22EF86A9B1BE,images/unit6/PHYS-22EF86A9B1BE__u6_3_from_ch_28_41_diamond_internal_reflection_dispersion_red_violet.png,u6_3_from_ch_28_41_diamond_internal_reflection_dispersion_red_violet.png,6,6.3,28,41,model_or_diagram,model_or_diagram,light; reflection,"Figure 28.41: white light in a diamond is refracted, dispersed, and internally reflected",Figure 28.41 Paths of light in a diamond. Rays that strike the inner surface at angles larger than the critical angle are internally reflected and exit via refraction at the top surface.,"Figure 28.41: white light in a diamond is refracted, dispersed, and internally reflected.",22ef86a9b1bed5db37d0f1b3ca2c56140abd1719078662a0333a7a9603f21d85,,units/unit6/images_6_3/u6_3_from_ch_28_41_diamond_internal_reflection_dispersion_red_violet.png
PHYS-DDFEA8B67722,images/unit6/PHYS-DDFEA8B67722__u6_3_from_ch_28_42_optical_fibers_total_internal_reflection_light_pipes.png,u6_3_from_ch_28_42_optical_fibers_total_internal_reflection_light_pipes.png,6,6.3,28,42,conceptual_reference,conceptual_reference,light; reflection,Figure 28.42: optical fibers pipe light through total internal reflections,Figure 28.42 The light is “piped” from below by a succession of total internal reflections until it emerges at the top ends.,Figure 28.42: optical fibers pipe light through total internal reflections.,ddfea8b67722455788403bc5063e6bdc47ce20b5674f76734158a958d14333d6,,units/unit6/images_6_3/u6_3_from_ch_28_42_optical_fibers_total_internal_reflection_light_pipes.png
PHYS-2785C7E44FE3,images/unit6/PHYS-2785C7E44FE3__u6_3_from_ch_28_pp_pointing_arm_traces_cone_rainbow_checkpoint.png,u6_3_from_ch_28_pp_pointing_arm_traces_cone_rainbow_checkpoint.png,6,6.3,28,pp,model_or_diagram,model_or_diagram; phenomenon_or_example,,"Checkpoint diagram: a person rotates an extended arm at a fixed angle, tracing a cone and sweeping a circle.",Checkpoint diagram: an extended arm rotated at a constant angle traces a cone and sweeps a circle.,"Checkpoint diagram: a person rotates an extended arm at a fixed angle, tracing a cone and sweeping a circle.",2785c7e44fe3191bfe41d3bc1a565a5f98086c9af8764a3d4898855d76eec935,,units/unit6/images_6_3/u6_3_from_ch_28_pp_pointing_arm_traces_cone_rainbow_checkpoint.png
PHYS-C4772E3289B5,images/unit6/PHYS-C4772E3289B5__u6_3_from_ch_28_pp_seal_lifeguard_refraction_path_fast_in_water.png,u6_3_from_ch_28_pp_seal_lifeguard_refraction_path_fast_in_water.png,6,6.3,28,pp,model_or_diagram,model_or_diagram,refraction,Checkpoint diagram: seal path bending through sand and water,"Check Your Answer diagram: The seal can swim faster than it can run, and its path would bend as shown.",Checkpoint diagram: seal path bending through sand and water.,c4772e3289b50a2c0a98d79097169b8a851ab1e3464fd322fcf08e79d6054f85,,units/unit6/images_6_3/u6_3_from_ch_28_pp_seal_lifeguard_refraction_path_fast_in_water.png
PHYS-42F2A7C56C8D,images/unit6/PHYS-42F2A7C56C8D__u6_4_from_ch_28_43_lens_as_blocks_and_prisms_converging_diverging.png,u6_4_from_ch_28_43_lens_as_blocks_and_prisms_converging_diverging.png,6,6.4,28,43,conceptual_reference,conceptual_reference,lens,Figure 28.43: converging and diverging lenses shown as sets of blocks and prisms,Figure 28.43 A lens may be thought of as a set of blocks and prisms: (a) a converging lens and (b) a diverging lens.,Figure 28.43: converging and diverging lenses shown as sets of blocks and prisms.,42f2a7c56c8d64342ab6e3e4fabd910e52a948dc3693b030a2ce16e7b1d3327d,,units/unit6/images_6_4/u6_4_from_ch_28_43_lens_as_blocks_and_prisms_converging_diverging.png
PHYS-3A8DAE63FD12,images/unit6/PHYS-3A8DAE63FD12__u6_4_from_ch_28_44_wavefronts_through_converging_and_diverging_lenses.png,u6_4_from_ch_28_44_wavefronts_through_converging_and_diverging_lenses.png,6,6.4,28,44,model_or_diagram,model_or_diagram,wave; lens,Figure 28.44: wavefronts through converging and diverging lenses,"Figure 28.44 Wavefronts travel more slowly in glass than in air. (a) The waves are retarded more through the center of the lens, and convergence results. (b) The waves are retarded more at the edges, and divergence results.",Figure 28.44: wavefronts through converging and diverging lenses.,3a8dae63fd12aac3e2288ce71b05f1df3591cb04cd83d702e9585f84b366feb5,,units/unit6/images_6_4/u6_4_from_ch_28_44_wavefronts_through_converging_and_diverging_lenses.png
PHYS-D9341BD68D0C,images/unit6/PHYS-D9341BD68D0C__u6_4_from_ch_28_45_converging_lens_focal_points_focal_length_principal_axis.png,u6_4_from_ch_28_45_converging_lens_focal_points_focal_length_principal_axis.png,6,6.4,28,45,conceptual_reference,conceptual_reference,lens,"Figure 28.45: focal points, focal length, principal axis, and centers of curvature of a converging lens",Figure 28.45 Key features of a converging lens.,"Figure 28.45: focal points, focal length, principal axis, and centers of curvature of a converging lens.",d9341bd68d0ccabad05a09bf85081696377fa189871ff25a496cdb53025e8310,,units/unit6/images_6_4/u6_4_from_ch_28_45_converging_lens_focal_points_focal_length_principal_axis.png
PHYS-749A1DCD43AA,images/unit6/PHYS-749A1DCD43AA__u6_4_from_ch_28_46_water_surface_lenses_pool_bright_dark_caustics.png,u6_4_from_ch_28_46_water_surface_lenses_pool_bright_dark_caustics.png,6,6.4,28,46,phenomenon_or_example,phenomenon_or_example,lens,Figure 28.46: undulating water surface creates bright and dark patterns on a pool bottom,"Figure 28.46 The moving patterns of bright and dark areas at the bottom of the pool result from the uneven surface of the water, which behaves like a blanket of undulating lenses. Just as we see the pool bottom shimmering, a fish looking upward at the Sun would see it shimmering too. Because of similar irregularities in the atmosphere, we see the stars twinkle.",Figure 28.46: undulating water surface creates bright and dark patterns on a pool bottom.,749a1dcd43aae86f3a5c3aff292b2bce9610469ddb7e594b1bc143ccba1501a1,,units/unit6/images_6_4/u6_4_from_ch_28_46_water_surface_lenses_pool_bright_dark_caustics.png
PHYS-6E471D3FB19B,images/unit6/PHYS-6E471D3FB19B__u6_4_from_ch_28_47_image_formation_no_lens_pinhole_lens.png,u6_4_from_ch_28_47_image_formation_no_lens_pinhole_lens.png,6,6.4,28,47,model_or_diagram,model_or_diagram; comparison; phenomenon_or_example,lens,"Figure 28.47: no image, pinhole image, and lens-formed image compared with ray diagrams",Figure 28.47 Image formation. (a) No image appears on the wall because rays from all parts of the object overlap all parts of the wall. (b) A single small opening in a barrier prevents overlapping rays from reaching the wall; a dim upside-down image is formed. (c) A lens converges the rays upon the wall without overlapping; more light makes a brighter image.,"Figure 28.47: no image, pinhole image, and lens-formed image compared with ray diagrams.",6e471d3fb19bd969803d4ad4eeb6503518985dcee92374d45b4017e2d79722b7,,units/unit6/images_6_4/u6_4_from_ch_28_47_image_formation_no_lens_pinhole_lens.png
PHYS-C37B4A019E16,images/unit6/PHYS-C37B4A019E16__u6_4_from_ch_28_48_viewing_narrow_and_wide_angle.png,u6_4_from_ch_28_48_viewing_narrow_and_wide_angle.png,6,6.4,28,48,model_or_diagram,model_or_diagram; phenomenon_or_example,,Figure 28.48: object viewed through a narrow angle when far away and a wide angle when nearby,Figure 28.48 Viewing.,Figure 28.48: object viewed through a narrow angle when far away and a wide angle when nearby.,c37b4a019e16961cefc0aa40eff1d6b4d41934ee59bb34a32cae5876273b976e,,units/unit6/images_6_4/u6_4_from_ch_28_48_viewing_narrow_and_wide_angle.png
PHYS-BF609D2A3F17,images/unit6/PHYS-BF609D2A3F17__u6_4_from_ch_28_49_magnifying_glass_virtual_image_inside_focal_point.png,u6_4_from_ch_28_49_magnifying_glass_virtual_image_inside_focal_point.png,6,6.4,28,49,phenomenon_or_example,phenomenon_or_example,lens,Figure 28.49: converging lens used as a magnifying glass for an object inside the focal point,"Figure 28.49 When an object is near a converging lens (inside its focal point f ), the lens acts as a magnifying glass to produce a virtual image. The image appears larger and farther from the lens than the object.",Figure 28.49: converging lens used as a magnifying glass for an object inside the focal point.,bf609d2a3f17302414458a021f38a3ce4ab7bdc4cff52a7918cfe1fba0fafe91,,units/unit6/images_6_4/u6_4_from_ch_28_49_magnifying_glass_virtual_image_inside_focal_point.png
PHYS-1CAFD044E6C2,images/unit6/PHYS-1CAFD044E6C2__u6_4_from_ch_28_50_converging_lens_real_image_on_wall.png,u6_4_from_ch_28_50_converging_lens_real_image_on_wall.png,6,6.4,28,50,phenomenon_or_example,phenomenon_or_example,lens,Figure 28.50: converging lens forms a real upside-down image on a wall,"Figure 28.50 When an object is far from a converging lens (beyond its focal point), a real upside-down image is formed.",Figure 28.50: converging lens forms a real upside-down image on a wall.,1cafd044e6c21aaf7b50df99b799ac987b5654abad7a3f9ce818e2e98eb16c92,,units/unit6/images_6_4/u6_4_from_ch_28_50_converging_lens_real_image_on_wall.png
PHYS-4AA08492540B,images/unit6/PHYS-4AA08492540B__u6_4_from_ch_28_51_diverging_lens_virtual_right_side_up_image.png,u6_4_from_ch_28_51_diverging_lens_virtual_right_side_up_image.png,6,6.4,28,51,conceptual_reference,conceptual_reference,lens,Figure 28.51: diverging lens forms a virtual right-side-up image,"Figure 28.51 A diverging lens forms a virtual, right-side-up image of Jamie and his cat.",Figure 28.51: diverging lens forms a virtual right-side-up image.,4aa08492540b2842958782132a68a04b6dd21aebce73b6a92784aa7a608b6026,,units/unit6/images_6_4/u6_4_from_ch_28_51_diverging_lens_virtual_right_side_up_image.png
PHYS-80114DE8EEA7,images/unit6/PHYS-80114DE8EEA7__u6_4_from_ch_28_pp_pinhole_camera_candle_real_image.png,u6_4_from_ch_28_pp_pinhole_camera_candle_real_image.png,6,6.4,28,pp,phenomenon_or_example,phenomenon_or_example,,Pinhole camera sketch showing a candle forming an upside-down image inside a box,Pinhole camera sketch for the Practicing Physics activity.,Pinhole camera sketch showing a candle forming an upside-down image inside a box.,80114de8eea7906c0f63ddf78ae9011fa3c948fb2902fd726ab8b253f96a994f,,units/unit6/images_6_4/u6_4_from_ch_28_pp_pinhole_camera_candle_real_image.png
PHYS-CB2735232C84,images/unit6/PHYS-CB2735232C84__u6_4_from_ch_28_pp_thin_lens_equation_object_image_distances.png,u6_4_from_ch_28_pp_thin_lens_equation_object_image_distances.png,6,6.4,28,pp,model_or_diagram,model_or_diagram; phenomenon_or_example,lens,"Thin-lens equation diagram with object distance, image distance, focal length, and real image","Thin-lens equation diagram showing object distance, image distance, focal length, and real image.","Thin-lens equation diagram with object distance, image distance, focal length, and real image.",cb2735232c8496e237b074081898c97884494ec71c821d030944c9688fba64bf,,units/unit6/images_6_4/u6_4_from_ch_28_pp_thin_lens_equation_object_image_distances.png
PHYS-9732F86883F3,images/unit6/PHYS-9732F86883F3__u6_1_from_ch_26_pp_crossed_fingers_touch_illusion.png,u6_1_from_ch_26_pp_crossed_fingers_touch_illusion.png,6,,26,pp,phenomenon_or_example,phenomenon_or_example,,Think and Do 32: person holding up a finger for the dominant-eye test,Think and Do 32: Dominant-eye test illustration.,Think and Do 32: person holding up a finger for the dominant-eye test.,9732f86883f38b0a31ecb35151ac7567a00ac0e6f8f86c823b60f460be2ce231,,units/unit6/images_review/u6_1_from_ch_26_pp_crossed_fingers_touch_illusion.png
PHYS-1A52F10281FE,images/unit6/PHYS-1A52F10281FE__u6_1_from_ch_26_pp_lamp_ball_wall_shadow_model.png,u6_1_from_ch_26_pp_lamp_ball_wall_shadow_model.png,6,,26,pp,phenomenon_or_example,phenomenon_or_example,,"Think and Solve 38: lamp, ball, and wall shadow model","Think and Solve 38: Lamp, ball, and wall shadow model.","Think and Solve 38: lamp, ball, and wall shadow model.",1a52f10281fe2807bd80a328b6da25c3d9daffc27f4e45d336785e940c937a6e,,units/unit6/images_review/u6_1_from_ch_26_pp_lamp_ball_wall_shadow_model.png
PHYS-1C9108D47467,images/unit7/PHYS-1C9108D47467__unit7-charge-interactions.png,unit7-charge-interactions.png,7,,,,conceptual_reference,conceptual_reference,charge,Charge interaction snapshots,,Charge interaction snapshots.,1c9108d474670cd57fe0172036121600c860ca9c3bed8371702c0efe10a2522f,,units/unit7/figures/unit7-charge-interactions.png
PHYS-19159CBA85E8,images/unit7/PHYS-19159CBA85E8__unit7-complete-circuit.png,unit7-complete-circuit.png,7,,,,model_or_diagram,model_or_diagram,circuit,Simple complete circuit,,Simple complete circuit.,19159cba85e8c3a9e51aa6a07219c81bbf6890d2d11c38c356ef8cce20ed2976,,units/unit7/figures/unit7-complete-circuit.png
PHYS-1C7CD61198D9,images/unit7/PHYS-1C7CD61198D9__unit7-energy-audit.png,unit7-energy-audit.png,7,,,,table_or_data,table_or_data,energy; electric,Electrical energy audit table,,Electrical energy audit table.,1c7cd61198d91e0e945a94f4b9bd059ca7806b2714291b52476f399f84fb4fd1,,units/unit7/figures/unit7-energy-audit.png
PHYS-9307F551A4F2,images/unit7/PHYS-9307F551A4F2__unit7-induction-polarization.png,unit7-induction-polarization.png,7,,,,conceptual_reference,conceptual_reference,,Induction and polarization model,,Induction and polarization model.,9307f551a4f23c9c00e4a51913d50da8ccdaa5dd5169bb0d4c67ca5d633fcc33,,units/unit7/figures/unit7-induction-polarization.png
PHYS-44FC8AF62649,images/unit7/PHYS-44FC8AF62649__unit7-ohms-law-graph.png,unit7-ohms-law-graph.png,7,,,,graph_or_data,graph_or_data,voltage; current,Voltage-current graph for an ohmic device,,Voltage-current graph for an ohmic device.,44fc8af62649ffab16b02cb01ada2989ca6bcddfea085c514e9d61333096ce8d,,units/unit7/figures/unit7-ohms-law-graph.png
PHYS-A36EC792B45B,images/unit7/PHYS-A36EC792B45B__unit7-open-circuit.png,unit7-open-circuit.png,7,,,,model_or_diagram,model_or_diagram,circuit,Open circuit with switch gap,,Open circuit with switch gap.,a36ec792b45bf4b87743c26af70597d92624dada12ec98fb2c8f988994398fa0,,units/unit7/figures/unit7-open-circuit.png
PHYS-A25AFC78C1F2,images/unit7/PHYS-A25AFC78C1F2__unit7-parallel-circuit.png,unit7-parallel-circuit.png,7,,,,model_or_diagram,model_or_diagram,circuit,Parallel circuit diagram,,Parallel circuit diagram.,a25afc78c1f291346f7550a0a8c8858f61f438666aa4a09b965c69040de0cbe1,,units/unit7/figures/unit7-parallel-circuit.png
PHYS-B6C2D543EB92,images/unit7/PHYS-B6C2D543EB92__unit7-power-ratings.png,unit7-power-ratings.png,7,,,,conceptual_reference,conceptual_reference,power,Power ratings for household devices,,Power ratings for household devices.,b6c2d543eb923fdd08068fd8f3d2d89a7f17ac4ba163cff1ba94102a827cf102,,units/unit7/figures/unit7-power-ratings.png
PHYS-6945611E5817,images/unit7/PHYS-6945611E5817__unit7-series-circuit.png,unit7-series-circuit.png,7,,,,model_or_diagram,model_or_diagram; process_or_sequence,circuit,Series circuit diagram,,Series circuit diagram.,6945611e5817662a060615692f57580c854f8a14acdadd305469e20cd86b2dd6,,units/unit7/figures/unit7-series-circuit.png
PHYS-39B840F33F64,images/unit7/PHYS-39B840F33F64__unit7-series-parallel-compare.png,unit7-series-parallel-compare.png,7,,,,model_or_diagram,model_or_diagram; comparison; process_or_sequence,circuit,Series and parallel circuit comparison,,Series and parallel circuit comparison.,39b840f33f642d3f96d89fa214a52535e0bd165904d7d8363d8eece21971d044,,units/unit7/figures/unit7-series-parallel-compare.png
PHYS-6F731E1E5ED3,images/unit7/PHYS-6F731E1E5ED3__unit7-short-circuit.png,unit7-short-circuit.png,7,,,,model_or_diagram,model_or_diagram,circuit,Short circuit model,,Short circuit model.,6f731e1e5ed3c02c67a5ab6ddc1eb8a0c6d9ed2a0d0197d1be2ac17214e604a9,,units/unit7/figures/unit7-short-circuit.png
PHYS-207D034F95E9,images/unit7/PHYS-207D034F95E9__unit7-troubleshooting-circuit.png,unit7-troubleshooting-circuit.png,7,,,,model_or_diagram,model_or_diagram,circuit,Circuit troubleshooting diagram,,Circuit troubleshooting diagram.,207d034f95e9e70d2b7d2e16f3b8cf109e28572148d2479c989fb451511bcd35,,units/unit7/figures/unit7-troubleshooting-circuit.png
PHYS-D77A3CC113A9,images/unit7/PHYS-D77A3CC113A9__u7_1_from_ch_22_1_like_charges_repel_unlike_charges_attract.png,u7_1_from_ch_22_1_like_charges_repel_unlike_charges_attract.png,7,7.1,22,1,phenomenon_or_example,phenomenon_or_example,charge,Figure 22.1: suspended charged balls showing like charges repelling and unlike charges attracting,Figure 22.1 Like charges repel. Unlike charges attract.,Figure 22.1: suspended charged balls showing like charges repelling and unlike charges attracting.,d77a3cc113a9db6b2b76272f58dbbc23a08478bfdf94e0af710af1ddfdac21cd,,units/unit7/images_7_1/u7_1_from_ch_22_1_like_charges_repel_unlike_charges_attract.png
PHYS-E0F2FD316754,images/unit7/PHYS-E0F2FD316754__u7_1_from_ch_22_2_helium_atom_protons_neutrons_electrons.png,u7_1_from_ch_22_2_helium_atom_protons_neutrons_electrons.png,7,7.1,22,2,comparison,comparison,,"Figure 22.2: model of a helium atom showing two protons, two neutrons, and two electrons",Figure 22.2 Model of a helium atom. The atomic nucleus is composed of two protons and two neutrons. The positively charged protons attract two negative electrons.,"Figure 22.2: model of a helium atom showing two protons, two neutrons, and two electrons.",e0f2fd316754f84c8cf5d7ada42310f82dc0fc02a9e5db3bc32f4479b7493eba,,units/unit7/images_7_1/u7_1_from_ch_22_2_helium_atom_protons_neutrons_electrons.png
PHYS-20E63C8499D7,images/unit7/PHYS-20E63C8499D7__u7_1_from_ch_22_3_electrons_transfer_from_fur_to_rod.png,u7_1_from_ch_22_3_electrons_transfer_from_fur_to_rod.png,7,7.1,22,3,comparison,comparison,charge,"Figure 22.3: electrons transferred from fur to a rod, leaving the rod negatively charged",Figure 22.3 Electrons are transferred from the fur to the rod. The rod is then negatively charged. Is the fur charged? How much compared to the rod? Positively or negatively?,"Figure 22.3: electrons transferred from fur to a rod, leaving the rod negatively charged.",20e63c8499d784ac11734830fa20d7b2e6980248210a9d99eba940b57f48b6f7,,units/unit7/images_7_1/u7_1_from_ch_22_3_electrons_transfer_from_fur_to_rod.png
PHYS-CD6FD30872FD,images/unit7/PHYS-CD6FD30872FD__u7_1_from_ch_22_7_charging_by_induction_two_spheres_a_b.png,u7_1_from_ch_22_7_charging_by_induction_two_spheres_a_b.png,7,7.1,22,7,comparison,comparison,charge,Figure 22.7: two touching metal spheres are charged by induction with a nearby negatively charged rod,Figure 22.7 Charging by induction.,Figure 22.7: two touching metal spheres are charged by induction with a nearby negatively charged rod.,cd6fd30872fd06ea4ae31677434a19f2d7908454361d82959aa8466692954004,,units/unit7/images_7_1/u7_1_from_ch_22_7_charging_by_induction_two_spheres_a_b.png
PHYS-BCA13E070434,images/unit7/PHYS-BCA13E070434__u7_1_from_ch_22_8_charging_by_induction_grounding_metal_sphere.png,u7_1_from_ch_22_8_charging_by_induction_grounding_metal_sphere.png,7,7.1,22,8,process_or_sequence,process_or_sequence,,Figure 22.8: six stages of charging a hanging metal sphere by induction and grounding,"Figure 22.8 Stages of charge induction by grounding. (a) The net charge on the metal sphere is zero. (b) Charge redistribution is induced on the sphere by the presence of the charged rod. The net charge on the sphere is still zero. (c) Touching the negative side of the sphere removes electrons by contact. (d) This leaves the sphere positively charged. (e) The sphere is more strongly attracted to the negative rod, and, when it touches, charging by contact occurs. (f) The negative sphere is repelled by the still somewhat negatively charged rod.",Figure 22.8: six stages of charging a hanging metal sphere by induction and grounding.,bca13e0704343392684d99626a811fa63b81754d7750610d5983c84aa34c33ab,,units/unit7/images_7_1/u7_1_from_ch_22_8_charging_by_induction_grounding_metal_sphere.png
PHYS-A272E2472D90,images/unit7/PHYS-A272E2472D90__u7_1_from_ch_22_9_cloud_ground_induced_charges_lightning.png,u7_1_from_ch_22_9_cloud_ground_induced_charges_lightning.png,7,7.1,22,9,conceptual_reference,conceptual_reference,light; charge,Figure 22.9: a negatively charged cloud induces positive charge on the ground below,Figure 22.9 The negative charge at the bottom of the cloud induces a positive charge at the surface of the ground below.,Figure 22.9: a negatively charged cloud induces positive charge on the ground below.,a272e2472d905f36764eb0854907d5a03c286369c5129613003861f518659549,,units/unit7/images_7_1/u7_1_from_ch_22_9_cloud_ground_induced_charges_lightning.png
PHYS-EA800C914A00,images/unit7/PHYS-EA800C914A00__u7_2_from_ch_22_22_spring_and_charged_particle_potential_energy_work_input.png,u7_2_from_ch_22_22_spring_and_charged_particle_potential_energy_work_input.png,7,7.2,22,22,conceptual_reference,conceptual_reference,energy; work; charge,Figure 22.22: spring compression and a charged particle pushed closer to a charged sphere both gain potential energy,"Figure 22.22 (a) The spring has more mechanical PE when compressed. (b) The charged particle similarly has more electric PE when pushed closer to the charged sphere. In both cases, the increased PE is the result of work input.",Figure 22.22: spring compression and a charged particle pushed closer to a charged sphere both gain potential energy.,ea800c914a004acc7cc3b977cbfca74efcd6d0b19abde8672b2b2906e2402fe8,,units/unit7/images_7_2/u7_2_from_ch_22_22_spring_and_charged_particle_potential_energy_work_input.png
PHYS-A2723C85C813,images/unit7/PHYS-A2723C85C813__u7_2_from_ch_22_23_potential_energy_to_kinetic_energy_mass_and_charge.png,u7_2_from_ch_22_23_potential_energy_to_kinetic_energy_mass_and_charge.png,7,7.2,22,23,model_or_diagram,model_or_diagram,energy; electric; charge,Figure 22.23: gravitational and electric potential energy transform into kinetic energy,"Figure 22.23 (a) The PE (gravitational potential energy) of a mass held in a gravitational field, when released, transforms into KE (kinetic energy). (b) The PE of a charged particle held in an electric field, when released, becomes KE. Can you see that the KE acquired by each equals the decrease in PE?",Figure 22.23: gravitational and electric potential energy transform into kinetic energy.,a2723c85c81329acb0513bee9f083bf8caad0a5c154affa164b299ddd4439763,,units/unit7/images_7_2/u7_2_from_ch_22_23_potential_energy_to_kinetic_energy_mass_and_charge.png
PHYS-F39A3EE4778E,images/unit7/PHYS-F39A3EE4778E__u7_2_from_ch_22_24_same_electric_potential_different_charges.png,u7_2_from_ch_22_24_same_electric_potential_different_charges.png,7,7.2,22,24,model_or_diagram,model_or_diagram; comparison,energy; electric; charge,Figure 22.24: two charged bodies near a dome have different electric potential energy but the same electric potential,"Figure 22.24 Of the two charged bodies near the charged dome, the one with the greater charge has the higher electric PE in the field of the dome. But the electric potential of each is the same—likewise for any amount of charge in the same location. Can you see why?",Figure 22.24: two charged bodies near a dome have different electric potential energy but the same electric potential.,f39a3ee4778e804b102138d71671f35936b811d8dcefb438c1cfac89114ae9bd,,units/unit7/images_7_2/u7_2_from_ch_22_24_same_electric_potential_different_charges.png
PHYS-903A7FA97935,images/unit7/PHYS-903A7FA97935__u7_2_from_ch_22_25_charged_balloon_high_voltage_low_energy.png,u7_2_from_ch_22_25_charged_balloon_high_voltage_low_energy.png,7,7.2,22,25,phenomenon_or_example,phenomenon_or_example,energy; charge; voltage,Figure 22.25: charged balloon at high voltage but low total energy,"Figure 22.25 Although the electric potential (voltage) of the charged balloon is high, the electric potential energy is low because of the small amount of charge. Therefore, very little energy transfers when the balloon is discharged.",Figure 22.25: charged balloon at high voltage but low total energy.,903a7fa97935216809219a34b038853bdc04852e9811fafcdb4f03004bd771f2,,units/unit7/images_7_2/u7_2_from_ch_22_25_charged_balloon_high_voltage_low_energy.png
PHYS-D8AFAC47BA65,images/unit7/PHYS-D8AFAC47BA65__u7_2_from_ch_22_26_capacitor_parallel_plates_battery_charge_storage.png,u7_2_from_ch_22_26_capacitor_parallel_plates_battery_charge_storage.png,7,7.2,22,26,comparison,comparison,charge,Figure 22.26: parallel plate capacitor connected to a battery,"Figure 22.26 A capacitor consisting of two closely spaced, parallel metal plates. When connected to a battery, the plates acquire equal and opposite charges. The voltage between the plates then matches the electric potential difference between the battery terminals.",Figure 22.26: parallel plate capacitor connected to a battery.,d8afac47ba65e7ecf183e5b29dee59e943df683a631b2ae4dea8d301712524f0,,units/unit7/images_7_2/u7_2_from_ch_22_26_capacitor_parallel_plates_battery_charge_storage.png
PHYS-436B18A72CA4,images/unit7/PHYS-436B18A72CA4__u7_2_from_ch_22_30_van_de_graaff_generator_belt_sphere_charge.png,u7_2_from_ch_22_30_van_de_graaff_generator_belt_sphere_charge.png,7,7.2,22,30,conceptual_reference,conceptual_reference,charge,"Figure 22.30: simple model of a Van de Graaff generator with belt, rollers, metal points, and sphere",Figure 22.30 A simple model of a Van de Graaff generator.,"Figure 22.30: simple model of a Van de Graaff generator with belt, rollers, metal points, and sphere.",436b18a72ca446bc7966c0db6c70158c7ed3480f4510ca6dd9830375e21b4dcb,,units/unit7/images_7_2/u7_2_from_ch_22_30_van_de_graaff_generator_belt_sphere_charge.png
PHYS-21F04099799E,images/unit7/PHYS-21F04099799E__u7_2_from_ch_23_1_pressure_difference_pump_voltage_analogy.png,u7_2_from_ch_23_1_pressure_difference_pump_voltage_analogy.png,7,7.2,23,1,conceptual_reference,conceptual_reference,voltage; pressure,"Figure 23.1: water flows from a higher-pressure reservoir to lower pressure, and a pump maintains continuous flow",Figure 23.1 (a) Water flows from the reservoir of higher pressure to the reservoir of lower pressure. The flow ceases when the difference in pressure ceases. (b) Water continues to flow because a difference in pressure is maintained by the pump.,"Figure 23.1: water flows from a higher-pressure reservoir to lower pressure, and a pump maintains continuous flow.",21f04099799e03327c348160b013e003b1247602235ba57af2cd1511ba03befb,,units/unit7/images_7_2/u7_2_from_ch_23_1_pressure_difference_pump_voltage_analogy.png
PHYS-539B52290A9C,images/unit7/PHYS-539B52290A9C__u7_2_from_ch_23_2_flashlight_cell_circuit_voltage_source.png,u7_2_from_ch_23_2_flashlight_cell_circuit_voltage_source.png,7,7.2,23,2,model_or_diagram,model_or_diagram,light; circuit; voltage,Figure 23.2: a 1.5-volt flashlight cell connected in a circuit with a small glowing bulb,Figure 23.2 Each coulomb of charge made to flow in a circuit that connects the ends of this 1.5-V flashlight cell is energized with 1.5 J.,Figure 23.2: a 1.5-volt flashlight cell connected in a circuit with a small glowing bulb.,539b52290a9c3a908c9e8ec07adeb3a8e26ecd3719a4e427518ce3df275ee230,,units/unit7/images_7_2/u7_2_from_ch_23_2_flashlight_cell_circuit_voltage_source.png
PHYS-3B8DB6D4E907,images/unit7/PHYS-3B8DB6D4E907__u7_2_from_ch_23_3_electric_eel_voltage_head_to_tail.png,u7_2_from_ch_23_3_electric_eel_voltage_head_to_tail.png,7,7.2,23,3,conceptual_reference,conceptual_reference,electric; voltage,"Figure 23.3: electric eel, an unusual biological source of voltage",Figure 23.3 An unusual source of voltage. The electric potential between the head and tail of the electric eel ( Electrophorus electricus ) can be up to 600 V.,"Figure 23.3: electric eel, an unusual biological source of voltage.",3b8db6d4e9075c71f50fa38ddddc0dba2aa2568748a2c15e5f780255a360a643,,units/unit7/images_7_2/u7_2_from_ch_23_3_electric_eel_voltage_head_to_tail.png
PHYS-1D8856775B00,images/unit7/PHYS-1D8856775B00__u7_3_from_ch_23_4_hydraulic_and_electric_resistance_circuit_analogy.png,u7_3_from_ch_23_4_hydraulic_and_electric_resistance_circuit_analogy.png,7,7.3,23,4,model_or_diagram,model_or_diagram,electric; circuit; resistance,Figure 23.4: hydraulic and electric circuits showing resistance to flow,"Figure 23.4 (a) In a hydraulic circuit, a narrow pipe (green) offers resistance to water flow. (b) In an electric circuit, a lamp or other device (shown by the zigzag symbol for resistance) offers resistance to electron flow.",Figure 23.4: hydraulic and electric circuits showing resistance to flow.,1d8856775b007f5398e9188fa32efcc8761cecd7fb27327868baf4fc698c09db,,units/unit7/images_7_3/u7_3_from_ch_23_4_hydraulic_and_electric_resistance_circuit_analogy.png
PHYS-574AB9909A44,images/unit7/PHYS-574AB9909A44__u7_3_from_ch_23_5_thick_hose_greater_current_same_pressure.png,u7_3_from_ch_23_5_thick_hose_greater_current_same_pressure.png,7,7.3,23,5,comparison,comparison,current; resistance; pressure,Figure 23.5: firefighter using a thick hose to show lower resistance and greater flow,Figure 23.5 More water flows through a thick hose than through a thin hose connected to a city's water system (same water pressure). Likewise for electric current in thick and thin wires connected across the same potential difference.,Figure 23.5: firefighter using a thick hose to show lower resistance and greater flow.,574ab9909a4459206d99fe2f44bcbc6a65b5241e88889e2a950ac77f9dfabbe6,,units/unit7/images_7_3/u7_3_from_ch_23_5_thick_hose_greater_current_same_pressure.png
PHYS-C8986C54FC2C,images/unit7/PHYS-C8986C54FC2C__u7_3_from_ch_23_7_bird_on_one_high_voltage_wire_no_shock.png,u7_3_from_ch_23_7_bird_on_one_high_voltage_wire_no_shock.png,7,7.3,23,7,conceptual_reference,conceptual_reference,voltage,Figure 23.7: bird standing on one high-voltage wire without shock,"Figure 23.7 The bird can stand harmlessly on one wire of high potential, but it had better not reach over and grab a neighboring wire!",Figure 23.7: bird standing on one high-voltage wire without shock.,c8986c54fc2c619713e78998f8ab2fd3b0d703098c629d197049b087fa5d64f9,,units/unit7/images_7_3/u7_3_from_ch_23_7_bird_on_one_high_voltage_wire_no_shock.png
PHYS-9EF7BCA4DFA8,images/unit7/PHYS-9EF7BCA4DFA8__u7_3_from_ch_23_8_three_prong_plug_grounding_prevents_shock.png,u7_3_from_ch_23_8_three_prong_plug_grounding_prevents_shock.png,7,7.3,23,8,phenomenon_or_example,phenomenon_or_example,,Figure 23.8: three-prong plug with round grounding prong,"Figure 23.8 The round prong connects the body of the appliance directly to ground (Earth). Any charge that builds up on an appliance is therefore conducted to the ground, thereby preventing accidental shock.",Figure 23.8: three-prong plug with round grounding prong.,9ef7bca4dfa80c30f17d41ff061aa21ebcddb4ce514974ec8003a54a29fe81b9,,units/unit7/images_7_3/u7_3_from_ch_23_8_three_prong_plug_grounding_prevents_shock.png
PHYS-856FD38BF2B9,images/unit7/PHYS-856FD38BF2B9__u7_4_from_ch_16_24_solar_constant_energy_per_square_meter.png,u7_4_from_ch_16_24_solar_constant_energy_per_square_meter.png,7,7.4,16,24,model_or_diagram,model_or_diagram; phenomenon_or_example,energy,Figure 16.24: Solar constant energy per square meter perpendicular to the Sun's rays.,"Figure 16.24 Over each square meter of area perpendicular to the Sun’s rays at the top of the atmosphere, the Sun pours 1400 J of radiant energy each second. Hence the solar constant is 1.4 kJ/s/m 2 , or 1.4 kW/m 2 .",Figure 16.24: Solar constant energy per square meter perpendicular to the Sun's rays.,856fd38bf2b9d4571adaea128f4fdc1c50705b0dc9153c46d42e8fef9db4b3c1,,units/unit7/images_7_4/u7_4_from_ch_16_24_solar_constant_energy_per_square_meter.png
PHYS-CB80A36950D6,images/unit7/PHYS-CB80A36950D6__u7_4_from_ch_16_25_solar_water_heaters_greenhouse_effect_roof.png,u7_4_from_ch_16_25_solar_water_heaters_greenhouse_effect_roof.png,7,7.4,16,25,conceptual_reference,conceptual_reference,heat,Figure 16.25: Solar water heaters on a roof.,"Figure 16.25 High-tech solar water heaters are covered with glass to provide a greenhouse effect, which further heats the water.",Figure 16.25: Solar water heaters on a roof.,cb80a36950d62ba5825cfec4a5454c28bd021d54178a09ae6f092f58cf52c409,,units/unit7/images_7_4/u7_4_from_ch_16_25_solar_water_heaters_greenhouse_effect_roof.png
PHYS-0147988DBB7B,images/unit7/PHYS-0147988DBB7B__u7_4_from_ch_16_pp_earth_sun_angle_energy_per_area_regions_a_b.png,u7_4_from_ch_16_pp_earth_sun_angle_energy_per_area_regions_a_b.png,7,7.4,16,pp,model_or_diagram,model_or_diagram; phenomenon_or_example,energy; light,Practicing Physics sketch: Earth with parallel rays of light and equal-area regions A and B.,Practicing Physics Earth-Sun-angle sketch with parallel rays of light and equal-area regions A and B.,Practicing Physics sketch: Earth with parallel rays of light and equal-area regions A and B.,0147988dbb7b2dca679ceb4ab94f5478c8b1d1bc97f6daf099002edf0f0c04b9,,units/unit7/images_7_4/u7_4_from_ch_16_pp_earth_sun_angle_energy_per_area_regions_a_b.png
PHYS-2AA94189EB60,images/unit7/PHYS-2AA94189EB60__u7_4_from_ch_16_pp_flashlight_angle_spreads_solar_energy.png,u7_4_from_ch_16_pp_flashlight_angle_spreads_solar_energy.png,7,7.4,16,pp,conceptual_reference,conceptual_reference,energy; light,Practicing Physics sketch: a flashlight beam spread over perpendicular and tilted surfaces.,"Practicing Physics flashlight-angle sketch: perpendicular light is concentrated, while tilted light is spread out over a larger area.",Practicing Physics sketch: a flashlight beam spread over perpendicular and tilted surfaces.,2aa94189eb605da7c797a00e266b851399b0bc14d5338ce3148d0e41e9cb647d,,units/unit7/images_7_4/u7_4_from_ch_16_pp_flashlight_angle_spreads_solar_energy.png
PHYS-538F4474EC4D,images/unit7/PHYS-538F4474EC4D__u7_4_from_ch_23_11_ac_to_pulsating_dc_smoothing_with_capacitor.png,u7_4_from_ch_23_11_ac_to_pulsating_dc_smoothing_with_capacitor.png,7,7.4,23,11,conceptual_reference,conceptual_reference,,"Figure 23.11: ac input to diode, pulsating dc output, and smoothing with a capacitor","Figure 23.11 (a) When input to a diode is ac, (b) output is pulsating dc. (c) Slow charging and discharging of a capacitor provide continuous and smoother current. (d) In practice, a pair of diodes is used, so there are no gaps in the current output. The pair of diodes reverses the polarity of alternate half-cycles instead of eliminating them.","Figure 23.11: ac input to diode, pulsating dc output, and smoothing with a capacitor.",538f4474ec4d08f93008e58245a46a1ceed82c9eca9167ba8fed2e637e2ab3ba,,units/unit7/images_7_4/u7_4_from_ch_23_11_ac_to_pulsating_dc_smoothing_with_capacitor.png
PHYS-7E88D6D197E9,images/unit7/PHYS-7E88D6D197E9__u7_4_from_ch_23_12_water_reservoir_capacitor_smooths_pulses.png,u7_4_from_ch_23_12_water_reservoir_capacitor_smooths_pulses.png,7,7.4,23,12,conceptual_reference,conceptual_reference,,Figure 23.12: water reservoir smoothing pulsed water input into steady output,"Figure 23.12 Water input to the reservoir may be in repeated spurts or pulses, but the output is a fairly smooth stream. Likewise with a capacitor.",Figure 23.12: water reservoir smoothing pulsed water input into steady output.,7e88d6d197e97555b7d24d9e4e1d99d08c0348e396b0bbf6e040e4079f1f6f71,,units/unit7/images_7_4/u7_4_from_ch_23_12_water_reservoir_capacitor_smooths_pulses.png
PHYS-D8E2BEA519D5,images/unit7/PHYS-D8E2BEA519D5__u7_4_from_ch_23_13_battery_electric_field_lines_open_and_closed_circuit.png,u7_4_from_ch_23_13_battery_electric_field_lines_open_and_closed_circuit.png,7,7.4,23,13,model_or_diagram,model_or_diagram; comparison,electric; circuit; field,Figure 23.13: electric field lines around a battery and a conducting wire,"Figure 23.13 (a) Electric field lines run through space from the positive to the negative terminal of a battery. (b) When a thick metal wire connects the two terminals, an electric field runs through the wire, driving a current, while an electric field is also generated in the space around the wire by charge that accumulates on the wire’s surface. (You won’t be shocked if you touch this connecting wire, but you might be burned because the wire would likely be very hot!)",Figure 23.13: electric field lines around a battery and a conducting wire.,d8e2bea519d57734b109641c2c46bb4db1754b8e2a914b296eac10f5bc19497b,,units/unit7/images_7_4/u7_4_from_ch_23_13_battery_electric_field_lines_open_and_closed_circuit.png
PHYS-63B48915A01B,images/unit7/PHYS-63B48915A01B__u7_4_from_ch_23_14_electron_random_path_and_slow_drift_velocity.png,u7_4_from_ch_23_14_electron_random_path_and_slow_drift_velocity.png,7,7.4,23,14,model_or_diagram,model_or_diagram,velocity,Figure 23.14: electron random path and slow drift velocity in an atomic lattice,Figure 23.14 The solid lines suggest the random path of an electron jostling about in an atomic lattice at an average speed of about 1/200 the speed of light. The dashed lines suggest an exaggerated and idealized view of how this path is altered when an electric field is applied. The electron drifts toward the right with a drift velocity that is very slow.,Figure 23.14: electron random path and slow drift velocity in an atomic lattice.,63b48915a01b402499470863207650aa7fb511edff658c6e968df91420ff79e8,,units/unit7/images_7_4/u7_4_from_ch_23_14_electron_random_path_and_slow_drift_velocity.png
PHYS-0F0E4D65705D,images/unit7/PHYS-0F0E4D65705D__u7_4_from_ch_23_9_dc_and_ac_current_time_graphs.png,u7_4_from_ch_23_9_dc_and_ac_current_time_graphs.png,7,7.4,23,9,graph_or_data,graph_or_data,current,Figure 23.9: time graphs of direct current and alternating current,Figure 23.9 Time graphs of dc and ac.,Figure 23.9: time graphs of direct current and alternating current.,0f0e4d65705d45d3f4909357f1917c66ffe0ebe4891eb7b952e4e761d0ab6770,,units/unit7/images_7_4/u7_4_from_ch_23_9_dc_and_ac_current_time_graphs.png
PHYS-0472668E91B6,images/unit7/PHYS-0472668E91B6__u7_5_from_ch_23_17_series_circuit_three_lamps_single_path.png,u7_5_from_ch_23_17_series_circuit_three_lamps_single_path.png,7,7.5,23,17,model_or_diagram,model_or_diagram; process_or_sequence,circuit,Figure 23.17: a three-lamp series circuit connected to a 6-V battery and switch,Figure 23.17 A simple series circuit. The 6-V battery provides 2 V across each lamp.,Figure 23.17: a three-lamp series circuit connected to a 6-V battery and switch.,0472668e91b614dd4a5a1738b0cd3aa93b04e01216924bbc3abb90ad159569dc,,units/unit7/images_7_5/u7_5_from_ch_23_17_series_circuit_three_lamps_single_path.png
PHYS-FEE7D51F776D,images/unit7/PHYS-FEE7D51F776D__u7_5_from_ch_23_18_parallel_circuit_three_lamps_multiple_paths.png,u7_5_from_ch_23_18_parallel_circuit_three_lamps_multiple_paths.png,7,7.5,23,18,model_or_diagram,model_or_diagram,circuit,Figure 23.18: a three-lamp parallel circuit with branches connected to a 6-V battery,Figure 23.18 A simple parallel circuit. A 6-V battery provides 6 V across each lamp.,Figure 23.18: a three-lamp parallel circuit with branches connected to a 6-V battery.,fee7d51f776deea2955f0010fee373965f850d64f9e783765b85fd09ea6d7848,,units/unit7/images_7_5/u7_5_from_ch_23_18_parallel_circuit_three_lamps_multiple_paths.png
PHYS-67A90D3A801B,images/unit7/PHYS-67A90D3A801B__u7_5_from_ch_23_19_household_parallel_circuit_overload_current_sum.png,u7_5_from_ch_23_19_household_parallel_circuit_overload_current_sum.png,7,7.5,23,19,model_or_diagram,model_or_diagram,circuit; current; heat,"Figure 23.19: household parallel circuit with toaster, heater, lamp, fuse, and line current",Figure 23.19 Circuit diagram for appliances connected to a household circuit.,"Figure 23.19: household parallel circuit with toaster, heater, lamp, fuse, and line current.",67a90d3a801b0fb67d4c8c2fe99e13a8a23eee49fe44970b42af8578ba4eadbf,,units/unit7/images_7_5/u7_5_from_ch_23_19_household_parallel_circuit_overload_current_sum.png
PHYS-F7A3F6F3AC50,images/unit7/PHYS-F7A3F6F3AC50__u7_5_from_ch_23_20_safety_fuse_ribbon_melts_to_open_circuit.png,u7_5_from_ch_23_20_safety_fuse_ribbon_melts_to_open_circuit.png,7,7.5,23,20,model_or_diagram,model_or_diagram; process_or_sequence,circuit,Figure 23.20: a safety fuse with a fuse ribbon in series with a circuit,Figure 23.20 A safety fuse.,Figure 23.20: a safety fuse with a fuse ribbon in series with a circuit.,f7a3f6f3ac504557937a219c6a664ccd079e2f287b9af3b7adb0489bb59b23b8,,units/unit7/images_7_5/u7_5_from_ch_23_20_safety_fuse_ribbon_melts_to_open_circuit.png
PHYS-8DC0BE4DCDFC,images/unit7/PHYS-8DC0BE4DCDFC__u7_2_from_ch_23_pp_lemon_battery_copper_wire_paper_clip.png,u7_2_from_ch_23_pp_lemon_battery_copper_wire_paper_clip.png,7,,23,pp,conceptual_reference,conceptual_reference,,Question 34 sketch: Paper clip and copper wire inserted into a lemon to make a citrus cell.,Question 34 sketch Paper clip and copper wire inserted into a lemon to make a citrus cell.,Question 34 sketch: Paper clip and copper wire inserted into a lemon to make a citrus cell.,8dc0be4dcdfc4d91a5acc0ff443476a400c0d78b7e5c604b9916075a9bb80dbd,,units/unit7/images_review/u7_2_from_ch_23_pp_lemon_battery_copper_wire_paper_clip.png
PHYS-41706DCD1C0E,images/unit7/PHYS-41706DCD1C0E__u7_3_from_ch_23_pp_high_resistance_danger_sign.png,u7_3_from_ch_23_pp_high_resistance_danger_sign.png,7,,23,pp,conceptual_reference,conceptual_reference,resistance,Question 89 sketch: A warning sign that reads Danger! High Resistance.,Question 89 sketch A warning sign that reads Danger! High Resistance.,Question 89 sketch: A warning sign that reads Danger! High Resistance.,41706dcd1c0ee940b0104ac42f395f46a7d467f8dbf5a1725ed19fd20cdb8511,,units/unit7/images_review/u7_3_from_ch_23_pp_high_resistance_danger_sign.png
PHYS-AE7DC13A6F55,images/unit7/PHYS-AE7DC13A6F55__u7_3_from_ch_23_pp_person_reads_meter_resistance_voltage_current.png,u7_3_from_ch_23_pp_person_reads_meter_resistance_voltage_current.png,7,,23,pp,experiment_or_measurement,experiment_or_measurement; phenomenon_or_example,voltage; current; resistance,Question 90 sketch: A person reading a household-product label.,Question 90 sketch A person reading a household-product label.,Question 90 sketch: A person reading a household-product label.,ae7dc13a6f55b61795ce660523f5e75c39c1eadb945d52255222b9f962a82ba3,,units/unit7/images_review/u7_3_from_ch_23_pp_person_reads_meter_resistance_voltage_current.png
PHYS-67A90D3A801B,images/unit7/PHYS-67A90D3A801B__u7_5_from_ch_23_19_household_parallel_circuit_overload_current_sum.png,u7_5_from_ch_23_19_household_parallel_circuit_overload_current_sum.png,7,,23,19,model_or_diagram,model_or_diagram,circuit; current,Figure 23.19: Circuit diagram for appliances connected to a household circuit.,Figure 23.19 Circuit diagram for appliances connected to a household circuit.,Figure 23.19: Circuit diagram for appliances connected to a household circuit.,67a90d3a801b0fb67d4c8c2fe99e13a8a23eee49fe44970b42af8578ba4eadbf,units/unit7/images_7_5/u7_5_from_ch_23_19_household_parallel_circuit_overload_current_sum.png,units/unit7/images_review/u7_5_from_ch_23_19_household_parallel_circuit_overload_current_sum.png
PHYS-A7BF31177D35,images/unit7/PHYS-A7BF31177D35__u7_5_from_ch_23_pp_lightbulb_battery_connection_cases_1_to_5.png,u7_5_from_ch_23_pp_lightbulb_battery_connection_cases_1_to_5.png,7,,23,pp,model_or_diagram,model_or_diagram,light; circuit,Question 68 sketch: Five circuit cases numbered 1 through 5.,Question 68 sketch Five circuit cases numbered 1 through 5.,Question 68 sketch: Five circuit cases numbered 1 through 5.,a7bf31177d357a129549c5dcba2925a4ec83c24b24c06bcba018351def154718,,units/unit7/images_review/u7_5_from_ch_23_pp_lightbulb_battery_connection_cases_1_to_5.png
PHYS-F1E398FEA753,images/unit7/PHYS-F1E398FEA753__u7_5_from_ch_23_pp_lightbulb_battery_contacts_complete_circuit_cases.png,u7_5_from_ch_23_pp_lightbulb_battery_contacts_complete_circuit_cases.png,7,,23,pp,model_or_diagram,model_or_diagram,light; circuit,Question 63 sketch: Several lamp-and-battery arrangements for identifying complete circuits.,Question 63 sketch Several lamp-and-battery arrangements for identifying complete circuits.,Question 63 sketch: Several lamp-and-battery arrangements for identifying complete circuits.,f1e398fea753bc8d1a14477f6467d2cc354411355c41e52edfbab4e8ebd5fd8a,,units/unit7/images_review/u7_5_from_ch_23_pp_lightbulb_battery_contacts_complete_circuit_cases.png
PHYS-17B83E5CAB10,images/unit7/PHYS-17B83E5CAB10__u7_5_from_ch_23_pp_mixed_series_parallel_three_bulb_circuit.png,u7_5_from_ch_23_pp_mixed_series_parallel_three_bulb_circuit.png,7,,23,pp,model_or_diagram,model_or_diagram; process_or_sequence,circuit,Question 56 sketch: A mixed circuit with branches A and B and battery C.,Question 56 sketch A mixed circuit with branches A and B and battery C.,Question 56 sketch: A mixed circuit with branches A and B and battery C.,17b83e5cab10da755579b7d018eba3fb4da131f7456e12f41c011a57870d2ad2,,units/unit7/images_review/u7_5_from_ch_23_pp_mixed_series_parallel_three_bulb_circuit.png
PHYS-B2D21605DC07,images/unit7/PHYS-B2D21605DC07__u7_5_from_ch_23_pp_parallel_bulbs_ammeter_positions_a_b_c.png,u7_5_from_ch_23_pp_parallel_bulbs_ammeter_positions_a_b_c.png,7,,23,pp,model_or_diagram,model_or_diagram; experiment_or_measurement; comparison; process_or_sequence,circuit,"Question 53 sketch: Three circuits labeled A, B, and C with ammeters placed in different locations.","Question 53 sketch Three circuits labeled A, B, and C with ammeters placed in different locations.","Question 53 sketch: Three circuits labeled A, B, and C with ammeters placed in different locations.",b2d21605dc0781df53c4b68ccd94ade860b63bd0cf33835109e877200571305f,,units/unit7/images_review/u7_5_from_ch_23_pp_parallel_bulbs_ammeter_positions_a_b_c.png
PHYS-3727FEC30621,images/unit7/PHYS-3727FEC30621__u7_5_from_ch_23_pp_parallel_bulbs_total_current_with_ammeter.png,u7_5_from_ch_23_pp_parallel_bulbs_total_current_with_ammeter.png,7,,23,pp,model_or_diagram,model_or_diagram; experiment_or_measurement,circuit; current,"Question 54 sketch: Ammeter next to the battery in circuits labeled A, B, and C.","Question 54 sketch Ammeter next to the battery in circuits labeled A, B, and C.","Question 54 sketch: Ammeter next to the battery in circuits labeled A, B, and C.",3727fec306218d1752eb9174db357e4285a39c9063eb8881f1538bec011a678a,,units/unit7/images_review/u7_5_from_ch_23_pp_parallel_bulbs_total_current_with_ammeter.png
PHYS-19AAFD32AB52,images/unit7/PHYS-19AAFD32AB52__u7_5_from_ch_23_pp_single_bulb_battery_connection_paths_a_b_c.png,u7_5_from_ch_23_pp_single_bulb_battery_connection_paths_a_b_c.png,7,,23,pp,model_or_diagram,model_or_diagram; experiment_or_measurement,circuit,"Question 52 sketch: Three circuits labeled A, B, and C with identical bulbs and batteries.","Question 52 sketch Three circuits labeled A, B, and C with identical bulbs and batteries.","Question 52 sketch: Three circuits labeled A, B, and C with identical bulbs and batteries.",19aafd32ab52cf50ed3481cbf3fe371b994d43702747a81eaf70db2d01ceea8b,,units/unit7/images_review/u7_5_from_ch_23_pp_single_bulb_battery_connection_paths_a_b_c.png
PHYS-9787715C7841,images/unit7/PHYS-9787715C7841__u7_5_from_ch_23_pp_three_bulb_circuit_brightness_a_b_c.png,u7_5_from_ch_23_pp_three_bulb_circuit_brightness_a_b_c.png,7,,23,pp,model_or_diagram,model_or_diagram,circuit,"Question 99 sketch: Three-bulb circuit with bulbs A, B, and C.","Question 99 sketch Three-bulb circuit with bulbs A, B, and C.","Question 99 sketch: Three-bulb circuit with bulbs A, B, and C.",9787715c7841eeb2a3aeef10229aa073a4aae735c45b240168ab85c44efca0f8,,units/unit7/images_review/u7_5_from_ch_23_pp_three_bulb_circuit_brightness_a_b_c.png
PHYS-F6F9FC3CBB17,images/unit7/PHYS-F6F9FC3CBB17__u7_5_from_ch_23_pp_three_bulb_circuit_compare_connection_paths.png,u7_5_from_ch_23_pp_three_bulb_circuit_compare_connection_paths.png,7,,23,pp,model_or_diagram,model_or_diagram; comparison,circuit,Question 106 sketch: Three bulb circuits for comparing equivalence.,Question 106 sketch Three bulb circuits for comparing equivalence.,Question 106 sketch: Three bulb circuits for comparing equivalence.,f6f9fc3cbb17d5f4bd6ce7614f28c882c364b624f2dd65b5f264adf69984c41c,,units/unit7/images_review/u7_5_from_ch_23_pp_three_bulb_circuit_compare_connection_paths.png
PHYS-5EBB91173346,images/unit7/PHYS-5EBB91173346__u7_5_from_ch_23_pp_two_bulb_circuit_with_switch_a_b.png,u7_5_from_ch_23_pp_two_bulb_circuit_with_switch_a_b.png,7,,23,pp,model_or_diagram,model_or_diagram,circuit,Question 97 sketch: Two-bulb circuit with switch and bulbs A and B.,Question 97 sketch Two-bulb circuit with switch and bulbs A and B.,Question 97 sketch: Two-bulb circuit with switch and bulbs A and B.,5ebb9117334661ba2b7eb6e32a237016d568b3b34aa14a85927be7d0e568ce26,,units/unit7/images_review/u7_5_from_ch_23_pp_two_bulb_circuit_with_switch_a_b.png
PHYS-A18C8ADD3BDC,images/unit7/PHYS-A18C8ADD3BDC__u7_5_from_ch_23_pp_voltmeter_readings_series_parallel_bulbs.png,u7_5_from_ch_23_pp_voltmeter_readings_series_parallel_bulbs.png,7,,23,pp,model_or_diagram,model_or_diagram; experiment_or_measurement; process_or_sequence,circuit,"Question 55 sketch: Voltmeter readings across single bulbs in circuits labeled A, B, and C.","Question 55 sketch Voltmeter readings across single bulbs in circuits labeled A, B, and C.","Question 55 sketch: Voltmeter readings across single bulbs in circuits labeled A, B, and C.",a18c8add3bdc7da0ff258629f077d0453ccb1f3021aee1ce596a57673fa59a67,,units/unit7/images_review/u7_5_from_ch_23_pp_voltmeter_readings_series_parallel_bulbs.png
PHYS-EBF014FCE9FD,images/unit8/PHYS-EBF014FCE9FD__unit8-ac-voltage-graph.png,unit8-ac-voltage-graph.png,8,,,,graph_or_data,graph_or_data,voltage,Alternating voltage graph,,Alternating voltage graph.,ebf014fce9fdf70c0bb7dd4f0aa28354d73726441070dde427344e09b045d5ea,,units/unit8/figures/unit8-ac-voltage-graph.png
PHYS-FCEFEB2D47D9,images/unit8/PHYS-FCEFEB2D47D9__unit8-current-wire-field.png,unit8-current-wire-field.png,8,,,,model_or_diagram,model_or_diagram,current; magnet; field,Magnetic field around a wire,,Magnetic field around a wire.,fcefeb2d47d97014153aedfd9cf63614873f0d4fddccf226ae645823bf3c39ad,,units/unit8/figures/unit8-current-wire-field.png
PHYS-CED3B63A8FF1,images/unit8/PHYS-CED3B63A8FF1__unit8-domain-model.png,unit8-domain-model.png,8,,,,conceptual_reference,conceptual_reference,magnet,Magnetic domain model,,Magnetic domain model.,ced3b63a8ff1a5b7fad7ca79e7ec9c6166fc2807fa0b730209fc9efe94c73375,,units/unit8/figures/unit8-domain-model.png
PHYS-56647B223DF7,images/unit8/PHYS-56647B223DF7__unit8-electromagnet-coil.png,unit8-electromagnet-coil.png,8,,,,conceptual_reference,conceptual_reference,magnet,Electromagnet coil model,,Electromagnet coil model.,56647b223df72a2b254be8971043450e8834c0a4cc7b6f821b49f3f67d9949f1,,units/unit8/figures/unit8-electromagnet-coil.png
PHYS-61F820AAA039,images/unit8/PHYS-61F820AAA039__unit8-field-lines-bar-magnet.png,unit8-field-lines-bar-magnet.png,8,,,,model_or_diagram,model_or_diagram,magnet; field,Field lines around a bar magnet,,Field lines around a bar magnet.,61f820aaa03910abd15f133ec7df1feed3a88bdec67d851ccb2b55f2d124e04e,,units/unit8/figures/unit8-field-lines-bar-magnet.png
PHYS-2916FB60BCBF,images/unit8/PHYS-2916FB60BCBF__unit8-force-on-wire.png,unit8-force-on-wire.png,8,,,,model_or_diagram,model_or_diagram; phenomenon_or_example,force; current; magnet,Magnetic force on a current-carrying wire,,Magnetic force on a current-carrying wire.,2916fb60bcbf8182dda46bb00e8022de739898e534b53738e7f128564c777ab4,,units/unit8/figures/unit8-force-on-wire.png
PHYS-471E5AFE0834,images/unit8/PHYS-471E5AFE0834__unit8-generator-model.png,unit8-generator-model.png,8,,,,conceptual_reference,conceptual_reference,energy,Generator energy conversion model,,Generator energy conversion model.,471e5afe08344ef288594c0d6d0985f8365eb715a1e3b721b6774a57acc58b3b,,units/unit8/figures/unit8-generator-model.png
PHYS-00B12074AF03,images/unit8/PHYS-00B12074AF03__unit8-induction-coil.png,unit8-induction-coil.png,8,,,,conceptual_reference,conceptual_reference,magnet,Magnet moving into a coil,,Magnet moving into a coil.,00b12074af030dde748a8178384fa9458645f5dc45cc13bcdc8590d60b58c814,,units/unit8/figures/unit8-induction-coil.png
PHYS-D6C8DE702D13,images/unit8/PHYS-D6C8DE702D13__unit8-magnetic-poles.png,unit8-magnetic-poles.png,8,,,,conceptual_reference,conceptual_reference,magnet,Magnetic pole interactions,,Magnetic pole interactions.,d6c8de702d13593aa1d45c620353c0e7cbcd0a81ff6e68e26ea0d0024978f798,,units/unit8/figures/unit8-magnetic-poles.png
PHYS-1E3179E47FE1,images/unit8/PHYS-1E3179E47FE1__unit8-moving-charge-force.png,unit8-moving-charge-force.png,8,,,,model_or_diagram,model_or_diagram,force; charge; magnet; field,Moving charge in a magnetic field,,Moving charge in a magnetic field.,1e3179e47fe15b2f425a050801121b42919a9204dcf9ec24e43a6d81ef5b645c,,units/unit8/figures/unit8-moving-charge-force.png
PHYS-3030F97BA551,images/unit8/PHYS-3030F97BA551__unit8-speaker-microphone.png,unit8-speaker-microphone.png,8,,,,comparison,comparison,,Speaker and microphone comparison,,Speaker and microphone comparison.,3030f97ba551d2a6032a15616bffd1d8cb05fcbd5fb767f9e06f96ee4761f3c4,,units/unit8/figures/unit8-speaker-microphone.png
PHYS-D6B2EA95D46C,images/unit8/PHYS-D6B2EA95D46C__unit8-transformer-model.png,unit8-transformer-model.png,8,,,,conceptual_reference,conceptual_reference,,Transformer coil-turn model,,Transformer coil-turn model.,d6b2ea95d46c942e31671a7a25f8b8fae0bdfcc004c7024f1d7ae04e85c4bf13,,units/unit8/figures/unit8-transformer-model.png
PHYS-7521538521A8,images/unit8/PHYS-7521538521A8__u8_1_from_ch_24_1_horseshoe_magnet_north_south_poles.png,u8_1_from_ch_24_1_horseshoe_magnet_north_south_poles.png,8,8.1,24,1,conceptual_reference,conceptual_reference,magnet,Figure 24.1: A horseshoe magnet with north and south poles.,Figure 24.1 A horseshoe magnet.,Figure 24.1: A horseshoe magnet with north and south poles.,7521538521a85bd3669289d53c75824b8619123ada633950f58b45c2687ec194,,units/unit8/images_8_1/u8_1_from_ch_24_1_horseshoe_magnet_north_south_poles.png
PHYS-F8700B2BD02B,images/unit8/PHYS-F8700B2BD02B__u8_1_from_ch_24_2_iron_filings_show_bar_magnet_field_lines.png,u8_1_from_ch_24_2_iron_filings_show_bar_magnet_field_lines.png,8,8.1,24,2,model_or_diagram,model_or_diagram,magnet; field,Figure 24.2: Iron filings trace magnetic field lines around a bar magnet.,"Figure 24.2 Top view of iron filings sprinkled around a magnet tracing a pattern of magnetic field lines. Interestingly, the magnetic field lines continue inside the magnet (not revealed by the filings) and form closed loops.",Figure 24.2: Iron filings trace magnetic field lines around a bar magnet.,f8700b2bd02b2b25102f74913d56b96874f906ed1232c25c334f8222b8600e68,,units/unit8/images_8_1/u8_1_from_ch_24_2_iron_filings_show_bar_magnet_field_lines.png
PHYS-9361EC804275,images/unit8/PHYS-9361EC804275__u8_1_from_ch_24_3_compass_needle_torque_aligns_with_magnetic_field.png,u8_1_from_ch_24_3_compass_needle_torque_aligns_with_magnetic_field.png,8,8.1,24,3,model_or_diagram,model_or_diagram,magnet; field,Figure 24.3: Torques twist a compass needle into alignment with a magnetic field.,"Figure 24.3 When the compass needle is not aligned with the magnetic field (left), the oppositely directed forces on the needle produce a pair of torques (called a couple) that twist the needle into alignment (right).",Figure 24.3: Torques twist a compass needle into alignment with a magnetic field.,9361ec8042756d0019f1d674493898d5a541f951353f54c3836cd784188e3a27,,units/unit8/images_8_1/u8_1_from_ch_24_3_compass_needle_torque_aligns_with_magnetic_field.png
PHYS-B9E9A39BD8A3,images/unit8/PHYS-B9E9A39BD8A3__u8_1_from_ch_24_4_like_and_unlike_magnetic_poles_field_patterns.png,u8_1_from_ch_24_4_like_and_unlike_magnetic_poles_field_patterns.png,8,8.1,24,4,model_or_diagram,model_or_diagram,magnet; field,Figure 24.4: Magnetic field patterns for pairs of magnets with opposite and like poles near each other.,"Figure 24.4 The magnetic field patterns for a pair of magnets. (a) Opposite poles are nearest each other, and (b) like poles are nearest each other.",Figure 24.4: Magnetic field patterns for pairs of magnets with opposite and like poles near each other.,b9e9a39bd8a33ed72414752bbbc0a61af8ca20a5d39454dfd672d3aa0ea1cd29,,units/unit8/images_8_1/u8_1_from_ch_24_4_like_and_unlike_magnetic_poles_field_patterns.png
PHYS-A890CA9125D5,images/unit8/PHYS-A890CA9125D5__u8_1_from_ch_24_5_magnetic_domains_randomly_oriented_regions.png,u8_1_from_ch_24_5_magnetic_domains_randomly_oriented_regions.png,8,8.1,24,5,model_or_diagram,model_or_diagram; comparison,magnet,Figure 24.5: Magnetic domains in a crystal of iron with arrows pointing in different directions.,Figure 24.5 A microscopic view of magnetic domains in a crystal of iron. The blue arrows pointing in different directions tell us that these domains are not aligned.,Figure 24.5: Magnetic domains in a crystal of iron with arrows pointing in different directions.,a890ca9125d5eb2cdfd553fd640cf0b15cf0f46cbaa5676cc7c0d61baf8fd636,,units/unit8/images_8_1/u8_1_from_ch_24_5_magnetic_domains_randomly_oriented_regions.png
PHYS-5A1EACF9B2C4,images/unit8/PHYS-5A1EACF9B2C4__u8_1_from_ch_24_7_magnetic_domains_unmagnetized_to_strongly_magnetized_iron.png,u8_1_from_ch_24_7_magnetic_domains_unmagnetized_to_strongly_magnetized_iron.png,8,8.1,24,7,model_or_diagram,model_or_diagram; comparison; process_or_sequence,magnet,Figure 24.7: Pieces of iron in successive stages of magnetization and when a magnet is broken.,"Figure 24.7 Pieces of iron in successive stages of magnetization. The arrows represent domains; the head is a north pole and the tail is a south pole. Poles of neighboring domains neutralize each other’s effects, except at the two ends of a piece of iron.",Figure 24.7: Pieces of iron in successive stages of magnetization and when a magnet is broken.,5a1eacf9b2c414d79c085f270de0f26329d711b0671e9b74eeafa3298d6fd27e,,units/unit8/images_8_1/u8_1_from_ch_24_7_magnetic_domains_unmagnetized_to_strongly_magnetized_iron.png
PHYS-C6951973E23D,images/unit8/PHYS-C6951973E23D__u8_2_from_ch_24_10_iron_filings_fields_wire_loop_and_coil.png,u8_2_from_ch_24_10_iron_filings_fields_wire_loop_and_coil.png,8,8.2,24,10,model_or_diagram,model_or_diagram; phenomenon_or_example,current; magnet; field,"Figure 24.10: Iron filings show magnetic field configurations for a current-carrying wire, loop, and coil.","Figure 24.10 Iron filings sprinkled on paper reveal the magnetic field configurations about (a) a current-carrying wire, (b) a current-carrying loop, and (c) a current-carrying coil of loops.","Figure 24.10: Iron filings show magnetic field configurations for a current-carrying wire, loop, and coil.",c6951973e23d22d0e1e1cd160b4c054c9c4683bcd8417324caf3e0b533959549,,units/unit8/images_8_2/u8_2_from_ch_24_10_iron_filings_fields_wire_loop_and_coil.png
PHYS-1DCB8650BC6B,images/unit8/PHYS-1DCB8650BC6B__u8_2_from_ch_24_8_compasses_show_field_around_current_carrying_wire.png,u8_2_from_ch_24_8_compasses_show_field_around_current_carrying_wire.png,8,8.2,24,8,model_or_diagram,model_or_diagram; phenomenon_or_example,current; magnet; field,Figure 24.8: Compasses arranged around a current-carrying wire show circular magnetic field direction.,Figure 24.8 The compasses show the circular shape of the magnetic field surrounding the current-carrying wire.,Figure 24.8: Compasses arranged around a current-carrying wire show circular magnetic field direction.,1dcb8650bc6be9855f96e34fbc9ac6992f0cde6b32425ba3eec64ccfadb8ebf9,,units/unit8/images_8_2/u8_2_from_ch_24_8_compasses_show_field_around_current_carrying_wire.png
PHYS-27935F122968,images/unit8/PHYS-27935F122968__u8_2_from_ch_24_9_magnetic_field_lines_around_wire_and_loop.png,u8_2_from_ch_24_9_magnetic_field_lines_around_wire_and_loop.png,8,8.2,24,9,model_or_diagram,model_or_diagram; phenomenon_or_example,magnet; field,Figure 24.9: Magnetic field lines around a wire bunch up when the wire is bent into a loop.,Figure 24.9 Magnetic field lines about a current-carrying wire bunch up when the wire is bent into a loop.,Figure 24.9: Magnetic field lines around a wire bunch up when the wire is bent into a loop.,27935f122968a87bd356d91df81999c21546397a1e19c5ee410fba155610f6be,,units/unit8/images_8_2/u8_2_from_ch_24_9_magnetic_field_lines_around_wire_and_loop.png
PHYS-BD2471861776,images/unit8/PHYS-BD2471861776__u8_2_from_ch_24_pp_compass_near_magnetized_iron_or_current_source.png,u8_2_from_ch_24_pp_compass_near_magnetized_iron_or_current_source.png,8,8.2,24,pp,phenomenon_or_example,phenomenon_or_example,current; magnet,Practicing Physics: A student holds a magnetic compass near a can or iron object.,,Practicing Physics: A student holds a magnetic compass near a can or iron object.,bd24718617763d13b35d6fba163bae4cab553a54371b7b18a564d96595df556e,,units/unit8/images_8_2/u8_2_from_ch_24_pp_compass_near_magnetized_iron_or_current_source.png
PHYS-C6951973E23D,images/unit8/PHYS-C6951973E23D__u8_2_from_ch_24_10_iron_filings_fields_wire_loop_and_coil.png,u8_2_from_ch_24_10_iron_filings_fields_wire_loop_and_coil.png,8,8.3,24,10,model_or_diagram,model_or_diagram; phenomenon_or_example,current; magnet; field,"Figure 24.10: Iron filings show magnetic field configurations about a current-carrying wire, loop, and coil.","Figure 24.10 Iron filings sprinkled on paper reveal the magnetic field configurations about (a) a current-carrying wire, (b) a current-carrying loop, and (c) a current-carrying coil of loops.","Figure 24.10: Iron filings show magnetic field configurations about a current-carrying wire, loop, and coil.",c6951973e23d22d0e1e1cd160b4c054c9c4683bcd8417324caf3e0b533959549,units/unit8/images_8_2/u8_2_from_ch_24_10_iron_filings_fields_wire_loop_and_coil.png,units/unit8/images_8_3/u8_2_from_ch_24_10_iron_filings_fields_wire_loop_and_coil.png
PHYS-3FA63E80B46A,images/unit8/PHYS-3FA63E80B46A__u8_2_from_ch_24_12_permanent_magnet_levitates_above_superconductor.png,u8_2_from_ch_24_12_permanent_magnet_levitates_above_superconductor.png,8,8.3,24,12,model_or_diagram,model_or_diagram,magnet,Figure 24.12: A permanent magnet levitates above a superconductor.,Figure 24.12 A permanent magnet levitates above a superconductor because its magnetic field cannot penetrate the superconducting material.,Figure 24.12: A permanent magnet levitates above a superconductor.,3fa63e80b46a8ed5faf1d1a51467e69d14ed2ab3269c5f66e824ba510e978eea,,units/unit8/images_8_3/u8_2_from_ch_24_12_permanent_magnet_levitates_above_superconductor.png
PHYS-58AB7E4AABC5,images/unit8/PHYS-58AB7E4AABC5__u8_2_from_ch_24_13_electron_beam_deflected_by_magnetic_field.png,u8_2_from_ch_24_13_electron_beam_deflected_by_magnetic_field.png,8,8.3,24,13,model_or_diagram,model_or_diagram,magnet; field,Figure 24.13: An electron beam is deflected by a magnetic field.,Figure 24.13 A beam of electrons is deflected by a magnetic field.,Figure 24.13: An electron beam is deflected by a magnetic field.,58ab7e4aabc50b0afd0a6fb3a56336c958bdf1ee852d8d764a70fbc961204de5,,units/unit8/images_8_3/u8_2_from_ch_24_13_electron_beam_deflected_by_magnetic_field.png
PHYS-4BBB8AB70CD7,images/unit8/PHYS-4BBB8AB70CD7__u8_2_from_ch_24_14_earth_magnetic_field_deflects_cosmic_rays.png,u8_2_from_ch_24_14_earth_magnetic_field_deflects_cosmic_rays.png,8,8.3,24,14,model_or_diagram,model_or_diagram; phenomenon_or_example,charge; magnet; field,Figure 24.14: Earth’s magnetic field deflects charged particles in cosmic radiation.,Figure 24.14 The magnetic field of Earth deflects many charged particles that make up cosmic radiation.,Figure 24.14: Earth’s magnetic field deflects charged particles in cosmic radiation.,4bbb8ab70cd70748463b9d0b665333184b305c99263f81882834b243519dac51,,units/unit8/images_8_3/u8_2_from_ch_24_14_earth_magnetic_field_deflects_cosmic_rays.png
PHYS-D880E0FBECCF,images/unit8/PHYS-D880E0FBECCF__u8_2_from_ch_24_15_current_carrying_wire_force_in_magnetic_field.png,u8_2_from_ch_24_15_current_carrying_wire_force_in_magnetic_field.png,8,8.3,24,15,model_or_diagram,model_or_diagram; phenomenon_or_example,force; current; magnet; field,Figure 24.15: A current-carrying wire is forced up or down in a magnetic field depending on current direction.,Figure 24.15 A current-carrying wire experiences a force in a magnetic field. (Can you see that this is a follow-up of what happens in Figure 24.13?),Figure 24.15: A current-carrying wire is forced up or down in a magnetic field depending on current direction.,d880e0fbeccf16d1a5bb6cd1669ca55f99eafe1421c49ab12303195e609c01d3,,units/unit8/images_8_3/u8_2_from_ch_24_15_current_carrying_wire_force_in_magnetic_field.png
PHYS-0785F8653ED1,images/unit8/PHYS-0785F8653ED1__u8_2_from_ch_24_16_simple_galvanometer_compass_in_coil.png,u8_2_from_ch_24_16_simple_galvanometer_compass_in_coil.png,8,8.3,24,16,conceptual_reference,conceptual_reference,,Figure 24.16: A simple galvanometer made from a compass in a coil of wires.,Figure 24.16 A very simple galvanometer.,Figure 24.16: A simple galvanometer made from a compass in a coil of wires.,0785f8653ed11f89357cca5f26c24bf28deb26a6bc56532345b7972b85e4efc3,,units/unit8/images_8_3/u8_2_from_ch_24_16_simple_galvanometer_compass_in_coil.png
PHYS-25512B2610C2,images/unit8/PHYS-25512B2610C2__u8_2_from_ch_24_17_common_galvanometer_design.png,u8_2_from_ch_24_17_common_galvanometer_design.png,8,8.3,24,17,model_or_diagram,model_or_diagram,magnet; field,Figure 24.17: A common galvanometer design with a coil mounted in a magnetic field.,Figure 24.17 A common galvanometer design.,Figure 24.17: A common galvanometer design with a coil mounted in a magnetic field.,25512b2610c2f814f1c233ce51578242a95804c862ebe2ea200ec5e53aa827d3,,units/unit8/images_8_3/u8_2_from_ch_24_17_common_galvanometer_design.png
PHYS-748AED4CA57F,images/unit8/PHYS-748AED4CA57F__u8_2_from_ch_24_18_ammeter_and_voltmeter_galvanometers.png,u8_2_from_ch_24_18_ammeter_and_voltmeter_galvanometers.png,8,8.3,24,18,conceptual_reference,conceptual_reference,,"Figure 24.18: An ammeter and a voltmeter, both based on galvanometers.",Figure 24.18 Both the ammeter and the voltmeter are basically galvanometers. (The electrical resistance of the instrument is made to be very low for the ammeter and very high for the voltmeter.),"Figure 24.18: An ammeter and a voltmeter, both based on galvanometers.",748aed4ca57ff29905710b6a0652666adf18a1921b836317c8207b914d5f9062,,units/unit8/images_8_3/u8_2_from_ch_24_18_ammeter_and_voltmeter_galvanometers.png
PHYS-8DF79C454444,images/unit8/PHYS-8DF79C454444__u8_2_from_ch_24_19_simplified_electric_motor_rotating_loop.png,u8_2_from_ch_24_19_simplified_electric_motor_rotating_loop.png,8,8.3,24,19,conceptual_reference,conceptual_reference,electric; current,"Figure 24.19: A simplified electric motor with a rotating loop, stationary contacts, and current.",Figure 24.19 A simplified electric motor.,"Figure 24.19: A simplified electric motor with a rotating loop, stationary contacts, and current.",8df79c4544442245b129c7e4648b029d50a608df342b170955892a006cf19428,,units/unit8/images_8_3/u8_2_from_ch_24_19_simplified_electric_motor_rotating_loop.png
PHYS-43F0C6ADE81F,images/unit8/PHYS-43F0C6ADE81F__u8_3_from_ch_25_6_generator_mechanical_input_electrical_output.png,u8_3_from_ch_25_6_generator_mechanical_input_electrical_output.png,8,8.4,25,6,model_or_diagram,model_or_diagram,electric,Figure 25.6: A rotating loop generator changes mechanical input into electrical output.,Figure 25.6 A simple generator. Voltage is induced in the loop when it is rotated in the magnetic field.,Figure 25.6: A rotating loop generator changes mechanical input into electrical output.,43f0c6ade81f224f6838d1381c096d336a18ebba84a218bdd32f8cbd94929237,,units/unit8/images_8_4/u8_3_from_ch_25_6_generator_mechanical_input_electrical_output.png
PHYS-F636BB709A9B,images/unit8/PHYS-F636BB709A9B__u8_3_from_ch_25_7_generator_effect_moving_wire_magnet_induced_current.png,u8_3_from_ch_25_7_generator_effect_moving_wire_magnet_induced_current.png,8,8.4,25,7,model_or_diagram,model_or_diagram,current; magnet; field,Figure 25.7: Motor effect and generator effect shown with a wire in a magnetic field.,"Figure 25.7 (a) Motor effect: When charge moves along the wire, there is a perpendicular upward force on the charge. Since there is no conducting path upward, the force on the charge tugs the wire upward. (b) Generator effect: When a wire with no initial current is moved downward, the charge in the wire experiences a deflecting force perpendicular to its motion. There is a conducting path in this direction, so the charge moves, constituting a current.",Figure 25.7: Motor effect and generator effect shown with a wire in a magnetic field.,f636bb709a9be80ca4b001d8883bbc0c1719caa94c4339d3d039bc083f14e46a,,units/unit8/images_8_4/u8_3_from_ch_25_7_generator_effect_moving_wire_magnet_induced_current.png
PHYS-94FB693CF560,images/unit8/PHYS-94FB693CF560__u8_3_from_ch_25_8_rotating_loop_ac_voltage_cycle.png,u8_3_from_ch_25_8_rotating_loop_ac_voltage_cycle.png,8,8.4,25,8,conceptual_reference,conceptual_reference,voltage,Figure 25.8: A rotating loop produces a sinusoidal voltage cycle over time.,"Figure 25.8 As the loop rotates, the induced voltage (and current) changes in magnitude and direction. One complete rotation of the loop produces one complete cycle in voltage (and in current).",Figure 25.8: A rotating loop produces a sinusoidal voltage cycle over time.,94fb693cf560db85db514e594ad75e020a552ddc7b9e6785dd9faef8cfdcdea1,,units/unit8/images_8_4/u8_3_from_ch_25_8_rotating_loop_ac_voltage_cycle.png
