bank_id,pm_family,course,unit,section,destination,destination_group,destination_slot,retrieval_stage_or_scope,mastery_goal_id,evidence_point_id,summative_version,blueprint_slot_id,question_family_id,variation_mode,task_architecture,dok,learning_target,i_can,practice_standard,item_type,answer_type,security_level,estimated_time_sec,figure_files,figure_source,graph_tool_type,source_basis,notes
U2-S1-WTC01,AP/SCI,Conceptual Physics,2,2.1,What's To Come,wtc,WTC01,current-section,U2-MG01,,,,,,,2,Students will explain that motion is relative and describe an object’s motion using an appropriate frame of reference.,I can explain why an object can be moving relative to one reference frame but not another.,,prediction / paired-observer reasoning,constructed-response,instructional,180,figures/unit2-reference-frame-bus.png,Framework approved course figure,,Unit 2 Assessment Plan | Conceptual Physics Framework section archetypes/source packet,
U2-S1-NOTE-EX01,AP/SCI,Conceptual Physics,2,2.1,Notes Example,notes,EX01,current-section,U2-MG01,,,,,,,2,Students will explain that motion is relative and describe an object’s motion using an appropriate frame of reference.,I can explain why an object can be moving relative to one reference frame but not another.,scientific explanation,worked example,constructed-response,instructional,180,,,,Unit 2 Assessment Plan | Conceptual Physics Framework section archetypes/source packet,
U2-S1-NOTE-YTI01,AP/SCI,Conceptual Physics,2,2.1,Notes YTI,notes,YTI01,current-section,U2-MG01,,,,,,,2,Students will explain that motion is relative and describe an object’s motion using an appropriate frame of reference.,I can explain why an object can be moving relative to one reference frame but not another.,scientific explanation,you try it,constructed-response,instructional,180,,,,Unit 2 Assessment Plan | Conceptual Physics Framework section archetypes/source packet,
U2-S1-NOTE-EX02,AP/SCI,Conceptual Physics,2,2.1,Notes Example,notes,EX02,current-section,U2-MG01,,,,,,,2,Students will explain that motion is relative and describe an object’s motion using an appropriate frame of reference.,I can identify the reference frame used in a motion description.,perspective/representation reasoning,worked example,constructed-response,instructional,180,,,,Unit 2 Assessment Plan | Conceptual Physics Framework section archetypes/source packet,
U2-S1-NOTE-YTI02,AP/SCI,Conceptual Physics,2,2.1,Notes YTI,notes,YTI02,current-section,U2-MG01,,,,,,,2,Students will explain that motion is relative and describe an object’s motion using an appropriate frame of reference.,I can identify the reference frame used in a motion description.,perspective/representation reasoning,you try it,constructed-response,instructional,180,,,,Unit 2 Assessment Plan | Conceptual Physics Framework section archetypes/source packet,
U2-S1-NOTE-EX03,AP/SCI,Conceptual Physics,2,2.1,Notes Example,notes,EX03,current-section,U2-MG01,,,,,,,2,Students will explain that motion is relative and describe an object’s motion using an appropriate frame of reference.,I can compare motion from two different points of view and explain why everyday motion is usually described relative to Earth’s surface.,modeling,worked example,constructed-response,instructional,180,,,,Unit 2 Assessment Plan | Conceptual Physics Framework section archetypes/source packet,
U2-S1-NOTE-YTI03,AP/SCI,Conceptual Physics,2,2.1,Notes YTI,notes,YTI03,current-section,U2-MG01,,,,,,,2,Students will explain that motion is relative and describe an object’s motion using an appropriate frame of reference.,I can compare motion from two different points of view and explain why everyday motion is usually described relative to Earth’s surface.,modeling,you try it,constructed-response,instructional,180,,,,Unit 2 Assessment Plan | Conceptual Physics Framework section archetypes/source packet,
U2-S1-NOTE-EX04,AP/SCI,Conceptual Physics,2,2.1,Notes Example,notes,EX04,current-section,U2-MG01,,,,,,,2,Students will explain that motion is relative and describe an object’s motion using an appropriate frame of reference.,I can explain why an object can be moving relative to one reference frame but not another.,scientific explanation,worked example,constructed-response,instructional,180,,,,Unit 2 Assessment Plan | Conceptual Physics Framework section archetypes/source packet,
U2-S1-NOTE-YTI04,AP/SCI,Conceptual Physics,2,2.1,Notes YTI,notes,YTI04,current-section,U2-MG01,,,,,,,2,Students will explain that motion is relative and describe an object’s motion using an appropriate frame of reference.,I can explain why an object can be moving relative to one reference frame but not another.,scientific explanation,you try it,constructed-response,instructional,180,,,,Unit 2 Assessment Plan | Conceptual Physics Framework section archetypes/source packet,
U2-S2-WTC01,AP/SCI,Conceptual Physics,2,2.2,What's To Come,wtc,WTC01,current-section,U2-MG02,,,,,,,2,"Students will distinguish between speed and velocity and use distance, time, and direction to describe motion.","I can explain that velocity includes both speed and direction and compare examples of constant speed, constant velocity, and changing velocity.",data interpretation,graph sorting / prediction,constructed-response,instructional,180,figures/unit2-distance-time-graphs.png,Framework approved course figure,,Unit 2 Assessment Plan | Conceptual Physics Framework section archetypes/source packet,
U2-S2-NOTE-EX01,AP/SCI,Conceptual Physics,2,2.2,Notes Example,notes,EX01,current-section,U2-MG02,,,,,,,2,"Students will distinguish between speed and velocity and use distance, time, and direction to describe motion.",I can calculate average speed from distance and time.,quantitative reasoning,worked example,constructed-response,instructional,180,,,,Unit 2 Assessment Plan | Conceptual Physics Framework section archetypes/source packet,
U2-S2-NOTE-YTI01,AP/SCI,Conceptual Physics,2,2.2,Notes YTI,notes,YTI01,current-section,U2-MG02,,,,,,,2,"Students will distinguish between speed and velocity and use distance, time, and direction to describe motion.",I can calculate average speed from distance and time.,quantitative reasoning,you try it,constructed-response,instructional,180,,,,Unit 2 Assessment Plan | Conceptual Physics Framework section archetypes/source packet,
U2-S2-NOTE-EX02,AP/SCI,Conceptual Physics,2,2.2,Notes Example,notes,EX02,current-section,U2-MG02,,,,,,,2,"Students will distinguish between speed and velocity and use distance, time, and direction to describe motion.",I can distinguish instantaneous speed from average speed.,data interpretation; quantitative reasoning,worked example,constructed-response,instructional,180,,,,Unit 2 Assessment Plan | Conceptual Physics Framework section archetypes/source packet,
U2-S2-NOTE-YTI02,AP/SCI,Conceptual Physics,2,2.2,Notes YTI,notes,YTI02,current-section,U2-MG02,,,,,,,2,"Students will distinguish between speed and velocity and use distance, time, and direction to describe motion.",I can distinguish instantaneous speed from average speed.,data interpretation; quantitative reasoning,you try it,constructed-response,instructional,180,,,,Unit 2 Assessment Plan | Conceptual Physics Framework section archetypes/source packet,
U2-S2-NOTE-EX03,AP/SCI,Conceptual Physics,2,2.2,Notes Example,notes,EX03,current-section,U2-MG02,,,,,,,2,"Students will distinguish between speed and velocity and use distance, time, and direction to describe motion.","I can explain that velocity includes both speed and direction and compare examples of constant speed, constant velocity, and changing velocity.",scientific communication,worked example,constructed-response,instructional,180,,,,Unit 2 Assessment Plan | Conceptual Physics Framework section archetypes/source packet,
U2-S2-NOTE-YTI03,AP/SCI,Conceptual Physics,2,2.2,Notes YTI,notes,YTI03,current-section,U2-MG02,,,,,,,2,"Students will distinguish between speed and velocity and use distance, time, and direction to describe motion.","I can explain that velocity includes both speed and direction and compare examples of constant speed, constant velocity, and changing velocity.",scientific communication,you try it,constructed-response,instructional,180,,,,Unit 2 Assessment Plan | Conceptual Physics Framework section archetypes/source packet,
U2-S2-NOTE-EX04,AP/SCI,Conceptual Physics,2,2.2,Notes Example,notes,EX04,current-section,U2-MG02,,,,,,,2,"Students will distinguish between speed and velocity and use distance, time, and direction to describe motion.",I can calculate average speed from distance and time.,quantitative reasoning,worked example,constructed-response,instructional,180,,,,Unit 2 Assessment Plan | Conceptual Physics Framework section archetypes/source packet,
U2-S2-NOTE-YTI04,AP/SCI,Conceptual Physics,2,2.2,Notes YTI,notes,YTI04,current-section,U2-MG02,,,,,,,2,"Students will distinguish between speed and velocity and use distance, time, and direction to describe motion.",I can calculate average speed from distance and time.,quantitative reasoning,you try it,constructed-response,instructional,180,,,,Unit 2 Assessment Plan | Conceptual Physics Framework section archetypes/source packet,
U2-S2-NOTE-EX05,AP/SCI,Conceptual Physics,2,2.2,Notes Example,notes,EX05,current-section,U2-MG02,,,,,,,2,"Students will distinguish between speed and velocity and use distance, time, and direction to describe motion.",I can distinguish instantaneous speed from average speed.,data interpretation,worked example,constructed-response,instructional,180,figures/unit2-distance-time-graphs.png,Framework approved course figure,,Unit 2 Assessment Plan | Conceptual Physics Framework section archetypes/source packet,
U2-S2-NOTE-YTI05,AP/SCI,Conceptual Physics,2,2.2,Notes YTI,notes,YTI05,current-section,U2-MG02,,,,,,,2,"Students will distinguish between speed and velocity and use distance, time, and direction to describe motion.",I can distinguish instantaneous speed from average speed.,data interpretation,you try it,constructed-response,instructional,180,,,,Unit 2 Assessment Plan | Conceptual Physics Framework section archetypes/source packet,
U2-S3-WTC01,AP/SCI,Conceptual Physics,2,2.3,What's To Come,wtc,WTC01,current-section,U2-MG03,,,,,,,2,"Students will explain acceleration as the rate at which velocity changes and identify acceleration from motion descriptions, data, and graphs.",I can calculate acceleration from change in velocity and time.,graph/data interpretation,graph pattern prediction,constructed-response,instructional,180,figures/unit2-velocity-time-pattern.png,Framework approved course figure,,Unit 2 Assessment Plan | Conceptual Physics Framework section archetypes/source packet,
U2-S3-NOTE-EX01,AP/SCI,Conceptual Physics,2,2.3,Notes Example,notes,EX01,current-section,U2-MG03,,,,,,,2,"Students will explain acceleration as the rate at which velocity changes and identify acceleration from motion descriptions, data, and graphs.",I can calculate acceleration from change in velocity and time.,quantitative reasoning,worked example,constructed-response,instructional,180,,,,Unit 2 Assessment Plan | Conceptual Physics Framework section archetypes/source packet,
U2-S3-NOTE-YTI01,AP/SCI,Conceptual Physics,2,2.3,Notes YTI,notes,YTI01,current-section,U2-MG03,,,,,,,2,"Students will explain acceleration as the rate at which velocity changes and identify acceleration from motion descriptions, data, and graphs.",I can calculate acceleration from change in velocity and time.,quantitative reasoning,you try it,constructed-response,instructional,180,,,,Unit 2 Assessment Plan | Conceptual Physics Framework section archetypes/source packet,
U2-S3-NOTE-EX02,AP/SCI,Conceptual Physics,2,2.3,Notes Example,notes,EX02,current-section,U2-MG03,,,,,,,2,"Students will explain acceleration as the rate at which velocity changes and identify acceleration from motion descriptions, data, and graphs.","I can explain that acceleration can involve speeding up, slowing down, or changing direction.",quantitative reasoning,worked example,constructed-response,instructional,180,,,,Unit 2 Assessment Plan | Conceptual Physics Framework section archetypes/source packet,
U2-S3-NOTE-YTI02,AP/SCI,Conceptual Physics,2,2.3,Notes YTI,notes,YTI02,current-section,U2-MG03,,,,,,,2,"Students will explain acceleration as the rate at which velocity changes and identify acceleration from motion descriptions, data, and graphs.","I can explain that acceleration can involve speeding up, slowing down, or changing direction.",quantitative reasoning,you try it,constructed-response,instructional,180,,,,Unit 2 Assessment Plan | Conceptual Physics Framework section archetypes/source packet,
U2-S3-NOTE-EX03,AP/SCI,Conceptual Physics,2,2.3,Notes Example,notes,EX03,current-section,U2-MG03,,,,,,,2,"Students will explain acceleration as the rate at which velocity changes and identify acceleration from motion descriptions, data, and graphs.","I can identify positive, negative, or zero acceleration from a motion situation and interpret simple motion graphs and connect them to velocity or acceleration.",model translation,worked example,constructed-response,instructional,180,figures/unit2-motion-diagram-spacing.png,Framework approved course figure,,Unit 2 Assessment Plan | Conceptual Physics Framework section archetypes/source packet,
U2-S3-NOTE-YTI03,AP/SCI,Conceptual Physics,2,2.3,Notes YTI,notes,YTI03,current-section,U2-MG03,,,,,,,2,"Students will explain acceleration as the rate at which velocity changes and identify acceleration from motion descriptions, data, and graphs.","I can identify positive, negative, or zero acceleration from a motion situation and interpret simple motion graphs and connect them to velocity or acceleration.",model translation,you try it,constructed-response,instructional,180,,,,Unit 2 Assessment Plan | Conceptual Physics Framework section archetypes/source packet,
U2-S3-NOTE-EX04,AP/SCI,Conceptual Physics,2,2.3,Notes Example,notes,EX04,current-section,U2-MG03,,,,,,,2,"Students will explain acceleration as the rate at which velocity changes and identify acceleration from motion descriptions, data, and graphs.",I can calculate acceleration from change in velocity and time.,scientific explanation,worked example,constructed-response,instructional,180,,,,Unit 2 Assessment Plan | Conceptual Physics Framework section archetypes/source packet,
U2-S3-NOTE-YTI04,AP/SCI,Conceptual Physics,2,2.3,Notes YTI,notes,YTI04,current-section,U2-MG03,,,,,,,2,"Students will explain acceleration as the rate at which velocity changes and identify acceleration from motion descriptions, data, and graphs.",I can calculate acceleration from change in velocity and time.,scientific explanation,you try it,constructed-response,instructional,180,,,,Unit 2 Assessment Plan | Conceptual Physics Framework section archetypes/source packet,
U2-S3-NOTE-EX05,AP/SCI,Conceptual Physics,2,2.3,Notes Example,notes,EX05,current-section,U2-MG03,,,,,,,2,"Students will explain acceleration as the rate at which velocity changes and identify acceleration from motion descriptions, data, and graphs.","I can explain that acceleration can involve speeding up, slowing down, or changing direction.",graph/data interpretation; quantitative reasoning,worked example,constructed-response,instructional,180,figures/unit2-velocity-time-pattern.png,Framework approved course figure,,Unit 2 Assessment Plan | Conceptual Physics Framework section archetypes/source packet,
U2-S3-NOTE-YTI05,AP/SCI,Conceptual Physics,2,2.3,Notes YTI,notes,YTI05,current-section,U2-MG03,,,,,,,2,"Students will explain acceleration as the rate at which velocity changes and identify acceleration from motion descriptions, data, and graphs.","I can explain that acceleration can involve speeding up, slowing down, or changing direction.",graph/data interpretation; quantitative reasoning,you try it,constructed-response,instructional,180,,,,Unit 2 Assessment Plan | Conceptual Physics Framework section archetypes/source packet,
U2-S4-WTC01,AP/SCI,Conceptual Physics,2,2.4,What's To Come,wtc,WTC01,current-section,U2-MG03,,,,,,,2,Students will describe free fall as motion under the influence of gravity alone and use simple free-fall relationships to determine speed or distance fallen.,I can use $g \approx 10\text{ m/s}^2$ to determine speed gained during free fall.,model evaluation,pattern prediction,constructed-response,instructional,180,figures/unit2-free-fall-speed-pattern.png,Framework approved course figure,,Unit 2 Assessment Plan | Conceptual Physics Framework section archetypes/source packet,
U2-S4-NOTE-EX01,AP/SCI,Conceptual Physics,2,2.4,Notes Example,notes,EX01,current-section,U2-MG03,,,,,,,2,Students will describe free fall as motion under the influence of gravity alone and use simple free-fall relationships to determine speed or distance fallen.,I can explain why objects in free fall accelerate at the same rate when air resistance is ignored.,scientific explanation,worked example,constructed-response,instructional,180,,,,Unit 2 Assessment Plan | Conceptual Physics Framework section archetypes/source packet,
U2-S4-NOTE-YTI01,AP/SCI,Conceptual Physics,2,2.4,Notes YTI,notes,YTI01,current-section,U2-MG03,,,,,,,2,Students will describe free fall as motion under the influence of gravity alone and use simple free-fall relationships to determine speed or distance fallen.,I can explain why objects in free fall accelerate at the same rate when air resistance is ignored.,scientific explanation,you try it,constructed-response,instructional,180,,,,Unit 2 Assessment Plan | Conceptual Physics Framework section archetypes/source packet,
U2-S4-NOTE-EX02,AP/SCI,Conceptual Physics,2,2.4,Notes Example,notes,EX02,current-section,U2-MG03,,,,,,,2,Students will describe free fall as motion under the influence of gravity alone and use simple free-fall relationships to determine speed or distance fallen.,I can use $g \approx 10\text{ m/s}^2$ to determine speed gained during free fall.,mathematical reasoning,worked example,constructed-response,instructional,180,figures/unit2-free-fall-speed-pattern.png,Framework approved course figure,,Unit 2 Assessment Plan | Conceptual Physics Framework section archetypes/source packet,
U2-S4-NOTE-YTI02,AP/SCI,Conceptual Physics,2,2.4,Notes YTI,notes,YTI02,current-section,U2-MG03,,,,,,,2,Students will describe free fall as motion under the influence of gravity alone and use simple free-fall relationships to determine speed or distance fallen.,I can use $g \approx 10\text{ m/s}^2$ to determine speed gained during free fall.,mathematical reasoning,you try it,constructed-response,instructional,180,,,,Unit 2 Assessment Plan | Conceptual Physics Framework section archetypes/source packet,
U2-S4-NOTE-EX03,AP/SCI,Conceptual Physics,2,2.4,Notes Example,notes,EX03,current-section,U2-MG03,,,,,,,2,Students will describe free fall as motion under the influence of gravity alone and use simple free-fall relationships to determine speed or distance fallen.,I can use free-fall patterns to compare distance fallen during different time intervals and distinguish free fall from falling with significant air resistance.,model evaluation; mathematical reasoning,worked example,constructed-response,instructional,180,figures/unit2-flawed-freefall-graph.png,graph_tool,TYPE 2,Unit 2 Assessment Plan | Conceptual Physics Framework section archetypes/source packet,
U2-S4-NOTE-YTI03,AP/SCI,Conceptual Physics,2,2.4,Notes YTI,notes,YTI03,current-section,U2-MG03,,,,,,,2,Students will describe free fall as motion under the influence of gravity alone and use simple free-fall relationships to determine speed or distance fallen.,I can use free-fall patterns to compare distance fallen during different time intervals and distinguish free fall from falling with significant air resistance.,model evaluation; mathematical reasoning,you try it,constructed-response,instructional,180,,,,Unit 2 Assessment Plan | Conceptual Physics Framework section archetypes/source packet,
U2-S4-NOTE-EX04,AP/SCI,Conceptual Physics,2,2.4,Notes Example,notes,EX04,current-section,U2-MG03,,,,,,,2,Students will describe free fall as motion under the influence of gravity alone and use simple free-fall relationships to determine speed or distance fallen.,I can explain why objects in free fall accelerate at the same rate when air resistance is ignored.,data interpretation; mathematical reasoning,worked example,constructed-response,instructional,180,,,,Unit 2 Assessment Plan | Conceptual Physics Framework section archetypes/source packet,
U2-S4-NOTE-YTI04,AP/SCI,Conceptual Physics,2,2.4,Notes YTI,notes,YTI04,current-section,U2-MG03,,,,,,,2,Students will describe free fall as motion under the influence of gravity alone and use simple free-fall relationships to determine speed or distance fallen.,I can explain why objects in free fall accelerate at the same rate when air resistance is ignored.,data interpretation; mathematical reasoning,you try it,constructed-response,instructional,180,,,,Unit 2 Assessment Plan | Conceptual Physics Framework section archetypes/source packet,
U2-S4-NOTE-EX05,AP/SCI,Conceptual Physics,2,2.4,Notes Example,notes,EX05,current-section,U2-MG03,,,,,,,2,Students will describe free fall as motion under the influence of gravity alone and use simple free-fall relationships to determine speed or distance fallen.,I can use $g \approx 10\text{ m/s}^2$ to determine speed gained during free fall.,model evaluation; explanation of phenomena,worked example,constructed-response,instructional,180,,,,Unit 2 Assessment Plan | Conceptual Physics Framework section archetypes/source packet,
U2-S4-NOTE-YTI05,AP/SCI,Conceptual Physics,2,2.4,Notes YTI,notes,YTI05,current-section,U2-MG03,,,,,,,2,Students will describe free fall as motion under the influence of gravity alone and use simple free-fall relationships to determine speed or distance fallen.,I can use $g \approx 10\text{ m/s}^2$ to determine speed gained during free fall.,model evaluation; explanation of phenomena,you try it,constructed-response,instructional,180,,,,Unit 2 Assessment Plan | Conceptual Physics Framework section archetypes/source packet,
U2-S5-WTC01,AP/SCI,Conceptual Physics,2,2.5,What's To Come,wtc,WTC01,current-section,U2-MG04,,,,,,,2,"Students will use velocity vectors, motion diagrams, and simple graphs to model and explain the motion of objects.",I can compare velocity vectors to determine whether an object’s velocity is changing.,representation translation,vector prediction,constructed-response,instructional,180,,,,Unit 2 Assessment Plan | Conceptual Physics Framework section archetypes/source packet,
U2-S5-NOTE-EX01,AP/SCI,Conceptual Physics,2,2.5,Notes Example,notes,EX01,current-section,U2-MG04,,,,,,,2,"Students will use velocity vectors, motion diagrams, and simple graphs to model and explain the motion of objects.",I can represent velocity with arrows that show both speed and direction.,representation translation,worked example,constructed-response,instructional,180,figures/unit2-velocity-vector-turn.png,Framework approved course figure,,Unit 2 Assessment Plan | Conceptual Physics Framework section archetypes/source packet,
U2-S5-NOTE-YTI01,AP/SCI,Conceptual Physics,2,2.5,Notes YTI,notes,YTI01,current-section,U2-MG04,,,,,,,2,"Students will use velocity vectors, motion diagrams, and simple graphs to model and explain the motion of objects.",I can represent velocity with arrows that show both speed and direction.,representation translation,you try it,constructed-response,instructional,180,,,,Unit 2 Assessment Plan | Conceptual Physics Framework section archetypes/source packet,
U2-S5-NOTE-EX02,AP/SCI,Conceptual Physics,2,2.5,Notes Example,notes,EX02,current-section,U2-MG04,,,,,,,2,"Students will use velocity vectors, motion diagrams, and simple graphs to model and explain the motion of objects.",I can compare velocity vectors to determine whether an object’s velocity is changing.,mathematical reasoning; modeling,worked example,constructed-response,instructional,180,,,,Unit 2 Assessment Plan | Conceptual Physics Framework section archetypes/source packet,
U2-S5-NOTE-YTI02,AP/SCI,Conceptual Physics,2,2.5,Notes YTI,notes,YTI02,current-section,U2-MG04,,,,,,,2,"Students will use velocity vectors, motion diagrams, and simple graphs to model and explain the motion of objects.",I can compare velocity vectors to determine whether an object’s velocity is changing.,mathematical reasoning; modeling,you try it,constructed-response,instructional,180,,,,Unit 2 Assessment Plan | Conceptual Physics Framework section archetypes/source packet,
U2-S5-NOTE-EX03,AP/SCI,Conceptual Physics,2,2.5,Notes Example,notes,EX03,current-section,U2-MG04,,,,,,,2,"Students will use velocity vectors, motion diagrams, and simple graphs to model and explain the motion of objects.","I can connect motion diagrams, data tables, and graphs to written descriptions of motion and critique an incorrect motion model and revise it using evidence.",develop/evaluate models,worked example,constructed-response,instructional,180,figures/unit2-motion-diagram-spacing.png,Framework approved course figure,,Unit 2 Assessment Plan | Conceptual Physics Framework section archetypes/source packet,
U2-S5-NOTE-YTI03,AP/SCI,Conceptual Physics,2,2.5,Notes YTI,notes,YTI03,current-section,U2-MG04,,,,,,,2,"Students will use velocity vectors, motion diagrams, and simple graphs to model and explain the motion of objects.","I can connect motion diagrams, data tables, and graphs to written descriptions of motion and critique an incorrect motion model and revise it using evidence.",develop/evaluate models,you try it,constructed-response,instructional,180,,,,Unit 2 Assessment Plan | Conceptual Physics Framework section archetypes/source packet,
U2-S5-NOTE-EX04,AP/SCI,Conceptual Physics,2,2.5,Notes Example,notes,EX04,current-section,U2-MG04,,,,,,,2,"Students will use velocity vectors, motion diagrams, and simple graphs to model and explain the motion of objects.",I can represent velocity with arrows that show both speed and direction.,representation translation,worked example,constructed-response,instructional,180,figures/unit2-distance-time-graphs.png,Framework approved course figure,,Unit 2 Assessment Plan | Conceptual Physics Framework section archetypes/source packet,
U2-S5-NOTE-YTI04,AP/SCI,Conceptual Physics,2,2.5,Notes YTI,notes,YTI04,current-section,U2-MG04,,,,,,,2,"Students will use velocity vectors, motion diagrams, and simple graphs to model and explain the motion of objects.",I can represent velocity with arrows that show both speed and direction.,representation translation,you try it,constructed-response,instructional,180,,,,Unit 2 Assessment Plan | Conceptual Physics Framework section archetypes/source packet,
U2-S5-NOTE-EX05,AP/SCI,Conceptual Physics,2,2.5,Notes Example,notes,EX05,current-section,U2-MG04,,,,,,,2,"Students will use velocity vectors, motion diagrams, and simple graphs to model and explain the motion of objects.",I can compare velocity vectors to determine whether an object’s velocity is changing.,develop/evaluate models; representation translation,worked example,constructed-response,instructional,180,,,,Unit 2 Assessment Plan | Conceptual Physics Framework section archetypes/source packet,
U2-S5-NOTE-YTI05,AP/SCI,Conceptual Physics,2,2.5,Notes YTI,notes,YTI05,current-section,U2-MG04,,,,,,,2,"Students will use velocity vectors, motion diagrams, and simple graphs to model and explain the motion of objects.",I can compare velocity vectors to determine whether an object’s velocity is changing.,develop/evaluate models; representation translation,you try it,constructed-response,instructional,180,,,,Unit 2 Assessment Plan | Conceptual Physics Framework section archetypes/source packet,
U2-S1-PS1-Q01,AP/SCI,Conceptual Physics,2,2.1,Practice Set 1,practice,PS1-Q01,current-section,U2-MG01,,,,U2-S1-PF01,conceptual_reword,,2,Students will explain that motion is relative and describe an object’s motion using an appropriate frame of reference.,I can explain why an object can be moving relative to one reference frame but not another.,modeling; perspective/representation reasoning; explanation,short constructed response,constructed-response,instructional,110,,,,Unit 2 Assessment Plan | Conceptual Physics Framework section archetypes/source packet,
U2-S1-PS2-Q01,AP/SCI,Conceptual Physics,2,2.1,Practice Set 2,practice,PS2-Q01,current-section,U2-MG01,,,,U2-S1-PF01,conceptual_reword,,2,Students will explain that motion is relative and describe an object’s motion using an appropriate frame of reference.,I can explain why an object can be moving relative to one reference frame but not another.,modeling; perspective/representation reasoning; explanation,short constructed response,constructed-response,instructional,110,,,,Unit 2 Assessment Plan | Conceptual Physics Framework section archetypes/source packet,
U2-S1-PS3-Q01,AP/SCI,Conceptual Physics,2,2.1,Practice Set 3,practice,PS3-Q01,current-section,U2-MG01,,,,U2-S1-PF01,conceptual_reword,,2,Students will explain that motion is relative and describe an object’s motion using an appropriate frame of reference.,I can explain why an object can be moving relative to one reference frame but not another.,modeling; perspective/representation reasoning; explanation,selected response,multiple-choice,instructional,80,,,,Unit 2 Assessment Plan | Conceptual Physics Framework section archetypes/source packet,
U2-S1-XP-Q01,AP/SCI,Conceptual Physics,2,2.1,Extra Practice,practice,XP-Q01,current-section,U2-MG01,,,,U2-S1-PF01,conceptual_reword,,2,Students will explain that motion is relative and describe an object’s motion using an appropriate frame of reference.,I can explain why an object can be moving relative to one reference frame but not another.,modeling; perspective/representation reasoning; explanation,short constructed response,constructed-response,instructional,110,,,,Unit 2 Assessment Plan | Conceptual Physics Framework section archetypes/source packet,
U2-S1-PS1-Q02,AP/SCI,Conceptual Physics,2,2.1,Practice Set 1,practice,PS1-Q02,current-section,U2-MG01,,,,U2-S1-PF02,reasoning_shift,,2,Students will explain that motion is relative and describe an object’s motion using an appropriate frame of reference.,I can identify the reference frame used in a motion description.,modeling; perspective/representation reasoning; explanation,short constructed response,constructed-response,instructional,110,,,,Unit 2 Assessment Plan | Conceptual Physics Framework section archetypes/source packet,
U2-S1-PS2-Q02,AP/SCI,Conceptual Physics,2,2.1,Practice Set 2,practice,PS2-Q02,current-section,U2-MG01,,,,U2-S1-PF02,reasoning_shift,,2,Students will explain that motion is relative and describe an object’s motion using an appropriate frame of reference.,I can identify the reference frame used in a motion description.,modeling; perspective/representation reasoning; explanation,short constructed response,constructed-response,instructional,110,,,,Unit 2 Assessment Plan | Conceptual Physics Framework section archetypes/source packet,
U2-S1-PS3-Q02,AP/SCI,Conceptual Physics,2,2.1,Practice Set 3,practice,PS3-Q02,current-section,U2-MG01,,,,U2-S1-PF02,reasoning_shift,,2,Students will explain that motion is relative and describe an object’s motion using an appropriate frame of reference.,I can identify the reference frame used in a motion description.,modeling; perspective/representation reasoning; explanation,selected response,multiple-choice,instructional,80,,,,Unit 2 Assessment Plan | Conceptual Physics Framework section archetypes/source packet,
U2-S1-XP-Q02,AP/SCI,Conceptual Physics,2,2.1,Extra Practice,practice,XP-Q02,current-section,U2-MG01,,,,U2-S1-PF02,reasoning_shift,,2,Students will explain that motion is relative and describe an object’s motion using an appropriate frame of reference.,I can identify the reference frame used in a motion description.,modeling; perspective/representation reasoning; explanation,short constructed response,constructed-response,instructional,110,,,,Unit 2 Assessment Plan | Conceptual Physics Framework section archetypes/source packet,
U2-S1-PS1-Q03,AP/SCI,Conceptual Physics,2,2.1,Practice Set 1,practice,PS1-Q03,current-section,U2-MG01,,,,U2-S1-PF03,routine_procedural_numeric,,2,Students will explain that motion is relative and describe an object’s motion using an appropriate frame of reference.,I can compare motion from two different points of view and explain why everyday motion is usually described relative to Earth’s surface.,modeling; perspective/representation reasoning; explanation,short constructed response,constructed-response,instructional,110,,,,Unit 2 Assessment Plan | Conceptual Physics Framework section archetypes/source packet,
U2-S1-PS2-Q03,AP/SCI,Conceptual Physics,2,2.1,Practice Set 2,practice,PS2-Q03,current-section,U2-MG01,,,,U2-S1-PF03,routine_procedural_numeric,,2,Students will explain that motion is relative and describe an object’s motion using an appropriate frame of reference.,I can compare motion from two different points of view and explain why everyday motion is usually described relative to Earth’s surface.,modeling; perspective/representation reasoning; explanation,short constructed response,constructed-response,instructional,110,,,,Unit 2 Assessment Plan | Conceptual Physics Framework section archetypes/source packet,
U2-S1-PS3-Q03,AP/SCI,Conceptual Physics,2,2.1,Practice Set 3,practice,PS3-Q03,current-section,U2-MG01,,,,U2-S1-PF03,routine_procedural_numeric,,2,Students will explain that motion is relative and describe an object’s motion using an appropriate frame of reference.,I can compare motion from two different points of view and explain why everyday motion is usually described relative to Earth’s surface.,modeling; perspective/representation reasoning; explanation,selected response,multiple-choice,instructional,80,,,,Unit 2 Assessment Plan | Conceptual Physics Framework section archetypes/source packet,
U2-S1-XP-Q03,AP/SCI,Conceptual Physics,2,2.1,Extra Practice,practice,XP-Q03,current-section,U2-MG01,,,,U2-S1-PF03,routine_procedural_numeric,,2,Students will explain that motion is relative and describe an object’s motion using an appropriate frame of reference.,I can compare motion from two different points of view and explain why everyday motion is usually described relative to Earth’s surface.,modeling; perspective/representation reasoning; explanation,short constructed response,constructed-response,instructional,110,,,,Unit 2 Assessment Plan | Conceptual Physics Framework section archetypes/source packet,
U2-S1-PS1-Q04,AP/SCI,Conceptual Physics,2,2.1,Practice Set 1,practice,PS1-Q04,current-section,U2-MG01,,,,U2-S1-PF04,conceptual_reword,,2,Students will explain that motion is relative and describe an object’s motion using an appropriate frame of reference.,I can explain why an object can be moving relative to one reference frame but not another.,modeling; perspective/representation reasoning; explanation,short constructed response,constructed-response,instructional,110,,,,Unit 2 Assessment Plan | Conceptual Physics Framework section archetypes/source packet,
U2-S1-PS2-Q04,AP/SCI,Conceptual Physics,2,2.1,Practice Set 2,practice,PS2-Q04,current-section,U2-MG01,,,,U2-S1-PF04,conceptual_reword,,2,Students will explain that motion is relative and describe an object’s motion using an appropriate frame of reference.,I can explain why an object can be moving relative to one reference frame but not another.,modeling; perspective/representation reasoning; explanation,short constructed response,constructed-response,instructional,110,,,,Unit 2 Assessment Plan | Conceptual Physics Framework section archetypes/source packet,
U2-S1-PS3-Q04,AP/SCI,Conceptual Physics,2,2.1,Practice Set 3,practice,PS3-Q04,current-section,U2-MG01,,,,U2-S1-PF04,conceptual_reword,,2,Students will explain that motion is relative and describe an object’s motion using an appropriate frame of reference.,I can explain why an object can be moving relative to one reference frame but not another.,modeling; perspective/representation reasoning; explanation,selected response,multiple-choice,instructional,80,,,,Unit 2 Assessment Plan | Conceptual Physics Framework section archetypes/source packet,
U2-S1-XP-Q04,AP/SCI,Conceptual Physics,2,2.1,Extra Practice,practice,XP-Q04,current-section,U2-MG01,,,,U2-S1-PF04,conceptual_reword,,2,Students will explain that motion is relative and describe an object’s motion using an appropriate frame of reference.,I can explain why an object can be moving relative to one reference frame but not another.,modeling; perspective/representation reasoning; explanation,short constructed response,constructed-response,instructional,110,,,,Unit 2 Assessment Plan | Conceptual Physics Framework section archetypes/source packet,
U2-S1-PS1-Q05,AP/SCI,Conceptual Physics,2,2.1,Practice Set 1,practice,PS1-Q05,current-section,U2-MG01,,,,U2-S1-PF05,context_shift,,2,Students will explain that motion is relative and describe an object’s motion using an appropriate frame of reference.,I can identify the reference frame used in a motion description.,modeling; perspective/representation reasoning; explanation,short constructed response,constructed-response,instructional,110,,,,Unit 2 Assessment Plan | Conceptual Physics Framework section archetypes/source packet,
U2-S1-PS2-Q05,AP/SCI,Conceptual Physics,2,2.1,Practice Set 2,practice,PS2-Q05,current-section,U2-MG01,,,,U2-S1-PF05,context_shift,,2,Students will explain that motion is relative and describe an object’s motion using an appropriate frame of reference.,I can identify the reference frame used in a motion description.,modeling; perspective/representation reasoning; explanation,short constructed response,constructed-response,instructional,110,,,,Unit 2 Assessment Plan | Conceptual Physics Framework section archetypes/source packet,
U2-S1-PS3-Q05,AP/SCI,Conceptual Physics,2,2.1,Practice Set 3,practice,PS3-Q05,current-section,U2-MG01,,,,U2-S1-PF05,context_shift,,2,Students will explain that motion is relative and describe an object’s motion using an appropriate frame of reference.,I can identify the reference frame used in a motion description.,modeling; perspective/representation reasoning; explanation,selected response,multiple-choice,instructional,80,,,,Unit 2 Assessment Plan | Conceptual Physics Framework section archetypes/source packet,
U2-S1-XP-Q05,AP/SCI,Conceptual Physics,2,2.1,Extra Practice,practice,XP-Q05,current-section,U2-MG01,,,,U2-S1-PF05,context_shift,,2,Students will explain that motion is relative and describe an object’s motion using an appropriate frame of reference.,I can identify the reference frame used in a motion description.,modeling; perspective/representation reasoning; explanation,short constructed response,constructed-response,instructional,110,,,,Unit 2 Assessment Plan | Conceptual Physics Framework section archetypes/source packet,
U2-S1-PS1-Q06,AP/SCI,Conceptual Physics,2,2.1,Practice Set 1,practice,PS1-Q06,current-section,U2-MG01,,,,U2-S1-PF06,reasoning_shift,,2,Students will explain that motion is relative and describe an object’s motion using an appropriate frame of reference.,I can compare motion from two different points of view and explain why everyday motion is usually described relative to Earth’s surface.,modeling; perspective/representation reasoning; explanation,short constructed response,constructed-response,instructional,110,,,,Unit 2 Assessment Plan | Conceptual Physics Framework section archetypes/source packet,
U2-S1-PS2-Q06,AP/SCI,Conceptual Physics,2,2.1,Practice Set 2,practice,PS2-Q06,current-section,U2-MG01,,,,U2-S1-PF06,reasoning_shift,,2,Students will explain that motion is relative and describe an object’s motion using an appropriate frame of reference.,I can compare motion from two different points of view and explain why everyday motion is usually described relative to Earth’s surface.,modeling; perspective/representation reasoning; explanation,short constructed response,constructed-response,instructional,110,,,,Unit 2 Assessment Plan | Conceptual Physics Framework section archetypes/source packet,
U2-S1-PS3-Q06,AP/SCI,Conceptual Physics,2,2.1,Practice Set 3,practice,PS3-Q06,current-section,U2-MG01,,,,U2-S1-PF06,reasoning_shift,,2,Students will explain that motion is relative and describe an object’s motion using an appropriate frame of reference.,I can compare motion from two different points of view and explain why everyday motion is usually described relative to Earth’s surface.,modeling; perspective/representation reasoning; explanation,selected response,multiple-choice,instructional,80,,,,Unit 2 Assessment Plan | Conceptual Physics Framework section archetypes/source packet,
U2-S1-XP-Q06,AP/SCI,Conceptual Physics,2,2.1,Extra Practice,practice,XP-Q06,current-section,U2-MG01,,,,U2-S1-PF06,reasoning_shift,,2,Students will explain that motion is relative and describe an object’s motion using an appropriate frame of reference.,I can compare motion from two different points of view and explain why everyday motion is usually described relative to Earth’s surface.,modeling; perspective/representation reasoning; explanation,short constructed response,constructed-response,instructional,110,,,,Unit 2 Assessment Plan | Conceptual Physics Framework section archetypes/source packet,
U2-S1-PS1-Q07,AP/SCI,Conceptual Physics,2,2.1,Practice Set 1,practice,PS1-Q07,current-section,U2-MG01,,,,U2-S1-PF07,representation_shift,,2,Students will explain that motion is relative and describe an object’s motion using an appropriate frame of reference.,I can explain why an object can be moving relative to one reference frame but not another.,modeling; perspective/representation reasoning; explanation,short constructed response,constructed-response,instructional,110,,,,Unit 2 Assessment Plan | Conceptual Physics Framework section archetypes/source packet,
U2-S1-PS2-Q07,AP/SCI,Conceptual Physics,2,2.1,Practice Set 2,practice,PS2-Q07,current-section,U2-MG01,,,,U2-S1-PF07,representation_shift,,2,Students will explain that motion is relative and describe an object’s motion using an appropriate frame of reference.,I can explain why an object can be moving relative to one reference frame but not another.,modeling; perspective/representation reasoning; explanation,short constructed response,constructed-response,instructional,110,,,,Unit 2 Assessment Plan | Conceptual Physics Framework section archetypes/source packet,
U2-S1-PS3-Q07,AP/SCI,Conceptual Physics,2,2.1,Practice Set 3,practice,PS3-Q07,current-section,U2-MG01,,,,U2-S1-PF07,representation_shift,,2,Students will explain that motion is relative and describe an object’s motion using an appropriate frame of reference.,I can explain why an object can be moving relative to one reference frame but not another.,modeling; perspective/representation reasoning; explanation,selected response,multiple-choice,instructional,80,,,,Unit 2 Assessment Plan | Conceptual Physics Framework section archetypes/source packet,
U2-S1-XP-Q07,AP/SCI,Conceptual Physics,2,2.1,Extra Practice,practice,XP-Q07,current-section,U2-MG01,,,,U2-S1-PF07,representation_shift,,2,Students will explain that motion is relative and describe an object’s motion using an appropriate frame of reference.,I can explain why an object can be moving relative to one reference frame but not another.,modeling; perspective/representation reasoning; explanation,short constructed response,constructed-response,instructional,110,,,,Unit 2 Assessment Plan | Conceptual Physics Framework section archetypes/source packet,
U2-S1-PS1-Q08,AP/SCI,Conceptual Physics,2,2.1,Practice Set 1,practice,PS1-Q08,current-section,U2-MG01,,,,U2-S1-PF08,representation_shift,,2,Students will explain that motion is relative and describe an object’s motion using an appropriate frame of reference.,I can identify the reference frame used in a motion description.,modeling; perspective/representation reasoning; explanation,short constructed response,constructed-response,instructional,110,,,,Unit 2 Assessment Plan | Conceptual Physics Framework section archetypes/source packet,
U2-S1-PS2-Q08,AP/SCI,Conceptual Physics,2,2.1,Practice Set 2,practice,PS2-Q08,current-section,U2-MG01,,,,U2-S1-PF08,representation_shift,,2,Students will explain that motion is relative and describe an object’s motion using an appropriate frame of reference.,I can identify the reference frame used in a motion description.,modeling; perspective/representation reasoning; explanation,short constructed response,constructed-response,instructional,110,,,,Unit 2 Assessment Plan | Conceptual Physics Framework section archetypes/source packet,
U2-S1-PS3-Q08,AP/SCI,Conceptual Physics,2,2.1,Practice Set 3,practice,PS3-Q08,current-section,U2-MG01,,,,U2-S1-PF08,representation_shift,,2,Students will explain that motion is relative and describe an object’s motion using an appropriate frame of reference.,I can identify the reference frame used in a motion description.,modeling; perspective/representation reasoning; explanation,selected response,multiple-choice,instructional,80,,,,Unit 2 Assessment Plan | Conceptual Physics Framework section archetypes/source packet,
U2-S1-XP-Q08,AP/SCI,Conceptual Physics,2,2.1,Extra Practice,practice,XP-Q08,current-section,U2-MG01,,,,U2-S1-PF08,representation_shift,,2,Students will explain that motion is relative and describe an object’s motion using an appropriate frame of reference.,I can identify the reference frame used in a motion description.,modeling; perspective/representation reasoning; explanation,short constructed response,constructed-response,instructional,110,,,,Unit 2 Assessment Plan | Conceptual Physics Framework section archetypes/source packet,
U2-S1-PS1-Q09,AP/SCI,Conceptual Physics,2,2.1,Practice Set 1,practice,PS1-Q09,current-section,U2-MG01,,,,U2-S1-PF09,reasoning_shift,reference-frame choice/validity -> apply or justify frame,2,Students will explain that motion is relative and describe an object’s motion using an appropriate frame of reference.,I can compare motion from two different points of view and explain why everyday motion is usually described relative to Earth’s surface.,modeling; perspective/representation reasoning; explanation,short constructed response,constructed-response,instructional,110,,,,Unit 2 Assessment Plan | Conceptual Physics Framework section archetypes/source packet,
U2-S1-PS2-Q09,AP/SCI,Conceptual Physics,2,2.1,Practice Set 2,practice,PS2-Q09,current-section,U2-MG01,,,,U2-S1-PF09,reasoning_shift,reference-frame choice/validity -> apply or justify frame,2,Students will explain that motion is relative and describe an object’s motion using an appropriate frame of reference.,I can compare motion from two different points of view and explain why everyday motion is usually described relative to Earth’s surface.,modeling; perspective/representation reasoning; explanation,short constructed response,constructed-response,instructional,110,,,,Unit 2 Assessment Plan | Conceptual Physics Framework section archetypes/source packet,
U2-S1-PS3-Q09,AP/SCI,Conceptual Physics,2,2.1,Practice Set 3,practice,PS3-Q09,current-section,U2-MG01,,,,U2-S1-PF09,reasoning_shift,reference-frame choice/validity -> apply or justify frame,2,Students will explain that motion is relative and describe an object’s motion using an appropriate frame of reference.,I can compare motion from two different points of view and explain why everyday motion is usually described relative to Earth’s surface.,modeling; perspective/representation reasoning; explanation,selected response,multiple-choice,instructional,80,,,,Unit 2 Assessment Plan | Conceptual Physics Framework section archetypes/source packet,
U2-S1-XP-Q09,AP/SCI,Conceptual Physics,2,2.1,Extra Practice,practice,XP-Q09,current-section,U2-MG01,,,,U2-S1-PF09,reasoning_shift,reference-frame choice/validity -> apply or justify frame,2,Students will explain that motion is relative and describe an object’s motion using an appropriate frame of reference.,I can compare motion from two different points of view and explain why everyday motion is usually described relative to Earth’s surface.,modeling; perspective/representation reasoning; explanation,short constructed response,constructed-response,instructional,110,,,,Unit 2 Assessment Plan | Conceptual Physics Framework section archetypes/source packet,
U2-S1-PS1-Q10,AP/SCI,Conceptual Physics,2,2.1,Practice Set 1,practice,PS1-Q10,current-section,U2-MG01,,,,U2-S1-PF10,context_shift,,2,Students will explain that motion is relative and describe an object’s motion using an appropriate frame of reference.,I can explain why an object can be moving relative to one reference frame but not another.,modeling; perspective/representation reasoning; explanation,short constructed response,constructed-response,instructional,110,,,,Unit 2 Assessment Plan | Conceptual Physics Framework section archetypes/source packet,
U2-S1-PS2-Q10,AP/SCI,Conceptual Physics,2,2.1,Practice Set 2,practice,PS2-Q10,current-section,U2-MG01,,,,U2-S1-PF10,context_shift,,2,Students will explain that motion is relative and describe an object’s motion using an appropriate frame of reference.,I can explain why an object can be moving relative to one reference frame but not another.,modeling; perspective/representation reasoning; explanation,short constructed response,constructed-response,instructional,110,,,,Unit 2 Assessment Plan | Conceptual Physics Framework section archetypes/source packet,
U2-S1-PS3-Q10,AP/SCI,Conceptual Physics,2,2.1,Practice Set 3,practice,PS3-Q10,current-section,U2-MG01,,,,U2-S1-PF10,context_shift,,2,Students will explain that motion is relative and describe an object’s motion using an appropriate frame of reference.,I can explain why an object can be moving relative to one reference frame but not another.,modeling; perspective/representation reasoning; explanation,selected response,multiple-choice,instructional,80,,,,Unit 2 Assessment Plan | Conceptual Physics Framework section archetypes/source packet,
U2-S1-XP-Q10,AP/SCI,Conceptual Physics,2,2.1,Extra Practice,practice,XP-Q10,current-section,U2-MG01,,,,U2-S1-PF10,context_shift,,2,Students will explain that motion is relative and describe an object’s motion using an appropriate frame of reference.,I can explain why an object can be moving relative to one reference frame but not another.,modeling; perspective/representation reasoning; explanation,short constructed response,constructed-response,instructional,110,,,,Unit 2 Assessment Plan | Conceptual Physics Framework section archetypes/source packet,
U2-S1-PS1-Q11,AP/SCI,Conceptual Physics,2,2.1,Practice Set 1,practice,PS1-Q11,current-section,U2-MG01,,,,U2-S1-PF01,reasoning_shift,,2,Students will explain that motion is relative and describe an object’s motion using an appropriate frame of reference.,I can identify the reference frame used in a motion description.,modeling; perspective/representation reasoning; explanation,short constructed response,constructed-response,instructional,110,,,,Unit 2 Assessment Plan | Conceptual Physics Framework section archetypes/source packet,
U2-S1-PS2-Q11,AP/SCI,Conceptual Physics,2,2.1,Practice Set 2,practice,PS2-Q11,current-section,U2-MG01,,,,U2-S1-PF01,reasoning_shift,,2,Students will explain that motion is relative and describe an object’s motion using an appropriate frame of reference.,I can identify the reference frame used in a motion description.,modeling; perspective/representation reasoning; explanation,short constructed response,constructed-response,instructional,110,,,,Unit 2 Assessment Plan | Conceptual Physics Framework section archetypes/source packet,
U2-S1-PS3-Q11,AP/SCI,Conceptual Physics,2,2.1,Practice Set 3,practice,PS3-Q11,current-section,U2-MG01,,,,U2-S1-PF01,reasoning_shift,,2,Students will explain that motion is relative and describe an object’s motion using an appropriate frame of reference.,I can identify the reference frame used in a motion description.,modeling; perspective/representation reasoning; explanation,selected response,multiple-choice,instructional,80,,,,Unit 2 Assessment Plan | Conceptual Physics Framework section archetypes/source packet,
U2-S1-XP-Q11,AP/SCI,Conceptual Physics,2,2.1,Extra Practice,practice,XP-Q11,current-section,U2-MG01,,,,U2-S1-PF01,reasoning_shift,,2,Students will explain that motion is relative and describe an object’s motion using an appropriate frame of reference.,I can identify the reference frame used in a motion description.,modeling; perspective/representation reasoning; explanation,short constructed response,constructed-response,instructional,110,,,,Unit 2 Assessment Plan | Conceptual Physics Framework section archetypes/source packet,
U2-S1-PS1-Q12,AP/SCI,Conceptual Physics,2,2.1,Practice Set 1,practice,PS1-Q12,current-section,U2-MG01,,,,U2-S1-PF02,representation_shift,,2,Students will explain that motion is relative and describe an object’s motion using an appropriate frame of reference.,I can compare motion from two different points of view and explain why everyday motion is usually described relative to Earth’s surface.,modeling; perspective/representation reasoning; explanation,short constructed response,constructed-response,instructional,110,,,,Unit 2 Assessment Plan | Conceptual Physics Framework section archetypes/source packet,
U2-S1-PS2-Q12,AP/SCI,Conceptual Physics,2,2.1,Practice Set 2,practice,PS2-Q12,current-section,U2-MG01,,,,U2-S1-PF02,representation_shift,,2,Students will explain that motion is relative and describe an object’s motion using an appropriate frame of reference.,I can compare motion from two different points of view and explain why everyday motion is usually described relative to Earth’s surface.,modeling; perspective/representation reasoning; explanation,short constructed response,constructed-response,instructional,110,,,,Unit 2 Assessment Plan | Conceptual Physics Framework section archetypes/source packet,
U2-S1-PS3-Q12,AP/SCI,Conceptual Physics,2,2.1,Practice Set 3,practice,PS3-Q12,current-section,U2-MG01,,,,U2-S1-PF02,representation_shift,,2,Students will explain that motion is relative and describe an object’s motion using an appropriate frame of reference.,I can compare motion from two different points of view and explain why everyday motion is usually described relative to Earth’s surface.,modeling; perspective/representation reasoning; explanation,selected response,multiple-choice,instructional,80,,,,Unit 2 Assessment Plan | Conceptual Physics Framework section archetypes/source packet,
U2-S1-XP-Q12,AP/SCI,Conceptual Physics,2,2.1,Extra Practice,practice,XP-Q12,current-section,U2-MG01,,,,U2-S1-PF02,representation_shift,,2,Students will explain that motion is relative and describe an object’s motion using an appropriate frame of reference.,I can compare motion from two different points of view and explain why everyday motion is usually described relative to Earth’s surface.,modeling; perspective/representation reasoning; explanation,short constructed response,constructed-response,instructional,110,,,,Unit 2 Assessment Plan | Conceptual Physics Framework section archetypes/source packet,
U2-S1-PS1-Q13,AP/SCI,Conceptual Physics,2,2.1,Practice Set 1,practice,PS1-Q13,current-section,U2-MG01,,,,U2-S1-PF03,routine_procedural_numeric,,2,Students will explain that motion is relative and describe an object’s motion using an appropriate frame of reference.,I can explain why an object can be moving relative to one reference frame but not another.,modeling; perspective/representation reasoning; explanation,short constructed response,constructed-response,instructional,110,,,,Unit 2 Assessment Plan | Conceptual Physics Framework section archetypes/source packet,
U2-S1-PS2-Q13,AP/SCI,Conceptual Physics,2,2.1,Practice Set 2,practice,PS2-Q13,current-section,U2-MG01,,,,U2-S1-PF03,routine_procedural_numeric,,2,Students will explain that motion is relative and describe an object’s motion using an appropriate frame of reference.,I can explain why an object can be moving relative to one reference frame but not another.,modeling; perspective/representation reasoning; explanation,short constructed response,constructed-response,instructional,110,,,,Unit 2 Assessment Plan | Conceptual Physics Framework section archetypes/source packet,
U2-S1-PS3-Q13,AP/SCI,Conceptual Physics,2,2.1,Practice Set 3,practice,PS3-Q13,current-section,U2-MG01,,,,U2-S1-PF03,routine_procedural_numeric,,2,Students will explain that motion is relative and describe an object’s motion using an appropriate frame of reference.,I can explain why an object can be moving relative to one reference frame but not another.,modeling; perspective/representation reasoning; explanation,selected response,multiple-choice,instructional,80,,,,Unit 2 Assessment Plan | Conceptual Physics Framework section archetypes/source packet,
U2-S1-XP-Q13,AP/SCI,Conceptual Physics,2,2.1,Extra Practice,practice,XP-Q13,current-section,U2-MG01,,,,U2-S1-PF03,routine_procedural_numeric,,2,Students will explain that motion is relative and describe an object’s motion using an appropriate frame of reference.,I can explain why an object can be moving relative to one reference frame but not another.,modeling; perspective/representation reasoning; explanation,short constructed response,constructed-response,instructional,110,,,,Unit 2 Assessment Plan | Conceptual Physics Framework section archetypes/source packet,
U2-S1-PS1-Q14,AP/SCI,Conceptual Physics,2,2.1,Practice Set 1,practice,PS1-Q14,current-section,U2-MG01,,,,U2-S1-PF04,reasoning_shift,,2,Students will explain that motion is relative and describe an object’s motion using an appropriate frame of reference.,I can identify the reference frame used in a motion description.,modeling; perspective/representation reasoning; explanation,short constructed response,constructed-response,instructional,110,,,,Unit 2 Assessment Plan | Conceptual Physics Framework section archetypes/source packet,
U2-S1-PS2-Q14,AP/SCI,Conceptual Physics,2,2.1,Practice Set 2,practice,PS2-Q14,current-section,U2-MG01,,,,U2-S1-PF04,reasoning_shift,,2,Students will explain that motion is relative and describe an object’s motion using an appropriate frame of reference.,I can identify the reference frame used in a motion description.,modeling; perspective/representation reasoning; explanation,short constructed response,constructed-response,instructional,110,,,,Unit 2 Assessment Plan | Conceptual Physics Framework section archetypes/source packet,
U2-S1-PS3-Q14,AP/SCI,Conceptual Physics,2,2.1,Practice Set 3,practice,PS3-Q14,current-section,U2-MG01,,,,U2-S1-PF04,reasoning_shift,,2,Students will explain that motion is relative and describe an object’s motion using an appropriate frame of reference.,I can identify the reference frame used in a motion description.,modeling; perspective/representation reasoning; explanation,selected response,multiple-choice,instructional,80,,,,Unit 2 Assessment Plan | Conceptual Physics Framework section archetypes/source packet,
U2-S1-XP-Q14,AP/SCI,Conceptual Physics,2,2.1,Extra Practice,practice,XP-Q14,current-section,U2-MG01,,,,U2-S1-PF04,reasoning_shift,,2,Students will explain that motion is relative and describe an object’s motion using an appropriate frame of reference.,I can identify the reference frame used in a motion description.,modeling; perspective/representation reasoning; explanation,short constructed response,constructed-response,instructional,110,,,,Unit 2 Assessment Plan | Conceptual Physics Framework section archetypes/source packet,
U2-S1-PS1-Q15,AP/SCI,Conceptual Physics,2,2.1,Practice Set 1,practice,PS1-Q15,current-section,U2-MG01,,,,U2-S1-PF05,reasoning_shift,,2,Students will explain that motion is relative and describe an object’s motion using an appropriate frame of reference.,I can compare motion from two different points of view and explain why everyday motion is usually described relative to Earth’s surface.,modeling; perspective/representation reasoning; explanation,short constructed response,constructed-response,instructional,110,,,,Unit 2 Assessment Plan | Conceptual Physics Framework section archetypes/source packet,
U2-S1-PS2-Q15,AP/SCI,Conceptual Physics,2,2.1,Practice Set 2,practice,PS2-Q15,current-section,U2-MG01,,,,U2-S1-PF05,reasoning_shift,,2,Students will explain that motion is relative and describe an object’s motion using an appropriate frame of reference.,I can compare motion from two different points of view and explain why everyday motion is usually described relative to Earth’s surface.,modeling; perspective/representation reasoning; explanation,short constructed response,constructed-response,instructional,110,,,,Unit 2 Assessment Plan | Conceptual Physics Framework section archetypes/source packet,
U2-S1-PS3-Q15,AP/SCI,Conceptual Physics,2,2.1,Practice Set 3,practice,PS3-Q15,current-section,U2-MG01,,,,U2-S1-PF05,reasoning_shift,,2,Students will explain that motion is relative and describe an object’s motion using an appropriate frame of reference.,I can compare motion from two different points of view and explain why everyday motion is usually described relative to Earth’s surface.,modeling; perspective/representation reasoning; explanation,selected response,multiple-choice,instructional,80,,,,Unit 2 Assessment Plan | Conceptual Physics Framework section archetypes/source packet,
U2-S1-XP-Q15,AP/SCI,Conceptual Physics,2,2.1,Extra Practice,practice,XP-Q15,current-section,U2-MG01,,,,U2-S1-PF05,reasoning_shift,,2,Students will explain that motion is relative and describe an object’s motion using an appropriate frame of reference.,I can compare motion from two different points of view and explain why everyday motion is usually described relative to Earth’s surface.,modeling; perspective/representation reasoning; explanation,short constructed response,constructed-response,instructional,110,,,,Unit 2 Assessment Plan | Conceptual Physics Framework section archetypes/source packet,
U2-S1-PS1-Q16,AP/SCI,Conceptual Physics,2,2.1,Practice Set 1,practice,PS1-Q16,current-section,U2-MG01,,,,U2-S1-PF06,context_shift,,2,Students will explain that motion is relative and describe an object’s motion using an appropriate frame of reference.,I can explain why an object can be moving relative to one reference frame but not another.,modeling; perspective/representation reasoning; explanation,short constructed response,constructed-response,instructional,110,,,,Unit 2 Assessment Plan | Conceptual Physics Framework section archetypes/source packet,
U2-S1-PS2-Q16,AP/SCI,Conceptual Physics,2,2.1,Practice Set 2,practice,PS2-Q16,current-section,U2-MG01,,,,U2-S1-PF06,context_shift,,2,Students will explain that motion is relative and describe an object’s motion using an appropriate frame of reference.,I can explain why an object can be moving relative to one reference frame but not another.,modeling; perspective/representation reasoning; explanation,short constructed response,constructed-response,instructional,110,,,,Unit 2 Assessment Plan | Conceptual Physics Framework section archetypes/source packet,
U2-S1-PS3-Q16,AP/SCI,Conceptual Physics,2,2.1,Practice Set 3,practice,PS3-Q16,current-section,U2-MG01,,,,U2-S1-PF06,context_shift,,2,Students will explain that motion is relative and describe an object’s motion using an appropriate frame of reference.,I can explain why an object can be moving relative to one reference frame but not another.,modeling; perspective/representation reasoning; explanation,selected response,multiple-choice,instructional,80,,,,Unit 2 Assessment Plan | Conceptual Physics Framework section archetypes/source packet,
U2-S1-XP-Q16,AP/SCI,Conceptual Physics,2,2.1,Extra Practice,practice,XP-Q16,current-section,U2-MG01,,,,U2-S1-PF06,context_shift,,2,Students will explain that motion is relative and describe an object’s motion using an appropriate frame of reference.,I can explain why an object can be moving relative to one reference frame but not another.,modeling; perspective/representation reasoning; explanation,short constructed response,constructed-response,instructional,110,,,,Unit 2 Assessment Plan | Conceptual Physics Framework section archetypes/source packet,
U2-S1-PS1-Q17,AP/SCI,Conceptual Physics,2,2.1,Practice Set 1,practice,PS1-Q17,current-section,U2-MG01,,,,U2-S1-PF07,reasoning_shift,,2,Students will explain that motion is relative and describe an object’s motion using an appropriate frame of reference.,I can identify the reference frame used in a motion description.,modeling; perspective/representation reasoning; explanation,short constructed response,constructed-response,instructional,110,,,,Unit 2 Assessment Plan | Conceptual Physics Framework section archetypes/source packet,
U2-S1-PS2-Q17,AP/SCI,Conceptual Physics,2,2.1,Practice Set 2,practice,PS2-Q17,current-section,U2-MG01,,,,U2-S1-PF07,reasoning_shift,,2,Students will explain that motion is relative and describe an object’s motion using an appropriate frame of reference.,I can identify the reference frame used in a motion description.,modeling; perspective/representation reasoning; explanation,short constructed response,constructed-response,instructional,110,,,,Unit 2 Assessment Plan | Conceptual Physics Framework section archetypes/source packet,
U2-S1-PS3-Q17,AP/SCI,Conceptual Physics,2,2.1,Practice Set 3,practice,PS3-Q17,current-section,U2-MG01,,,,U2-S1-PF07,reasoning_shift,,2,Students will explain that motion is relative and describe an object’s motion using an appropriate frame of reference.,I can identify the reference frame used in a motion description.,modeling; perspective/representation reasoning; explanation,selected response,multiple-choice,instructional,80,,,,Unit 2 Assessment Plan | Conceptual Physics Framework section archetypes/source packet,
U2-S1-XP-Q17,AP/SCI,Conceptual Physics,2,2.1,Extra Practice,practice,XP-Q17,current-section,U2-MG01,,,,U2-S1-PF07,reasoning_shift,,2,Students will explain that motion is relative and describe an object’s motion using an appropriate frame of reference.,I can identify the reference frame used in a motion description.,modeling; perspective/representation reasoning; explanation,short constructed response,constructed-response,instructional,110,,,,Unit 2 Assessment Plan | Conceptual Physics Framework section archetypes/source packet,
U2-S1-PS1-Q18,AP/SCI,Conceptual Physics,2,2.1,Practice Set 1,practice,PS1-Q18,current-section,U2-MG01,,,,U2-S1-PF08,reasoning_shift,,2,Students will explain that motion is relative and describe an object’s motion using an appropriate frame of reference.,I can compare motion from two different points of view and explain why everyday motion is usually described relative to Earth’s surface.,modeling; perspective/representation reasoning; explanation,short constructed response,constructed-response,instructional,110,,,,Unit 2 Assessment Plan | Conceptual Physics Framework section archetypes/source packet,
U2-S1-PS2-Q18,AP/SCI,Conceptual Physics,2,2.1,Practice Set 2,practice,PS2-Q18,current-section,U2-MG01,,,,U2-S1-PF08,reasoning_shift,,2,Students will explain that motion is relative and describe an object’s motion using an appropriate frame of reference.,I can compare motion from two different points of view and explain why everyday motion is usually described relative to Earth’s surface.,modeling; perspective/representation reasoning; explanation,short constructed response,constructed-response,instructional,110,,,,Unit 2 Assessment Plan | Conceptual Physics Framework section archetypes/source packet,
U2-S1-PS3-Q18,AP/SCI,Conceptual Physics,2,2.1,Practice Set 3,practice,PS3-Q18,current-section,U2-MG01,,,,U2-S1-PF08,reasoning_shift,,2,Students will explain that motion is relative and describe an object’s motion using an appropriate frame of reference.,I can compare motion from two different points of view and explain why everyday motion is usually described relative to Earth’s surface.,modeling; perspective/representation reasoning; explanation,selected response,multiple-choice,instructional,80,,,,Unit 2 Assessment Plan | Conceptual Physics Framework section archetypes/source packet,
U2-S1-XP-Q18,AP/SCI,Conceptual Physics,2,2.1,Extra Practice,practice,XP-Q18,current-section,U2-MG01,,,,U2-S1-PF08,reasoning_shift,,2,Students will explain that motion is relative and describe an object’s motion using an appropriate frame of reference.,I can compare motion from two different points of view and explain why everyday motion is usually described relative to Earth’s surface.,modeling; perspective/representation reasoning; explanation,short constructed response,constructed-response,instructional,110,,,,Unit 2 Assessment Plan | Conceptual Physics Framework section archetypes/source packet,
U2-S2-PS1-Q01,AP/SCI,Conceptual Physics,2,2.2,Practice Set 1,practice,PS1-Q01,current-section,U2-MG02,,,,U2-S2-PF01,routine_procedural_numeric,,2,"Students will distinguish between speed and velocity and use distance, time, and direction to describe motion.",I can calculate average speed from distance and time.,quantitative reasoning; data interpretation; communication with units,short constructed response,constructed-response,instructional,110,,,,Unit 2 Assessment Plan | Conceptual Physics Framework section archetypes/source packet,
U2-S2-PS2-Q01,AP/SCI,Conceptual Physics,2,2.2,Practice Set 2,practice,PS2-Q01,current-section,U2-MG02,,,,U2-S2-PF01,routine_procedural_numeric,,2,"Students will distinguish between speed and velocity and use distance, time, and direction to describe motion.",I can calculate average speed from distance and time.,quantitative reasoning; data interpretation; communication with units,short constructed response,constructed-response,instructional,110,,,,Unit 2 Assessment Plan | Conceptual Physics Framework section archetypes/source packet,
U2-S2-PS3-Q01,AP/SCI,Conceptual Physics,2,2.2,Practice Set 3,practice,PS3-Q01,current-section,U2-MG02,,,,U2-S2-PF01,routine_procedural_numeric,,2,"Students will distinguish between speed and velocity and use distance, time, and direction to describe motion.",I can calculate average speed from distance and time.,quantitative reasoning; data interpretation; communication with units,selected response,multiple-choice,instructional,80,,,,Unit 2 Assessment Plan | Conceptual Physics Framework section archetypes/source packet,
U2-S2-XP-Q01,AP/SCI,Conceptual Physics,2,2.2,Extra Practice,practice,XP-Q01,current-section,U2-MG02,,,,U2-S2-PF01,routine_procedural_numeric,,2,"Students will distinguish between speed and velocity and use distance, time, and direction to describe motion.",I can calculate average speed from distance and time.,quantitative reasoning; data interpretation; communication with units,short constructed response,constructed-response,instructional,110,,,,Unit 2 Assessment Plan | Conceptual Physics Framework section archetypes/source packet,
U2-S2-PS1-Q02,AP/SCI,Conceptual Physics,2,2.2,Practice Set 1,practice,PS1-Q02,current-section,U2-MG02,,,,U2-S2-PF02,routine_procedural_numeric,,2,"Students will distinguish between speed and velocity and use distance, time, and direction to describe motion.",I can distinguish instantaneous speed from average speed.,quantitative reasoning; data interpretation; communication with units,short constructed response,constructed-response,instructional,110,,,,Unit 2 Assessment Plan | Conceptual Physics Framework section archetypes/source packet,
U2-S2-PS2-Q02,AP/SCI,Conceptual Physics,2,2.2,Practice Set 2,practice,PS2-Q02,current-section,U2-MG02,,,,U2-S2-PF02,routine_procedural_numeric,,2,"Students will distinguish between speed and velocity and use distance, time, and direction to describe motion.",I can distinguish instantaneous speed from average speed.,quantitative reasoning; data interpretation; communication with units,short constructed response,constructed-response,instructional,110,,,,Unit 2 Assessment Plan | Conceptual Physics Framework section archetypes/source packet,
U2-S2-PS3-Q02,AP/SCI,Conceptual Physics,2,2.2,Practice Set 3,practice,PS3-Q02,current-section,U2-MG02,,,,U2-S2-PF02,routine_procedural_numeric,,2,"Students will distinguish between speed and velocity and use distance, time, and direction to describe motion.",I can distinguish instantaneous speed from average speed.,quantitative reasoning; data interpretation; communication with units,selected response,multiple-choice,instructional,80,,,,Unit 2 Assessment Plan | Conceptual Physics Framework section archetypes/source packet,
U2-S2-XP-Q02,AP/SCI,Conceptual Physics,2,2.2,Extra Practice,practice,XP-Q02,current-section,U2-MG02,,,,U2-S2-PF02,routine_procedural_numeric,,2,"Students will distinguish between speed and velocity and use distance, time, and direction to describe motion.",I can distinguish instantaneous speed from average speed.,quantitative reasoning; data interpretation; communication with units,short constructed response,constructed-response,instructional,110,,,,Unit 2 Assessment Plan | Conceptual Physics Framework section archetypes/source packet,
U2-S2-PS1-Q03,AP/SCI,Conceptual Physics,2,2.2,Practice Set 1,practice,PS1-Q03,current-section,U2-MG02,,,,U2-S2-PF03,reasoning_shift,,2,"Students will distinguish between speed and velocity and use distance, time, and direction to describe motion.","I can explain that velocity includes both speed and direction and compare examples of constant speed, constant velocity, and changing velocity.",quantitative reasoning; data interpretation; communication with units,short constructed response,constructed-response,instructional,110,,,,Unit 2 Assessment Plan | Conceptual Physics Framework section archetypes/source packet,
U2-S2-PS2-Q03,AP/SCI,Conceptual Physics,2,2.2,Practice Set 2,practice,PS2-Q03,current-section,U2-MG02,,,,U2-S2-PF03,reasoning_shift,,2,"Students will distinguish between speed and velocity and use distance, time, and direction to describe motion.","I can explain that velocity includes both speed and direction and compare examples of constant speed, constant velocity, and changing velocity.",quantitative reasoning; data interpretation; communication with units,short constructed response,constructed-response,instructional,110,,,,Unit 2 Assessment Plan | Conceptual Physics Framework section archetypes/source packet,
U2-S2-PS3-Q03,AP/SCI,Conceptual Physics,2,2.2,Practice Set 3,practice,PS3-Q03,current-section,U2-MG02,,,,U2-S2-PF03,reasoning_shift,,2,"Students will distinguish between speed and velocity and use distance, time, and direction to describe motion.","I can explain that velocity includes both speed and direction and compare examples of constant speed, constant velocity, and changing velocity.",quantitative reasoning; data interpretation; communication with units,selected response,multiple-choice,instructional,80,,,,Unit 2 Assessment Plan | Conceptual Physics Framework section archetypes/source packet,
U2-S2-XP-Q03,AP/SCI,Conceptual Physics,2,2.2,Extra Practice,practice,XP-Q03,current-section,U2-MG02,,,,U2-S2-PF03,reasoning_shift,,2,"Students will distinguish between speed and velocity and use distance, time, and direction to describe motion.","I can explain that velocity includes both speed and direction and compare examples of constant speed, constant velocity, and changing velocity.",quantitative reasoning; data interpretation; communication with units,short constructed response,constructed-response,instructional,110,,,,Unit 2 Assessment Plan | Conceptual Physics Framework section archetypes/source packet,
U2-S2-PS1-Q04,AP/SCI,Conceptual Physics,2,2.2,Practice Set 1,practice,PS1-Q04,current-section,U2-MG02,,,,U2-S2-PF04,conceptual_reword,,2,"Students will distinguish between speed and velocity and use distance, time, and direction to describe motion.",I can calculate average speed from distance and time.,quantitative reasoning; data interpretation; communication with units,short constructed response,constructed-response,instructional,110,,,,Unit 2 Assessment Plan | Conceptual Physics Framework section archetypes/source packet,
U2-S2-PS2-Q04,AP/SCI,Conceptual Physics,2,2.2,Practice Set 2,practice,PS2-Q04,current-section,U2-MG02,,,,U2-S2-PF04,conceptual_reword,,2,"Students will distinguish between speed and velocity and use distance, time, and direction to describe motion.",I can calculate average speed from distance and time.,quantitative reasoning; data interpretation; communication with units,short constructed response,constructed-response,instructional,110,,,,Unit 2 Assessment Plan | Conceptual Physics Framework section archetypes/source packet,
U2-S2-PS3-Q04,AP/SCI,Conceptual Physics,2,2.2,Practice Set 3,practice,PS3-Q04,current-section,U2-MG02,,,,U2-S2-PF04,conceptual_reword,,2,"Students will distinguish between speed and velocity and use distance, time, and direction to describe motion.",I can calculate average speed from distance and time.,quantitative reasoning; data interpretation; communication with units,selected response,multiple-choice,instructional,80,,,,Unit 2 Assessment Plan | Conceptual Physics Framework section archetypes/source packet,
U2-S2-XP-Q04,AP/SCI,Conceptual Physics,2,2.2,Extra Practice,practice,XP-Q04,current-section,U2-MG02,,,,U2-S2-PF04,conceptual_reword,,2,"Students will distinguish between speed and velocity and use distance, time, and direction to describe motion.",I can calculate average speed from distance and time.,quantitative reasoning; data interpretation; communication with units,short constructed response,constructed-response,instructional,110,,,,Unit 2 Assessment Plan | Conceptual Physics Framework section archetypes/source packet,
U2-S2-PS1-Q05,AP/SCI,Conceptual Physics,2,2.2,Practice Set 1,practice,PS1-Q05,current-section,U2-MG02,,,,U2-S2-PF05,representation_shift,,2,"Students will distinguish between speed and velocity and use distance, time, and direction to describe motion.",I can distinguish instantaneous speed from average speed.,quantitative reasoning; data interpretation; communication with units,short constructed response,constructed-response,instructional,110,,,,Unit 2 Assessment Plan | Conceptual Physics Framework section archetypes/source packet,
U2-S2-PS2-Q05,AP/SCI,Conceptual Physics,2,2.2,Practice Set 2,practice,PS2-Q05,current-section,U2-MG02,,,,U2-S2-PF05,representation_shift,,2,"Students will distinguish between speed and velocity and use distance, time, and direction to describe motion.",I can distinguish instantaneous speed from average speed.,quantitative reasoning; data interpretation; communication with units,short constructed response,constructed-response,instructional,110,,,,Unit 2 Assessment Plan | Conceptual Physics Framework section archetypes/source packet,
U2-S2-PS3-Q05,AP/SCI,Conceptual Physics,2,2.2,Practice Set 3,practice,PS3-Q05,current-section,U2-MG02,,,,U2-S2-PF05,representation_shift,,2,"Students will distinguish between speed and velocity and use distance, time, and direction to describe motion.",I can distinguish instantaneous speed from average speed.,quantitative reasoning; data interpretation; communication with units,selected response,multiple-choice,instructional,80,,,,Unit 2 Assessment Plan | Conceptual Physics Framework section archetypes/source packet,
U2-S2-XP-Q05,AP/SCI,Conceptual Physics,2,2.2,Extra Practice,practice,XP-Q05,current-section,U2-MG02,,,,U2-S2-PF05,representation_shift,,2,"Students will distinguish between speed and velocity and use distance, time, and direction to describe motion.",I can distinguish instantaneous speed from average speed.,quantitative reasoning; data interpretation; communication with units,short constructed response,constructed-response,instructional,110,,,,Unit 2 Assessment Plan | Conceptual Physics Framework section archetypes/source packet,
U2-S2-PS1-Q06,AP/SCI,Conceptual Physics,2,2.2,Practice Set 1,practice,PS1-Q06,current-section,U2-MG02,,,,U2-S2-PF06,conceptual_reword,,2,"Students will distinguish between speed and velocity and use distance, time, and direction to describe motion.","I can explain that velocity includes both speed and direction and compare examples of constant speed, constant velocity, and changing velocity.",quantitative reasoning; data interpretation; communication with units,short constructed response,constructed-response,instructional,110,,,,Unit 2 Assessment Plan | Conceptual Physics Framework section archetypes/source packet,
U2-S2-PS2-Q06,AP/SCI,Conceptual Physics,2,2.2,Practice Set 2,practice,PS2-Q06,current-section,U2-MG02,,,,U2-S2-PF06,conceptual_reword,,2,"Students will distinguish between speed and velocity and use distance, time, and direction to describe motion.","I can explain that velocity includes both speed and direction and compare examples of constant speed, constant velocity, and changing velocity.",quantitative reasoning; data interpretation; communication with units,short constructed response,constructed-response,instructional,110,,,,Unit 2 Assessment Plan | Conceptual Physics Framework section archetypes/source packet,
U2-S2-PS3-Q06,AP/SCI,Conceptual Physics,2,2.2,Practice Set 3,practice,PS3-Q06,current-section,U2-MG02,,,,U2-S2-PF06,conceptual_reword,,2,"Students will distinguish between speed and velocity and use distance, time, and direction to describe motion.","I can explain that velocity includes both speed and direction and compare examples of constant speed, constant velocity, and changing velocity.",quantitative reasoning; data interpretation; communication with units,selected response,multiple-choice,instructional,80,,,,Unit 2 Assessment Plan | Conceptual Physics Framework section archetypes/source packet,
U2-S2-XP-Q06,AP/SCI,Conceptual Physics,2,2.2,Extra Practice,practice,XP-Q06,current-section,U2-MG02,,,,U2-S2-PF06,conceptual_reword,,2,"Students will distinguish between speed and velocity and use distance, time, and direction to describe motion.","I can explain that velocity includes both speed and direction and compare examples of constant speed, constant velocity, and changing velocity.",quantitative reasoning; data interpretation; communication with units,short constructed response,constructed-response,instructional,110,,,,Unit 2 Assessment Plan | Conceptual Physics Framework section archetypes/source packet,
U2-S2-PS1-Q07,AP/SCI,Conceptual Physics,2,2.2,Practice Set 1,practice,PS1-Q07,current-section,U2-MG02,,,,U2-S2-PF07,reasoning_shift,,2,"Students will distinguish between speed and velocity and use distance, time, and direction to describe motion.",I can calculate average speed from distance and time.,quantitative reasoning; data interpretation; communication with units,short constructed response,constructed-response,instructional,110,,,,Unit 2 Assessment Plan | Conceptual Physics Framework section archetypes/source packet,
U2-S2-PS2-Q07,AP/SCI,Conceptual Physics,2,2.2,Practice Set 2,practice,PS2-Q07,current-section,U2-MG02,,,,U2-S2-PF07,reasoning_shift,,2,"Students will distinguish between speed and velocity and use distance, time, and direction to describe motion.",I can calculate average speed from distance and time.,quantitative reasoning; data interpretation; communication with units,short constructed response,constructed-response,instructional,110,,,,Unit 2 Assessment Plan | Conceptual Physics Framework section archetypes/source packet,
U2-S2-PS3-Q07,AP/SCI,Conceptual Physics,2,2.2,Practice Set 3,practice,PS3-Q07,current-section,U2-MG02,,,,U2-S2-PF07,reasoning_shift,,2,"Students will distinguish between speed and velocity and use distance, time, and direction to describe motion.",I can calculate average speed from distance and time.,quantitative reasoning; data interpretation; communication with units,selected response,multiple-choice,instructional,80,,,,Unit 2 Assessment Plan | Conceptual Physics Framework section archetypes/source packet,
U2-S2-XP-Q07,AP/SCI,Conceptual Physics,2,2.2,Extra Practice,practice,XP-Q07,current-section,U2-MG02,,,,U2-S2-PF07,reasoning_shift,,2,"Students will distinguish between speed and velocity and use distance, time, and direction to describe motion.",I can calculate average speed from distance and time.,quantitative reasoning; data interpretation; communication with units,short constructed response,constructed-response,instructional,110,,,,Unit 2 Assessment Plan | Conceptual Physics Framework section archetypes/source packet,
U2-S2-PS1-Q08,AP/SCI,Conceptual Physics,2,2.2,Practice Set 1,practice,PS1-Q08,current-section,U2-MG02,,,,U2-S2-PF08,conceptual_reword,,2,"Students will distinguish between speed and velocity and use distance, time, and direction to describe motion.",I can distinguish instantaneous speed from average speed.,quantitative reasoning; data interpretation; communication with units,short constructed response,constructed-response,instructional,110,,,,Unit 2 Assessment Plan | Conceptual Physics Framework section archetypes/source packet,
U2-S2-PS2-Q08,AP/SCI,Conceptual Physics,2,2.2,Practice Set 2,practice,PS2-Q08,current-section,U2-MG02,,,,U2-S2-PF08,conceptual_reword,,2,"Students will distinguish between speed and velocity and use distance, time, and direction to describe motion.",I can distinguish instantaneous speed from average speed.,quantitative reasoning; data interpretation; communication with units,short constructed response,constructed-response,instructional,110,,,,Unit 2 Assessment Plan | Conceptual Physics Framework section archetypes/source packet,
U2-S2-PS3-Q08,AP/SCI,Conceptual Physics,2,2.2,Practice Set 3,practice,PS3-Q08,current-section,U2-MG02,,,,U2-S2-PF08,conceptual_reword,,2,"Students will distinguish between speed and velocity and use distance, time, and direction to describe motion.",I can distinguish instantaneous speed from average speed.,quantitative reasoning; data interpretation; communication with units,selected response,multiple-choice,instructional,80,,,,Unit 2 Assessment Plan | Conceptual Physics Framework section archetypes/source packet,
U2-S2-XP-Q08,AP/SCI,Conceptual Physics,2,2.2,Extra Practice,practice,XP-Q08,current-section,U2-MG02,,,,U2-S2-PF08,conceptual_reword,,2,"Students will distinguish between speed and velocity and use distance, time, and direction to describe motion.",I can distinguish instantaneous speed from average speed.,quantitative reasoning; data interpretation; communication with units,short constructed response,constructed-response,instructional,110,,,,Unit 2 Assessment Plan | Conceptual Physics Framework section archetypes/source packet,
U2-S2-PS1-Q09,AP/SCI,Conceptual Physics,2,2.2,Practice Set 1,practice,PS1-Q09,current-section,U2-MG02,,,,U2-S2-PF09,representation_shift,,2,"Students will distinguish between speed and velocity and use distance, time, and direction to describe motion.","I can explain that velocity includes both speed and direction and compare examples of constant speed, constant velocity, and changing velocity.",quantitative reasoning; data interpretation; communication with units,short constructed response,constructed-response,instructional,110,figures/u2_s2_dt_ps1.png,Generated by Framework graph_tool v12,context_graph,Unit 2 Assessment Plan | Conceptual Physics Framework section archetypes/source packet,
U2-S2-PS2-Q09,AP/SCI,Conceptual Physics,2,2.2,Practice Set 2,practice,PS2-Q09,current-section,U2-MG02,,,,U2-S2-PF09,representation_shift,,2,"Students will distinguish between speed and velocity and use distance, time, and direction to describe motion.","I can explain that velocity includes both speed and direction and compare examples of constant speed, constant velocity, and changing velocity.",quantitative reasoning; data interpretation; communication with units,short constructed response,constructed-response,instructional,110,figures/u2_s2_dt_ps2.png,Generated by Framework graph_tool v12,context_graph,Unit 2 Assessment Plan | Conceptual Physics Framework section archetypes/source packet,
U2-S2-PS3-Q09,AP/SCI,Conceptual Physics,2,2.2,Practice Set 3,practice,PS3-Q09,current-section,U2-MG02,,,,U2-S2-PF09,representation_shift,,2,"Students will distinguish between speed and velocity and use distance, time, and direction to describe motion.","I can explain that velocity includes both speed and direction and compare examples of constant speed, constant velocity, and changing velocity.",quantitative reasoning; data interpretation; communication with units,selected response,multiple-choice,instructional,80,figures/u2_s2_dt_ps3.png,Generated by Framework graph_tool v12,context_graph,Unit 2 Assessment Plan | Conceptual Physics Framework section archetypes/source packet,
U2-S2-XP-Q09,AP/SCI,Conceptual Physics,2,2.2,Extra Practice,practice,XP-Q09,current-section,U2-MG02,,,,U2-S2-PF09,representation_shift,,2,"Students will distinguish between speed and velocity and use distance, time, and direction to describe motion.","I can explain that velocity includes both speed and direction and compare examples of constant speed, constant velocity, and changing velocity.",quantitative reasoning; data interpretation; communication with units,short constructed response,constructed-response,instructional,110,figures/u2_s2_dt_xp.png,Generated by Framework graph_tool v12,context_graph,Unit 2 Assessment Plan | Conceptual Physics Framework section archetypes/source packet,
U2-S2-PS1-Q10,AP/SCI,Conceptual Physics,2,2.2,Practice Set 1,practice,PS1-Q10,current-section,U2-MG02,,,,U2-S2-PF10,reasoning_shift,,2,"Students will distinguish between speed and velocity and use distance, time, and direction to describe motion.",I can calculate average speed from distance and time.,quantitative reasoning; data interpretation; communication with units,short constructed response,constructed-response,instructional,110,,,,Unit 2 Assessment Plan | Conceptual Physics Framework section archetypes/source packet,
U2-S2-PS2-Q10,AP/SCI,Conceptual Physics,2,2.2,Practice Set 2,practice,PS2-Q10,current-section,U2-MG02,,,,U2-S2-PF10,reasoning_shift,,2,"Students will distinguish between speed and velocity and use distance, time, and direction to describe motion.",I can calculate average speed from distance and time.,quantitative reasoning; data interpretation; communication with units,short constructed response,constructed-response,instructional,110,,,,Unit 2 Assessment Plan | Conceptual Physics Framework section archetypes/source packet,
U2-S2-PS3-Q10,AP/SCI,Conceptual Physics,2,2.2,Practice Set 3,practice,PS3-Q10,current-section,U2-MG02,,,,U2-S2-PF10,reasoning_shift,,2,"Students will distinguish between speed and velocity and use distance, time, and direction to describe motion.",I can calculate average speed from distance and time.,quantitative reasoning; data interpretation; communication with units,selected response,multiple-choice,instructional,80,,,,Unit 2 Assessment Plan | Conceptual Physics Framework section archetypes/source packet,
U2-S2-XP-Q10,AP/SCI,Conceptual Physics,2,2.2,Extra Practice,practice,XP-Q10,current-section,U2-MG02,,,,U2-S2-PF10,reasoning_shift,,2,"Students will distinguish between speed and velocity and use distance, time, and direction to describe motion.",I can calculate average speed from distance and time.,quantitative reasoning; data interpretation; communication with units,short constructed response,constructed-response,instructional,110,,,,Unit 2 Assessment Plan | Conceptual Physics Framework section archetypes/source packet,
U2-S2-PS1-Q11,AP/SCI,Conceptual Physics,2,2.2,Practice Set 1,practice,PS1-Q11,current-section,U2-MG02,,,,U2-S2-PF01,routine_procedural_structure,,2,"Students will distinguish between speed and velocity and use distance, time, and direction to describe motion.",I can distinguish instantaneous speed from average speed.,quantitative reasoning; data interpretation; communication with units,short constructed response,constructed-response,instructional,110,,,,Unit 2 Assessment Plan | Conceptual Physics Framework section archetypes/source packet,
U2-S2-PS2-Q11,AP/SCI,Conceptual Physics,2,2.2,Practice Set 2,practice,PS2-Q11,current-section,U2-MG02,,,,U2-S2-PF01,routine_procedural_structure,,2,"Students will distinguish between speed and velocity and use distance, time, and direction to describe motion.",I can distinguish instantaneous speed from average speed.,quantitative reasoning; data interpretation; communication with units,short constructed response,constructed-response,instructional,110,,,,Unit 2 Assessment Plan | Conceptual Physics Framework section archetypes/source packet,
U2-S2-PS3-Q11,AP/SCI,Conceptual Physics,2,2.2,Practice Set 3,practice,PS3-Q11,current-section,U2-MG02,,,,U2-S2-PF01,routine_procedural_structure,,2,"Students will distinguish between speed and velocity and use distance, time, and direction to describe motion.",I can distinguish instantaneous speed from average speed.,quantitative reasoning; data interpretation; communication with units,selected response,multiple-choice,instructional,80,,,,Unit 2 Assessment Plan | Conceptual Physics Framework section archetypes/source packet,
U2-S2-XP-Q11,AP/SCI,Conceptual Physics,2,2.2,Extra Practice,practice,XP-Q11,current-section,U2-MG02,,,,U2-S2-PF01,routine_procedural_structure,,2,"Students will distinguish between speed and velocity and use distance, time, and direction to describe motion.",I can distinguish instantaneous speed from average speed.,quantitative reasoning; data interpretation; communication with units,short constructed response,constructed-response,instructional,110,,,,Unit 2 Assessment Plan | Conceptual Physics Framework section archetypes/source packet,
U2-S2-PS1-Q12,AP/SCI,Conceptual Physics,2,2.2,Practice Set 1,practice,PS1-Q12,current-section,U2-MG02,,,,U2-S2-PF02,routine_procedural_structure,,2,"Students will distinguish between speed and velocity and use distance, time, and direction to describe motion.","I can explain that velocity includes both speed and direction and compare examples of constant speed, constant velocity, and changing velocity.",quantitative reasoning; data interpretation; communication with units,short constructed response,constructed-response,instructional,110,,,,Unit 2 Assessment Plan | Conceptual Physics Framework section archetypes/source packet,
U2-S2-PS2-Q12,AP/SCI,Conceptual Physics,2,2.2,Practice Set 2,practice,PS2-Q12,current-section,U2-MG02,,,,U2-S2-PF02,routine_procedural_structure,,2,"Students will distinguish between speed and velocity and use distance, time, and direction to describe motion.","I can explain that velocity includes both speed and direction and compare examples of constant speed, constant velocity, and changing velocity.",quantitative reasoning; data interpretation; communication with units,short constructed response,constructed-response,instructional,110,,,,Unit 2 Assessment Plan | Conceptual Physics Framework section archetypes/source packet,
U2-S2-PS3-Q12,AP/SCI,Conceptual Physics,2,2.2,Practice Set 3,practice,PS3-Q12,current-section,U2-MG02,,,,U2-S2-PF02,routine_procedural_structure,,2,"Students will distinguish between speed and velocity and use distance, time, and direction to describe motion.","I can explain that velocity includes both speed and direction and compare examples of constant speed, constant velocity, and changing velocity.",quantitative reasoning; data interpretation; communication with units,selected response,multiple-choice,instructional,80,,,,Unit 2 Assessment Plan | Conceptual Physics Framework section archetypes/source packet,
U2-S2-XP-Q12,AP/SCI,Conceptual Physics,2,2.2,Extra Practice,practice,XP-Q12,current-section,U2-MG02,,,,U2-S2-PF02,routine_procedural_structure,,2,"Students will distinguish between speed and velocity and use distance, time, and direction to describe motion.","I can explain that velocity includes both speed and direction and compare examples of constant speed, constant velocity, and changing velocity.",quantitative reasoning; data interpretation; communication with units,short constructed response,constructed-response,instructional,110,,,,Unit 2 Assessment Plan | Conceptual Physics Framework section archetypes/source packet,
U2-S2-PS1-Q13,AP/SCI,Conceptual Physics,2,2.2,Practice Set 1,practice,PS1-Q13,current-section,U2-MG02,,,,U2-S2-PF03,context_shift,,2,"Students will distinguish between speed and velocity and use distance, time, and direction to describe motion.",I can calculate average speed from distance and time.,quantitative reasoning; data interpretation; communication with units,short constructed response,constructed-response,instructional,110,,,,Unit 2 Assessment Plan | Conceptual Physics Framework section archetypes/source packet,
U2-S2-PS2-Q13,AP/SCI,Conceptual Physics,2,2.2,Practice Set 2,practice,PS2-Q13,current-section,U2-MG02,,,,U2-S2-PF03,context_shift,,2,"Students will distinguish between speed and velocity and use distance, time, and direction to describe motion.",I can calculate average speed from distance and time.,quantitative reasoning; data interpretation; communication with units,short constructed response,constructed-response,instructional,110,,,,Unit 2 Assessment Plan | Conceptual Physics Framework section archetypes/source packet,
U2-S2-PS3-Q13,AP/SCI,Conceptual Physics,2,2.2,Practice Set 3,practice,PS3-Q13,current-section,U2-MG02,,,,U2-S2-PF03,context_shift,,2,"Students will distinguish between speed and velocity and use distance, time, and direction to describe motion.",I can calculate average speed from distance and time.,quantitative reasoning; data interpretation; communication with units,selected response,multiple-choice,instructional,80,,,,Unit 2 Assessment Plan | Conceptual Physics Framework section archetypes/source packet,
U2-S2-XP-Q13,AP/SCI,Conceptual Physics,2,2.2,Extra Practice,practice,XP-Q13,current-section,U2-MG02,,,,U2-S2-PF03,context_shift,,2,"Students will distinguish between speed and velocity and use distance, time, and direction to describe motion.",I can calculate average speed from distance and time.,quantitative reasoning; data interpretation; communication with units,short constructed response,constructed-response,instructional,110,,,,Unit 2 Assessment Plan | Conceptual Physics Framework section archetypes/source packet,
U2-S2-PS1-Q14,AP/SCI,Conceptual Physics,2,2.2,Practice Set 1,practice,PS1-Q14,current-section,U2-MG02,,,,U2-S2-PF04,representation_shift,,2,"Students will distinguish between speed and velocity and use distance, time, and direction to describe motion.",I can distinguish instantaneous speed from average speed.,quantitative reasoning; data interpretation; communication with units,short constructed response,constructed-response,instructional,110,,,,Unit 2 Assessment Plan | Conceptual Physics Framework section archetypes/source packet,
U2-S2-PS2-Q14,AP/SCI,Conceptual Physics,2,2.2,Practice Set 2,practice,PS2-Q14,current-section,U2-MG02,,,,U2-S2-PF04,representation_shift,,2,"Students will distinguish between speed and velocity and use distance, time, and direction to describe motion.",I can distinguish instantaneous speed from average speed.,quantitative reasoning; data interpretation; communication with units,short constructed response,constructed-response,instructional,110,,,,Unit 2 Assessment Plan | Conceptual Physics Framework section archetypes/source packet,
U2-S2-PS3-Q14,AP/SCI,Conceptual Physics,2,2.2,Practice Set 3,practice,PS3-Q14,current-section,U2-MG02,,,,U2-S2-PF04,representation_shift,,2,"Students will distinguish between speed and velocity and use distance, time, and direction to describe motion.",I can distinguish instantaneous speed from average speed.,quantitative reasoning; data interpretation; communication with units,selected response,multiple-choice,instructional,80,,,,Unit 2 Assessment Plan | Conceptual Physics Framework section archetypes/source packet,
U2-S2-XP-Q14,AP/SCI,Conceptual Physics,2,2.2,Extra Practice,practice,XP-Q14,current-section,U2-MG02,,,,U2-S2-PF04,representation_shift,,2,"Students will distinguish between speed and velocity and use distance, time, and direction to describe motion.",I can distinguish instantaneous speed from average speed.,quantitative reasoning; data interpretation; communication with units,short constructed response,constructed-response,instructional,110,,,,Unit 2 Assessment Plan | Conceptual Physics Framework section archetypes/source packet,
U2-S2-PS1-Q15,AP/SCI,Conceptual Physics,2,2.2,Practice Set 1,practice,PS1-Q15,current-section,U2-MG02,,,,U2-S2-PF05,representation_shift,,2,"Students will distinguish between speed and velocity and use distance, time, and direction to describe motion.","I can explain that velocity includes both speed and direction and compare examples of constant speed, constant velocity, and changing velocity.",quantitative reasoning; data interpretation; communication with units,short constructed response,constructed-response,instructional,110,,,,Unit 2 Assessment Plan | Conceptual Physics Framework section archetypes/source packet,
U2-S2-PS2-Q15,AP/SCI,Conceptual Physics,2,2.2,Practice Set 2,practice,PS2-Q15,current-section,U2-MG02,,,,U2-S2-PF05,representation_shift,,2,"Students will distinguish between speed and velocity and use distance, time, and direction to describe motion.","I can explain that velocity includes both speed and direction and compare examples of constant speed, constant velocity, and changing velocity.",quantitative reasoning; data interpretation; communication with units,short constructed response,constructed-response,instructional,110,,,,Unit 2 Assessment Plan | Conceptual Physics Framework section archetypes/source packet,
U2-S2-PS3-Q15,AP/SCI,Conceptual Physics,2,2.2,Practice Set 3,practice,PS3-Q15,current-section,U2-MG02,,,,U2-S2-PF05,representation_shift,,2,"Students will distinguish between speed and velocity and use distance, time, and direction to describe motion.","I can explain that velocity includes both speed and direction and compare examples of constant speed, constant velocity, and changing velocity.",quantitative reasoning; data interpretation; communication with units,selected response,multiple-choice,instructional,80,,,,Unit 2 Assessment Plan | Conceptual Physics Framework section archetypes/source packet,
U2-S2-XP-Q15,AP/SCI,Conceptual Physics,2,2.2,Extra Practice,practice,XP-Q15,current-section,U2-MG02,,,,U2-S2-PF05,representation_shift,,2,"Students will distinguish between speed and velocity and use distance, time, and direction to describe motion.","I can explain that velocity includes both speed and direction and compare examples of constant speed, constant velocity, and changing velocity.",quantitative reasoning; data interpretation; communication with units,short constructed response,constructed-response,instructional,110,,,,Unit 2 Assessment Plan | Conceptual Physics Framework section archetypes/source packet,
U2-S2-PS1-Q16,AP/SCI,Conceptual Physics,2,2.2,Practice Set 1,practice,PS1-Q16,current-section,U2-MG02,,,,U2-S2-PF06,reasoning_shift,,2,"Students will distinguish between speed and velocity and use distance, time, and direction to describe motion.",I can calculate average speed from distance and time.,quantitative reasoning; data interpretation; communication with units,short constructed response,constructed-response,instructional,110,,,,Unit 2 Assessment Plan | Conceptual Physics Framework section archetypes/source packet,
U2-S2-PS2-Q16,AP/SCI,Conceptual Physics,2,2.2,Practice Set 2,practice,PS2-Q16,current-section,U2-MG02,,,,U2-S2-PF06,reasoning_shift,,2,"Students will distinguish between speed and velocity and use distance, time, and direction to describe motion.",I can calculate average speed from distance and time.,quantitative reasoning; data interpretation; communication with units,short constructed response,constructed-response,instructional,110,,,,Unit 2 Assessment Plan | Conceptual Physics Framework section archetypes/source packet,
U2-S2-PS3-Q16,AP/SCI,Conceptual Physics,2,2.2,Practice Set 3,practice,PS3-Q16,current-section,U2-MG02,,,,U2-S2-PF06,reasoning_shift,,2,"Students will distinguish between speed and velocity and use distance, time, and direction to describe motion.",I can calculate average speed from distance and time.,quantitative reasoning; data interpretation; communication with units,selected response,multiple-choice,instructional,80,,,,Unit 2 Assessment Plan | Conceptual Physics Framework section archetypes/source packet,
U2-S2-XP-Q16,AP/SCI,Conceptual Physics,2,2.2,Extra Practice,practice,XP-Q16,current-section,U2-MG02,,,,U2-S2-PF06,reasoning_shift,,2,"Students will distinguish between speed and velocity and use distance, time, and direction to describe motion.",I can calculate average speed from distance and time.,quantitative reasoning; data interpretation; communication with units,short constructed response,constructed-response,instructional,110,,,,Unit 2 Assessment Plan | Conceptual Physics Framework section archetypes/source packet,
U2-S2-PS1-Q17,AP/SCI,Conceptual Physics,2,2.2,Practice Set 1,practice,PS1-Q17,current-section,U2-MG02,,,,U2-S2-PF07,mixed,,2,"Students will distinguish between speed and velocity and use distance, time, and direction to describe motion.",I can distinguish instantaneous speed from average speed.,quantitative reasoning; data interpretation; communication with units,short constructed response,constructed-response,instructional,110,,,,Unit 2 Assessment Plan | Conceptual Physics Framework section archetypes/source packet,
U2-S2-PS2-Q17,AP/SCI,Conceptual Physics,2,2.2,Practice Set 2,practice,PS2-Q17,current-section,U2-MG02,,,,U2-S2-PF07,mixed,,2,"Students will distinguish between speed and velocity and use distance, time, and direction to describe motion.",I can distinguish instantaneous speed from average speed.,quantitative reasoning; data interpretation; communication with units,short constructed response,constructed-response,instructional,110,,,,Unit 2 Assessment Plan | Conceptual Physics Framework section archetypes/source packet,
U2-S2-PS3-Q17,AP/SCI,Conceptual Physics,2,2.2,Practice Set 3,practice,PS3-Q17,current-section,U2-MG02,,,,U2-S2-PF07,mixed,,2,"Students will distinguish between speed and velocity and use distance, time, and direction to describe motion.",I can distinguish instantaneous speed from average speed.,quantitative reasoning; data interpretation; communication with units,selected response,multiple-choice,instructional,80,,,,Unit 2 Assessment Plan | Conceptual Physics Framework section archetypes/source packet,
U2-S2-XP-Q17,AP/SCI,Conceptual Physics,2,2.2,Extra Practice,practice,XP-Q17,current-section,U2-MG02,,,,U2-S2-PF07,mixed,,2,"Students will distinguish between speed and velocity and use distance, time, and direction to describe motion.",I can distinguish instantaneous speed from average speed.,quantitative reasoning; data interpretation; communication with units,short constructed response,constructed-response,instructional,110,,,,Unit 2 Assessment Plan | Conceptual Physics Framework section archetypes/source packet,
U2-S2-PS1-Q18,AP/SCI,Conceptual Physics,2,2.2,Practice Set 1,practice,PS1-Q18,current-section,U2-MG02,,,,U2-S2-PF08,reasoning_shift,,2,"Students will distinguish between speed and velocity and use distance, time, and direction to describe motion.","I can explain that velocity includes both speed and direction and compare examples of constant speed, constant velocity, and changing velocity.",quantitative reasoning; data interpretation; communication with units,short constructed response,constructed-response,instructional,110,,,,Unit 2 Assessment Plan | Conceptual Physics Framework section archetypes/source packet,
U2-S2-PS2-Q18,AP/SCI,Conceptual Physics,2,2.2,Practice Set 2,practice,PS2-Q18,current-section,U2-MG02,,,,U2-S2-PF08,reasoning_shift,,2,"Students will distinguish between speed and velocity and use distance, time, and direction to describe motion.","I can explain that velocity includes both speed and direction and compare examples of constant speed, constant velocity, and changing velocity.",quantitative reasoning; data interpretation; communication with units,short constructed response,constructed-response,instructional,110,,,,Unit 2 Assessment Plan | Conceptual Physics Framework section archetypes/source packet,
U2-S2-PS3-Q18,AP/SCI,Conceptual Physics,2,2.2,Practice Set 3,practice,PS3-Q18,current-section,U2-MG02,,,,U2-S2-PF08,reasoning_shift,,2,"Students will distinguish between speed and velocity and use distance, time, and direction to describe motion.","I can explain that velocity includes both speed and direction and compare examples of constant speed, constant velocity, and changing velocity.",quantitative reasoning; data interpretation; communication with units,selected response,multiple-choice,instructional,80,,,,Unit 2 Assessment Plan | Conceptual Physics Framework section archetypes/source packet,
U2-S2-XP-Q18,AP/SCI,Conceptual Physics,2,2.2,Extra Practice,practice,XP-Q18,current-section,U2-MG02,,,,U2-S2-PF08,reasoning_shift,,2,"Students will distinguish between speed and velocity and use distance, time, and direction to describe motion.","I can explain that velocity includes both speed and direction and compare examples of constant speed, constant velocity, and changing velocity.",quantitative reasoning; data interpretation; communication with units,short constructed response,constructed-response,instructional,110,,,,Unit 2 Assessment Plan | Conceptual Physics Framework section archetypes/source packet,
U2-S2-PS1-Q19,AP/SCI,Conceptual Physics,2,2.2,Practice Set 1,practice,PS1-Q19,current-section,U2-MG02,,,,U2-S2-PF09,representation_shift,,2,"Students will distinguish between speed and velocity and use distance, time, and direction to describe motion.",I can calculate average speed from distance and time.,quantitative reasoning; data interpretation; communication with units,short constructed response,constructed-response,instructional,110,figures/u2_s2_dt_ps1.png,Generated by Framework graph_tool v12,context_graph,Unit 2 Assessment Plan | Conceptual Physics Framework section archetypes/source packet,
U2-S2-PS2-Q19,AP/SCI,Conceptual Physics,2,2.2,Practice Set 2,practice,PS2-Q19,current-section,U2-MG02,,,,U2-S2-PF09,representation_shift,,2,"Students will distinguish between speed and velocity and use distance, time, and direction to describe motion.",I can calculate average speed from distance and time.,quantitative reasoning; data interpretation; communication with units,short constructed response,constructed-response,instructional,110,figures/u2_s2_dt_ps2.png,Generated by Framework graph_tool v12,context_graph,Unit 2 Assessment Plan | Conceptual Physics Framework section archetypes/source packet,
U2-S2-PS3-Q19,AP/SCI,Conceptual Physics,2,2.2,Practice Set 3,practice,PS3-Q19,current-section,U2-MG02,,,,U2-S2-PF09,representation_shift,,2,"Students will distinguish between speed and velocity and use distance, time, and direction to describe motion.",I can calculate average speed from distance and time.,quantitative reasoning; data interpretation; communication with units,selected response,multiple-choice,instructional,80,figures/u2_s2_dt_ps3.png,Generated by Framework graph_tool v12,context_graph,Unit 2 Assessment Plan | Conceptual Physics Framework section archetypes/source packet,
U2-S2-XP-Q19,AP/SCI,Conceptual Physics,2,2.2,Extra Practice,practice,XP-Q19,current-section,U2-MG02,,,,U2-S2-PF09,representation_shift,,2,"Students will distinguish between speed and velocity and use distance, time, and direction to describe motion.",I can calculate average speed from distance and time.,quantitative reasoning; data interpretation; communication with units,short constructed response,constructed-response,instructional,110,figures/u2_s2_dt_xp.png,Generated by Framework graph_tool v12,context_graph,Unit 2 Assessment Plan | Conceptual Physics Framework section archetypes/source packet,
U2-S2-PS1-Q20,AP/SCI,Conceptual Physics,2,2.2,Practice Set 1,practice,PS1-Q20,current-section,U2-MG02,,,,U2-S2-PF10,reasoning_shift,,2,"Students will distinguish between speed and velocity and use distance, time, and direction to describe motion.",I can distinguish instantaneous speed from average speed.,quantitative reasoning; data interpretation; communication with units,short constructed response,constructed-response,instructional,110,,,,Unit 2 Assessment Plan | Conceptual Physics Framework section archetypes/source packet,
U2-S2-PS2-Q20,AP/SCI,Conceptual Physics,2,2.2,Practice Set 2,practice,PS2-Q20,current-section,U2-MG02,,,,U2-S2-PF10,reasoning_shift,,2,"Students will distinguish between speed and velocity and use distance, time, and direction to describe motion.",I can distinguish instantaneous speed from average speed.,quantitative reasoning; data interpretation; communication with units,short constructed response,constructed-response,instructional,110,,,,Unit 2 Assessment Plan | Conceptual Physics Framework section archetypes/source packet,
U2-S2-PS3-Q20,AP/SCI,Conceptual Physics,2,2.2,Practice Set 3,practice,PS3-Q20,current-section,U2-MG02,,,,U2-S2-PF10,reasoning_shift,,2,"Students will distinguish between speed and velocity and use distance, time, and direction to describe motion.",I can distinguish instantaneous speed from average speed.,quantitative reasoning; data interpretation; communication with units,selected response,multiple-choice,instructional,80,,,,Unit 2 Assessment Plan | Conceptual Physics Framework section archetypes/source packet,
U2-S2-XP-Q20,AP/SCI,Conceptual Physics,2,2.2,Extra Practice,practice,XP-Q20,current-section,U2-MG02,,,,U2-S2-PF10,reasoning_shift,,2,"Students will distinguish between speed and velocity and use distance, time, and direction to describe motion.",I can distinguish instantaneous speed from average speed.,quantitative reasoning; data interpretation; communication with units,short constructed response,constructed-response,instructional,110,,,,Unit 2 Assessment Plan | Conceptual Physics Framework section archetypes/source packet,
U2-S3-PS1-Q01,AP/SCI,Conceptual Physics,2,2.3,Practice Set 1,practice,PS1-Q01,current-section,U2-MG03,,,,U2-S3-PF01,routine_procedural_numeric,,2,"Students will explain acceleration as the rate at which velocity changes and identify acceleration from motion descriptions, data, and graphs.",I can calculate acceleration from change in velocity and time.,graph/data interpretation; quantitative reasoning; model translation,short constructed response,constructed-response,instructional,110,,,,Unit 2 Assessment Plan | Conceptual Physics Framework section archetypes/source packet,
U2-S3-PS2-Q01,AP/SCI,Conceptual Physics,2,2.3,Practice Set 2,practice,PS2-Q01,current-section,U2-MG03,,,,U2-S3-PF01,routine_procedural_numeric,,2,"Students will explain acceleration as the rate at which velocity changes and identify acceleration from motion descriptions, data, and graphs.",I can calculate acceleration from change in velocity and time.,graph/data interpretation; quantitative reasoning; model translation,short constructed response,constructed-response,instructional,110,,,,Unit 2 Assessment Plan | Conceptual Physics Framework section archetypes/source packet,
U2-S3-PS3-Q01,AP/SCI,Conceptual Physics,2,2.3,Practice Set 3,practice,PS3-Q01,current-section,U2-MG03,,,,U2-S3-PF01,routine_procedural_numeric,,2,"Students will explain acceleration as the rate at which velocity changes and identify acceleration from motion descriptions, data, and graphs.",I can calculate acceleration from change in velocity and time.,graph/data interpretation; quantitative reasoning; model translation,selected response,multiple-choice,instructional,80,,,,Unit 2 Assessment Plan | Conceptual Physics Framework section archetypes/source packet,
U2-S3-XP-Q01,AP/SCI,Conceptual Physics,2,2.3,Extra Practice,practice,XP-Q01,current-section,U2-MG03,,,,U2-S3-PF01,routine_procedural_numeric,,2,"Students will explain acceleration as the rate at which velocity changes and identify acceleration from motion descriptions, data, and graphs.",I can calculate acceleration from change in velocity and time.,graph/data interpretation; quantitative reasoning; model translation,short constructed response,constructed-response,instructional,110,,,,Unit 2 Assessment Plan | Conceptual Physics Framework section archetypes/source packet,
U2-S3-PS1-Q02,AP/SCI,Conceptual Physics,2,2.3,Practice Set 1,practice,PS1-Q02,current-section,U2-MG03,,,,U2-S3-PF02,routine_procedural_numeric,,2,"Students will explain acceleration as the rate at which velocity changes and identify acceleration from motion descriptions, data, and graphs.","I can explain that acceleration can involve speeding up, slowing down, or changing direction.",graph/data interpretation; quantitative reasoning; model translation,short constructed response,constructed-response,instructional,110,,,,Unit 2 Assessment Plan | Conceptual Physics Framework section archetypes/source packet,
U2-S3-PS2-Q02,AP/SCI,Conceptual Physics,2,2.3,Practice Set 2,practice,PS2-Q02,current-section,U2-MG03,,,,U2-S3-PF02,routine_procedural_numeric,,2,"Students will explain acceleration as the rate at which velocity changes and identify acceleration from motion descriptions, data, and graphs.","I can explain that acceleration can involve speeding up, slowing down, or changing direction.",graph/data interpretation; quantitative reasoning; model translation,short constructed response,constructed-response,instructional,110,,,,Unit 2 Assessment Plan | Conceptual Physics Framework section archetypes/source packet,
U2-S3-PS3-Q02,AP/SCI,Conceptual Physics,2,2.3,Practice Set 3,practice,PS3-Q02,current-section,U2-MG03,,,,U2-S3-PF02,routine_procedural_numeric,,2,"Students will explain acceleration as the rate at which velocity changes and identify acceleration from motion descriptions, data, and graphs.","I can explain that acceleration can involve speeding up, slowing down, or changing direction.",graph/data interpretation; quantitative reasoning; model translation,selected response,multiple-choice,instructional,80,,,,Unit 2 Assessment Plan | Conceptual Physics Framework section archetypes/source packet,
U2-S3-XP-Q02,AP/SCI,Conceptual Physics,2,2.3,Extra Practice,practice,XP-Q02,current-section,U2-MG03,,,,U2-S3-PF02,routine_procedural_numeric,,2,"Students will explain acceleration as the rate at which velocity changes and identify acceleration from motion descriptions, data, and graphs.","I can explain that acceleration can involve speeding up, slowing down, or changing direction.",graph/data interpretation; quantitative reasoning; model translation,short constructed response,constructed-response,instructional,110,,,,Unit 2 Assessment Plan | Conceptual Physics Framework section archetypes/source packet,
U2-S3-PS1-Q03,AP/SCI,Conceptual Physics,2,2.3,Practice Set 1,practice,PS1-Q03,current-section,U2-MG03,,,,U2-S3-PF03,mixed,,2,"Students will explain acceleration as the rate at which velocity changes and identify acceleration from motion descriptions, data, and graphs.","I can identify positive, negative, or zero acceleration from a motion situation and interpret simple motion graphs and connect them to velocity or acceleration.",graph/data interpretation; quantitative reasoning; model translation,short constructed response,constructed-response,instructional,110,,,,Unit 2 Assessment Plan | Conceptual Physics Framework section archetypes/source packet,
U2-S3-PS2-Q03,AP/SCI,Conceptual Physics,2,2.3,Practice Set 2,practice,PS2-Q03,current-section,U2-MG03,,,,U2-S3-PF03,mixed,,2,"Students will explain acceleration as the rate at which velocity changes and identify acceleration from motion descriptions, data, and graphs.","I can identify positive, negative, or zero acceleration from a motion situation and interpret simple motion graphs and connect them to velocity or acceleration.",graph/data interpretation; quantitative reasoning; model translation,short constructed response,constructed-response,instructional,110,,,,Unit 2 Assessment Plan | Conceptual Physics Framework section archetypes/source packet,
U2-S3-PS3-Q03,AP/SCI,Conceptual Physics,2,2.3,Practice Set 3,practice,PS3-Q03,current-section,U2-MG03,,,,U2-S3-PF03,mixed,,2,"Students will explain acceleration as the rate at which velocity changes and identify acceleration from motion descriptions, data, and graphs.","I can identify positive, negative, or zero acceleration from a motion situation and interpret simple motion graphs and connect them to velocity or acceleration.",graph/data interpretation; quantitative reasoning; model translation,selected response,multiple-choice,instructional,80,,,,Unit 2 Assessment Plan | Conceptual Physics Framework section archetypes/source packet,
U2-S3-XP-Q03,AP/SCI,Conceptual Physics,2,2.3,Extra Practice,practice,XP-Q03,current-section,U2-MG03,,,,U2-S3-PF03,mixed,,2,"Students will explain acceleration as the rate at which velocity changes and identify acceleration from motion descriptions, data, and graphs.","I can identify positive, negative, or zero acceleration from a motion situation and interpret simple motion graphs and connect them to velocity or acceleration.",graph/data interpretation; quantitative reasoning; model translation,short constructed response,constructed-response,instructional,110,,,,Unit 2 Assessment Plan | Conceptual Physics Framework section archetypes/source packet,
U2-S3-PS1-Q04,AP/SCI,Conceptual Physics,2,2.3,Practice Set 1,practice,PS1-Q04,current-section,U2-MG03,,,,U2-S3-PF04,reasoning_shift,,2,"Students will explain acceleration as the rate at which velocity changes and identify acceleration from motion descriptions, data, and graphs.",I can calculate acceleration from change in velocity and time.,graph/data interpretation; quantitative reasoning; model translation,short constructed response,constructed-response,instructional,110,,,,Unit 2 Assessment Plan | Conceptual Physics Framework section archetypes/source packet,
U2-S3-PS2-Q04,AP/SCI,Conceptual Physics,2,2.3,Practice Set 2,practice,PS2-Q04,current-section,U2-MG03,,,,U2-S3-PF04,reasoning_shift,,2,"Students will explain acceleration as the rate at which velocity changes and identify acceleration from motion descriptions, data, and graphs.",I can calculate acceleration from change in velocity and time.,graph/data interpretation; quantitative reasoning; model translation,short constructed response,constructed-response,instructional,110,,,,Unit 2 Assessment Plan | Conceptual Physics Framework section archetypes/source packet,
U2-S3-PS3-Q04,AP/SCI,Conceptual Physics,2,2.3,Practice Set 3,practice,PS3-Q04,current-section,U2-MG03,,,,U2-S3-PF04,reasoning_shift,,2,"Students will explain acceleration as the rate at which velocity changes and identify acceleration from motion descriptions, data, and graphs.",I can calculate acceleration from change in velocity and time.,graph/data interpretation; quantitative reasoning; model translation,selected response,multiple-choice,instructional,80,,,,Unit 2 Assessment Plan | Conceptual Physics Framework section archetypes/source packet,
U2-S3-XP-Q04,AP/SCI,Conceptual Physics,2,2.3,Extra Practice,practice,XP-Q04,current-section,U2-MG03,,,,U2-S3-PF04,reasoning_shift,,2,"Students will explain acceleration as the rate at which velocity changes and identify acceleration from motion descriptions, data, and graphs.",I can calculate acceleration from change in velocity and time.,graph/data interpretation; quantitative reasoning; model translation,short constructed response,constructed-response,instructional,110,,,,Unit 2 Assessment Plan | Conceptual Physics Framework section archetypes/source packet,
U2-S3-PS1-Q05,AP/SCI,Conceptual Physics,2,2.3,Practice Set 1,practice,PS1-Q05,current-section,U2-MG03,,,,U2-S3-PF05,reasoning_shift,,2,"Students will explain acceleration as the rate at which velocity changes and identify acceleration from motion descriptions, data, and graphs.","I can explain that acceleration can involve speeding up, slowing down, or changing direction.",graph/data interpretation; quantitative reasoning; model translation,short constructed response,constructed-response,instructional,110,,,,Unit 2 Assessment Plan | Conceptual Physics Framework section archetypes/source packet,
U2-S3-PS2-Q05,AP/SCI,Conceptual Physics,2,2.3,Practice Set 2,practice,PS2-Q05,current-section,U2-MG03,,,,U2-S3-PF05,reasoning_shift,,2,"Students will explain acceleration as the rate at which velocity changes and identify acceleration from motion descriptions, data, and graphs.","I can explain that acceleration can involve speeding up, slowing down, or changing direction.",graph/data interpretation; quantitative reasoning; model translation,short constructed response,constructed-response,instructional,110,,,,Unit 2 Assessment Plan | Conceptual Physics Framework section archetypes/source packet,
U2-S3-PS3-Q05,AP/SCI,Conceptual Physics,2,2.3,Practice Set 3,practice,PS3-Q05,current-section,U2-MG03,,,,U2-S3-PF05,reasoning_shift,,2,"Students will explain acceleration as the rate at which velocity changes and identify acceleration from motion descriptions, data, and graphs.","I can explain that acceleration can involve speeding up, slowing down, or changing direction.",graph/data interpretation; quantitative reasoning; model translation,selected response,multiple-choice,instructional,80,,,,Unit 2 Assessment Plan | Conceptual Physics Framework section archetypes/source packet,
U2-S3-XP-Q05,AP/SCI,Conceptual Physics,2,2.3,Extra Practice,practice,XP-Q05,current-section,U2-MG03,,,,U2-S3-PF05,reasoning_shift,,2,"Students will explain acceleration as the rate at which velocity changes and identify acceleration from motion descriptions, data, and graphs.","I can explain that acceleration can involve speeding up, slowing down, or changing direction.",graph/data interpretation; quantitative reasoning; model translation,short constructed response,constructed-response,instructional,110,,,,Unit 2 Assessment Plan | Conceptual Physics Framework section archetypes/source packet,
U2-S3-PS1-Q06,AP/SCI,Conceptual Physics,2,2.3,Practice Set 1,practice,PS1-Q06,current-section,U2-MG03,,,,U2-S3-PF06,representation_shift,,2,"Students will explain acceleration as the rate at which velocity changes and identify acceleration from motion descriptions, data, and graphs.","I can identify positive, negative, or zero acceleration from a motion situation and interpret simple motion graphs and connect them to velocity or acceleration.",graph/data interpretation; quantitative reasoning; model translation,short constructed response,constructed-response,instructional,110,,,,Unit 2 Assessment Plan | Conceptual Physics Framework section archetypes/source packet,
U2-S3-PS2-Q06,AP/SCI,Conceptual Physics,2,2.3,Practice Set 2,practice,PS2-Q06,current-section,U2-MG03,,,,U2-S3-PF06,representation_shift,,2,"Students will explain acceleration as the rate at which velocity changes and identify acceleration from motion descriptions, data, and graphs.","I can identify positive, negative, or zero acceleration from a motion situation and interpret simple motion graphs and connect them to velocity or acceleration.",graph/data interpretation; quantitative reasoning; model translation,short constructed response,constructed-response,instructional,110,,,,Unit 2 Assessment Plan | Conceptual Physics Framework section archetypes/source packet,
U2-S3-PS3-Q06,AP/SCI,Conceptual Physics,2,2.3,Practice Set 3,practice,PS3-Q06,current-section,U2-MG03,,,,U2-S3-PF06,representation_shift,,2,"Students will explain acceleration as the rate at which velocity changes and identify acceleration from motion descriptions, data, and graphs.","I can identify positive, negative, or zero acceleration from a motion situation and interpret simple motion graphs and connect them to velocity or acceleration.",graph/data interpretation; quantitative reasoning; model translation,selected response,multiple-choice,instructional,80,,,,Unit 2 Assessment Plan | Conceptual Physics Framework section archetypes/source packet,
U2-S3-XP-Q06,AP/SCI,Conceptual Physics,2,2.3,Extra Practice,practice,XP-Q06,current-section,U2-MG03,,,,U2-S3-PF06,representation_shift,,2,"Students will explain acceleration as the rate at which velocity changes and identify acceleration from motion descriptions, data, and graphs.","I can identify positive, negative, or zero acceleration from a motion situation and interpret simple motion graphs and connect them to velocity or acceleration.",graph/data interpretation; quantitative reasoning; model translation,short constructed response,constructed-response,instructional,110,,,,Unit 2 Assessment Plan | Conceptual Physics Framework section archetypes/source packet,
U2-S3-PS1-Q07,AP/SCI,Conceptual Physics,2,2.3,Practice Set 1,practice,PS1-Q07,current-section,U2-MG03,,,,U2-S3-PF07,reasoning_shift,,2,"Students will explain acceleration as the rate at which velocity changes and identify acceleration from motion descriptions, data, and graphs.",I can calculate acceleration from change in velocity and time.,graph/data interpretation; quantitative reasoning; model translation,short constructed response,constructed-response,instructional,110,,,,Unit 2 Assessment Plan | Conceptual Physics Framework section archetypes/source packet,
U2-S3-PS2-Q07,AP/SCI,Conceptual Physics,2,2.3,Practice Set 2,practice,PS2-Q07,current-section,U2-MG03,,,,U2-S3-PF07,reasoning_shift,,2,"Students will explain acceleration as the rate at which velocity changes and identify acceleration from motion descriptions, data, and graphs.",I can calculate acceleration from change in velocity and time.,graph/data interpretation; quantitative reasoning; model translation,short constructed response,constructed-response,instructional,110,,,,Unit 2 Assessment Plan | Conceptual Physics Framework section archetypes/source packet,
U2-S3-PS3-Q07,AP/SCI,Conceptual Physics,2,2.3,Practice Set 3,practice,PS3-Q07,current-section,U2-MG03,,,,U2-S3-PF07,reasoning_shift,,2,"Students will explain acceleration as the rate at which velocity changes and identify acceleration from motion descriptions, data, and graphs.",I can calculate acceleration from change in velocity and time.,graph/data interpretation; quantitative reasoning; model translation,selected response,multiple-choice,instructional,80,,,,Unit 2 Assessment Plan | Conceptual Physics Framework section archetypes/source packet,
U2-S3-XP-Q07,AP/SCI,Conceptual Physics,2,2.3,Extra Practice,practice,XP-Q07,current-section,U2-MG03,,,,U2-S3-PF07,reasoning_shift,,2,"Students will explain acceleration as the rate at which velocity changes and identify acceleration from motion descriptions, data, and graphs.",I can calculate acceleration from change in velocity and time.,graph/data interpretation; quantitative reasoning; model translation,short constructed response,constructed-response,instructional,110,,,,Unit 2 Assessment Plan | Conceptual Physics Framework section archetypes/source packet,
U2-S3-PS1-Q08,AP/SCI,Conceptual Physics,2,2.3,Practice Set 1,practice,PS1-Q08,current-section,U2-MG03,,,,U2-S3-PF08,representation_shift,,2,"Students will explain acceleration as the rate at which velocity changes and identify acceleration from motion descriptions, data, and graphs.","I can explain that acceleration can involve speeding up, slowing down, or changing direction.",graph/data interpretation; quantitative reasoning; model translation,short constructed response,constructed-response,instructional,110,figures/u2_s3_vt_ps1.png,Generated by Framework graph_tool v12,context_graph,Unit 2 Assessment Plan | Conceptual Physics Framework section archetypes/source packet,
U2-S3-PS2-Q08,AP/SCI,Conceptual Physics,2,2.3,Practice Set 2,practice,PS2-Q08,current-section,U2-MG03,,,,U2-S3-PF08,representation_shift,,2,"Students will explain acceleration as the rate at which velocity changes and identify acceleration from motion descriptions, data, and graphs.","I can explain that acceleration can involve speeding up, slowing down, or changing direction.",graph/data interpretation; quantitative reasoning; model translation,short constructed response,constructed-response,instructional,110,figures/u2_s3_vt_ps2.png,Generated by Framework graph_tool v12,context_graph,Unit 2 Assessment Plan | Conceptual Physics Framework section archetypes/source packet,
U2-S3-PS3-Q08,AP/SCI,Conceptual Physics,2,2.3,Practice Set 3,practice,PS3-Q08,current-section,U2-MG03,,,,U2-S3-PF08,representation_shift,,2,"Students will explain acceleration as the rate at which velocity changes and identify acceleration from motion descriptions, data, and graphs.","I can explain that acceleration can involve speeding up, slowing down, or changing direction.",graph/data interpretation; quantitative reasoning; model translation,selected response,multiple-choice,instructional,80,figures/u2_s3_vt_ps3.png,Generated by Framework graph_tool v12,context_graph,Unit 2 Assessment Plan | Conceptual Physics Framework section archetypes/source packet,
U2-S3-XP-Q08,AP/SCI,Conceptual Physics,2,2.3,Extra Practice,practice,XP-Q08,current-section,U2-MG03,,,,U2-S3-PF08,representation_shift,,2,"Students will explain acceleration as the rate at which velocity changes and identify acceleration from motion descriptions, data, and graphs.","I can explain that acceleration can involve speeding up, slowing down, or changing direction.",graph/data interpretation; quantitative reasoning; model translation,short constructed response,constructed-response,instructional,110,figures/u2_s3_vt_xp.png,Generated by Framework graph_tool v12,context_graph,Unit 2 Assessment Plan | Conceptual Physics Framework section archetypes/source packet,
U2-S3-PS1-Q09,AP/SCI,Conceptual Physics,2,2.3,Practice Set 1,practice,PS1-Q09,current-section,U2-MG03,,,,U2-S3-PF09,representation_shift,,2,"Students will explain acceleration as the rate at which velocity changes and identify acceleration from motion descriptions, data, and graphs.","I can identify positive, negative, or zero acceleration from a motion situation and interpret simple motion graphs and connect them to velocity or acceleration.",graph/data interpretation; quantitative reasoning; model translation,short constructed response,constructed-response,instructional,110,,,,Unit 2 Assessment Plan | Conceptual Physics Framework section archetypes/source packet,
U2-S3-PS2-Q09,AP/SCI,Conceptual Physics,2,2.3,Practice Set 2,practice,PS2-Q09,current-section,U2-MG03,,,,U2-S3-PF09,representation_shift,,2,"Students will explain acceleration as the rate at which velocity changes and identify acceleration from motion descriptions, data, and graphs.","I can identify positive, negative, or zero acceleration from a motion situation and interpret simple motion graphs and connect them to velocity or acceleration.",graph/data interpretation; quantitative reasoning; model translation,short constructed response,constructed-response,instructional,110,,,,Unit 2 Assessment Plan | Conceptual Physics Framework section archetypes/source packet,
U2-S3-PS3-Q09,AP/SCI,Conceptual Physics,2,2.3,Practice Set 3,practice,PS3-Q09,current-section,U2-MG03,,,,U2-S3-PF09,representation_shift,,2,"Students will explain acceleration as the rate at which velocity changes and identify acceleration from motion descriptions, data, and graphs.","I can identify positive, negative, or zero acceleration from a motion situation and interpret simple motion graphs and connect them to velocity or acceleration.",graph/data interpretation; quantitative reasoning; model translation,selected response,multiple-choice,instructional,80,,,,Unit 2 Assessment Plan | Conceptual Physics Framework section archetypes/source packet,
U2-S3-XP-Q09,AP/SCI,Conceptual Physics,2,2.3,Extra Practice,practice,XP-Q09,current-section,U2-MG03,,,,U2-S3-PF09,representation_shift,,2,"Students will explain acceleration as the rate at which velocity changes and identify acceleration from motion descriptions, data, and graphs.","I can identify positive, negative, or zero acceleration from a motion situation and interpret simple motion graphs and connect them to velocity or acceleration.",graph/data interpretation; quantitative reasoning; model translation,short constructed response,constructed-response,instructional,110,,,,Unit 2 Assessment Plan | Conceptual Physics Framework section archetypes/source packet,
U2-S3-PS1-Q10,AP/SCI,Conceptual Physics,2,2.3,Practice Set 1,practice,PS1-Q10,current-section,U2-MG03,,,,U2-S3-PF10,mixed,,2,"Students will explain acceleration as the rate at which velocity changes and identify acceleration from motion descriptions, data, and graphs.",I can calculate acceleration from change in velocity and time.,graph/data interpretation; quantitative reasoning; model translation,short constructed response,constructed-response,instructional,110,,,,Unit 2 Assessment Plan | Conceptual Physics Framework section archetypes/source packet,
U2-S3-PS2-Q10,AP/SCI,Conceptual Physics,2,2.3,Practice Set 2,practice,PS2-Q10,current-section,U2-MG03,,,,U2-S3-PF10,mixed,,2,"Students will explain acceleration as the rate at which velocity changes and identify acceleration from motion descriptions, data, and graphs.",I can calculate acceleration from change in velocity and time.,graph/data interpretation; quantitative reasoning; model translation,short constructed response,constructed-response,instructional,110,,,,Unit 2 Assessment Plan | Conceptual Physics Framework section archetypes/source packet,
U2-S3-PS3-Q10,AP/SCI,Conceptual Physics,2,2.3,Practice Set 3,practice,PS3-Q10,current-section,U2-MG03,,,,U2-S3-PF10,mixed,,2,"Students will explain acceleration as the rate at which velocity changes and identify acceleration from motion descriptions, data, and graphs.",I can calculate acceleration from change in velocity and time.,graph/data interpretation; quantitative reasoning; model translation,selected response,multiple-choice,instructional,80,,,,Unit 2 Assessment Plan | Conceptual Physics Framework section archetypes/source packet,
U2-S3-XP-Q10,AP/SCI,Conceptual Physics,2,2.3,Extra Practice,practice,XP-Q10,current-section,U2-MG03,,,,U2-S3-PF10,mixed,,2,"Students will explain acceleration as the rate at which velocity changes and identify acceleration from motion descriptions, data, and graphs.",I can calculate acceleration from change in velocity and time.,graph/data interpretation; quantitative reasoning; model translation,short constructed response,constructed-response,instructional,110,,,,Unit 2 Assessment Plan | Conceptual Physics Framework section archetypes/source packet,
U2-S3-PS1-Q11,AP/SCI,Conceptual Physics,2,2.3,Practice Set 1,practice,PS1-Q11,current-section,U2-MG03,,,,U2-S3-PF01,routine_procedural_structure,,2,"Students will explain acceleration as the rate at which velocity changes and identify acceleration from motion descriptions, data, and graphs.","I can explain that acceleration can involve speeding up, slowing down, or changing direction.",graph/data interpretation; quantitative reasoning; model translation,short constructed response,constructed-response,instructional,110,,,,Unit 2 Assessment Plan | Conceptual Physics Framework section archetypes/source packet,
U2-S3-PS2-Q11,AP/SCI,Conceptual Physics,2,2.3,Practice Set 2,practice,PS2-Q11,current-section,U2-MG03,,,,U2-S3-PF01,routine_procedural_structure,,2,"Students will explain acceleration as the rate at which velocity changes and identify acceleration from motion descriptions, data, and graphs.","I can explain that acceleration can involve speeding up, slowing down, or changing direction.",graph/data interpretation; quantitative reasoning; model translation,short constructed response,constructed-response,instructional,110,,,,Unit 2 Assessment Plan | Conceptual Physics Framework section archetypes/source packet,
U2-S3-PS3-Q11,AP/SCI,Conceptual Physics,2,2.3,Practice Set 3,practice,PS3-Q11,current-section,U2-MG03,,,,U2-S3-PF01,routine_procedural_structure,,2,"Students will explain acceleration as the rate at which velocity changes and identify acceleration from motion descriptions, data, and graphs.","I can explain that acceleration can involve speeding up, slowing down, or changing direction.",graph/data interpretation; quantitative reasoning; model translation,selected response,multiple-choice,instructional,80,,,,Unit 2 Assessment Plan | Conceptual Physics Framework section archetypes/source packet,
U2-S3-XP-Q11,AP/SCI,Conceptual Physics,2,2.3,Extra Practice,practice,XP-Q11,current-section,U2-MG03,,,,U2-S3-PF01,routine_procedural_structure,,2,"Students will explain acceleration as the rate at which velocity changes and identify acceleration from motion descriptions, data, and graphs.","I can explain that acceleration can involve speeding up, slowing down, or changing direction.",graph/data interpretation; quantitative reasoning; model translation,short constructed response,constructed-response,instructional,110,,,,Unit 2 Assessment Plan | Conceptual Physics Framework section archetypes/source packet,
U2-S3-PS1-Q12,AP/SCI,Conceptual Physics,2,2.3,Practice Set 1,practice,PS1-Q12,current-section,U2-MG03,,,,U2-S3-PF02,routine_procedural_structure,,2,"Students will explain acceleration as the rate at which velocity changes and identify acceleration from motion descriptions, data, and graphs.","I can identify positive, negative, or zero acceleration from a motion situation and interpret simple motion graphs and connect them to velocity or acceleration.",graph/data interpretation; quantitative reasoning; model translation,short constructed response,constructed-response,instructional,110,,,,Unit 2 Assessment Plan | Conceptual Physics Framework section archetypes/source packet,
U2-S3-PS2-Q12,AP/SCI,Conceptual Physics,2,2.3,Practice Set 2,practice,PS2-Q12,current-section,U2-MG03,,,,U2-S3-PF02,routine_procedural_structure,,2,"Students will explain acceleration as the rate at which velocity changes and identify acceleration from motion descriptions, data, and graphs.","I can identify positive, negative, or zero acceleration from a motion situation and interpret simple motion graphs and connect them to velocity or acceleration.",graph/data interpretation; quantitative reasoning; model translation,short constructed response,constructed-response,instructional,110,,,,Unit 2 Assessment Plan | Conceptual Physics Framework section archetypes/source packet,
U2-S3-PS3-Q12,AP/SCI,Conceptual Physics,2,2.3,Practice Set 3,practice,PS3-Q12,current-section,U2-MG03,,,,U2-S3-PF02,routine_procedural_structure,,2,"Students will explain acceleration as the rate at which velocity changes and identify acceleration from motion descriptions, data, and graphs.","I can identify positive, negative, or zero acceleration from a motion situation and interpret simple motion graphs and connect them to velocity or acceleration.",graph/data interpretation; quantitative reasoning; model translation,selected response,multiple-choice,instructional,80,,,,Unit 2 Assessment Plan | Conceptual Physics Framework section archetypes/source packet,
U2-S3-XP-Q12,AP/SCI,Conceptual Physics,2,2.3,Extra Practice,practice,XP-Q12,current-section,U2-MG03,,,,U2-S3-PF02,routine_procedural_structure,,2,"Students will explain acceleration as the rate at which velocity changes and identify acceleration from motion descriptions, data, and graphs.","I can identify positive, negative, or zero acceleration from a motion situation and interpret simple motion graphs and connect them to velocity or acceleration.",graph/data interpretation; quantitative reasoning; model translation,short constructed response,constructed-response,instructional,110,,,,Unit 2 Assessment Plan | Conceptual Physics Framework section archetypes/source packet,
U2-S3-PS1-Q13,AP/SCI,Conceptual Physics,2,2.3,Practice Set 1,practice,PS1-Q13,current-section,U2-MG03,,,,U2-S3-PF03,mixed,,2,"Students will explain acceleration as the rate at which velocity changes and identify acceleration from motion descriptions, data, and graphs.",I can calculate acceleration from change in velocity and time.,graph/data interpretation; quantitative reasoning; model translation,short constructed response,constructed-response,instructional,110,,,,Unit 2 Assessment Plan | Conceptual Physics Framework section archetypes/source packet,
U2-S3-PS2-Q13,AP/SCI,Conceptual Physics,2,2.3,Practice Set 2,practice,PS2-Q13,current-section,U2-MG03,,,,U2-S3-PF03,mixed,,2,"Students will explain acceleration as the rate at which velocity changes and identify acceleration from motion descriptions, data, and graphs.",I can calculate acceleration from change in velocity and time.,graph/data interpretation; quantitative reasoning; model translation,short constructed response,constructed-response,instructional,110,,,,Unit 2 Assessment Plan | Conceptual Physics Framework section archetypes/source packet,
U2-S3-PS3-Q13,AP/SCI,Conceptual Physics,2,2.3,Practice Set 3,practice,PS3-Q13,current-section,U2-MG03,,,,U2-S3-PF03,mixed,,2,"Students will explain acceleration as the rate at which velocity changes and identify acceleration from motion descriptions, data, and graphs.",I can calculate acceleration from change in velocity and time.,graph/data interpretation; quantitative reasoning; model translation,selected response,multiple-choice,instructional,80,,,,Unit 2 Assessment Plan | Conceptual Physics Framework section archetypes/source packet,
U2-S3-XP-Q13,AP/SCI,Conceptual Physics,2,2.3,Extra Practice,practice,XP-Q13,current-section,U2-MG03,,,,U2-S3-PF03,mixed,,2,"Students will explain acceleration as the rate at which velocity changes and identify acceleration from motion descriptions, data, and graphs.",I can calculate acceleration from change in velocity and time.,graph/data interpretation; quantitative reasoning; model translation,short constructed response,constructed-response,instructional,110,,,,Unit 2 Assessment Plan | Conceptual Physics Framework section archetypes/source packet,
U2-S3-PS1-Q14,AP/SCI,Conceptual Physics,2,2.3,Practice Set 1,practice,PS1-Q14,current-section,U2-MG03,,,,U2-S3-PF04,representation_shift,,2,"Students will explain acceleration as the rate at which velocity changes and identify acceleration from motion descriptions, data, and graphs.","I can explain that acceleration can involve speeding up, slowing down, or changing direction.",graph/data interpretation; quantitative reasoning; model translation,short constructed response,constructed-response,instructional,110,,,,Unit 2 Assessment Plan | Conceptual Physics Framework section archetypes/source packet,
U2-S3-PS2-Q14,AP/SCI,Conceptual Physics,2,2.3,Practice Set 2,practice,PS2-Q14,current-section,U2-MG03,,,,U2-S3-PF04,representation_shift,,2,"Students will explain acceleration as the rate at which velocity changes and identify acceleration from motion descriptions, data, and graphs.","I can explain that acceleration can involve speeding up, slowing down, or changing direction.",graph/data interpretation; quantitative reasoning; model translation,short constructed response,constructed-response,instructional,110,,,,Unit 2 Assessment Plan | Conceptual Physics Framework section archetypes/source packet,
U2-S3-PS3-Q14,AP/SCI,Conceptual Physics,2,2.3,Practice Set 3,practice,PS3-Q14,current-section,U2-MG03,,,,U2-S3-PF04,representation_shift,,2,"Students will explain acceleration as the rate at which velocity changes and identify acceleration from motion descriptions, data, and graphs.","I can explain that acceleration can involve speeding up, slowing down, or changing direction.",graph/data interpretation; quantitative reasoning; model translation,selected response,multiple-choice,instructional,80,,,,Unit 2 Assessment Plan | Conceptual Physics Framework section archetypes/source packet,
U2-S3-XP-Q14,AP/SCI,Conceptual Physics,2,2.3,Extra Practice,practice,XP-Q14,current-section,U2-MG03,,,,U2-S3-PF04,representation_shift,,2,"Students will explain acceleration as the rate at which velocity changes and identify acceleration from motion descriptions, data, and graphs.","I can explain that acceleration can involve speeding up, slowing down, or changing direction.",graph/data interpretation; quantitative reasoning; model translation,short constructed response,constructed-response,instructional,110,,,,Unit 2 Assessment Plan | Conceptual Physics Framework section archetypes/source packet,
U2-S3-PS1-Q15,AP/SCI,Conceptual Physics,2,2.3,Practice Set 1,practice,PS1-Q15,current-section,U2-MG03,,,,U2-S3-PF05,routine_procedural_structure,,2,"Students will explain acceleration as the rate at which velocity changes and identify acceleration from motion descriptions, data, and graphs.","I can identify positive, negative, or zero acceleration from a motion situation and interpret simple motion graphs and connect them to velocity or acceleration.",graph/data interpretation; quantitative reasoning; model translation,short constructed response,constructed-response,instructional,110,,,,Unit 2 Assessment Plan | Conceptual Physics Framework section archetypes/source packet,
U2-S3-PS2-Q15,AP/SCI,Conceptual Physics,2,2.3,Practice Set 2,practice,PS2-Q15,current-section,U2-MG03,,,,U2-S3-PF05,routine_procedural_structure,,2,"Students will explain acceleration as the rate at which velocity changes and identify acceleration from motion descriptions, data, and graphs.","I can identify positive, negative, or zero acceleration from a motion situation and interpret simple motion graphs and connect them to velocity or acceleration.",graph/data interpretation; quantitative reasoning; model translation,short constructed response,constructed-response,instructional,110,,,,Unit 2 Assessment Plan | Conceptual Physics Framework section archetypes/source packet,
U2-S3-PS3-Q15,AP/SCI,Conceptual Physics,2,2.3,Practice Set 3,practice,PS3-Q15,current-section,U2-MG03,,,,U2-S3-PF05,routine_procedural_structure,,2,"Students will explain acceleration as the rate at which velocity changes and identify acceleration from motion descriptions, data, and graphs.","I can identify positive, negative, or zero acceleration from a motion situation and interpret simple motion graphs and connect them to velocity or acceleration.",graph/data interpretation; quantitative reasoning; model translation,selected response,multiple-choice,instructional,80,,,,Unit 2 Assessment Plan | Conceptual Physics Framework section archetypes/source packet,
U2-S3-XP-Q15,AP/SCI,Conceptual Physics,2,2.3,Extra Practice,practice,XP-Q15,current-section,U2-MG03,,,,U2-S3-PF05,routine_procedural_structure,,2,"Students will explain acceleration as the rate at which velocity changes and identify acceleration from motion descriptions, data, and graphs.","I can identify positive, negative, or zero acceleration from a motion situation and interpret simple motion graphs and connect them to velocity or acceleration.",graph/data interpretation; quantitative reasoning; model translation,short constructed response,constructed-response,instructional,110,,,,Unit 2 Assessment Plan | Conceptual Physics Framework section archetypes/source packet,
U2-S3-PS1-Q16,AP/SCI,Conceptual Physics,2,2.3,Practice Set 1,practice,PS1-Q16,current-section,U2-MG03,,,,U2-S3-PF06,representation_shift,,2,"Students will explain acceleration as the rate at which velocity changes and identify acceleration from motion descriptions, data, and graphs.",I can calculate acceleration from change in velocity and time.,graph/data interpretation; quantitative reasoning; model translation,short constructed response,constructed-response,instructional,110,,,,Unit 2 Assessment Plan | Conceptual Physics Framework section archetypes/source packet,
U2-S3-PS2-Q16,AP/SCI,Conceptual Physics,2,2.3,Practice Set 2,practice,PS2-Q16,current-section,U2-MG03,,,,U2-S3-PF06,representation_shift,,2,"Students will explain acceleration as the rate at which velocity changes and identify acceleration from motion descriptions, data, and graphs.",I can calculate acceleration from change in velocity and time.,graph/data interpretation; quantitative reasoning; model translation,short constructed response,constructed-response,instructional,110,,,,Unit 2 Assessment Plan | Conceptual Physics Framework section archetypes/source packet,
U2-S3-PS3-Q16,AP/SCI,Conceptual Physics,2,2.3,Practice Set 3,practice,PS3-Q16,current-section,U2-MG03,,,,U2-S3-PF06,representation_shift,,2,"Students will explain acceleration as the rate at which velocity changes and identify acceleration from motion descriptions, data, and graphs.",I can calculate acceleration from change in velocity and time.,graph/data interpretation; quantitative reasoning; model translation,selected response,multiple-choice,instructional,80,,,,Unit 2 Assessment Plan | Conceptual Physics Framework section archetypes/source packet,
U2-S3-XP-Q16,AP/SCI,Conceptual Physics,2,2.3,Extra Practice,practice,XP-Q16,current-section,U2-MG03,,,,U2-S3-PF06,representation_shift,,2,"Students will explain acceleration as the rate at which velocity changes and identify acceleration from motion descriptions, data, and graphs.",I can calculate acceleration from change in velocity and time.,graph/data interpretation; quantitative reasoning; model translation,short constructed response,constructed-response,instructional,110,,,,Unit 2 Assessment Plan | Conceptual Physics Framework section archetypes/source packet,
U2-S3-PS1-Q17,AP/SCI,Conceptual Physics,2,2.3,Practice Set 1,practice,PS1-Q17,current-section,U2-MG03,,,,U2-S3-PF07,reasoning_shift,,2,"Students will explain acceleration as the rate at which velocity changes and identify acceleration from motion descriptions, data, and graphs.","I can explain that acceleration can involve speeding up, slowing down, or changing direction.",graph/data interpretation; quantitative reasoning; model translation,short constructed response,constructed-response,instructional,110,,,,Unit 2 Assessment Plan | Conceptual Physics Framework section archetypes/source packet,
U2-S3-PS2-Q17,AP/SCI,Conceptual Physics,2,2.3,Practice Set 2,practice,PS2-Q17,current-section,U2-MG03,,,,U2-S3-PF07,reasoning_shift,,2,"Students will explain acceleration as the rate at which velocity changes and identify acceleration from motion descriptions, data, and graphs.","I can explain that acceleration can involve speeding up, slowing down, or changing direction.",graph/data interpretation; quantitative reasoning; model translation,short constructed response,constructed-response,instructional,110,,,,Unit 2 Assessment Plan | Conceptual Physics Framework section archetypes/source packet,
U2-S3-PS3-Q17,AP/SCI,Conceptual Physics,2,2.3,Practice Set 3,practice,PS3-Q17,current-section,U2-MG03,,,,U2-S3-PF07,reasoning_shift,,2,"Students will explain acceleration as the rate at which velocity changes and identify acceleration from motion descriptions, data, and graphs.","I can explain that acceleration can involve speeding up, slowing down, or changing direction.",graph/data interpretation; quantitative reasoning; model translation,selected response,multiple-choice,instructional,80,,,,Unit 2 Assessment Plan | Conceptual Physics Framework section archetypes/source packet,
U2-S3-XP-Q17,AP/SCI,Conceptual Physics,2,2.3,Extra Practice,practice,XP-Q17,current-section,U2-MG03,,,,U2-S3-PF07,reasoning_shift,,2,"Students will explain acceleration as the rate at which velocity changes and identify acceleration from motion descriptions, data, and graphs.","I can explain that acceleration can involve speeding up, slowing down, or changing direction.",graph/data interpretation; quantitative reasoning; model translation,short constructed response,constructed-response,instructional,110,,,,Unit 2 Assessment Plan | Conceptual Physics Framework section archetypes/source packet,
U2-S3-PS1-Q18,AP/SCI,Conceptual Physics,2,2.3,Practice Set 1,practice,PS1-Q18,current-section,U2-MG03,,,,U2-S3-PF08,representation_shift,,2,"Students will explain acceleration as the rate at which velocity changes and identify acceleration from motion descriptions, data, and graphs.","I can identify positive, negative, or zero acceleration from a motion situation and interpret simple motion graphs and connect them to velocity or acceleration.",graph/data interpretation; quantitative reasoning; model translation,short constructed response,constructed-response,instructional,110,figures/u2_s3_vt_ps1.png,Generated by Framework graph_tool v12,context_graph,Unit 2 Assessment Plan | Conceptual Physics Framework section archetypes/source packet,
U2-S3-PS2-Q18,AP/SCI,Conceptual Physics,2,2.3,Practice Set 2,practice,PS2-Q18,current-section,U2-MG03,,,,U2-S3-PF08,representation_shift,,2,"Students will explain acceleration as the rate at which velocity changes and identify acceleration from motion descriptions, data, and graphs.","I can identify positive, negative, or zero acceleration from a motion situation and interpret simple motion graphs and connect them to velocity or acceleration.",graph/data interpretation; quantitative reasoning; model translation,short constructed response,constructed-response,instructional,110,figures/u2_s3_vt_ps2.png,Generated by Framework graph_tool v12,context_graph,Unit 2 Assessment Plan | Conceptual Physics Framework section archetypes/source packet,
U2-S3-PS3-Q18,AP/SCI,Conceptual Physics,2,2.3,Practice Set 3,practice,PS3-Q18,current-section,U2-MG03,,,,U2-S3-PF08,representation_shift,,2,"Students will explain acceleration as the rate at which velocity changes and identify acceleration from motion descriptions, data, and graphs.","I can identify positive, negative, or zero acceleration from a motion situation and interpret simple motion graphs and connect them to velocity or acceleration.",graph/data interpretation; quantitative reasoning; model translation,selected response,multiple-choice,instructional,80,figures/u2_s3_vt_ps3.png,Generated by Framework graph_tool v12,context_graph,Unit 2 Assessment Plan | Conceptual Physics Framework section archetypes/source packet,
U2-S3-XP-Q18,AP/SCI,Conceptual Physics,2,2.3,Extra Practice,practice,XP-Q18,current-section,U2-MG03,,,,U2-S3-PF08,representation_shift,,2,"Students will explain acceleration as the rate at which velocity changes and identify acceleration from motion descriptions, data, and graphs.","I can identify positive, negative, or zero acceleration from a motion situation and interpret simple motion graphs and connect them to velocity or acceleration.",graph/data interpretation; quantitative reasoning; model translation,short constructed response,constructed-response,instructional,110,figures/u2_s3_vt_xp.png,Generated by Framework graph_tool v12,context_graph,Unit 2 Assessment Plan | Conceptual Physics Framework section archetypes/source packet,
U2-S3-PS1-Q19,AP/SCI,Conceptual Physics,2,2.3,Practice Set 1,practice,PS1-Q19,current-section,U2-MG03,,,,U2-S3-PF09,representation_shift,,2,"Students will explain acceleration as the rate at which velocity changes and identify acceleration from motion descriptions, data, and graphs.",I can calculate acceleration from change in velocity and time.,graph/data interpretation; quantitative reasoning; model translation,short constructed response,constructed-response,instructional,110,,,,Unit 2 Assessment Plan | Conceptual Physics Framework section archetypes/source packet,
U2-S3-PS2-Q19,AP/SCI,Conceptual Physics,2,2.3,Practice Set 2,practice,PS2-Q19,current-section,U2-MG03,,,,U2-S3-PF09,representation_shift,,2,"Students will explain acceleration as the rate at which velocity changes and identify acceleration from motion descriptions, data, and graphs.",I can calculate acceleration from change in velocity and time.,graph/data interpretation; quantitative reasoning; model translation,short constructed response,constructed-response,instructional,110,,,,Unit 2 Assessment Plan | Conceptual Physics Framework section archetypes/source packet,
U2-S3-PS3-Q19,AP/SCI,Conceptual Physics,2,2.3,Practice Set 3,practice,PS3-Q19,current-section,U2-MG03,,,,U2-S3-PF09,representation_shift,,2,"Students will explain acceleration as the rate at which velocity changes and identify acceleration from motion descriptions, data, and graphs.",I can calculate acceleration from change in velocity and time.,graph/data interpretation; quantitative reasoning; model translation,selected response,multiple-choice,instructional,80,,,,Unit 2 Assessment Plan | Conceptual Physics Framework section archetypes/source packet,
U2-S3-XP-Q19,AP/SCI,Conceptual Physics,2,2.3,Extra Practice,practice,XP-Q19,current-section,U2-MG03,,,,U2-S3-PF09,representation_shift,,2,"Students will explain acceleration as the rate at which velocity changes and identify acceleration from motion descriptions, data, and graphs.",I can calculate acceleration from change in velocity and time.,graph/data interpretation; quantitative reasoning; model translation,short constructed response,constructed-response,instructional,110,,,,Unit 2 Assessment Plan | Conceptual Physics Framework section archetypes/source packet,
U2-S3-PS1-Q20,AP/SCI,Conceptual Physics,2,2.3,Practice Set 1,practice,PS1-Q20,current-section,U2-MG03,,,,U2-S3-PF10,mixed,,2,"Students will explain acceleration as the rate at which velocity changes and identify acceleration from motion descriptions, data, and graphs.","I can explain that acceleration can involve speeding up, slowing down, or changing direction.",graph/data interpretation; quantitative reasoning; model translation,short constructed response,constructed-response,instructional,110,,,,Unit 2 Assessment Plan | Conceptual Physics Framework section archetypes/source packet,
U2-S3-PS2-Q20,AP/SCI,Conceptual Physics,2,2.3,Practice Set 2,practice,PS2-Q20,current-section,U2-MG03,,,,U2-S3-PF10,mixed,,2,"Students will explain acceleration as the rate at which velocity changes and identify acceleration from motion descriptions, data, and graphs.","I can explain that acceleration can involve speeding up, slowing down, or changing direction.",graph/data interpretation; quantitative reasoning; model translation,short constructed response,constructed-response,instructional,110,,,,Unit 2 Assessment Plan | Conceptual Physics Framework section archetypes/source packet,
U2-S3-PS3-Q20,AP/SCI,Conceptual Physics,2,2.3,Practice Set 3,practice,PS3-Q20,current-section,U2-MG03,,,,U2-S3-PF10,mixed,,2,"Students will explain acceleration as the rate at which velocity changes and identify acceleration from motion descriptions, data, and graphs.","I can explain that acceleration can involve speeding up, slowing down, or changing direction.",graph/data interpretation; quantitative reasoning; model translation,selected response,multiple-choice,instructional,80,,,,Unit 2 Assessment Plan | Conceptual Physics Framework section archetypes/source packet,
U2-S3-XP-Q20,AP/SCI,Conceptual Physics,2,2.3,Extra Practice,practice,XP-Q20,current-section,U2-MG03,,,,U2-S3-PF10,mixed,,2,"Students will explain acceleration as the rate at which velocity changes and identify acceleration from motion descriptions, data, and graphs.","I can explain that acceleration can involve speeding up, slowing down, or changing direction.",graph/data interpretation; quantitative reasoning; model translation,short constructed response,constructed-response,instructional,110,,,,Unit 2 Assessment Plan | Conceptual Physics Framework section archetypes/source packet,
U2-S3-PS1-Q21,AP/SCI,Conceptual Physics,2,2.3,Practice Set 1,practice,PS1-Q21,current-section,U2-MG03,,,,U2-S3-PF01,routine_procedural_structure,,2,"Students will explain acceleration as the rate at which velocity changes and identify acceleration from motion descriptions, data, and graphs.","I can identify positive, negative, or zero acceleration from a motion situation and interpret simple motion graphs and connect them to velocity or acceleration.",graph/data interpretation; quantitative reasoning; model translation,short constructed response,constructed-response,instructional,110,,,,Unit 2 Assessment Plan | Conceptual Physics Framework section archetypes/source packet,
U2-S3-PS2-Q21,AP/SCI,Conceptual Physics,2,2.3,Practice Set 2,practice,PS2-Q21,current-section,U2-MG03,,,,U2-S3-PF01,routine_procedural_structure,,2,"Students will explain acceleration as the rate at which velocity changes and identify acceleration from motion descriptions, data, and graphs.","I can identify positive, negative, or zero acceleration from a motion situation and interpret simple motion graphs and connect them to velocity or acceleration.",graph/data interpretation; quantitative reasoning; model translation,short constructed response,constructed-response,instructional,110,,,,Unit 2 Assessment Plan | Conceptual Physics Framework section archetypes/source packet,
U2-S3-PS3-Q21,AP/SCI,Conceptual Physics,2,2.3,Practice Set 3,practice,PS3-Q21,current-section,U2-MG03,,,,U2-S3-PF01,routine_procedural_structure,,2,"Students will explain acceleration as the rate at which velocity changes and identify acceleration from motion descriptions, data, and graphs.","I can identify positive, negative, or zero acceleration from a motion situation and interpret simple motion graphs and connect them to velocity or acceleration.",graph/data interpretation; quantitative reasoning; model translation,selected response,multiple-choice,instructional,80,,,,Unit 2 Assessment Plan | Conceptual Physics Framework section archetypes/source packet,
U2-S3-XP-Q21,AP/SCI,Conceptual Physics,2,2.3,Extra Practice,practice,XP-Q21,current-section,U2-MG03,,,,U2-S3-PF01,routine_procedural_structure,,2,"Students will explain acceleration as the rate at which velocity changes and identify acceleration from motion descriptions, data, and graphs.","I can identify positive, negative, or zero acceleration from a motion situation and interpret simple motion graphs and connect them to velocity or acceleration.",graph/data interpretation; quantitative reasoning; model translation,short constructed response,constructed-response,instructional,110,,,,Unit 2 Assessment Plan | Conceptual Physics Framework section archetypes/source packet,
U2-S4-PS1-Q01,AP/SCI,Conceptual Physics,2,2.4,Practice Set 1,practice,PS1-Q01,current-section,U2-MG03,,,,U2-S4-PF01,routine_procedural_numeric,,2,Students will describe free fall as motion under the influence of gravity alone and use simple free-fall relationships to determine speed or distance fallen.,I can explain why objects in free fall accelerate at the same rate when air resistance is ignored.,mathematical reasoning; model evaluation; explanation of phenomena,short constructed response,constructed-response,instructional,110,,,,Unit 2 Assessment Plan | Conceptual Physics Framework section archetypes/source packet,
U2-S4-PS2-Q01,AP/SCI,Conceptual Physics,2,2.4,Practice Set 2,practice,PS2-Q01,current-section,U2-MG03,,,,U2-S4-PF01,routine_procedural_numeric,,2,Students will describe free fall as motion under the influence of gravity alone and use simple free-fall relationships to determine speed or distance fallen.,I can explain why objects in free fall accelerate at the same rate when air resistance is ignored.,mathematical reasoning; model evaluation; explanation of phenomena,short constructed response,constructed-response,instructional,110,,,,Unit 2 Assessment Plan | Conceptual Physics Framework section archetypes/source packet,
U2-S4-PS3-Q01,AP/SCI,Conceptual Physics,2,2.4,Practice Set 3,practice,PS3-Q01,current-section,U2-MG03,,,,U2-S4-PF01,routine_procedural_numeric,,2,Students will describe free fall as motion under the influence of gravity alone and use simple free-fall relationships to determine speed or distance fallen.,I can explain why objects in free fall accelerate at the same rate when air resistance is ignored.,mathematical reasoning; model evaluation; explanation of phenomena,selected response,multiple-choice,instructional,80,,,,Unit 2 Assessment Plan | Conceptual Physics Framework section archetypes/source packet,
U2-S4-XP-Q01,AP/SCI,Conceptual Physics,2,2.4,Extra Practice,practice,XP-Q01,current-section,U2-MG03,,,,U2-S4-PF01,routine_procedural_numeric,,2,Students will describe free fall as motion under the influence of gravity alone and use simple free-fall relationships to determine speed or distance fallen.,I can explain why objects in free fall accelerate at the same rate when air resistance is ignored.,mathematical reasoning; model evaluation; explanation of phenomena,short constructed response,constructed-response,instructional,110,,,,Unit 2 Assessment Plan | Conceptual Physics Framework section archetypes/source packet,
U2-S4-PS1-Q02,AP/SCI,Conceptual Physics,2,2.4,Practice Set 1,practice,PS1-Q02,current-section,U2-MG03,,,,U2-S4-PF02,routine_procedural_numeric,,2,Students will describe free fall as motion under the influence of gravity alone and use simple free-fall relationships to determine speed or distance fallen.,I can use $g \approx 10\text{ m/s}^2$ to determine speed gained during free fall.,mathematical reasoning; model evaluation; explanation of phenomena,short constructed response,constructed-response,instructional,110,,,,Unit 2 Assessment Plan | Conceptual Physics Framework section archetypes/source packet,
U2-S4-PS2-Q02,AP/SCI,Conceptual Physics,2,2.4,Practice Set 2,practice,PS2-Q02,current-section,U2-MG03,,,,U2-S4-PF02,routine_procedural_numeric,,2,Students will describe free fall as motion under the influence of gravity alone and use simple free-fall relationships to determine speed or distance fallen.,I can use $g \approx 10\text{ m/s}^2$ to determine speed gained during free fall.,mathematical reasoning; model evaluation; explanation of phenomena,short constructed response,constructed-response,instructional,110,,,,Unit 2 Assessment Plan | Conceptual Physics Framework section archetypes/source packet,
U2-S4-PS3-Q02,AP/SCI,Conceptual Physics,2,2.4,Practice Set 3,practice,PS3-Q02,current-section,U2-MG03,,,,U2-S4-PF02,routine_procedural_numeric,,2,Students will describe free fall as motion under the influence of gravity alone and use simple free-fall relationships to determine speed or distance fallen.,I can use $g \approx 10\text{ m/s}^2$ to determine speed gained during free fall.,mathematical reasoning; model evaluation; explanation of phenomena,selected response,multiple-choice,instructional,80,,,,Unit 2 Assessment Plan | Conceptual Physics Framework section archetypes/source packet,
U2-S4-XP-Q02,AP/SCI,Conceptual Physics,2,2.4,Extra Practice,practice,XP-Q02,current-section,U2-MG03,,,,U2-S4-PF02,routine_procedural_numeric,,2,Students will describe free fall as motion under the influence of gravity alone and use simple free-fall relationships to determine speed or distance fallen.,I can use $g \approx 10\text{ m/s}^2$ to determine speed gained during free fall.,mathematical reasoning; model evaluation; explanation of phenomena,short constructed response,constructed-response,instructional,110,,,,Unit 2 Assessment Plan | Conceptual Physics Framework section archetypes/source packet,
U2-S4-PS1-Q03,AP/SCI,Conceptual Physics,2,2.4,Practice Set 1,practice,PS1-Q03,current-section,U2-MG03,,,,U2-S4-PF03,routine_procedural_numeric,,2,Students will describe free fall as motion under the influence of gravity alone and use simple free-fall relationships to determine speed or distance fallen.,I can use free-fall patterns to compare distance fallen during different time intervals and distinguish free fall from falling with significant air resistance.,mathematical reasoning; model evaluation; explanation of phenomena,short constructed response,constructed-response,instructional,110,,,,Unit 2 Assessment Plan | Conceptual Physics Framework section archetypes/source packet,
U2-S4-PS2-Q03,AP/SCI,Conceptual Physics,2,2.4,Practice Set 2,practice,PS2-Q03,current-section,U2-MG03,,,,U2-S4-PF03,routine_procedural_numeric,,2,Students will describe free fall as motion under the influence of gravity alone and use simple free-fall relationships to determine speed or distance fallen.,I can use free-fall patterns to compare distance fallen during different time intervals and distinguish free fall from falling with significant air resistance.,mathematical reasoning; model evaluation; explanation of phenomena,short constructed response,constructed-response,instructional,110,,,,Unit 2 Assessment Plan | Conceptual Physics Framework section archetypes/source packet,
U2-S4-PS3-Q03,AP/SCI,Conceptual Physics,2,2.4,Practice Set 3,practice,PS3-Q03,current-section,U2-MG03,,,,U2-S4-PF03,routine_procedural_numeric,,2,Students will describe free fall as motion under the influence of gravity alone and use simple free-fall relationships to determine speed or distance fallen.,I can use free-fall patterns to compare distance fallen during different time intervals and distinguish free fall from falling with significant air resistance.,mathematical reasoning; model evaluation; explanation of phenomena,selected response,multiple-choice,instructional,80,,,,Unit 2 Assessment Plan | Conceptual Physics Framework section archetypes/source packet,
U2-S4-XP-Q03,AP/SCI,Conceptual Physics,2,2.4,Extra Practice,practice,XP-Q03,current-section,U2-MG03,,,,U2-S4-PF03,routine_procedural_numeric,,2,Students will describe free fall as motion under the influence of gravity alone and use simple free-fall relationships to determine speed or distance fallen.,I can use free-fall patterns to compare distance fallen during different time intervals and distinguish free fall from falling with significant air resistance.,mathematical reasoning; model evaluation; explanation of phenomena,short constructed response,constructed-response,instructional,110,,,,Unit 2 Assessment Plan | Conceptual Physics Framework section archetypes/source packet,
U2-S4-PS1-Q04,AP/SCI,Conceptual Physics,2,2.4,Practice Set 1,practice,PS1-Q04,current-section,U2-MG03,,,,U2-S4-PF04,reasoning_shift,,2,Students will describe free fall as motion under the influence of gravity alone and use simple free-fall relationships to determine speed or distance fallen.,I can explain why objects in free fall accelerate at the same rate when air resistance is ignored.,mathematical reasoning; model evaluation; explanation of phenomena,short constructed response,constructed-response,instructional,110,,,,Unit 2 Assessment Plan | Conceptual Physics Framework section archetypes/source packet,
U2-S4-PS2-Q04,AP/SCI,Conceptual Physics,2,2.4,Practice Set 2,practice,PS2-Q04,current-section,U2-MG03,,,,U2-S4-PF04,reasoning_shift,,2,Students will describe free fall as motion under the influence of gravity alone and use simple free-fall relationships to determine speed or distance fallen.,I can explain why objects in free fall accelerate at the same rate when air resistance is ignored.,mathematical reasoning; model evaluation; explanation of phenomena,short constructed response,constructed-response,instructional,110,,,,Unit 2 Assessment Plan | Conceptual Physics Framework section archetypes/source packet,
U2-S4-PS3-Q04,AP/SCI,Conceptual Physics,2,2.4,Practice Set 3,practice,PS3-Q04,current-section,U2-MG03,,,,U2-S4-PF04,reasoning_shift,,2,Students will describe free fall as motion under the influence of gravity alone and use simple free-fall relationships to determine speed or distance fallen.,I can explain why objects in free fall accelerate at the same rate when air resistance is ignored.,mathematical reasoning; model evaluation; explanation of phenomena,selected response,multiple-choice,instructional,80,,,,Unit 2 Assessment Plan | Conceptual Physics Framework section archetypes/source packet,
U2-S4-XP-Q04,AP/SCI,Conceptual Physics,2,2.4,Extra Practice,practice,XP-Q04,current-section,U2-MG03,,,,U2-S4-PF04,reasoning_shift,,2,Students will describe free fall as motion under the influence of gravity alone and use simple free-fall relationships to determine speed or distance fallen.,I can explain why objects in free fall accelerate at the same rate when air resistance is ignored.,mathematical reasoning; model evaluation; explanation of phenomena,short constructed response,constructed-response,instructional,110,,,,Unit 2 Assessment Plan | Conceptual Physics Framework section archetypes/source packet,
U2-S4-PS1-Q05,AP/SCI,Conceptual Physics,2,2.4,Practice Set 1,practice,PS1-Q05,current-section,U2-MG03,,,,U2-S4-PF05,conceptual_reword,,2,Students will describe free fall as motion under the influence of gravity alone and use simple free-fall relationships to determine speed or distance fallen.,I can use $g \approx 10\text{ m/s}^2$ to determine speed gained during free fall.,mathematical reasoning; model evaluation; explanation of phenomena,short constructed response,constructed-response,instructional,110,,,,Unit 2 Assessment Plan | Conceptual Physics Framework section archetypes/source packet,
U2-S4-PS2-Q05,AP/SCI,Conceptual Physics,2,2.4,Practice Set 2,practice,PS2-Q05,current-section,U2-MG03,,,,U2-S4-PF05,conceptual_reword,,2,Students will describe free fall as motion under the influence of gravity alone and use simple free-fall relationships to determine speed or distance fallen.,I can use $g \approx 10\text{ m/s}^2$ to determine speed gained during free fall.,mathematical reasoning; model evaluation; explanation of phenomena,short constructed response,constructed-response,instructional,110,,,,Unit 2 Assessment Plan | Conceptual Physics Framework section archetypes/source packet,
U2-S4-PS3-Q05,AP/SCI,Conceptual Physics,2,2.4,Practice Set 3,practice,PS3-Q05,current-section,U2-MG03,,,,U2-S4-PF05,conceptual_reword,,2,Students will describe free fall as motion under the influence of gravity alone and use simple free-fall relationships to determine speed or distance fallen.,I can use $g \approx 10\text{ m/s}^2$ to determine speed gained during free fall.,mathematical reasoning; model evaluation; explanation of phenomena,selected response,multiple-choice,instructional,80,,,,Unit 2 Assessment Plan | Conceptual Physics Framework section archetypes/source packet,
U2-S4-XP-Q05,AP/SCI,Conceptual Physics,2,2.4,Extra Practice,practice,XP-Q05,current-section,U2-MG03,,,,U2-S4-PF05,conceptual_reword,,2,Students will describe free fall as motion under the influence of gravity alone and use simple free-fall relationships to determine speed or distance fallen.,I can use $g \approx 10\text{ m/s}^2$ to determine speed gained during free fall.,mathematical reasoning; model evaluation; explanation of phenomena,short constructed response,constructed-response,instructional,110,,,,Unit 2 Assessment Plan | Conceptual Physics Framework section archetypes/source packet,
U2-S4-PS1-Q06,AP/SCI,Conceptual Physics,2,2.4,Practice Set 1,practice,PS1-Q06,current-section,U2-MG03,,,,U2-S4-PF06,reasoning_shift,,2,Students will describe free fall as motion under the influence of gravity alone and use simple free-fall relationships to determine speed or distance fallen.,I can use free-fall patterns to compare distance fallen during different time intervals and distinguish free fall from falling with significant air resistance.,mathematical reasoning; model evaluation; explanation of phenomena,short constructed response,constructed-response,instructional,110,,,,Unit 2 Assessment Plan | Conceptual Physics Framework section archetypes/source packet,
U2-S4-PS2-Q06,AP/SCI,Conceptual Physics,2,2.4,Practice Set 2,practice,PS2-Q06,current-section,U2-MG03,,,,U2-S4-PF06,reasoning_shift,,2,Students will describe free fall as motion under the influence of gravity alone and use simple free-fall relationships to determine speed or distance fallen.,I can use free-fall patterns to compare distance fallen during different time intervals and distinguish free fall from falling with significant air resistance.,mathematical reasoning; model evaluation; explanation of phenomena,short constructed response,constructed-response,instructional,110,,,,Unit 2 Assessment Plan | Conceptual Physics Framework section archetypes/source packet,
U2-S4-PS3-Q06,AP/SCI,Conceptual Physics,2,2.4,Practice Set 3,practice,PS3-Q06,current-section,U2-MG03,,,,U2-S4-PF06,reasoning_shift,,2,Students will describe free fall as motion under the influence of gravity alone and use simple free-fall relationships to determine speed or distance fallen.,I can use free-fall patterns to compare distance fallen during different time intervals and distinguish free fall from falling with significant air resistance.,mathematical reasoning; model evaluation; explanation of phenomena,selected response,multiple-choice,instructional,80,,,,Unit 2 Assessment Plan | Conceptual Physics Framework section archetypes/source packet,
U2-S4-XP-Q06,AP/SCI,Conceptual Physics,2,2.4,Extra Practice,practice,XP-Q06,current-section,U2-MG03,,,,U2-S4-PF06,reasoning_shift,,2,Students will describe free fall as motion under the influence of gravity alone and use simple free-fall relationships to determine speed or distance fallen.,I can use free-fall patterns to compare distance fallen during different time intervals and distinguish free fall from falling with significant air resistance.,mathematical reasoning; model evaluation; explanation of phenomena,short constructed response,constructed-response,instructional,110,,,,Unit 2 Assessment Plan | Conceptual Physics Framework section archetypes/source packet,
U2-S4-PS1-Q07,AP/SCI,Conceptual Physics,2,2.4,Practice Set 1,practice,PS1-Q07,current-section,U2-MG03,,,,U2-S4-PF07,representation_shift,,2,Students will describe free fall as motion under the influence of gravity alone and use simple free-fall relationships to determine speed or distance fallen.,I can explain why objects in free fall accelerate at the same rate when air resistance is ignored.,mathematical reasoning; model evaluation; explanation of phenomena,short constructed response,constructed-response,instructional,110,,,,Unit 2 Assessment Plan | Conceptual Physics Framework section archetypes/source packet,
U2-S4-PS2-Q07,AP/SCI,Conceptual Physics,2,2.4,Practice Set 2,practice,PS2-Q07,current-section,U2-MG03,,,,U2-S4-PF07,representation_shift,,2,Students will describe free fall as motion under the influence of gravity alone and use simple free-fall relationships to determine speed or distance fallen.,I can explain why objects in free fall accelerate at the same rate when air resistance is ignored.,mathematical reasoning; model evaluation; explanation of phenomena,short constructed response,constructed-response,instructional,110,,,,Unit 2 Assessment Plan | Conceptual Physics Framework section archetypes/source packet,
U2-S4-PS3-Q07,AP/SCI,Conceptual Physics,2,2.4,Practice Set 3,practice,PS3-Q07,current-section,U2-MG03,,,,U2-S4-PF07,representation_shift,,2,Students will describe free fall as motion under the influence of gravity alone and use simple free-fall relationships to determine speed or distance fallen.,I can explain why objects in free fall accelerate at the same rate when air resistance is ignored.,mathematical reasoning; model evaluation; explanation of phenomena,selected response,multiple-choice,instructional,80,,,,Unit 2 Assessment Plan | Conceptual Physics Framework section archetypes/source packet,
U2-S4-XP-Q07,AP/SCI,Conceptual Physics,2,2.4,Extra Practice,practice,XP-Q07,current-section,U2-MG03,,,,U2-S4-PF07,representation_shift,,2,Students will describe free fall as motion under the influence of gravity alone and use simple free-fall relationships to determine speed or distance fallen.,I can explain why objects in free fall accelerate at the same rate when air resistance is ignored.,mathematical reasoning; model evaluation; explanation of phenomena,short constructed response,constructed-response,instructional,110,,,,Unit 2 Assessment Plan | Conceptual Physics Framework section archetypes/source packet,
U2-S4-PS1-Q08,AP/SCI,Conceptual Physics,2,2.4,Practice Set 1,practice,PS1-Q08,current-section,U2-MG03,,,,U2-S4-PF08,reasoning_shift,,2,Students will describe free fall as motion under the influence of gravity alone and use simple free-fall relationships to determine speed or distance fallen.,I can use $g \approx 10\text{ m/s}^2$ to determine speed gained during free fall.,mathematical reasoning; model evaluation; explanation of phenomena,short constructed response,constructed-response,instructional,110,,,,Unit 2 Assessment Plan | Conceptual Physics Framework section archetypes/source packet,
U2-S4-PS2-Q08,AP/SCI,Conceptual Physics,2,2.4,Practice Set 2,practice,PS2-Q08,current-section,U2-MG03,,,,U2-S4-PF08,reasoning_shift,,2,Students will describe free fall as motion under the influence of gravity alone and use simple free-fall relationships to determine speed or distance fallen.,I can use $g \approx 10\text{ m/s}^2$ to determine speed gained during free fall.,mathematical reasoning; model evaluation; explanation of phenomena,short constructed response,constructed-response,instructional,110,,,,Unit 2 Assessment Plan | Conceptual Physics Framework section archetypes/source packet,
U2-S4-PS3-Q08,AP/SCI,Conceptual Physics,2,2.4,Practice Set 3,practice,PS3-Q08,current-section,U2-MG03,,,,U2-S4-PF08,reasoning_shift,,2,Students will describe free fall as motion under the influence of gravity alone and use simple free-fall relationships to determine speed or distance fallen.,I can use $g \approx 10\text{ m/s}^2$ to determine speed gained during free fall.,mathematical reasoning; model evaluation; explanation of phenomena,selected response,multiple-choice,instructional,80,,,,Unit 2 Assessment Plan | Conceptual Physics Framework section archetypes/source packet,
U2-S4-XP-Q08,AP/SCI,Conceptual Physics,2,2.4,Extra Practice,practice,XP-Q08,current-section,U2-MG03,,,,U2-S4-PF08,reasoning_shift,,2,Students will describe free fall as motion under the influence of gravity alone and use simple free-fall relationships to determine speed or distance fallen.,I can use $g \approx 10\text{ m/s}^2$ to determine speed gained during free fall.,mathematical reasoning; model evaluation; explanation of phenomena,short constructed response,constructed-response,instructional,110,,,,Unit 2 Assessment Plan | Conceptual Physics Framework section archetypes/source packet,
U2-S4-PS1-Q09,AP/SCI,Conceptual Physics,2,2.4,Practice Set 1,practice,PS1-Q09,current-section,U2-MG03,,,,U2-S4-PF09,conceptual_reword,,2,Students will describe free fall as motion under the influence of gravity alone and use simple free-fall relationships to determine speed or distance fallen.,I can use free-fall patterns to compare distance fallen during different time intervals and distinguish free fall from falling with significant air resistance.,mathematical reasoning; model evaluation; explanation of phenomena,short constructed response,constructed-response,instructional,110,,,,Unit 2 Assessment Plan | Conceptual Physics Framework section archetypes/source packet,
U2-S4-PS2-Q09,AP/SCI,Conceptual Physics,2,2.4,Practice Set 2,practice,PS2-Q09,current-section,U2-MG03,,,,U2-S4-PF09,conceptual_reword,,2,Students will describe free fall as motion under the influence of gravity alone and use simple free-fall relationships to determine speed or distance fallen.,I can use free-fall patterns to compare distance fallen during different time intervals and distinguish free fall from falling with significant air resistance.,mathematical reasoning; model evaluation; explanation of phenomena,short constructed response,constructed-response,instructional,110,,,,Unit 2 Assessment Plan | Conceptual Physics Framework section archetypes/source packet,
U2-S4-PS3-Q09,AP/SCI,Conceptual Physics,2,2.4,Practice Set 3,practice,PS3-Q09,current-section,U2-MG03,,,,U2-S4-PF09,conceptual_reword,,2,Students will describe free fall as motion under the influence of gravity alone and use simple free-fall relationships to determine speed or distance fallen.,I can use free-fall patterns to compare distance fallen during different time intervals and distinguish free fall from falling with significant air resistance.,mathematical reasoning; model evaluation; explanation of phenomena,selected response,multiple-choice,instructional,80,,,,Unit 2 Assessment Plan | Conceptual Physics Framework section archetypes/source packet,
U2-S4-XP-Q09,AP/SCI,Conceptual Physics,2,2.4,Extra Practice,practice,XP-Q09,current-section,U2-MG03,,,,U2-S4-PF09,conceptual_reword,,2,Students will describe free fall as motion under the influence of gravity alone and use simple free-fall relationships to determine speed or distance fallen.,I can use free-fall patterns to compare distance fallen during different time intervals and distinguish free fall from falling with significant air resistance.,mathematical reasoning; model evaluation; explanation of phenomena,short constructed response,constructed-response,instructional,110,,,,Unit 2 Assessment Plan | Conceptual Physics Framework section archetypes/source packet,
U2-S4-PS1-Q10,AP/SCI,Conceptual Physics,2,2.4,Practice Set 1,practice,PS1-Q10,current-section,U2-MG03,,,,U2-S4-PF10,mixed,,2,Students will describe free fall as motion under the influence of gravity alone and use simple free-fall relationships to determine speed or distance fallen.,I can explain why objects in free fall accelerate at the same rate when air resistance is ignored.,mathematical reasoning; model evaluation; explanation of phenomena,short constructed response,constructed-response,instructional,110,,,,Unit 2 Assessment Plan | Conceptual Physics Framework section archetypes/source packet,
U2-S4-PS2-Q10,AP/SCI,Conceptual Physics,2,2.4,Practice Set 2,practice,PS2-Q10,current-section,U2-MG03,,,,U2-S4-PF10,mixed,,2,Students will describe free fall as motion under the influence of gravity alone and use simple free-fall relationships to determine speed or distance fallen.,I can explain why objects in free fall accelerate at the same rate when air resistance is ignored.,mathematical reasoning; model evaluation; explanation of phenomena,short constructed response,constructed-response,instructional,110,,,,Unit 2 Assessment Plan | Conceptual Physics Framework section archetypes/source packet,
U2-S4-PS3-Q10,AP/SCI,Conceptual Physics,2,2.4,Practice Set 3,practice,PS3-Q10,current-section,U2-MG03,,,,U2-S4-PF10,mixed,,2,Students will describe free fall as motion under the influence of gravity alone and use simple free-fall relationships to determine speed or distance fallen.,I can explain why objects in free fall accelerate at the same rate when air resistance is ignored.,mathematical reasoning; model evaluation; explanation of phenomena,selected response,multiple-choice,instructional,80,,,,Unit 2 Assessment Plan | Conceptual Physics Framework section archetypes/source packet,
U2-S4-XP-Q10,AP/SCI,Conceptual Physics,2,2.4,Extra Practice,practice,XP-Q10,current-section,U2-MG03,,,,U2-S4-PF10,mixed,,2,Students will describe free fall as motion under the influence of gravity alone and use simple free-fall relationships to determine speed or distance fallen.,I can explain why objects in free fall accelerate at the same rate when air resistance is ignored.,mathematical reasoning; model evaluation; explanation of phenomena,short constructed response,constructed-response,instructional,110,,,,Unit 2 Assessment Plan | Conceptual Physics Framework section archetypes/source packet,
U2-S4-PS1-Q11,AP/SCI,Conceptual Physics,2,2.4,Practice Set 1,practice,PS1-Q11,current-section,U2-MG03,,,,U2-S4-PF01,routine_procedural_structure,,2,Students will describe free fall as motion under the influence of gravity alone and use simple free-fall relationships to determine speed or distance fallen.,I can use $g \approx 10\text{ m/s}^2$ to determine speed gained during free fall.,mathematical reasoning; model evaluation; explanation of phenomena,short constructed response,constructed-response,instructional,110,,,,Unit 2 Assessment Plan | Conceptual Physics Framework section archetypes/source packet,
U2-S4-PS2-Q11,AP/SCI,Conceptual Physics,2,2.4,Practice Set 2,practice,PS2-Q11,current-section,U2-MG03,,,,U2-S4-PF01,routine_procedural_structure,,2,Students will describe free fall as motion under the influence of gravity alone and use simple free-fall relationships to determine speed or distance fallen.,I can use $g \approx 10\text{ m/s}^2$ to determine speed gained during free fall.,mathematical reasoning; model evaluation; explanation of phenomena,short constructed response,constructed-response,instructional,110,,,,Unit 2 Assessment Plan | Conceptual Physics Framework section archetypes/source packet,
U2-S4-PS3-Q11,AP/SCI,Conceptual Physics,2,2.4,Practice Set 3,practice,PS3-Q11,current-section,U2-MG03,,,,U2-S4-PF01,routine_procedural_structure,,2,Students will describe free fall as motion under the influence of gravity alone and use simple free-fall relationships to determine speed or distance fallen.,I can use $g \approx 10\text{ m/s}^2$ to determine speed gained during free fall.,mathematical reasoning; model evaluation; explanation of phenomena,selected response,multiple-choice,instructional,80,,,,Unit 2 Assessment Plan | Conceptual Physics Framework section archetypes/source packet,
U2-S4-XP-Q11,AP/SCI,Conceptual Physics,2,2.4,Extra Practice,practice,XP-Q11,current-section,U2-MG03,,,,U2-S4-PF01,routine_procedural_structure,,2,Students will describe free fall as motion under the influence of gravity alone and use simple free-fall relationships to determine speed or distance fallen.,I can use $g \approx 10\text{ m/s}^2$ to determine speed gained during free fall.,mathematical reasoning; model evaluation; explanation of phenomena,short constructed response,constructed-response,instructional,110,,,,Unit 2 Assessment Plan | Conceptual Physics Framework section archetypes/source packet,
U2-S4-PS1-Q12,AP/SCI,Conceptual Physics,2,2.4,Practice Set 1,practice,PS1-Q12,current-section,U2-MG03,,,,U2-S4-PF02,routine_procedural_structure,,2,Students will describe free fall as motion under the influence of gravity alone and use simple free-fall relationships to determine speed or distance fallen.,I can use free-fall patterns to compare distance fallen during different time intervals and distinguish free fall from falling with significant air resistance.,mathematical reasoning; model evaluation; explanation of phenomena,short constructed response,constructed-response,instructional,110,,,,Unit 2 Assessment Plan | Conceptual Physics Framework section archetypes/source packet,
U2-S4-PS2-Q12,AP/SCI,Conceptual Physics,2,2.4,Practice Set 2,practice,PS2-Q12,current-section,U2-MG03,,,,U2-S4-PF02,routine_procedural_structure,,2,Students will describe free fall as motion under the influence of gravity alone and use simple free-fall relationships to determine speed or distance fallen.,I can use free-fall patterns to compare distance fallen during different time intervals and distinguish free fall from falling with significant air resistance.,mathematical reasoning; model evaluation; explanation of phenomena,short constructed response,constructed-response,instructional,110,,,,Unit 2 Assessment Plan | Conceptual Physics Framework section archetypes/source packet,
U2-S4-PS3-Q12,AP/SCI,Conceptual Physics,2,2.4,Practice Set 3,practice,PS3-Q12,current-section,U2-MG03,,,,U2-S4-PF02,routine_procedural_structure,,2,Students will describe free fall as motion under the influence of gravity alone and use simple free-fall relationships to determine speed or distance fallen.,I can use free-fall patterns to compare distance fallen during different time intervals and distinguish free fall from falling with significant air resistance.,mathematical reasoning; model evaluation; explanation of phenomena,selected response,multiple-choice,instructional,80,,,,Unit 2 Assessment Plan | Conceptual Physics Framework section archetypes/source packet,
U2-S4-XP-Q12,AP/SCI,Conceptual Physics,2,2.4,Extra Practice,practice,XP-Q12,current-section,U2-MG03,,,,U2-S4-PF02,routine_procedural_structure,,2,Students will describe free fall as motion under the influence of gravity alone and use simple free-fall relationships to determine speed or distance fallen.,I can use free-fall patterns to compare distance fallen during different time intervals and distinguish free fall from falling with significant air resistance.,mathematical reasoning; model evaluation; explanation of phenomena,short constructed response,constructed-response,instructional,110,,,,Unit 2 Assessment Plan | Conceptual Physics Framework section archetypes/source packet,
U2-S4-PS1-Q13,AP/SCI,Conceptual Physics,2,2.4,Practice Set 1,practice,PS1-Q13,current-section,U2-MG03,,,,U2-S4-PF03,routine_procedural_structure,,2,Students will describe free fall as motion under the influence of gravity alone and use simple free-fall relationships to determine speed or distance fallen.,I can explain why objects in free fall accelerate at the same rate when air resistance is ignored.,mathematical reasoning; model evaluation; explanation of phenomena,short constructed response,constructed-response,instructional,110,,,,Unit 2 Assessment Plan | Conceptual Physics Framework section archetypes/source packet,
U2-S4-PS2-Q13,AP/SCI,Conceptual Physics,2,2.4,Practice Set 2,practice,PS2-Q13,current-section,U2-MG03,,,,U2-S4-PF03,routine_procedural_structure,,2,Students will describe free fall as motion under the influence of gravity alone and use simple free-fall relationships to determine speed or distance fallen.,I can explain why objects in free fall accelerate at the same rate when air resistance is ignored.,mathematical reasoning; model evaluation; explanation of phenomena,short constructed response,constructed-response,instructional,110,,,,Unit 2 Assessment Plan | Conceptual Physics Framework section archetypes/source packet,
U2-S4-PS3-Q13,AP/SCI,Conceptual Physics,2,2.4,Practice Set 3,practice,PS3-Q13,current-section,U2-MG03,,,,U2-S4-PF03,routine_procedural_structure,,2,Students will describe free fall as motion under the influence of gravity alone and use simple free-fall relationships to determine speed or distance fallen.,I can explain why objects in free fall accelerate at the same rate when air resistance is ignored.,mathematical reasoning; model evaluation; explanation of phenomena,selected response,multiple-choice,instructional,80,,,,Unit 2 Assessment Plan | Conceptual Physics Framework section archetypes/source packet,
U2-S4-XP-Q13,AP/SCI,Conceptual Physics,2,2.4,Extra Practice,practice,XP-Q13,current-section,U2-MG03,,,,U2-S4-PF03,routine_procedural_structure,,2,Students will describe free fall as motion under the influence of gravity alone and use simple free-fall relationships to determine speed or distance fallen.,I can explain why objects in free fall accelerate at the same rate when air resistance is ignored.,mathematical reasoning; model evaluation; explanation of phenomena,short constructed response,constructed-response,instructional,110,,,,Unit 2 Assessment Plan | Conceptual Physics Framework section archetypes/source packet,
U2-S4-PS1-Q14,AP/SCI,Conceptual Physics,2,2.4,Practice Set 1,practice,PS1-Q14,current-section,U2-MG03,,,,U2-S4-PF04,reasoning_shift,,2,Students will describe free fall as motion under the influence of gravity alone and use simple free-fall relationships to determine speed or distance fallen.,I can use $g \approx 10\text{ m/s}^2$ to determine speed gained during free fall.,mathematical reasoning; model evaluation; explanation of phenomena,short constructed response,constructed-response,instructional,110,,,,Unit 2 Assessment Plan | Conceptual Physics Framework section archetypes/source packet,
U2-S4-PS2-Q14,AP/SCI,Conceptual Physics,2,2.4,Practice Set 2,practice,PS2-Q14,current-section,U2-MG03,,,,U2-S4-PF04,reasoning_shift,,2,Students will describe free fall as motion under the influence of gravity alone and use simple free-fall relationships to determine speed or distance fallen.,I can use $g \approx 10\text{ m/s}^2$ to determine speed gained during free fall.,mathematical reasoning; model evaluation; explanation of phenomena,short constructed response,constructed-response,instructional,110,,,,Unit 2 Assessment Plan | Conceptual Physics Framework section archetypes/source packet,
U2-S4-PS3-Q14,AP/SCI,Conceptual Physics,2,2.4,Practice Set 3,practice,PS3-Q14,current-section,U2-MG03,,,,U2-S4-PF04,reasoning_shift,,2,Students will describe free fall as motion under the influence of gravity alone and use simple free-fall relationships to determine speed or distance fallen.,I can use $g \approx 10\text{ m/s}^2$ to determine speed gained during free fall.,mathematical reasoning; model evaluation; explanation of phenomena,selected response,multiple-choice,instructional,80,,,,Unit 2 Assessment Plan | Conceptual Physics Framework section archetypes/source packet,
U2-S4-XP-Q14,AP/SCI,Conceptual Physics,2,2.4,Extra Practice,practice,XP-Q14,current-section,U2-MG03,,,,U2-S4-PF04,reasoning_shift,,2,Students will describe free fall as motion under the influence of gravity alone and use simple free-fall relationships to determine speed or distance fallen.,I can use $g \approx 10\text{ m/s}^2$ to determine speed gained during free fall.,mathematical reasoning; model evaluation; explanation of phenomena,short constructed response,constructed-response,instructional,110,,,,Unit 2 Assessment Plan | Conceptual Physics Framework section archetypes/source packet,
U2-S4-PS1-Q15,AP/SCI,Conceptual Physics,2,2.4,Practice Set 1,practice,PS1-Q15,current-section,U2-MG03,,,,U2-S4-PF05,context_shift,,2,Students will describe free fall as motion under the influence of gravity alone and use simple free-fall relationships to determine speed or distance fallen.,I can use free-fall patterns to compare distance fallen during different time intervals and distinguish free fall from falling with significant air resistance.,mathematical reasoning; model evaluation; explanation of phenomena,short constructed response,constructed-response,instructional,110,,,,Unit 2 Assessment Plan | Conceptual Physics Framework section archetypes/source packet,
U2-S4-PS2-Q15,AP/SCI,Conceptual Physics,2,2.4,Practice Set 2,practice,PS2-Q15,current-section,U2-MG03,,,,U2-S4-PF05,context_shift,,2,Students will describe free fall as motion under the influence of gravity alone and use simple free-fall relationships to determine speed or distance fallen.,I can use free-fall patterns to compare distance fallen during different time intervals and distinguish free fall from falling with significant air resistance.,mathematical reasoning; model evaluation; explanation of phenomena,short constructed response,constructed-response,instructional,110,,,,Unit 2 Assessment Plan | Conceptual Physics Framework section archetypes/source packet,
U2-S4-PS3-Q15,AP/SCI,Conceptual Physics,2,2.4,Practice Set 3,practice,PS3-Q15,current-section,U2-MG03,,,,U2-S4-PF05,context_shift,,2,Students will describe free fall as motion under the influence of gravity alone and use simple free-fall relationships to determine speed or distance fallen.,I can use free-fall patterns to compare distance fallen during different time intervals and distinguish free fall from falling with significant air resistance.,mathematical reasoning; model evaluation; explanation of phenomena,selected response,multiple-choice,instructional,80,,,,Unit 2 Assessment Plan | Conceptual Physics Framework section archetypes/source packet,
U2-S4-XP-Q15,AP/SCI,Conceptual Physics,2,2.4,Extra Practice,practice,XP-Q15,current-section,U2-MG03,,,,U2-S4-PF05,context_shift,,2,Students will describe free fall as motion under the influence of gravity alone and use simple free-fall relationships to determine speed or distance fallen.,I can use free-fall patterns to compare distance fallen during different time intervals and distinguish free fall from falling with significant air resistance.,mathematical reasoning; model evaluation; explanation of phenomena,short constructed response,constructed-response,instructional,110,,,,Unit 2 Assessment Plan | Conceptual Physics Framework section archetypes/source packet,
U2-S4-PS1-Q16,AP/SCI,Conceptual Physics,2,2.4,Practice Set 1,practice,PS1-Q16,current-section,U2-MG03,,,,U2-S4-PF06,reasoning_shift,,2,Students will describe free fall as motion under the influence of gravity alone and use simple free-fall relationships to determine speed or distance fallen.,I can explain why objects in free fall accelerate at the same rate when air resistance is ignored.,mathematical reasoning; model evaluation; explanation of phenomena,short constructed response,constructed-response,instructional,110,,,,Unit 2 Assessment Plan | Conceptual Physics Framework section archetypes/source packet,
U2-S4-PS2-Q16,AP/SCI,Conceptual Physics,2,2.4,Practice Set 2,practice,PS2-Q16,current-section,U2-MG03,,,,U2-S4-PF06,reasoning_shift,,2,Students will describe free fall as motion under the influence of gravity alone and use simple free-fall relationships to determine speed or distance fallen.,I can explain why objects in free fall accelerate at the same rate when air resistance is ignored.,mathematical reasoning; model evaluation; explanation of phenomena,short constructed response,constructed-response,instructional,110,,,,Unit 2 Assessment Plan | Conceptual Physics Framework section archetypes/source packet,
U2-S4-PS3-Q16,AP/SCI,Conceptual Physics,2,2.4,Practice Set 3,practice,PS3-Q16,current-section,U2-MG03,,,,U2-S4-PF06,reasoning_shift,,2,Students will describe free fall as motion under the influence of gravity alone and use simple free-fall relationships to determine speed or distance fallen.,I can explain why objects in free fall accelerate at the same rate when air resistance is ignored.,mathematical reasoning; model evaluation; explanation of phenomena,selected response,multiple-choice,instructional,80,,,,Unit 2 Assessment Plan | Conceptual Physics Framework section archetypes/source packet,
U2-S4-XP-Q16,AP/SCI,Conceptual Physics,2,2.4,Extra Practice,practice,XP-Q16,current-section,U2-MG03,,,,U2-S4-PF06,reasoning_shift,,2,Students will describe free fall as motion under the influence of gravity alone and use simple free-fall relationships to determine speed or distance fallen.,I can explain why objects in free fall accelerate at the same rate when air resistance is ignored.,mathematical reasoning; model evaluation; explanation of phenomena,short constructed response,constructed-response,instructional,110,,,,Unit 2 Assessment Plan | Conceptual Physics Framework section archetypes/source packet,
U2-S4-PS1-Q17,AP/SCI,Conceptual Physics,2,2.4,Practice Set 1,practice,PS1-Q17,current-section,U2-MG03,,,,U2-S4-PF07,representation_shift,,2,Students will describe free fall as motion under the influence of gravity alone and use simple free-fall relationships to determine speed or distance fallen.,I can use $g \approx 10\text{ m/s}^2$ to determine speed gained during free fall.,mathematical reasoning; model evaluation; explanation of phenomena,short constructed response,constructed-response,instructional,110,,,,Unit 2 Assessment Plan | Conceptual Physics Framework section archetypes/source packet,
U2-S4-PS2-Q17,AP/SCI,Conceptual Physics,2,2.4,Practice Set 2,practice,PS2-Q17,current-section,U2-MG03,,,,U2-S4-PF07,representation_shift,,2,Students will describe free fall as motion under the influence of gravity alone and use simple free-fall relationships to determine speed or distance fallen.,I can use $g \approx 10\text{ m/s}^2$ to determine speed gained during free fall.,mathematical reasoning; model evaluation; explanation of phenomena,short constructed response,constructed-response,instructional,110,,,,Unit 2 Assessment Plan | Conceptual Physics Framework section archetypes/source packet,
U2-S4-PS3-Q17,AP/SCI,Conceptual Physics,2,2.4,Practice Set 3,practice,PS3-Q17,current-section,U2-MG03,,,,U2-S4-PF07,representation_shift,,2,Students will describe free fall as motion under the influence of gravity alone and use simple free-fall relationships to determine speed or distance fallen.,I can use $g \approx 10\text{ m/s}^2$ to determine speed gained during free fall.,mathematical reasoning; model evaluation; explanation of phenomena,selected response,multiple-choice,instructional,80,,,,Unit 2 Assessment Plan | Conceptual Physics Framework section archetypes/source packet,
U2-S4-XP-Q17,AP/SCI,Conceptual Physics,2,2.4,Extra Practice,practice,XP-Q17,current-section,U2-MG03,,,,U2-S4-PF07,representation_shift,,2,Students will describe free fall as motion under the influence of gravity alone and use simple free-fall relationships to determine speed or distance fallen.,I can use $g \approx 10\text{ m/s}^2$ to determine speed gained during free fall.,mathematical reasoning; model evaluation; explanation of phenomena,short constructed response,constructed-response,instructional,110,,,,Unit 2 Assessment Plan | Conceptual Physics Framework section archetypes/source packet,
U2-S4-PS1-Q18,AP/SCI,Conceptual Physics,2,2.4,Practice Set 1,practice,PS1-Q18,current-section,U2-MG03,,,,U2-S4-PF08,reasoning_shift,,2,Students will describe free fall as motion under the influence of gravity alone and use simple free-fall relationships to determine speed or distance fallen.,I can use free-fall patterns to compare distance fallen during different time intervals and distinguish free fall from falling with significant air resistance.,mathematical reasoning; model evaluation; explanation of phenomena,short constructed response,constructed-response,instructional,110,,,,Unit 2 Assessment Plan | Conceptual Physics Framework section archetypes/source packet,
U2-S4-PS2-Q18,AP/SCI,Conceptual Physics,2,2.4,Practice Set 2,practice,PS2-Q18,current-section,U2-MG03,,,,U2-S4-PF08,reasoning_shift,,2,Students will describe free fall as motion under the influence of gravity alone and use simple free-fall relationships to determine speed or distance fallen.,I can use free-fall patterns to compare distance fallen during different time intervals and distinguish free fall from falling with significant air resistance.,mathematical reasoning; model evaluation; explanation of phenomena,short constructed response,constructed-response,instructional,110,,,,Unit 2 Assessment Plan | Conceptual Physics Framework section archetypes/source packet,
U2-S4-PS3-Q18,AP/SCI,Conceptual Physics,2,2.4,Practice Set 3,practice,PS3-Q18,current-section,U2-MG03,,,,U2-S4-PF08,reasoning_shift,,2,Students will describe free fall as motion under the influence of gravity alone and use simple free-fall relationships to determine speed or distance fallen.,I can use free-fall patterns to compare distance fallen during different time intervals and distinguish free fall from falling with significant air resistance.,mathematical reasoning; model evaluation; explanation of phenomena,selected response,multiple-choice,instructional,80,,,,Unit 2 Assessment Plan | Conceptual Physics Framework section archetypes/source packet,
U2-S4-XP-Q18,AP/SCI,Conceptual Physics,2,2.4,Extra Practice,practice,XP-Q18,current-section,U2-MG03,,,,U2-S4-PF08,reasoning_shift,,2,Students will describe free fall as motion under the influence of gravity alone and use simple free-fall relationships to determine speed or distance fallen.,I can use free-fall patterns to compare distance fallen during different time intervals and distinguish free fall from falling with significant air resistance.,mathematical reasoning; model evaluation; explanation of phenomena,short constructed response,constructed-response,instructional,110,,,,Unit 2 Assessment Plan | Conceptual Physics Framework section archetypes/source packet,
U2-S4-PS1-Q19,AP/SCI,Conceptual Physics,2,2.4,Practice Set 1,practice,PS1-Q19,current-section,U2-MG03,,,,U2-S4-PF09,reasoning_shift,,2,Students will describe free fall as motion under the influence of gravity alone and use simple free-fall relationships to determine speed or distance fallen.,I can explain why objects in free fall accelerate at the same rate when air resistance is ignored.,mathematical reasoning; model evaluation; explanation of phenomena,short constructed response,constructed-response,instructional,110,,,,Unit 2 Assessment Plan | Conceptual Physics Framework section archetypes/source packet,
U2-S4-PS2-Q19,AP/SCI,Conceptual Physics,2,2.4,Practice Set 2,practice,PS2-Q19,current-section,U2-MG03,,,,U2-S4-PF09,reasoning_shift,,2,Students will describe free fall as motion under the influence of gravity alone and use simple free-fall relationships to determine speed or distance fallen.,I can explain why objects in free fall accelerate at the same rate when air resistance is ignored.,mathematical reasoning; model evaluation; explanation of phenomena,short constructed response,constructed-response,instructional,110,,,,Unit 2 Assessment Plan | Conceptual Physics Framework section archetypes/source packet,
U2-S4-PS3-Q19,AP/SCI,Conceptual Physics,2,2.4,Practice Set 3,practice,PS3-Q19,current-section,U2-MG03,,,,U2-S4-PF09,reasoning_shift,,2,Students will describe free fall as motion under the influence of gravity alone and use simple free-fall relationships to determine speed or distance fallen.,I can explain why objects in free fall accelerate at the same rate when air resistance is ignored.,mathematical reasoning; model evaluation; explanation of phenomena,selected response,multiple-choice,instructional,80,,,,Unit 2 Assessment Plan | Conceptual Physics Framework section archetypes/source packet,
U2-S4-XP-Q19,AP/SCI,Conceptual Physics,2,2.4,Extra Practice,practice,XP-Q19,current-section,U2-MG03,,,,U2-S4-PF09,reasoning_shift,,2,Students will describe free fall as motion under the influence of gravity alone and use simple free-fall relationships to determine speed or distance fallen.,I can explain why objects in free fall accelerate at the same rate when air resistance is ignored.,mathematical reasoning; model evaluation; explanation of phenomena,short constructed response,constructed-response,instructional,110,,,,Unit 2 Assessment Plan | Conceptual Physics Framework section archetypes/source packet,
U2-S4-PS1-Q20,AP/SCI,Conceptual Physics,2,2.4,Practice Set 1,practice,PS1-Q20,current-section,U2-MG03,,,,U2-S4-PF10,reasoning_shift,,2,Students will describe free fall as motion under the influence of gravity alone and use simple free-fall relationships to determine speed or distance fallen.,I can use $g \approx 10\text{ m/s}^2$ to determine speed gained during free fall.,mathematical reasoning; model evaluation; explanation of phenomena,short constructed response,constructed-response,instructional,110,,,,Unit 2 Assessment Plan | Conceptual Physics Framework section archetypes/source packet,
U2-S4-PS2-Q20,AP/SCI,Conceptual Physics,2,2.4,Practice Set 2,practice,PS2-Q20,current-section,U2-MG03,,,,U2-S4-PF10,reasoning_shift,,2,Students will describe free fall as motion under the influence of gravity alone and use simple free-fall relationships to determine speed or distance fallen.,I can use $g \approx 10\text{ m/s}^2$ to determine speed gained during free fall.,mathematical reasoning; model evaluation; explanation of phenomena,short constructed response,constructed-response,instructional,110,,,,Unit 2 Assessment Plan | Conceptual Physics Framework section archetypes/source packet,
U2-S4-PS3-Q20,AP/SCI,Conceptual Physics,2,2.4,Practice Set 3,practice,PS3-Q20,current-section,U2-MG03,,,,U2-S4-PF10,reasoning_shift,,2,Students will describe free fall as motion under the influence of gravity alone and use simple free-fall relationships to determine speed or distance fallen.,I can use $g \approx 10\text{ m/s}^2$ to determine speed gained during free fall.,mathematical reasoning; model evaluation; explanation of phenomena,selected response,multiple-choice,instructional,80,,,,Unit 2 Assessment Plan | Conceptual Physics Framework section archetypes/source packet,
U2-S4-XP-Q20,AP/SCI,Conceptual Physics,2,2.4,Extra Practice,practice,XP-Q20,current-section,U2-MG03,,,,U2-S4-PF10,reasoning_shift,,2,Students will describe free fall as motion under the influence of gravity alone and use simple free-fall relationships to determine speed or distance fallen.,I can use $g \approx 10\text{ m/s}^2$ to determine speed gained during free fall.,mathematical reasoning; model evaluation; explanation of phenomena,short constructed response,constructed-response,instructional,110,,,,Unit 2 Assessment Plan | Conceptual Physics Framework section archetypes/source packet,
U2-S4-PS1-Q21,AP/SCI,Conceptual Physics,2,2.4,Practice Set 1,practice,PS1-Q21,current-section,U2-MG03,,,,U2-S4-PF01,routine_procedural_structure,,2,Students will describe free fall as motion under the influence of gravity alone and use simple free-fall relationships to determine speed or distance fallen.,I can use free-fall patterns to compare distance fallen during different time intervals and distinguish free fall from falling with significant air resistance.,mathematical reasoning; model evaluation; explanation of phenomena,short constructed response,constructed-response,instructional,110,,,,Unit 2 Assessment Plan | Conceptual Physics Framework section archetypes/source packet,
U2-S4-PS2-Q21,AP/SCI,Conceptual Physics,2,2.4,Practice Set 2,practice,PS2-Q21,current-section,U2-MG03,,,,U2-S4-PF01,routine_procedural_structure,,2,Students will describe free fall as motion under the influence of gravity alone and use simple free-fall relationships to determine speed or distance fallen.,I can use free-fall patterns to compare distance fallen during different time intervals and distinguish free fall from falling with significant air resistance.,mathematical reasoning; model evaluation; explanation of phenomena,short constructed response,constructed-response,instructional,110,,,,Unit 2 Assessment Plan | Conceptual Physics Framework section archetypes/source packet,
U2-S4-PS3-Q21,AP/SCI,Conceptual Physics,2,2.4,Practice Set 3,practice,PS3-Q21,current-section,U2-MG03,,,,U2-S4-PF01,routine_procedural_structure,,2,Students will describe free fall as motion under the influence of gravity alone and use simple free-fall relationships to determine speed or distance fallen.,I can use free-fall patterns to compare distance fallen during different time intervals and distinguish free fall from falling with significant air resistance.,mathematical reasoning; model evaluation; explanation of phenomena,selected response,multiple-choice,instructional,80,,,,Unit 2 Assessment Plan | Conceptual Physics Framework section archetypes/source packet,
U2-S4-XP-Q21,AP/SCI,Conceptual Physics,2,2.4,Extra Practice,practice,XP-Q21,current-section,U2-MG03,,,,U2-S4-PF01,routine_procedural_structure,,2,Students will describe free fall as motion under the influence of gravity alone and use simple free-fall relationships to determine speed or distance fallen.,I can use free-fall patterns to compare distance fallen during different time intervals and distinguish free fall from falling with significant air resistance.,mathematical reasoning; model evaluation; explanation of phenomena,short constructed response,constructed-response,instructional,110,,,,Unit 2 Assessment Plan | Conceptual Physics Framework section archetypes/source packet,
U2-S4-PS1-Q22,AP/SCI,Conceptual Physics,2,2.4,Practice Set 1,practice,PS1-Q22,current-section,U2-MG03,,,,U2-S4-PF02,routine_procedural_structure,,2,Students will describe free fall as motion under the influence of gravity alone and use simple free-fall relationships to determine speed or distance fallen.,I can explain why objects in free fall accelerate at the same rate when air resistance is ignored.,mathematical reasoning; model evaluation; explanation of phenomena,short constructed response,constructed-response,instructional,110,,,,Unit 2 Assessment Plan | Conceptual Physics Framework section archetypes/source packet,
U2-S4-PS2-Q22,AP/SCI,Conceptual Physics,2,2.4,Practice Set 2,practice,PS2-Q22,current-section,U2-MG03,,,,U2-S4-PF02,routine_procedural_structure,,2,Students will describe free fall as motion under the influence of gravity alone and use simple free-fall relationships to determine speed or distance fallen.,I can explain why objects in free fall accelerate at the same rate when air resistance is ignored.,mathematical reasoning; model evaluation; explanation of phenomena,short constructed response,constructed-response,instructional,110,,,,Unit 2 Assessment Plan | Conceptual Physics Framework section archetypes/source packet,
U2-S4-PS3-Q22,AP/SCI,Conceptual Physics,2,2.4,Practice Set 3,practice,PS3-Q22,current-section,U2-MG03,,,,U2-S4-PF02,routine_procedural_structure,,2,Students will describe free fall as motion under the influence of gravity alone and use simple free-fall relationships to determine speed or distance fallen.,I can explain why objects in free fall accelerate at the same rate when air resistance is ignored.,mathematical reasoning; model evaluation; explanation of phenomena,selected response,multiple-choice,instructional,80,,,,Unit 2 Assessment Plan | Conceptual Physics Framework section archetypes/source packet,
U2-S4-XP-Q22,AP/SCI,Conceptual Physics,2,2.4,Extra Practice,practice,XP-Q22,current-section,U2-MG03,,,,U2-S4-PF02,routine_procedural_structure,,2,Students will describe free fall as motion under the influence of gravity alone and use simple free-fall relationships to determine speed or distance fallen.,I can explain why objects in free fall accelerate at the same rate when air resistance is ignored.,mathematical reasoning; model evaluation; explanation of phenomena,short constructed response,constructed-response,instructional,110,,,,Unit 2 Assessment Plan | Conceptual Physics Framework section archetypes/source packet,
U2-S5-PS1-Q01,AP/SCI,Conceptual Physics,2,2.5,Practice Set 1,practice,PS1-Q01,current-section,U2-MG04,,,,U2-S5-PF01,representation_shift,,2,"Students will use velocity vectors, motion diagrams, and simple graphs to model and explain the motion of objects.",I can represent velocity with arrows that show both speed and direction.,develop/evaluate models; representation translation; argument from evidence,short constructed response,constructed-response,instructional,110,,,,Unit 2 Assessment Plan | Conceptual Physics Framework section archetypes/source packet,
U2-S5-PS2-Q01,AP/SCI,Conceptual Physics,2,2.5,Practice Set 2,practice,PS2-Q01,current-section,U2-MG04,,,,U2-S5-PF01,representation_shift,,2,"Students will use velocity vectors, motion diagrams, and simple graphs to model and explain the motion of objects.",I can represent velocity with arrows that show both speed and direction.,develop/evaluate models; representation translation; argument from evidence,short constructed response,constructed-response,instructional,110,,,,Unit 2 Assessment Plan | Conceptual Physics Framework section archetypes/source packet,
U2-S5-PS3-Q01,AP/SCI,Conceptual Physics,2,2.5,Practice Set 3,practice,PS3-Q01,current-section,U2-MG04,,,,U2-S5-PF01,representation_shift,,2,"Students will use velocity vectors, motion diagrams, and simple graphs to model and explain the motion of objects.",I can represent velocity with arrows that show both speed and direction.,develop/evaluate models; representation translation; argument from evidence,selected response,multiple-choice,instructional,80,,,,Unit 2 Assessment Plan | Conceptual Physics Framework section archetypes/source packet,
U2-S5-XP-Q01,AP/SCI,Conceptual Physics,2,2.5,Extra Practice,practice,XP-Q01,current-section,U2-MG04,,,,U2-S5-PF01,representation_shift,,2,"Students will use velocity vectors, motion diagrams, and simple graphs to model and explain the motion of objects.",I can represent velocity with arrows that show both speed and direction.,develop/evaluate models; representation translation; argument from evidence,short constructed response,constructed-response,instructional,110,,,,Unit 2 Assessment Plan | Conceptual Physics Framework section archetypes/source packet,
U2-S5-PS1-Q02,AP/SCI,Conceptual Physics,2,2.5,Practice Set 1,practice,PS1-Q02,current-section,U2-MG04,,,,U2-S5-PF02,routine_procedural_numeric,,2,"Students will use velocity vectors, motion diagrams, and simple graphs to model and explain the motion of objects.",I can compare velocity vectors to determine whether an object’s velocity is changing.,develop/evaluate models; representation translation; argument from evidence,short constructed response,constructed-response,instructional,110,,,,Unit 2 Assessment Plan | Conceptual Physics Framework section archetypes/source packet,
U2-S5-PS2-Q02,AP/SCI,Conceptual Physics,2,2.5,Practice Set 2,practice,PS2-Q02,current-section,U2-MG04,,,,U2-S5-PF02,routine_procedural_numeric,,2,"Students will use velocity vectors, motion diagrams, and simple graphs to model and explain the motion of objects.",I can compare velocity vectors to determine whether an object’s velocity is changing.,develop/evaluate models; representation translation; argument from evidence,short constructed response,constructed-response,instructional,110,,,,Unit 2 Assessment Plan | Conceptual Physics Framework section archetypes/source packet,
U2-S5-PS3-Q02,AP/SCI,Conceptual Physics,2,2.5,Practice Set 3,practice,PS3-Q02,current-section,U2-MG04,,,,U2-S5-PF02,routine_procedural_numeric,,2,"Students will use velocity vectors, motion diagrams, and simple graphs to model and explain the motion of objects.",I can compare velocity vectors to determine whether an object’s velocity is changing.,develop/evaluate models; representation translation; argument from evidence,selected response,multiple-choice,instructional,80,,,,Unit 2 Assessment Plan | Conceptual Physics Framework section archetypes/source packet,
U2-S5-XP-Q02,AP/SCI,Conceptual Physics,2,2.5,Extra Practice,practice,XP-Q02,current-section,U2-MG04,,,,U2-S5-PF02,routine_procedural_numeric,,2,"Students will use velocity vectors, motion diagrams, and simple graphs to model and explain the motion of objects.",I can compare velocity vectors to determine whether an object’s velocity is changing.,develop/evaluate models; representation translation; argument from evidence,short constructed response,constructed-response,instructional,110,,,,Unit 2 Assessment Plan | Conceptual Physics Framework section archetypes/source packet,
U2-S5-PS1-Q03,AP/SCI,Conceptual Physics,2,2.5,Practice Set 1,practice,PS1-Q03,current-section,U2-MG04,,,,U2-S5-PF03,conceptual_reword,,2,"Students will use velocity vectors, motion diagrams, and simple graphs to model and explain the motion of objects.","I can connect motion diagrams, data tables, and graphs to written descriptions of motion and critique an incorrect motion model and revise it using evidence.",develop/evaluate models; representation translation; argument from evidence,short constructed response,constructed-response,instructional,110,,,,Unit 2 Assessment Plan | Conceptual Physics Framework section archetypes/source packet,
U2-S5-PS2-Q03,AP/SCI,Conceptual Physics,2,2.5,Practice Set 2,practice,PS2-Q03,current-section,U2-MG04,,,,U2-S5-PF03,conceptual_reword,,2,"Students will use velocity vectors, motion diagrams, and simple graphs to model and explain the motion of objects.","I can connect motion diagrams, data tables, and graphs to written descriptions of motion and critique an incorrect motion model and revise it using evidence.",develop/evaluate models; representation translation; argument from evidence,short constructed response,constructed-response,instructional,110,,,,Unit 2 Assessment Plan | Conceptual Physics Framework section archetypes/source packet,
U2-S5-PS3-Q03,AP/SCI,Conceptual Physics,2,2.5,Practice Set 3,practice,PS3-Q03,current-section,U2-MG04,,,,U2-S5-PF03,conceptual_reword,,2,"Students will use velocity vectors, motion diagrams, and simple graphs to model and explain the motion of objects.","I can connect motion diagrams, data tables, and graphs to written descriptions of motion and critique an incorrect motion model and revise it using evidence.",develop/evaluate models; representation translation; argument from evidence,selected response,multiple-choice,instructional,80,,,,Unit 2 Assessment Plan | Conceptual Physics Framework section archetypes/source packet,
U2-S5-XP-Q03,AP/SCI,Conceptual Physics,2,2.5,Extra Practice,practice,XP-Q03,current-section,U2-MG04,,,,U2-S5-PF03,conceptual_reword,,2,"Students will use velocity vectors, motion diagrams, and simple graphs to model and explain the motion of objects.","I can connect motion diagrams, data tables, and graphs to written descriptions of motion and critique an incorrect motion model and revise it using evidence.",develop/evaluate models; representation translation; argument from evidence,short constructed response,constructed-response,instructional,110,,,,Unit 2 Assessment Plan | Conceptual Physics Framework section archetypes/source packet,
U2-S5-PS1-Q04,AP/SCI,Conceptual Physics,2,2.5,Practice Set 1,practice,PS1-Q04,current-section,U2-MG04,,,,U2-S5-PF04,representation_shift,,2,"Students will use velocity vectors, motion diagrams, and simple graphs to model and explain the motion of objects.",I can represent velocity with arrows that show both speed and direction.,develop/evaluate models; representation translation; argument from evidence,short constructed response,constructed-response,instructional,110,,,,Unit 2 Assessment Plan | Conceptual Physics Framework section archetypes/source packet,
U2-S5-PS2-Q04,AP/SCI,Conceptual Physics,2,2.5,Practice Set 2,practice,PS2-Q04,current-section,U2-MG04,,,,U2-S5-PF04,representation_shift,,2,"Students will use velocity vectors, motion diagrams, and simple graphs to model and explain the motion of objects.",I can represent velocity with arrows that show both speed and direction.,develop/evaluate models; representation translation; argument from evidence,short constructed response,constructed-response,instructional,110,,,,Unit 2 Assessment Plan | Conceptual Physics Framework section archetypes/source packet,
U2-S5-PS3-Q04,AP/SCI,Conceptual Physics,2,2.5,Practice Set 3,practice,PS3-Q04,current-section,U2-MG04,,,,U2-S5-PF04,representation_shift,,2,"Students will use velocity vectors, motion diagrams, and simple graphs to model and explain the motion of objects.",I can represent velocity with arrows that show both speed and direction.,develop/evaluate models; representation translation; argument from evidence,selected response,multiple-choice,instructional,80,,,,Unit 2 Assessment Plan | Conceptual Physics Framework section archetypes/source packet,
U2-S5-XP-Q04,AP/SCI,Conceptual Physics,2,2.5,Extra Practice,practice,XP-Q04,current-section,U2-MG04,,,,U2-S5-PF04,representation_shift,,2,"Students will use velocity vectors, motion diagrams, and simple graphs to model and explain the motion of objects.",I can represent velocity with arrows that show both speed and direction.,develop/evaluate models; representation translation; argument from evidence,short constructed response,constructed-response,instructional,110,,,,Unit 2 Assessment Plan | Conceptual Physics Framework section archetypes/source packet,
U2-S5-PS1-Q05,AP/SCI,Conceptual Physics,2,2.5,Practice Set 1,practice,PS1-Q05,current-section,U2-MG04,,,,U2-S5-PF05,representation_shift,,2,"Students will use velocity vectors, motion diagrams, and simple graphs to model and explain the motion of objects.",I can compare velocity vectors to determine whether an object’s velocity is changing.,develop/evaluate models; representation translation; argument from evidence,short constructed response,constructed-response,instructional,110,,,,Unit 2 Assessment Plan | Conceptual Physics Framework section archetypes/source packet,
U2-S5-PS2-Q05,AP/SCI,Conceptual Physics,2,2.5,Practice Set 2,practice,PS2-Q05,current-section,U2-MG04,,,,U2-S5-PF05,representation_shift,,2,"Students will use velocity vectors, motion diagrams, and simple graphs to model and explain the motion of objects.",I can compare velocity vectors to determine whether an object’s velocity is changing.,develop/evaluate models; representation translation; argument from evidence,short constructed response,constructed-response,instructional,110,,,,Unit 2 Assessment Plan | Conceptual Physics Framework section archetypes/source packet,
U2-S5-PS3-Q05,AP/SCI,Conceptual Physics,2,2.5,Practice Set 3,practice,PS3-Q05,current-section,U2-MG04,,,,U2-S5-PF05,representation_shift,,2,"Students will use velocity vectors, motion diagrams, and simple graphs to model and explain the motion of objects.",I can compare velocity vectors to determine whether an object’s velocity is changing.,develop/evaluate models; representation translation; argument from evidence,selected response,multiple-choice,instructional,80,,,,Unit 2 Assessment Plan | Conceptual Physics Framework section archetypes/source packet,
U2-S5-XP-Q05,AP/SCI,Conceptual Physics,2,2.5,Extra Practice,practice,XP-Q05,current-section,U2-MG04,,,,U2-S5-PF05,representation_shift,,2,"Students will use velocity vectors, motion diagrams, and simple graphs to model and explain the motion of objects.",I can compare velocity vectors to determine whether an object’s velocity is changing.,develop/evaluate models; representation translation; argument from evidence,short constructed response,constructed-response,instructional,110,,,,Unit 2 Assessment Plan | Conceptual Physics Framework section archetypes/source packet,
U2-S5-PS1-Q06,AP/SCI,Conceptual Physics,2,2.5,Practice Set 1,practice,PS1-Q06,current-section,U2-MG04,,,,U2-S5-PF06,representation_shift,,2,"Students will use velocity vectors, motion diagrams, and simple graphs to model and explain the motion of objects.","I can connect motion diagrams, data tables, and graphs to written descriptions of motion and critique an incorrect motion model and revise it using evidence.",develop/evaluate models; representation translation; argument from evidence,short constructed response,constructed-response,instructional,110,figures/u2_s5_pos_ps1.png,Generated by Framework graph_tool v12,context_graph,Unit 2 Assessment Plan | Conceptual Physics Framework section archetypes/source packet,
U2-S5-PS2-Q06,AP/SCI,Conceptual Physics,2,2.5,Practice Set 2,practice,PS2-Q06,current-section,U2-MG04,,,,U2-S5-PF06,representation_shift,,2,"Students will use velocity vectors, motion diagrams, and simple graphs to model and explain the motion of objects.","I can connect motion diagrams, data tables, and graphs to written descriptions of motion and critique an incorrect motion model and revise it using evidence.",develop/evaluate models; representation translation; argument from evidence,short constructed response,constructed-response,instructional,110,figures/u2_s5_pos_ps2.png,Generated by Framework graph_tool v12,context_graph,Unit 2 Assessment Plan | Conceptual Physics Framework section archetypes/source packet,
U2-S5-PS3-Q06,AP/SCI,Conceptual Physics,2,2.5,Practice Set 3,practice,PS3-Q06,current-section,U2-MG04,,,,U2-S5-PF06,representation_shift,,2,"Students will use velocity vectors, motion diagrams, and simple graphs to model and explain the motion of objects.","I can connect motion diagrams, data tables, and graphs to written descriptions of motion and critique an incorrect motion model and revise it using evidence.",develop/evaluate models; representation translation; argument from evidence,selected response,multiple-choice,instructional,80,figures/u2_s5_pos_ps3.png,Generated by Framework graph_tool v12,context_graph,Unit 2 Assessment Plan | Conceptual Physics Framework section archetypes/source packet,
U2-S5-XP-Q06,AP/SCI,Conceptual Physics,2,2.5,Extra Practice,practice,XP-Q06,current-section,U2-MG04,,,,U2-S5-PF06,representation_shift,,2,"Students will use velocity vectors, motion diagrams, and simple graphs to model and explain the motion of objects.","I can connect motion diagrams, data tables, and graphs to written descriptions of motion and critique an incorrect motion model and revise it using evidence.",develop/evaluate models; representation translation; argument from evidence,short constructed response,constructed-response,instructional,110,figures/u2_s5_pos_xp.png,Generated by Framework graph_tool v12,context_graph,Unit 2 Assessment Plan | Conceptual Physics Framework section archetypes/source packet,
U2-S5-PS1-Q07,AP/SCI,Conceptual Physics,2,2.5,Practice Set 1,practice,PS1-Q07,current-section,U2-MG04,,,,U2-S5-PF07,reasoning_shift,,2,"Students will use velocity vectors, motion diagrams, and simple graphs to model and explain the motion of objects.",I can represent velocity with arrows that show both speed and direction.,develop/evaluate models; representation translation; argument from evidence,short constructed response,constructed-response,instructional,110,,,,Unit 2 Assessment Plan | Conceptual Physics Framework section archetypes/source packet,
U2-S5-PS2-Q07,AP/SCI,Conceptual Physics,2,2.5,Practice Set 2,practice,PS2-Q07,current-section,U2-MG04,,,,U2-S5-PF07,reasoning_shift,,2,"Students will use velocity vectors, motion diagrams, and simple graphs to model and explain the motion of objects.",I can represent velocity with arrows that show both speed and direction.,develop/evaluate models; representation translation; argument from evidence,short constructed response,constructed-response,instructional,110,,,,Unit 2 Assessment Plan | Conceptual Physics Framework section archetypes/source packet,
U2-S5-PS3-Q07,AP/SCI,Conceptual Physics,2,2.5,Practice Set 3,practice,PS3-Q07,current-section,U2-MG04,,,,U2-S5-PF07,reasoning_shift,,2,"Students will use velocity vectors, motion diagrams, and simple graphs to model and explain the motion of objects.",I can represent velocity with arrows that show both speed and direction.,develop/evaluate models; representation translation; argument from evidence,selected response,multiple-choice,instructional,80,,,,Unit 2 Assessment Plan | Conceptual Physics Framework section archetypes/source packet,
U2-S5-XP-Q07,AP/SCI,Conceptual Physics,2,2.5,Extra Practice,practice,XP-Q07,current-section,U2-MG04,,,,U2-S5-PF07,reasoning_shift,,2,"Students will use velocity vectors, motion diagrams, and simple graphs to model and explain the motion of objects.",I can represent velocity with arrows that show both speed and direction.,develop/evaluate models; representation translation; argument from evidence,short constructed response,constructed-response,instructional,110,,,,Unit 2 Assessment Plan | Conceptual Physics Framework section archetypes/source packet,
U2-S5-PS1-Q08,AP/SCI,Conceptual Physics,2,2.5,Practice Set 1,practice,PS1-Q08,current-section,U2-MG04,,,,U2-S5-PF08,mixed,,2,"Students will use velocity vectors, motion diagrams, and simple graphs to model and explain the motion of objects.",I can compare velocity vectors to determine whether an object’s velocity is changing.,develop/evaluate models; representation translation; argument from evidence,short constructed response,constructed-response,instructional,110,,,,Unit 2 Assessment Plan | Conceptual Physics Framework section archetypes/source packet,
U2-S5-PS2-Q08,AP/SCI,Conceptual Physics,2,2.5,Practice Set 2,practice,PS2-Q08,current-section,U2-MG04,,,,U2-S5-PF08,mixed,,2,"Students will use velocity vectors, motion diagrams, and simple graphs to model and explain the motion of objects.",I can compare velocity vectors to determine whether an object’s velocity is changing.,develop/evaluate models; representation translation; argument from evidence,short constructed response,constructed-response,instructional,110,,,,Unit 2 Assessment Plan | Conceptual Physics Framework section archetypes/source packet,
U2-S5-PS3-Q08,AP/SCI,Conceptual Physics,2,2.5,Practice Set 3,practice,PS3-Q08,current-section,U2-MG04,,,,U2-S5-PF08,mixed,,2,"Students will use velocity vectors, motion diagrams, and simple graphs to model and explain the motion of objects.",I can compare velocity vectors to determine whether an object’s velocity is changing.,develop/evaluate models; representation translation; argument from evidence,selected response,multiple-choice,instructional,80,,,,Unit 2 Assessment Plan | Conceptual Physics Framework section archetypes/source packet,
U2-S5-XP-Q08,AP/SCI,Conceptual Physics,2,2.5,Extra Practice,practice,XP-Q08,current-section,U2-MG04,,,,U2-S5-PF08,mixed,,2,"Students will use velocity vectors, motion diagrams, and simple graphs to model and explain the motion of objects.",I can compare velocity vectors to determine whether an object’s velocity is changing.,develop/evaluate models; representation translation; argument from evidence,short constructed response,constructed-response,instructional,110,,,,Unit 2 Assessment Plan | Conceptual Physics Framework section archetypes/source packet,
U2-S5-PS1-Q09,AP/SCI,Conceptual Physics,2,2.5,Practice Set 1,practice,PS1-Q09,current-section,U2-MG04,,,,U2-S5-PF09,reasoning_shift,,2,"Students will use velocity vectors, motion diagrams, and simple graphs to model and explain the motion of objects.","I can connect motion diagrams, data tables, and graphs to written descriptions of motion and critique an incorrect motion model and revise it using evidence.",develop/evaluate models; representation translation; argument from evidence,short constructed response,constructed-response,instructional,110,,,,Unit 2 Assessment Plan | Conceptual Physics Framework section archetypes/source packet,
U2-S5-PS2-Q09,AP/SCI,Conceptual Physics,2,2.5,Practice Set 2,practice,PS2-Q09,current-section,U2-MG04,,,,U2-S5-PF09,reasoning_shift,,2,"Students will use velocity vectors, motion diagrams, and simple graphs to model and explain the motion of objects.","I can connect motion diagrams, data tables, and graphs to written descriptions of motion and critique an incorrect motion model and revise it using evidence.",develop/evaluate models; representation translation; argument from evidence,short constructed response,constructed-response,instructional,110,,,,Unit 2 Assessment Plan | Conceptual Physics Framework section archetypes/source packet,
U2-S5-PS3-Q09,AP/SCI,Conceptual Physics,2,2.5,Practice Set 3,practice,PS3-Q09,current-section,U2-MG04,,,,U2-S5-PF09,reasoning_shift,,2,"Students will use velocity vectors, motion diagrams, and simple graphs to model and explain the motion of objects.","I can connect motion diagrams, data tables, and graphs to written descriptions of motion and critique an incorrect motion model and revise it using evidence.",develop/evaluate models; representation translation; argument from evidence,selected response,multiple-choice,instructional,80,,,,Unit 2 Assessment Plan | Conceptual Physics Framework section archetypes/source packet,
U2-S5-XP-Q09,AP/SCI,Conceptual Physics,2,2.5,Extra Practice,practice,XP-Q09,current-section,U2-MG04,,,,U2-S5-PF09,reasoning_shift,,2,"Students will use velocity vectors, motion diagrams, and simple graphs to model and explain the motion of objects.","I can connect motion diagrams, data tables, and graphs to written descriptions of motion and critique an incorrect motion model and revise it using evidence.",develop/evaluate models; representation translation; argument from evidence,short constructed response,constructed-response,instructional,110,,,,Unit 2 Assessment Plan | Conceptual Physics Framework section archetypes/source packet,
U2-S5-PS1-Q10,AP/SCI,Conceptual Physics,2,2.5,Practice Set 1,practice,PS1-Q10,current-section,U2-MG04,,,,U2-S5-PF10,mixed,,2,"Students will use velocity vectors, motion diagrams, and simple graphs to model and explain the motion of objects.",I can represent velocity with arrows that show both speed and direction.,develop/evaluate models; representation translation; argument from evidence,short constructed response,constructed-response,instructional,110,,,,Unit 2 Assessment Plan | Conceptual Physics Framework section archetypes/source packet,
U2-S5-PS2-Q10,AP/SCI,Conceptual Physics,2,2.5,Practice Set 2,practice,PS2-Q10,current-section,U2-MG04,,,,U2-S5-PF10,mixed,,2,"Students will use velocity vectors, motion diagrams, and simple graphs to model and explain the motion of objects.",I can represent velocity with arrows that show both speed and direction.,develop/evaluate models; representation translation; argument from evidence,short constructed response,constructed-response,instructional,110,,,,Unit 2 Assessment Plan | Conceptual Physics Framework section archetypes/source packet,
U2-S5-PS3-Q10,AP/SCI,Conceptual Physics,2,2.5,Practice Set 3,practice,PS3-Q10,current-section,U2-MG04,,,,U2-S5-PF10,mixed,,2,"Students will use velocity vectors, motion diagrams, and simple graphs to model and explain the motion of objects.",I can represent velocity with arrows that show both speed and direction.,develop/evaluate models; representation translation; argument from evidence,selected response,multiple-choice,instructional,80,,,,Unit 2 Assessment Plan | Conceptual Physics Framework section archetypes/source packet,
U2-S5-XP-Q10,AP/SCI,Conceptual Physics,2,2.5,Extra Practice,practice,XP-Q10,current-section,U2-MG04,,,,U2-S5-PF10,mixed,,2,"Students will use velocity vectors, motion diagrams, and simple graphs to model and explain the motion of objects.",I can represent velocity with arrows that show both speed and direction.,develop/evaluate models; representation translation; argument from evidence,short constructed response,constructed-response,instructional,110,,,,Unit 2 Assessment Plan | Conceptual Physics Framework section archetypes/source packet,
U2-S5-PS1-Q11,AP/SCI,Conceptual Physics,2,2.5,Practice Set 1,practice,PS1-Q11,current-section,U2-MG04,,,,U2-S5-PF01,representation_shift,,2,"Students will use velocity vectors, motion diagrams, and simple graphs to model and explain the motion of objects.",I can compare velocity vectors to determine whether an object’s velocity is changing.,develop/evaluate models; representation translation; argument from evidence,short constructed response,constructed-response,instructional,110,,,,Unit 2 Assessment Plan | Conceptual Physics Framework section archetypes/source packet,
U2-S5-PS2-Q11,AP/SCI,Conceptual Physics,2,2.5,Practice Set 2,practice,PS2-Q11,current-section,U2-MG04,,,,U2-S5-PF01,representation_shift,,2,"Students will use velocity vectors, motion diagrams, and simple graphs to model and explain the motion of objects.",I can compare velocity vectors to determine whether an object’s velocity is changing.,develop/evaluate models; representation translation; argument from evidence,short constructed response,constructed-response,instructional,110,,,,Unit 2 Assessment Plan | Conceptual Physics Framework section archetypes/source packet,
U2-S5-PS3-Q11,AP/SCI,Conceptual Physics,2,2.5,Practice Set 3,practice,PS3-Q11,current-section,U2-MG04,,,,U2-S5-PF01,representation_shift,,2,"Students will use velocity vectors, motion diagrams, and simple graphs to model and explain the motion of objects.",I can compare velocity vectors to determine whether an object’s velocity is changing.,develop/evaluate models; representation translation; argument from evidence,selected response,multiple-choice,instructional,80,,,,Unit 2 Assessment Plan | Conceptual Physics Framework section archetypes/source packet,
U2-S5-XP-Q11,AP/SCI,Conceptual Physics,2,2.5,Extra Practice,practice,XP-Q11,current-section,U2-MG04,,,,U2-S5-PF01,representation_shift,,2,"Students will use velocity vectors, motion diagrams, and simple graphs to model and explain the motion of objects.",I can compare velocity vectors to determine whether an object’s velocity is changing.,develop/evaluate models; representation translation; argument from evidence,short constructed response,constructed-response,instructional,110,,,,Unit 2 Assessment Plan | Conceptual Physics Framework section archetypes/source packet,
U2-S5-PS1-Q12,AP/SCI,Conceptual Physics,2,2.5,Practice Set 1,practice,PS1-Q12,current-section,U2-MG04,,,,U2-S5-PF02,routine_procedural_structure,,2,"Students will use velocity vectors, motion diagrams, and simple graphs to model and explain the motion of objects.","I can connect motion diagrams, data tables, and graphs to written descriptions of motion and critique an incorrect motion model and revise it using evidence.",develop/evaluate models; representation translation; argument from evidence,short constructed response,constructed-response,instructional,110,,,,Unit 2 Assessment Plan | Conceptual Physics Framework section archetypes/source packet,
U2-S5-PS2-Q12,AP/SCI,Conceptual Physics,2,2.5,Practice Set 2,practice,PS2-Q12,current-section,U2-MG04,,,,U2-S5-PF02,routine_procedural_structure,,2,"Students will use velocity vectors, motion diagrams, and simple graphs to model and explain the motion of objects.","I can connect motion diagrams, data tables, and graphs to written descriptions of motion and critique an incorrect motion model and revise it using evidence.",develop/evaluate models; representation translation; argument from evidence,short constructed response,constructed-response,instructional,110,,,,Unit 2 Assessment Plan | Conceptual Physics Framework section archetypes/source packet,
U2-S5-PS3-Q12,AP/SCI,Conceptual Physics,2,2.5,Practice Set 3,practice,PS3-Q12,current-section,U2-MG04,,,,U2-S5-PF02,routine_procedural_structure,,2,"Students will use velocity vectors, motion diagrams, and simple graphs to model and explain the motion of objects.","I can connect motion diagrams, data tables, and graphs to written descriptions of motion and critique an incorrect motion model and revise it using evidence.",develop/evaluate models; representation translation; argument from evidence,selected response,multiple-choice,instructional,80,,,,Unit 2 Assessment Plan | Conceptual Physics Framework section archetypes/source packet,
U2-S5-XP-Q12,AP/SCI,Conceptual Physics,2,2.5,Extra Practice,practice,XP-Q12,current-section,U2-MG04,,,,U2-S5-PF02,routine_procedural_structure,,2,"Students will use velocity vectors, motion diagrams, and simple graphs to model and explain the motion of objects.","I can connect motion diagrams, data tables, and graphs to written descriptions of motion and critique an incorrect motion model and revise it using evidence.",develop/evaluate models; representation translation; argument from evidence,short constructed response,constructed-response,instructional,110,,,,Unit 2 Assessment Plan | Conceptual Physics Framework section archetypes/source packet,
U2-S5-PS1-Q13,AP/SCI,Conceptual Physics,2,2.5,Practice Set 1,practice,PS1-Q13,current-section,U2-MG04,,,,U2-S5-PF03,reasoning_shift,,2,"Students will use velocity vectors, motion diagrams, and simple graphs to model and explain the motion of objects.",I can represent velocity with arrows that show both speed and direction.,develop/evaluate models; representation translation; argument from evidence,short constructed response,constructed-response,instructional,110,,,,Unit 2 Assessment Plan | Conceptual Physics Framework section archetypes/source packet,
U2-S5-PS2-Q13,AP/SCI,Conceptual Physics,2,2.5,Practice Set 2,practice,PS2-Q13,current-section,U2-MG04,,,,U2-S5-PF03,reasoning_shift,,2,"Students will use velocity vectors, motion diagrams, and simple graphs to model and explain the motion of objects.",I can represent velocity with arrows that show both speed and direction.,develop/evaluate models; representation translation; argument from evidence,short constructed response,constructed-response,instructional,110,,,,Unit 2 Assessment Plan | Conceptual Physics Framework section archetypes/source packet,
U2-S5-PS3-Q13,AP/SCI,Conceptual Physics,2,2.5,Practice Set 3,practice,PS3-Q13,current-section,U2-MG04,,,,U2-S5-PF03,reasoning_shift,,2,"Students will use velocity vectors, motion diagrams, and simple graphs to model and explain the motion of objects.",I can represent velocity with arrows that show both speed and direction.,develop/evaluate models; representation translation; argument from evidence,selected response,multiple-choice,instructional,80,,,,Unit 2 Assessment Plan | Conceptual Physics Framework section archetypes/source packet,
U2-S5-XP-Q13,AP/SCI,Conceptual Physics,2,2.5,Extra Practice,practice,XP-Q13,current-section,U2-MG04,,,,U2-S5-PF03,reasoning_shift,,2,"Students will use velocity vectors, motion diagrams, and simple graphs to model and explain the motion of objects.",I can represent velocity with arrows that show both speed and direction.,develop/evaluate models; representation translation; argument from evidence,short constructed response,constructed-response,instructional,110,,,,Unit 2 Assessment Plan | Conceptual Physics Framework section archetypes/source packet,
U2-S5-PS1-Q14,AP/SCI,Conceptual Physics,2,2.5,Practice Set 1,practice,PS1-Q14,current-section,U2-MG04,,,,U2-S5-PF04,representation_shift,,2,"Students will use velocity vectors, motion diagrams, and simple graphs to model and explain the motion of objects.",I can compare velocity vectors to determine whether an object’s velocity is changing.,develop/evaluate models; representation translation; argument from evidence,short constructed response,constructed-response,instructional,110,,,,Unit 2 Assessment Plan | Conceptual Physics Framework section archetypes/source packet,
U2-S5-PS2-Q14,AP/SCI,Conceptual Physics,2,2.5,Practice Set 2,practice,PS2-Q14,current-section,U2-MG04,,,,U2-S5-PF04,representation_shift,,2,"Students will use velocity vectors, motion diagrams, and simple graphs to model and explain the motion of objects.",I can compare velocity vectors to determine whether an object’s velocity is changing.,develop/evaluate models; representation translation; argument from evidence,short constructed response,constructed-response,instructional,110,,,,Unit 2 Assessment Plan | Conceptual Physics Framework section archetypes/source packet,
U2-S5-PS3-Q14,AP/SCI,Conceptual Physics,2,2.5,Practice Set 3,practice,PS3-Q14,current-section,U2-MG04,,,,U2-S5-PF04,representation_shift,,2,"Students will use velocity vectors, motion diagrams, and simple graphs to model and explain the motion of objects.",I can compare velocity vectors to determine whether an object’s velocity is changing.,develop/evaluate models; representation translation; argument from evidence,selected response,multiple-choice,instructional,80,,,,Unit 2 Assessment Plan | Conceptual Physics Framework section archetypes/source packet,
U2-S5-XP-Q14,AP/SCI,Conceptual Physics,2,2.5,Extra Practice,practice,XP-Q14,current-section,U2-MG04,,,,U2-S5-PF04,representation_shift,,2,"Students will use velocity vectors, motion diagrams, and simple graphs to model and explain the motion of objects.",I can compare velocity vectors to determine whether an object’s velocity is changing.,develop/evaluate models; representation translation; argument from evidence,short constructed response,constructed-response,instructional,110,,,,Unit 2 Assessment Plan | Conceptual Physics Framework section archetypes/source packet,
U2-S5-PS1-Q15,AP/SCI,Conceptual Physics,2,2.5,Practice Set 1,practice,PS1-Q15,current-section,U2-MG04,,,,U2-S5-PF05,representation_shift,,2,"Students will use velocity vectors, motion diagrams, and simple graphs to model and explain the motion of objects.","I can connect motion diagrams, data tables, and graphs to written descriptions of motion and critique an incorrect motion model and revise it using evidence.",develop/evaluate models; representation translation; argument from evidence,short constructed response,constructed-response,instructional,110,,,,Unit 2 Assessment Plan | Conceptual Physics Framework section archetypes/source packet,
U2-S5-PS2-Q15,AP/SCI,Conceptual Physics,2,2.5,Practice Set 2,practice,PS2-Q15,current-section,U2-MG04,,,,U2-S5-PF05,representation_shift,,2,"Students will use velocity vectors, motion diagrams, and simple graphs to model and explain the motion of objects.","I can connect motion diagrams, data tables, and graphs to written descriptions of motion and critique an incorrect motion model and revise it using evidence.",develop/evaluate models; representation translation; argument from evidence,short constructed response,constructed-response,instructional,110,,,,Unit 2 Assessment Plan | Conceptual Physics Framework section archetypes/source packet,
U2-S5-PS3-Q15,AP/SCI,Conceptual Physics,2,2.5,Practice Set 3,practice,PS3-Q15,current-section,U2-MG04,,,,U2-S5-PF05,representation_shift,,2,"Students will use velocity vectors, motion diagrams, and simple graphs to model and explain the motion of objects.","I can connect motion diagrams, data tables, and graphs to written descriptions of motion and critique an incorrect motion model and revise it using evidence.",develop/evaluate models; representation translation; argument from evidence,selected response,multiple-choice,instructional,80,,,,Unit 2 Assessment Plan | Conceptual Physics Framework section archetypes/source packet,
U2-S5-XP-Q15,AP/SCI,Conceptual Physics,2,2.5,Extra Practice,practice,XP-Q15,current-section,U2-MG04,,,,U2-S5-PF05,representation_shift,,2,"Students will use velocity vectors, motion diagrams, and simple graphs to model and explain the motion of objects.","I can connect motion diagrams, data tables, and graphs to written descriptions of motion and critique an incorrect motion model and revise it using evidence.",develop/evaluate models; representation translation; argument from evidence,short constructed response,constructed-response,instructional,110,,,,Unit 2 Assessment Plan | Conceptual Physics Framework section archetypes/source packet,
U2-S5-PS1-Q16,AP/SCI,Conceptual Physics,2,2.5,Practice Set 1,practice,PS1-Q16,current-section,U2-MG04,,,,U2-S5-PF06,representation_shift,,2,"Students will use velocity vectors, motion diagrams, and simple graphs to model and explain the motion of objects.",I can represent velocity with arrows that show both speed and direction.,develop/evaluate models; representation translation; argument from evidence,short constructed response,constructed-response,instructional,110,figures/u2_s5_pos_ps1.png,Generated by Framework graph_tool v12,context_graph,Unit 2 Assessment Plan | Conceptual Physics Framework section archetypes/source packet,
U2-S5-PS2-Q16,AP/SCI,Conceptual Physics,2,2.5,Practice Set 2,practice,PS2-Q16,current-section,U2-MG04,,,,U2-S5-PF06,representation_shift,,2,"Students will use velocity vectors, motion diagrams, and simple graphs to model and explain the motion of objects.",I can represent velocity with arrows that show both speed and direction.,develop/evaluate models; representation translation; argument from evidence,short constructed response,constructed-response,instructional,110,figures/u2_s5_pos_ps2.png,Generated by Framework graph_tool v12,context_graph,Unit 2 Assessment Plan | Conceptual Physics Framework section archetypes/source packet,
U2-S5-PS3-Q16,AP/SCI,Conceptual Physics,2,2.5,Practice Set 3,practice,PS3-Q16,current-section,U2-MG04,,,,U2-S5-PF06,representation_shift,,2,"Students will use velocity vectors, motion diagrams, and simple graphs to model and explain the motion of objects.",I can represent velocity with arrows that show both speed and direction.,develop/evaluate models; representation translation; argument from evidence,selected response,multiple-choice,instructional,80,figures/u2_s5_pos_ps3.png,Generated by Framework graph_tool v12,context_graph,Unit 2 Assessment Plan | Conceptual Physics Framework section archetypes/source packet,
U2-S5-XP-Q16,AP/SCI,Conceptual Physics,2,2.5,Extra Practice,practice,XP-Q16,current-section,U2-MG04,,,,U2-S5-PF06,representation_shift,,2,"Students will use velocity vectors, motion diagrams, and simple graphs to model and explain the motion of objects.",I can represent velocity with arrows that show both speed and direction.,develop/evaluate models; representation translation; argument from evidence,short constructed response,constructed-response,instructional,110,figures/u2_s5_pos_xp.png,Generated by Framework graph_tool v12,context_graph,Unit 2 Assessment Plan | Conceptual Physics Framework section archetypes/source packet,
U2-S5-PS1-Q17,AP/SCI,Conceptual Physics,2,2.5,Practice Set 1,practice,PS1-Q17,current-section,U2-MG04,,,,U2-S5-PF07,reasoning_shift,,2,"Students will use velocity vectors, motion diagrams, and simple graphs to model and explain the motion of objects.",I can compare velocity vectors to determine whether an object’s velocity is changing.,develop/evaluate models; representation translation; argument from evidence,short constructed response,constructed-response,instructional,110,,,,Unit 2 Assessment Plan | Conceptual Physics Framework section archetypes/source packet,
U2-S5-PS2-Q17,AP/SCI,Conceptual Physics,2,2.5,Practice Set 2,practice,PS2-Q17,current-section,U2-MG04,,,,U2-S5-PF07,reasoning_shift,,2,"Students will use velocity vectors, motion diagrams, and simple graphs to model and explain the motion of objects.",I can compare velocity vectors to determine whether an object’s velocity is changing.,develop/evaluate models; representation translation; argument from evidence,short constructed response,constructed-response,instructional,110,,,,Unit 2 Assessment Plan | Conceptual Physics Framework section archetypes/source packet,
U2-S5-PS3-Q17,AP/SCI,Conceptual Physics,2,2.5,Practice Set 3,practice,PS3-Q17,current-section,U2-MG04,,,,U2-S5-PF07,reasoning_shift,,2,"Students will use velocity vectors, motion diagrams, and simple graphs to model and explain the motion of objects.",I can compare velocity vectors to determine whether an object’s velocity is changing.,develop/evaluate models; representation translation; argument from evidence,selected response,multiple-choice,instructional,80,,,,Unit 2 Assessment Plan | Conceptual Physics Framework section archetypes/source packet,
U2-S5-XP-Q17,AP/SCI,Conceptual Physics,2,2.5,Extra Practice,practice,XP-Q17,current-section,U2-MG04,,,,U2-S5-PF07,reasoning_shift,,2,"Students will use velocity vectors, motion diagrams, and simple graphs to model and explain the motion of objects.",I can compare velocity vectors to determine whether an object’s velocity is changing.,develop/evaluate models; representation translation; argument from evidence,short constructed response,constructed-response,instructional,110,,,,Unit 2 Assessment Plan | Conceptual Physics Framework section archetypes/source packet,
U2-S5-PS1-Q18,AP/SCI,Conceptual Physics,2,2.5,Practice Set 1,practice,PS1-Q18,current-section,U2-MG04,,,,U2-S5-PF08,mixed,,2,"Students will use velocity vectors, motion diagrams, and simple graphs to model and explain the motion of objects.","I can connect motion diagrams, data tables, and graphs to written descriptions of motion and critique an incorrect motion model and revise it using evidence.",develop/evaluate models; representation translation; argument from evidence,short constructed response,constructed-response,instructional,110,,,,Unit 2 Assessment Plan | Conceptual Physics Framework section archetypes/source packet,
U2-S5-PS2-Q18,AP/SCI,Conceptual Physics,2,2.5,Practice Set 2,practice,PS2-Q18,current-section,U2-MG04,,,,U2-S5-PF08,mixed,,2,"Students will use velocity vectors, motion diagrams, and simple graphs to model and explain the motion of objects.","I can connect motion diagrams, data tables, and graphs to written descriptions of motion and critique an incorrect motion model and revise it using evidence.",develop/evaluate models; representation translation; argument from evidence,short constructed response,constructed-response,instructional,110,,,,Unit 2 Assessment Plan | Conceptual Physics Framework section archetypes/source packet,
U2-S5-PS3-Q18,AP/SCI,Conceptual Physics,2,2.5,Practice Set 3,practice,PS3-Q18,current-section,U2-MG04,,,,U2-S5-PF08,mixed,,2,"Students will use velocity vectors, motion diagrams, and simple graphs to model and explain the motion of objects.","I can connect motion diagrams, data tables, and graphs to written descriptions of motion and critique an incorrect motion model and revise it using evidence.",develop/evaluate models; representation translation; argument from evidence,selected response,multiple-choice,instructional,80,,,,Unit 2 Assessment Plan | Conceptual Physics Framework section archetypes/source packet,
U2-S5-XP-Q18,AP/SCI,Conceptual Physics,2,2.5,Extra Practice,practice,XP-Q18,current-section,U2-MG04,,,,U2-S5-PF08,mixed,,2,"Students will use velocity vectors, motion diagrams, and simple graphs to model and explain the motion of objects.","I can connect motion diagrams, data tables, and graphs to written descriptions of motion and critique an incorrect motion model and revise it using evidence.",develop/evaluate models; representation translation; argument from evidence,short constructed response,constructed-response,instructional,110,,,,Unit 2 Assessment Plan | Conceptual Physics Framework section archetypes/source packet,
U2-S5-PS1-Q19,AP/SCI,Conceptual Physics,2,2.5,Practice Set 1,practice,PS1-Q19,current-section,U2-MG04,,,,U2-S5-PF09,reasoning_shift,,2,"Students will use velocity vectors, motion diagrams, and simple graphs to model and explain the motion of objects.",I can represent velocity with arrows that show both speed and direction.,develop/evaluate models; representation translation; argument from evidence,short constructed response,constructed-response,instructional,110,,,,Unit 2 Assessment Plan | Conceptual Physics Framework section archetypes/source packet,
U2-S5-PS2-Q19,AP/SCI,Conceptual Physics,2,2.5,Practice Set 2,practice,PS2-Q19,current-section,U2-MG04,,,,U2-S5-PF09,reasoning_shift,,2,"Students will use velocity vectors, motion diagrams, and simple graphs to model and explain the motion of objects.",I can represent velocity with arrows that show both speed and direction.,develop/evaluate models; representation translation; argument from evidence,short constructed response,constructed-response,instructional,110,,,,Unit 2 Assessment Plan | Conceptual Physics Framework section archetypes/source packet,
U2-S5-PS3-Q19,AP/SCI,Conceptual Physics,2,2.5,Practice Set 3,practice,PS3-Q19,current-section,U2-MG04,,,,U2-S5-PF09,reasoning_shift,,2,"Students will use velocity vectors, motion diagrams, and simple graphs to model and explain the motion of objects.",I can represent velocity with arrows that show both speed and direction.,develop/evaluate models; representation translation; argument from evidence,selected response,multiple-choice,instructional,80,,,,Unit 2 Assessment Plan | Conceptual Physics Framework section archetypes/source packet,
U2-S5-XP-Q19,AP/SCI,Conceptual Physics,2,2.5,Extra Practice,practice,XP-Q19,current-section,U2-MG04,,,,U2-S5-PF09,reasoning_shift,,2,"Students will use velocity vectors, motion diagrams, and simple graphs to model and explain the motion of objects.",I can represent velocity with arrows that show both speed and direction.,develop/evaluate models; representation translation; argument from evidence,short constructed response,constructed-response,instructional,110,,,,Unit 2 Assessment Plan | Conceptual Physics Framework section archetypes/source packet,
U2-S5-PS1-Q20,AP/SCI,Conceptual Physics,2,2.5,Practice Set 1,practice,PS1-Q20,current-section,U2-MG04,,,,U2-S5-PF10,mixed,,2,"Students will use velocity vectors, motion diagrams, and simple graphs to model and explain the motion of objects.",I can compare velocity vectors to determine whether an object’s velocity is changing.,develop/evaluate models; representation translation; argument from evidence,short constructed response,constructed-response,instructional,110,,,,Unit 2 Assessment Plan | Conceptual Physics Framework section archetypes/source packet,
U2-S5-PS2-Q20,AP/SCI,Conceptual Physics,2,2.5,Practice Set 2,practice,PS2-Q20,current-section,U2-MG04,,,,U2-S5-PF10,mixed,,2,"Students will use velocity vectors, motion diagrams, and simple graphs to model and explain the motion of objects.",I can compare velocity vectors to determine whether an object’s velocity is changing.,develop/evaluate models; representation translation; argument from evidence,short constructed response,constructed-response,instructional,110,,,,Unit 2 Assessment Plan | Conceptual Physics Framework section archetypes/source packet,
U2-S5-PS3-Q20,AP/SCI,Conceptual Physics,2,2.5,Practice Set 3,practice,PS3-Q20,current-section,U2-MG04,,,,U2-S5-PF10,mixed,,2,"Students will use velocity vectors, motion diagrams, and simple graphs to model and explain the motion of objects.",I can compare velocity vectors to determine whether an object’s velocity is changing.,develop/evaluate models; representation translation; argument from evidence,selected response,multiple-choice,instructional,80,,,,Unit 2 Assessment Plan | Conceptual Physics Framework section archetypes/source packet,
U2-S5-XP-Q20,AP/SCI,Conceptual Physics,2,2.5,Extra Practice,practice,XP-Q20,current-section,U2-MG04,,,,U2-S5-PF10,mixed,,2,"Students will use velocity vectors, motion diagrams, and simple graphs to model and explain the motion of objects.",I can compare velocity vectors to determine whether an object’s velocity is changing.,develop/evaluate models; representation translation; argument from evidence,short constructed response,constructed-response,instructional,110,,,,Unit 2 Assessment Plan | Conceptual Physics Framework section archetypes/source packet,
U2-S5-PS1-Q21,AP/SCI,Conceptual Physics,2,2.5,Practice Set 1,practice,PS1-Q21,current-section,U2-MG04,,,,U2-S5-PF01,representation_shift,,2,"Students will use velocity vectors, motion diagrams, and simple graphs to model and explain the motion of objects.","I can connect motion diagrams, data tables, and graphs to written descriptions of motion and critique an incorrect motion model and revise it using evidence.",develop/evaluate models; representation translation; argument from evidence,short constructed response,constructed-response,instructional,110,,,,Unit 2 Assessment Plan | Conceptual Physics Framework section archetypes/source packet,
U2-S5-PS2-Q21,AP/SCI,Conceptual Physics,2,2.5,Practice Set 2,practice,PS2-Q21,current-section,U2-MG04,,,,U2-S5-PF01,representation_shift,,2,"Students will use velocity vectors, motion diagrams, and simple graphs to model and explain the motion of objects.","I can connect motion diagrams, data tables, and graphs to written descriptions of motion and critique an incorrect motion model and revise it using evidence.",develop/evaluate models; representation translation; argument from evidence,short constructed response,constructed-response,instructional,110,,,,Unit 2 Assessment Plan | Conceptual Physics Framework section archetypes/source packet,
U2-S5-PS3-Q21,AP/SCI,Conceptual Physics,2,2.5,Practice Set 3,practice,PS3-Q21,current-section,U2-MG04,,,,U2-S5-PF01,representation_shift,,2,"Students will use velocity vectors, motion diagrams, and simple graphs to model and explain the motion of objects.","I can connect motion diagrams, data tables, and graphs to written descriptions of motion and critique an incorrect motion model and revise it using evidence.",develop/evaluate models; representation translation; argument from evidence,selected response,multiple-choice,instructional,80,,,,Unit 2 Assessment Plan | Conceptual Physics Framework section archetypes/source packet,
U2-S5-XP-Q21,AP/SCI,Conceptual Physics,2,2.5,Extra Practice,practice,XP-Q21,current-section,U2-MG04,,,,U2-S5-PF01,representation_shift,,2,"Students will use velocity vectors, motion diagrams, and simple graphs to model and explain the motion of objects.","I can connect motion diagrams, data tables, and graphs to written descriptions of motion and critique an incorrect motion model and revise it using evidence.",develop/evaluate models; representation translation; argument from evidence,short constructed response,constructed-response,instructional,110,,,,Unit 2 Assessment Plan | Conceptual Physics Framework section archetypes/source packet,
U2-S5-PS1-Q22,AP/SCI,Conceptual Physics,2,2.5,Practice Set 1,practice,PS1-Q22,current-section,U2-MG04,,,,U2-S5-PF02,routine_procedural_structure,,2,"Students will use velocity vectors, motion diagrams, and simple graphs to model and explain the motion of objects.",I can represent velocity with arrows that show both speed and direction.,develop/evaluate models; representation translation; argument from evidence,short constructed response,constructed-response,instructional,110,,,,Unit 2 Assessment Plan | Conceptual Physics Framework section archetypes/source packet,
U2-S5-PS2-Q22,AP/SCI,Conceptual Physics,2,2.5,Practice Set 2,practice,PS2-Q22,current-section,U2-MG04,,,,U2-S5-PF02,routine_procedural_structure,,2,"Students will use velocity vectors, motion diagrams, and simple graphs to model and explain the motion of objects.",I can represent velocity with arrows that show both speed and direction.,develop/evaluate models; representation translation; argument from evidence,short constructed response,constructed-response,instructional,110,,,,Unit 2 Assessment Plan | Conceptual Physics Framework section archetypes/source packet,
U2-S5-PS3-Q22,AP/SCI,Conceptual Physics,2,2.5,Practice Set 3,practice,PS3-Q22,current-section,U2-MG04,,,,U2-S5-PF02,routine_procedural_structure,,2,"Students will use velocity vectors, motion diagrams, and simple graphs to model and explain the motion of objects.",I can represent velocity with arrows that show both speed and direction.,develop/evaluate models; representation translation; argument from evidence,selected response,multiple-choice,instructional,80,,,,Unit 2 Assessment Plan | Conceptual Physics Framework section archetypes/source packet,
U2-S5-XP-Q22,AP/SCI,Conceptual Physics,2,2.5,Extra Practice,practice,XP-Q22,current-section,U2-MG04,,,,U2-S5-PF02,routine_procedural_structure,,2,"Students will use velocity vectors, motion diagrams, and simple graphs to model and explain the motion of objects.",I can represent velocity with arrows that show both speed and direction.,develop/evaluate models; representation translation; argument from evidence,short constructed response,constructed-response,instructional,110,,,,Unit 2 Assessment Plan | Conceptual Physics Framework section archetypes/source packet,
U2-S5-PS1-Q23,AP/SCI,Conceptual Physics,2,2.5,Practice Set 1,practice,PS1-Q23,current-section,U2-MG04,,,,U2-S5-PF03,reasoning_shift,,2,"Students will use velocity vectors, motion diagrams, and simple graphs to model and explain the motion of objects.",I can compare velocity vectors to determine whether an object’s velocity is changing.,develop/evaluate models; representation translation; argument from evidence,short constructed response,constructed-response,instructional,110,,,,Unit 2 Assessment Plan | Conceptual Physics Framework section archetypes/source packet,
U2-S5-PS2-Q23,AP/SCI,Conceptual Physics,2,2.5,Practice Set 2,practice,PS2-Q23,current-section,U2-MG04,,,,U2-S5-PF03,reasoning_shift,,2,"Students will use velocity vectors, motion diagrams, and simple graphs to model and explain the motion of objects.",I can compare velocity vectors to determine whether an object’s velocity is changing.,develop/evaluate models; representation translation; argument from evidence,short constructed response,constructed-response,instructional,110,,,,Unit 2 Assessment Plan | Conceptual Physics Framework section archetypes/source packet,
U2-S5-PS3-Q23,AP/SCI,Conceptual Physics,2,2.5,Practice Set 3,practice,PS3-Q23,current-section,U2-MG04,,,,U2-S5-PF03,reasoning_shift,,2,"Students will use velocity vectors, motion diagrams, and simple graphs to model and explain the motion of objects.",I can compare velocity vectors to determine whether an object’s velocity is changing.,develop/evaluate models; representation translation; argument from evidence,selected response,multiple-choice,instructional,80,,,,Unit 2 Assessment Plan | Conceptual Physics Framework section archetypes/source packet,
U2-S5-XP-Q23,AP/SCI,Conceptual Physics,2,2.5,Extra Practice,practice,XP-Q23,current-section,U2-MG04,,,,U2-S5-PF03,reasoning_shift,,2,"Students will use velocity vectors, motion diagrams, and simple graphs to model and explain the motion of objects.",I can compare velocity vectors to determine whether an object’s velocity is changing.,develop/evaluate models; representation translation; argument from evidence,short constructed response,constructed-response,instructional,110,,,,Unit 2 Assessment Plan | Conceptual Physics Framework section archetypes/source packet,
U2-S1-CYU-Q01,AP/SCI,Conceptual Physics,2,2.1,CYU,cyu,Q01,current-section,U2-MG01,,,,U2-S1-CYU-F01,dedicated_cyu,,2,Students will explain that motion is relative and describe an object’s motion using an appropriate frame of reference.,I can explain why an object can be moving relative to one reference frame but not another.,modeling; perspective/representation reasoning; explanation,short constructed response,constructed-response,instructional,75,,,,Unit 2 Assessment Plan | Conceptual Physics Framework section archetypes/source packet,
U2-S1-CYU-Q02,AP/SCI,Conceptual Physics,2,2.1,CYU,cyu,Q02,current-section,U2-MG01,,,,U2-S1-CYU-F02,dedicated_cyu,,2,Students will explain that motion is relative and describe an object’s motion using an appropriate frame of reference.,I can identify the reference frame used in a motion description.,modeling; perspective/representation reasoning; explanation,short constructed response,constructed-response,instructional,75,,,,Unit 2 Assessment Plan | Conceptual Physics Framework section archetypes/source packet,
U2-S1-CYU-Q03,AP/SCI,Conceptual Physics,2,2.1,CYU,cyu,Q03,current-section,U2-MG01,,,,U2-S1-CYU-F03,dedicated_cyu,,2,Students will explain that motion is relative and describe an object’s motion using an appropriate frame of reference.,I can compare motion from two different points of view and explain why everyday motion is usually described relative to Earth’s surface.,modeling; perspective/representation reasoning; explanation,short constructed response,constructed-response,instructional,75,,,,Unit 2 Assessment Plan | Conceptual Physics Framework section archetypes/source packet,
U2-S1-CYU-Q04,AP/SCI,Conceptual Physics,2,2.1,CYU,cyu,Q04,current-section,U2-MG01,,,,U2-S1-CYU-F04,dedicated_cyu,,2,Students will explain that motion is relative and describe an object’s motion using an appropriate frame of reference.,I can explain why an object can be moving relative to one reference frame but not another.,modeling; perspective/representation reasoning; explanation,short constructed response,constructed-response,instructional,75,,,,Unit 2 Assessment Plan | Conceptual Physics Framework section archetypes/source packet,
U2-S1-CYU-Q05,AP/SCI,Conceptual Physics,2,2.1,CYU,cyu,Q05,current-section,U2-MG01,,,,U2-S1-CYU-F05,dedicated_cyu,,2,Students will explain that motion is relative and describe an object’s motion using an appropriate frame of reference.,I can identify the reference frame used in a motion description.,modeling; perspective/representation reasoning; explanation,short constructed response,constructed-response,instructional,75,,,,Unit 2 Assessment Plan | Conceptual Physics Framework section archetypes/source packet,
U2-S1-CYU-Q06,AP/SCI,Conceptual Physics,2,2.1,CYU,cyu,Q06,current-section,U2-MG01,,,,U2-S1-CYU-F06,dedicated_cyu,,2,Students will explain that motion is relative and describe an object’s motion using an appropriate frame of reference.,I can compare motion from two different points of view and explain why everyday motion is usually described relative to Earth’s surface.,modeling; perspective/representation reasoning; explanation,short constructed response,constructed-response,instructional,75,,,,Unit 2 Assessment Plan | Conceptual Physics Framework section archetypes/source packet,
U2-S2-CYU-Q01,AP/SCI,Conceptual Physics,2,2.2,CYU,cyu,Q01,current-section,U2-MG02,,,,U2-S2-CYU-F01,dedicated_cyu,,2,"Students will distinguish between speed and velocity and use distance, time, and direction to describe motion.",I can calculate average speed from distance and time.,quantitative reasoning; data interpretation; communication with units,short constructed response,constructed-response,instructional,75,,,,Unit 2 Assessment Plan | Conceptual Physics Framework section archetypes/source packet,
U2-S2-CYU-Q02,AP/SCI,Conceptual Physics,2,2.2,CYU,cyu,Q02,current-section,U2-MG02,,,,U2-S2-CYU-F02,dedicated_cyu,,2,"Students will distinguish between speed and velocity and use distance, time, and direction to describe motion.",I can distinguish instantaneous speed from average speed.,quantitative reasoning; data interpretation; communication with units,short constructed response,constructed-response,instructional,75,,,,Unit 2 Assessment Plan | Conceptual Physics Framework section archetypes/source packet,
U2-S2-CYU-Q03,AP/SCI,Conceptual Physics,2,2.2,CYU,cyu,Q03,current-section,U2-MG02,,,,U2-S2-CYU-F03,dedicated_cyu,,2,"Students will distinguish between speed and velocity and use distance, time, and direction to describe motion.","I can explain that velocity includes both speed and direction and compare examples of constant speed, constant velocity, and changing velocity.",quantitative reasoning; data interpretation; communication with units,short constructed response,constructed-response,instructional,75,,,,Unit 2 Assessment Plan | Conceptual Physics Framework section archetypes/source packet,
U2-S2-CYU-Q04,AP/SCI,Conceptual Physics,2,2.2,CYU,cyu,Q04,current-section,U2-MG02,,,,U2-S2-CYU-F04,dedicated_cyu,,2,"Students will distinguish between speed and velocity and use distance, time, and direction to describe motion.",I can calculate average speed from distance and time.,quantitative reasoning; data interpretation; communication with units,short constructed response,constructed-response,instructional,75,,,,Unit 2 Assessment Plan | Conceptual Physics Framework section archetypes/source packet,
U2-S2-CYU-Q05,AP/SCI,Conceptual Physics,2,2.2,CYU,cyu,Q05,current-section,U2-MG02,,,,U2-S2-CYU-F05,dedicated_cyu,,2,"Students will distinguish between speed and velocity and use distance, time, and direction to describe motion.",I can distinguish instantaneous speed from average speed.,quantitative reasoning; data interpretation; communication with units,short constructed response,constructed-response,instructional,75,,,,Unit 2 Assessment Plan | Conceptual Physics Framework section archetypes/source packet,
U2-S2-CYU-Q06,AP/SCI,Conceptual Physics,2,2.2,CYU,cyu,Q06,current-section,U2-MG02,,,,U2-S2-CYU-F06,dedicated_cyu,,2,"Students will distinguish between speed and velocity and use distance, time, and direction to describe motion.","I can explain that velocity includes both speed and direction and compare examples of constant speed, constant velocity, and changing velocity.",quantitative reasoning; data interpretation; communication with units,short constructed response,constructed-response,instructional,75,,,,Unit 2 Assessment Plan | Conceptual Physics Framework section archetypes/source packet,
U2-S3-CYU-Q01,AP/SCI,Conceptual Physics,2,2.3,CYU,cyu,Q01,current-section,U2-MG03,,,,U2-S3-CYU-F01,dedicated_cyu,,2,"Students will explain acceleration as the rate at which velocity changes and identify acceleration from motion descriptions, data, and graphs.",I can calculate acceleration from change in velocity and time.,graph/data interpretation; quantitative reasoning; model translation,short constructed response,constructed-response,instructional,75,,,,Unit 2 Assessment Plan | Conceptual Physics Framework section archetypes/source packet,
U2-S3-CYU-Q02,AP/SCI,Conceptual Physics,2,2.3,CYU,cyu,Q02,current-section,U2-MG03,,,,U2-S3-CYU-F02,dedicated_cyu,,2,"Students will explain acceleration as the rate at which velocity changes and identify acceleration from motion descriptions, data, and graphs.","I can explain that acceleration can involve speeding up, slowing down, or changing direction.",graph/data interpretation; quantitative reasoning; model translation,short constructed response,constructed-response,instructional,75,,,,Unit 2 Assessment Plan | Conceptual Physics Framework section archetypes/source packet,
U2-S3-CYU-Q03,AP/SCI,Conceptual Physics,2,2.3,CYU,cyu,Q03,current-section,U2-MG03,,,,U2-S3-CYU-F03,dedicated_cyu,,2,"Students will explain acceleration as the rate at which velocity changes and identify acceleration from motion descriptions, data, and graphs.","I can identify positive, negative, or zero acceleration from a motion situation and interpret simple motion graphs and connect them to velocity or acceleration.",graph/data interpretation; quantitative reasoning; model translation,short constructed response,constructed-response,instructional,75,,,,Unit 2 Assessment Plan | Conceptual Physics Framework section archetypes/source packet,
U2-S3-CYU-Q04,AP/SCI,Conceptual Physics,2,2.3,CYU,cyu,Q04,current-section,U2-MG03,,,,U2-S3-CYU-F04,dedicated_cyu,,2,"Students will explain acceleration as the rate at which velocity changes and identify acceleration from motion descriptions, data, and graphs.",I can calculate acceleration from change in velocity and time.,graph/data interpretation; quantitative reasoning; model translation,short constructed response,constructed-response,instructional,75,,,,Unit 2 Assessment Plan | Conceptual Physics Framework section archetypes/source packet,
U2-S3-CYU-Q05,AP/SCI,Conceptual Physics,2,2.3,CYU,cyu,Q05,current-section,U2-MG03,,,,U2-S3-CYU-F05,dedicated_cyu,,2,"Students will explain acceleration as the rate at which velocity changes and identify acceleration from motion descriptions, data, and graphs.","I can explain that acceleration can involve speeding up, slowing down, or changing direction.",graph/data interpretation; quantitative reasoning; model translation,short constructed response,constructed-response,instructional,75,,,,Unit 2 Assessment Plan | Conceptual Physics Framework section archetypes/source packet,
U2-S3-CYU-Q06,AP/SCI,Conceptual Physics,2,2.3,CYU,cyu,Q06,current-section,U2-MG03,,,,U2-S3-CYU-F06,dedicated_cyu,,2,"Students will explain acceleration as the rate at which velocity changes and identify acceleration from motion descriptions, data, and graphs.","I can identify positive, negative, or zero acceleration from a motion situation and interpret simple motion graphs and connect them to velocity or acceleration.",graph/data interpretation; quantitative reasoning; model translation,short constructed response,constructed-response,instructional,75,,,,Unit 2 Assessment Plan | Conceptual Physics Framework section archetypes/source packet,
U2-S4-CYU-Q01,AP/SCI,Conceptual Physics,2,2.4,CYU,cyu,Q01,current-section,U2-MG03,,,,U2-S4-CYU-F01,dedicated_cyu,,2,Students will describe free fall as motion under the influence of gravity alone and use simple free-fall relationships to determine speed or distance fallen.,I can explain why objects in free fall accelerate at the same rate when air resistance is ignored.,mathematical reasoning; model evaluation; explanation of phenomena,short constructed response,constructed-response,instructional,75,,,,Unit 2 Assessment Plan | Conceptual Physics Framework section archetypes/source packet,
U2-S4-CYU-Q02,AP/SCI,Conceptual Physics,2,2.4,CYU,cyu,Q02,current-section,U2-MG03,,,,U2-S4-CYU-F02,dedicated_cyu,,2,Students will describe free fall as motion under the influence of gravity alone and use simple free-fall relationships to determine speed or distance fallen.,I can use $g \approx 10\text{ m/s}^2$ to determine speed gained during free fall.,mathematical reasoning; model evaluation; explanation of phenomena,short constructed response,constructed-response,instructional,75,,,,Unit 2 Assessment Plan | Conceptual Physics Framework section archetypes/source packet,
U2-S4-CYU-Q03,AP/SCI,Conceptual Physics,2,2.4,CYU,cyu,Q03,current-section,U2-MG03,,,,U2-S4-CYU-F03,dedicated_cyu,,2,Students will describe free fall as motion under the influence of gravity alone and use simple free-fall relationships to determine speed or distance fallen.,I can use free-fall patterns to compare distance fallen during different time intervals and distinguish free fall from falling with significant air resistance.,mathematical reasoning; model evaluation; explanation of phenomena,short constructed response,constructed-response,instructional,75,,,,Unit 2 Assessment Plan | Conceptual Physics Framework section archetypes/source packet,
U2-S4-CYU-Q04,AP/SCI,Conceptual Physics,2,2.4,CYU,cyu,Q04,current-section,U2-MG03,,,,U2-S4-CYU-F04,dedicated_cyu,,2,Students will describe free fall as motion under the influence of gravity alone and use simple free-fall relationships to determine speed or distance fallen.,I can explain why objects in free fall accelerate at the same rate when air resistance is ignored.,mathematical reasoning; model evaluation; explanation of phenomena,short constructed response,constructed-response,instructional,75,,,,Unit 2 Assessment Plan | Conceptual Physics Framework section archetypes/source packet,
U2-S4-CYU-Q05,AP/SCI,Conceptual Physics,2,2.4,CYU,cyu,Q05,current-section,U2-MG03,,,,U2-S4-CYU-F05,dedicated_cyu,,2,Students will describe free fall as motion under the influence of gravity alone and use simple free-fall relationships to determine speed or distance fallen.,I can use $g \approx 10\text{ m/s}^2$ to determine speed gained during free fall.,mathematical reasoning; model evaluation; explanation of phenomena,short constructed response,constructed-response,instructional,75,,,,Unit 2 Assessment Plan | Conceptual Physics Framework section archetypes/source packet,
U2-S4-CYU-Q06,AP/SCI,Conceptual Physics,2,2.4,CYU,cyu,Q06,current-section,U2-MG03,,,,U2-S4-CYU-F06,dedicated_cyu,,2,Students will describe free fall as motion under the influence of gravity alone and use simple free-fall relationships to determine speed or distance fallen.,I can use free-fall patterns to compare distance fallen during different time intervals and distinguish free fall from falling with significant air resistance.,mathematical reasoning; model evaluation; explanation of phenomena,short constructed response,constructed-response,instructional,75,,,,Unit 2 Assessment Plan | Conceptual Physics Framework section archetypes/source packet,
U2-S5-CYU-Q01,AP/SCI,Conceptual Physics,2,2.5,CYU,cyu,Q01,current-section,U2-MG04,,,,U2-S5-CYU-F01,dedicated_cyu,,2,"Students will use velocity vectors, motion diagrams, and simple graphs to model and explain the motion of objects.",I can represent velocity with arrows that show both speed and direction.,develop/evaluate models; representation translation; argument from evidence,short constructed response,constructed-response,instructional,75,,,,Unit 2 Assessment Plan | Conceptual Physics Framework section archetypes/source packet,
U2-S5-CYU-Q02,AP/SCI,Conceptual Physics,2,2.5,CYU,cyu,Q02,current-section,U2-MG04,,,,U2-S5-CYU-F02,dedicated_cyu,,2,"Students will use velocity vectors, motion diagrams, and simple graphs to model and explain the motion of objects.",I can compare velocity vectors to determine whether an object’s velocity is changing.,develop/evaluate models; representation translation; argument from evidence,short constructed response,constructed-response,instructional,75,,,,Unit 2 Assessment Plan | Conceptual Physics Framework section archetypes/source packet,
U2-S5-CYU-Q03,AP/SCI,Conceptual Physics,2,2.5,CYU,cyu,Q03,current-section,U2-MG04,,,,U2-S5-CYU-F03,dedicated_cyu,,2,"Students will use velocity vectors, motion diagrams, and simple graphs to model and explain the motion of objects.","I can connect motion diagrams, data tables, and graphs to written descriptions of motion and critique an incorrect motion model and revise it using evidence.",develop/evaluate models; representation translation; argument from evidence,short constructed response,constructed-response,instructional,75,,,,Unit 2 Assessment Plan | Conceptual Physics Framework section archetypes/source packet,
U2-S5-CYU-Q04,AP/SCI,Conceptual Physics,2,2.5,CYU,cyu,Q04,current-section,U2-MG04,,,,U2-S5-CYU-F04,dedicated_cyu,,2,"Students will use velocity vectors, motion diagrams, and simple graphs to model and explain the motion of objects.",I can represent velocity with arrows that show both speed and direction.,develop/evaluate models; representation translation; argument from evidence,short constructed response,constructed-response,instructional,75,,,,Unit 2 Assessment Plan | Conceptual Physics Framework section archetypes/source packet,
U2-S5-CYU-Q05,AP/SCI,Conceptual Physics,2,2.5,CYU,cyu,Q05,current-section,U2-MG04,,,,U2-S5-CYU-F05,dedicated_cyu,,2,"Students will use velocity vectors, motion diagrams, and simple graphs to model and explain the motion of objects.",I can compare velocity vectors to determine whether an object’s velocity is changing.,develop/evaluate models; representation translation; argument from evidence,short constructed response,constructed-response,instructional,75,,,,Unit 2 Assessment Plan | Conceptual Physics Framework section archetypes/source packet,
U2-S5-CYU-Q06,AP/SCI,Conceptual Physics,2,2.5,CYU,cyu,Q06,current-section,U2-MG04,,,,U2-S5-CYU-F06,dedicated_cyu,,2,"Students will use velocity vectors, motion diagrams, and simple graphs to model and explain the motion of objects.","I can connect motion diagrams, data tables, and graphs to written descriptions of motion and critique an incorrect motion model and revise it using evidence.",develop/evaluate models; representation translation; argument from evidence,short constructed response,constructed-response,instructional,75,,,,Unit 2 Assessment Plan | Conceptual Physics Framework section archetypes/source packet,
U2-S1-TAR-Q01,AP/SCI,Conceptual Physics,2,2.1,Tarsia,tarsia,Q01,current-section,U2-MG01,,,,U2-S1-TAR-F01,dedicated_tarsia,,1,Students will explain that motion is relative and describe an object’s motion using an appropriate frame of reference.,I can explain why an object can be moving relative to one reference frame but not another.,modeling; perspective/representation reasoning; explanation,short match,short-answer,instructional,35,,,,Unit 2 Assessment Plan | Conceptual Physics Framework section archetypes/source packet,
U2-S1-TAR-Q02,AP/SCI,Conceptual Physics,2,2.1,Tarsia,tarsia,Q02,current-section,U2-MG01,,,,U2-S1-TAR-F01,dedicated_tarsia,,1,Students will explain that motion is relative and describe an object’s motion using an appropriate frame of reference.,I can identify the reference frame used in a motion description.,modeling; perspective/representation reasoning; explanation,short match,short-answer,instructional,35,,,,Unit 2 Assessment Plan | Conceptual Physics Framework section archetypes/source packet,
U2-S1-TAR-Q03,AP/SCI,Conceptual Physics,2,2.1,Tarsia,tarsia,Q03,current-section,U2-MG01,,,,U2-S1-TAR-F01,dedicated_tarsia,,1,Students will explain that motion is relative and describe an object’s motion using an appropriate frame of reference.,I can compare motion from two different points of view and explain why everyday motion is usually described relative to Earth’s surface.,modeling; perspective/representation reasoning; explanation,short match,short-answer,instructional,35,,,,Unit 2 Assessment Plan | Conceptual Physics Framework section archetypes/source packet,
U2-S1-TAR-Q04,AP/SCI,Conceptual Physics,2,2.1,Tarsia,tarsia,Q04,current-section,U2-MG01,,,,U2-S1-TAR-F01,dedicated_tarsia,,1,Students will explain that motion is relative and describe an object’s motion using an appropriate frame of reference.,I can explain why an object can be moving relative to one reference frame but not another.,modeling; perspective/representation reasoning; explanation,short match,short-answer,instructional,35,,,,Unit 2 Assessment Plan | Conceptual Physics Framework section archetypes/source packet,
U2-S1-TAR-Q05,AP/SCI,Conceptual Physics,2,2.1,Tarsia,tarsia,Q05,current-section,U2-MG01,,,,U2-S1-TAR-F01,dedicated_tarsia,,1,Students will explain that motion is relative and describe an object’s motion using an appropriate frame of reference.,I can identify the reference frame used in a motion description.,modeling; perspective/representation reasoning; explanation,short match,short-answer,instructional,35,,,,Unit 2 Assessment Plan | Conceptual Physics Framework section archetypes/source packet,
U2-S1-TAR-Q06,AP/SCI,Conceptual Physics,2,2.1,Tarsia,tarsia,Q06,current-section,U2-MG01,,,,U2-S1-TAR-F02,dedicated_tarsia,,1,Students will explain that motion is relative and describe an object’s motion using an appropriate frame of reference.,I can compare motion from two different points of view and explain why everyday motion is usually described relative to Earth’s surface.,modeling; perspective/representation reasoning; explanation,short match,short-answer,instructional,35,,,,Unit 2 Assessment Plan | Conceptual Physics Framework section archetypes/source packet,
U2-S1-TAR-Q07,AP/SCI,Conceptual Physics,2,2.1,Tarsia,tarsia,Q07,current-section,U2-MG01,,,,U2-S1-TAR-F02,dedicated_tarsia,,1,Students will explain that motion is relative and describe an object’s motion using an appropriate frame of reference.,I can explain why an object can be moving relative to one reference frame but not another.,modeling; perspective/representation reasoning; explanation,short match,short-answer,instructional,35,,,,Unit 2 Assessment Plan | Conceptual Physics Framework section archetypes/source packet,
U2-S1-TAR-Q08,AP/SCI,Conceptual Physics,2,2.1,Tarsia,tarsia,Q08,current-section,U2-MG01,,,,U2-S1-TAR-F02,dedicated_tarsia,,1,Students will explain that motion is relative and describe an object’s motion using an appropriate frame of reference.,I can identify the reference frame used in a motion description.,modeling; perspective/representation reasoning; explanation,short match,short-answer,instructional,35,,,,Unit 2 Assessment Plan | Conceptual Physics Framework section archetypes/source packet,
U2-S1-TAR-Q09,AP/SCI,Conceptual Physics,2,2.1,Tarsia,tarsia,Q09,current-section,U2-MG01,,,,U2-S1-TAR-F02,dedicated_tarsia,,1,Students will explain that motion is relative and describe an object’s motion using an appropriate frame of reference.,I can compare motion from two different points of view and explain why everyday motion is usually described relative to Earth’s surface.,modeling; perspective/representation reasoning; explanation,short match,short-answer,instructional,35,,,,Unit 2 Assessment Plan | Conceptual Physics Framework section archetypes/source packet,
U2-S1-TAR-Q10,AP/SCI,Conceptual Physics,2,2.1,Tarsia,tarsia,Q10,current-section,U2-MG01,,,,U2-S1-TAR-F02,dedicated_tarsia,,1,Students will explain that motion is relative and describe an object’s motion using an appropriate frame of reference.,I can explain why an object can be moving relative to one reference frame but not another.,modeling; perspective/representation reasoning; explanation,short match,short-answer,instructional,35,,,,Unit 2 Assessment Plan | Conceptual Physics Framework section archetypes/source packet,
U2-S1-TAR-Q11,AP/SCI,Conceptual Physics,2,2.1,Tarsia,tarsia,Q11,current-section,U2-MG01,,,,U2-S1-TAR-F03,dedicated_tarsia,,1,Students will explain that motion is relative and describe an object’s motion using an appropriate frame of reference.,I can identify the reference frame used in a motion description.,modeling; perspective/representation reasoning; explanation,short match,short-answer,instructional,35,,,,Unit 2 Assessment Plan | Conceptual Physics Framework section archetypes/source packet,
U2-S1-TAR-Q12,AP/SCI,Conceptual Physics,2,2.1,Tarsia,tarsia,Q12,current-section,U2-MG01,,,,U2-S1-TAR-F03,dedicated_tarsia,,1,Students will explain that motion is relative and describe an object’s motion using an appropriate frame of reference.,I can compare motion from two different points of view and explain why everyday motion is usually described relative to Earth’s surface.,modeling; perspective/representation reasoning; explanation,short match,short-answer,instructional,35,,,,Unit 2 Assessment Plan | Conceptual Physics Framework section archetypes/source packet,
U2-S1-TAR-Q13,AP/SCI,Conceptual Physics,2,2.1,Tarsia,tarsia,Q13,current-section,U2-MG01,,,,U2-S1-TAR-F03,dedicated_tarsia,,2,Students will explain that motion is relative and describe an object’s motion using an appropriate frame of reference.,I can explain why an object can be moving relative to one reference frame but not another.,modeling; perspective/representation reasoning; explanation,short match,short-answer,instructional,35,,,,Unit 2 Assessment Plan | Conceptual Physics Framework section archetypes/source packet,
U2-S1-TAR-Q14,AP/SCI,Conceptual Physics,2,2.1,Tarsia,tarsia,Q14,current-section,U2-MG01,,,,U2-S1-TAR-F03,dedicated_tarsia,,2,Students will explain that motion is relative and describe an object’s motion using an appropriate frame of reference.,I can identify the reference frame used in a motion description.,modeling; perspective/representation reasoning; explanation,short match,short-answer,instructional,35,,,,Unit 2 Assessment Plan | Conceptual Physics Framework section archetypes/source packet,
U2-S1-TAR-Q15,AP/SCI,Conceptual Physics,2,2.1,Tarsia,tarsia,Q15,current-section,U2-MG01,,,,U2-S1-TAR-F03,dedicated_tarsia,,2,Students will explain that motion is relative and describe an object’s motion using an appropriate frame of reference.,I can compare motion from two different points of view and explain why everyday motion is usually described relative to Earth’s surface.,modeling; perspective/representation reasoning; explanation,short match,short-answer,instructional,35,,,,Unit 2 Assessment Plan | Conceptual Physics Framework section archetypes/source packet,
U2-S1-TAR-Q16,AP/SCI,Conceptual Physics,2,2.1,Tarsia,tarsia,Q16,current-section,U2-MG01,,,,U2-S1-TAR-F04,dedicated_tarsia,,2,Students will explain that motion is relative and describe an object’s motion using an appropriate frame of reference.,I can explain why an object can be moving relative to one reference frame but not another.,modeling; perspective/representation reasoning; explanation,short match,short-answer,instructional,35,,,,Unit 2 Assessment Plan | Conceptual Physics Framework section archetypes/source packet,
U2-S1-TAR-Q17,AP/SCI,Conceptual Physics,2,2.1,Tarsia,tarsia,Q17,current-section,U2-MG01,,,,U2-S1-TAR-F04,dedicated_tarsia,,2,Students will explain that motion is relative and describe an object’s motion using an appropriate frame of reference.,I can identify the reference frame used in a motion description.,modeling; perspective/representation reasoning; explanation,short match,short-answer,instructional,35,,,,Unit 2 Assessment Plan | Conceptual Physics Framework section archetypes/source packet,
U2-S1-TAR-Q18,AP/SCI,Conceptual Physics,2,2.1,Tarsia,tarsia,Q18,current-section,U2-MG01,,,,U2-S1-TAR-F04,dedicated_tarsia,,2,Students will explain that motion is relative and describe an object’s motion using an appropriate frame of reference.,I can compare motion from two different points of view and explain why everyday motion is usually described relative to Earth’s surface.,modeling; perspective/representation reasoning; explanation,short match,short-answer,instructional,35,,,,Unit 2 Assessment Plan | Conceptual Physics Framework section archetypes/source packet,
U2-S2-TAR-Q01,AP/SCI,Conceptual Physics,2,2.2,Tarsia,tarsia,Q01,current-section,U2-MG02,,,,U2-S2-TAR-F01,dedicated_tarsia,,1,"Students will distinguish between speed and velocity and use distance, time, and direction to describe motion.",I can calculate average speed from distance and time.,quantitative reasoning; data interpretation; communication with units,short match,short-answer,instructional,35,,,,Unit 2 Assessment Plan | Conceptual Physics Framework section archetypes/source packet,
U2-S2-TAR-Q02,AP/SCI,Conceptual Physics,2,2.2,Tarsia,tarsia,Q02,current-section,U2-MG02,,,,U2-S2-TAR-F01,dedicated_tarsia,,1,"Students will distinguish between speed and velocity and use distance, time, and direction to describe motion.",I can distinguish instantaneous speed from average speed.,quantitative reasoning; data interpretation; communication with units,short match,short-answer,instructional,35,,,,Unit 2 Assessment Plan | Conceptual Physics Framework section archetypes/source packet,
U2-S2-TAR-Q03,AP/SCI,Conceptual Physics,2,2.2,Tarsia,tarsia,Q03,current-section,U2-MG02,,,,U2-S2-TAR-F01,dedicated_tarsia,,1,"Students will distinguish between speed and velocity and use distance, time, and direction to describe motion.","I can explain that velocity includes both speed and direction and compare examples of constant speed, constant velocity, and changing velocity.",quantitative reasoning; data interpretation; communication with units,short match,short-answer,instructional,35,,,,Unit 2 Assessment Plan | Conceptual Physics Framework section archetypes/source packet,
U2-S2-TAR-Q04,AP/SCI,Conceptual Physics,2,2.2,Tarsia,tarsia,Q04,current-section,U2-MG02,,,,U2-S2-TAR-F01,dedicated_tarsia,,1,"Students will distinguish between speed and velocity and use distance, time, and direction to describe motion.",I can calculate average speed from distance and time.,quantitative reasoning; data interpretation; communication with units,short match,short-answer,instructional,35,,,,Unit 2 Assessment Plan | Conceptual Physics Framework section archetypes/source packet,
U2-S2-TAR-Q05,AP/SCI,Conceptual Physics,2,2.2,Tarsia,tarsia,Q05,current-section,U2-MG02,,,,U2-S2-TAR-F01,dedicated_tarsia,,1,"Students will distinguish between speed and velocity and use distance, time, and direction to describe motion.",I can distinguish instantaneous speed from average speed.,quantitative reasoning; data interpretation; communication with units,short match,short-answer,instructional,35,,,,Unit 2 Assessment Plan | Conceptual Physics Framework section archetypes/source packet,
U2-S2-TAR-Q06,AP/SCI,Conceptual Physics,2,2.2,Tarsia,tarsia,Q06,current-section,U2-MG02,,,,U2-S2-TAR-F02,dedicated_tarsia,,1,"Students will distinguish between speed and velocity and use distance, time, and direction to describe motion.","I can explain that velocity includes both speed and direction and compare examples of constant speed, constant velocity, and changing velocity.",quantitative reasoning; data interpretation; communication with units,short match,short-answer,instructional,35,,,,Unit 2 Assessment Plan | Conceptual Physics Framework section archetypes/source packet,
U2-S2-TAR-Q07,AP/SCI,Conceptual Physics,2,2.2,Tarsia,tarsia,Q07,current-section,U2-MG02,,,,U2-S2-TAR-F02,dedicated_tarsia,,1,"Students will distinguish between speed and velocity and use distance, time, and direction to describe motion.",I can calculate average speed from distance and time.,quantitative reasoning; data interpretation; communication with units,short match,short-answer,instructional,35,,,,Unit 2 Assessment Plan | Conceptual Physics Framework section archetypes/source packet,
U2-S2-TAR-Q08,AP/SCI,Conceptual Physics,2,2.2,Tarsia,tarsia,Q08,current-section,U2-MG02,,,,U2-S2-TAR-F02,dedicated_tarsia,,1,"Students will distinguish between speed and velocity and use distance, time, and direction to describe motion.",I can distinguish instantaneous speed from average speed.,quantitative reasoning; data interpretation; communication with units,short match,short-answer,instructional,35,,,,Unit 2 Assessment Plan | Conceptual Physics Framework section archetypes/source packet,
U2-S2-TAR-Q09,AP/SCI,Conceptual Physics,2,2.2,Tarsia,tarsia,Q09,current-section,U2-MG02,,,,U2-S2-TAR-F02,dedicated_tarsia,,1,"Students will distinguish between speed and velocity and use distance, time, and direction to describe motion.","I can explain that velocity includes both speed and direction and compare examples of constant speed, constant velocity, and changing velocity.",quantitative reasoning; data interpretation; communication with units,short match,short-answer,instructional,35,,,,Unit 2 Assessment Plan | Conceptual Physics Framework section archetypes/source packet,
U2-S2-TAR-Q10,AP/SCI,Conceptual Physics,2,2.2,Tarsia,tarsia,Q10,current-section,U2-MG02,,,,U2-S2-TAR-F02,dedicated_tarsia,,1,"Students will distinguish between speed and velocity and use distance, time, and direction to describe motion.",I can calculate average speed from distance and time.,quantitative reasoning; data interpretation; communication with units,short match,short-answer,instructional,35,,,,Unit 2 Assessment Plan | Conceptual Physics Framework section archetypes/source packet,
U2-S2-TAR-Q11,AP/SCI,Conceptual Physics,2,2.2,Tarsia,tarsia,Q11,current-section,U2-MG02,,,,U2-S2-TAR-F03,dedicated_tarsia,,1,"Students will distinguish between speed and velocity and use distance, time, and direction to describe motion.",I can distinguish instantaneous speed from average speed.,quantitative reasoning; data interpretation; communication with units,short match,short-answer,instructional,35,,,,Unit 2 Assessment Plan | Conceptual Physics Framework section archetypes/source packet,
U2-S2-TAR-Q12,AP/SCI,Conceptual Physics,2,2.2,Tarsia,tarsia,Q12,current-section,U2-MG02,,,,U2-S2-TAR-F03,dedicated_tarsia,,1,"Students will distinguish between speed and velocity and use distance, time, and direction to describe motion.","I can explain that velocity includes both speed and direction and compare examples of constant speed, constant velocity, and changing velocity.",quantitative reasoning; data interpretation; communication with units,short match,short-answer,instructional,35,,,,Unit 2 Assessment Plan | Conceptual Physics Framework section archetypes/source packet,
U2-S2-TAR-Q13,AP/SCI,Conceptual Physics,2,2.2,Tarsia,tarsia,Q13,current-section,U2-MG02,,,,U2-S2-TAR-F03,dedicated_tarsia,,2,"Students will distinguish between speed and velocity and use distance, time, and direction to describe motion.",I can calculate average speed from distance and time.,quantitative reasoning; data interpretation; communication with units,short match,short-answer,instructional,35,,,,Unit 2 Assessment Plan | Conceptual Physics Framework section archetypes/source packet,
U2-S2-TAR-Q14,AP/SCI,Conceptual Physics,2,2.2,Tarsia,tarsia,Q14,current-section,U2-MG02,,,,U2-S2-TAR-F03,dedicated_tarsia,,2,"Students will distinguish between speed and velocity and use distance, time, and direction to describe motion.",I can distinguish instantaneous speed from average speed.,quantitative reasoning; data interpretation; communication with units,short match,short-answer,instructional,35,,,,Unit 2 Assessment Plan | Conceptual Physics Framework section archetypes/source packet,
U2-S2-TAR-Q15,AP/SCI,Conceptual Physics,2,2.2,Tarsia,tarsia,Q15,current-section,U2-MG02,,,,U2-S2-TAR-F03,dedicated_tarsia,,2,"Students will distinguish between speed and velocity and use distance, time, and direction to describe motion.","I can explain that velocity includes both speed and direction and compare examples of constant speed, constant velocity, and changing velocity.",quantitative reasoning; data interpretation; communication with units,short match,short-answer,instructional,35,,,,Unit 2 Assessment Plan | Conceptual Physics Framework section archetypes/source packet,
U2-S2-TAR-Q16,AP/SCI,Conceptual Physics,2,2.2,Tarsia,tarsia,Q16,current-section,U2-MG02,,,,U2-S2-TAR-F04,dedicated_tarsia,,2,"Students will distinguish between speed and velocity and use distance, time, and direction to describe motion.",I can calculate average speed from distance and time.,quantitative reasoning; data interpretation; communication with units,short match,short-answer,instructional,35,,,,Unit 2 Assessment Plan | Conceptual Physics Framework section archetypes/source packet,
U2-S2-TAR-Q17,AP/SCI,Conceptual Physics,2,2.2,Tarsia,tarsia,Q17,current-section,U2-MG02,,,,U2-S2-TAR-F04,dedicated_tarsia,,2,"Students will distinguish between speed and velocity and use distance, time, and direction to describe motion.",I can distinguish instantaneous speed from average speed.,quantitative reasoning; data interpretation; communication with units,short match,short-answer,instructional,35,,,,Unit 2 Assessment Plan | Conceptual Physics Framework section archetypes/source packet,
U2-S2-TAR-Q18,AP/SCI,Conceptual Physics,2,2.2,Tarsia,tarsia,Q18,current-section,U2-MG02,,,,U2-S2-TAR-F04,dedicated_tarsia,,2,"Students will distinguish between speed and velocity and use distance, time, and direction to describe motion.","I can explain that velocity includes both speed and direction and compare examples of constant speed, constant velocity, and changing velocity.",quantitative reasoning; data interpretation; communication with units,short match,short-answer,instructional,35,,,,Unit 2 Assessment Plan | Conceptual Physics Framework section archetypes/source packet,
U2-S3-TAR-Q01,AP/SCI,Conceptual Physics,2,2.3,Tarsia,tarsia,Q01,current-section,U2-MG03,,,,U2-S3-TAR-F01,dedicated_tarsia,,1,"Students will explain acceleration as the rate at which velocity changes and identify acceleration from motion descriptions, data, and graphs.",I can calculate acceleration from change in velocity and time.,graph/data interpretation; quantitative reasoning; model translation,short match,short-answer,instructional,35,,,,Unit 2 Assessment Plan | Conceptual Physics Framework section archetypes/source packet,
U2-S3-TAR-Q02,AP/SCI,Conceptual Physics,2,2.3,Tarsia,tarsia,Q02,current-section,U2-MG03,,,,U2-S3-TAR-F01,dedicated_tarsia,,1,"Students will explain acceleration as the rate at which velocity changes and identify acceleration from motion descriptions, data, and graphs.","I can explain that acceleration can involve speeding up, slowing down, or changing direction.",graph/data interpretation; quantitative reasoning; model translation,short match,short-answer,instructional,35,,,,Unit 2 Assessment Plan | Conceptual Physics Framework section archetypes/source packet,
U2-S3-TAR-Q03,AP/SCI,Conceptual Physics,2,2.3,Tarsia,tarsia,Q03,current-section,U2-MG03,,,,U2-S3-TAR-F01,dedicated_tarsia,,1,"Students will explain acceleration as the rate at which velocity changes and identify acceleration from motion descriptions, data, and graphs.","I can identify positive, negative, or zero acceleration from a motion situation and interpret simple motion graphs and connect them to velocity or acceleration.",graph/data interpretation; quantitative reasoning; model translation,short match,short-answer,instructional,35,,,,Unit 2 Assessment Plan | Conceptual Physics Framework section archetypes/source packet,
U2-S3-TAR-Q04,AP/SCI,Conceptual Physics,2,2.3,Tarsia,tarsia,Q04,current-section,U2-MG03,,,,U2-S3-TAR-F01,dedicated_tarsia,,1,"Students will explain acceleration as the rate at which velocity changes and identify acceleration from motion descriptions, data, and graphs.",I can calculate acceleration from change in velocity and time.,graph/data interpretation; quantitative reasoning; model translation,short match,short-answer,instructional,35,,,,Unit 2 Assessment Plan | Conceptual Physics Framework section archetypes/source packet,
U2-S3-TAR-Q05,AP/SCI,Conceptual Physics,2,2.3,Tarsia,tarsia,Q05,current-section,U2-MG03,,,,U2-S3-TAR-F01,dedicated_tarsia,,1,"Students will explain acceleration as the rate at which velocity changes and identify acceleration from motion descriptions, data, and graphs.","I can explain that acceleration can involve speeding up, slowing down, or changing direction.",graph/data interpretation; quantitative reasoning; model translation,short match,short-answer,instructional,35,,,,Unit 2 Assessment Plan | Conceptual Physics Framework section archetypes/source packet,
U2-S3-TAR-Q06,AP/SCI,Conceptual Physics,2,2.3,Tarsia,tarsia,Q06,current-section,U2-MG03,,,,U2-S3-TAR-F02,dedicated_tarsia,,1,"Students will explain acceleration as the rate at which velocity changes and identify acceleration from motion descriptions, data, and graphs.","I can identify positive, negative, or zero acceleration from a motion situation and interpret simple motion graphs and connect them to velocity or acceleration.",graph/data interpretation; quantitative reasoning; model translation,short match,short-answer,instructional,35,,,,Unit 2 Assessment Plan | Conceptual Physics Framework section archetypes/source packet,
U2-S3-TAR-Q07,AP/SCI,Conceptual Physics,2,2.3,Tarsia,tarsia,Q07,current-section,U2-MG03,,,,U2-S3-TAR-F02,dedicated_tarsia,,1,"Students will explain acceleration as the rate at which velocity changes and identify acceleration from motion descriptions, data, and graphs.",I can calculate acceleration from change in velocity and time.,graph/data interpretation; quantitative reasoning; model translation,short match,short-answer,instructional,35,,,,Unit 2 Assessment Plan | Conceptual Physics Framework section archetypes/source packet,
U2-S3-TAR-Q08,AP/SCI,Conceptual Physics,2,2.3,Tarsia,tarsia,Q08,current-section,U2-MG03,,,,U2-S3-TAR-F02,dedicated_tarsia,,1,"Students will explain acceleration as the rate at which velocity changes and identify acceleration from motion descriptions, data, and graphs.","I can explain that acceleration can involve speeding up, slowing down, or changing direction.",graph/data interpretation; quantitative reasoning; model translation,short match,short-answer,instructional,35,,,,Unit 2 Assessment Plan | Conceptual Physics Framework section archetypes/source packet,
U2-S3-TAR-Q09,AP/SCI,Conceptual Physics,2,2.3,Tarsia,tarsia,Q09,current-section,U2-MG03,,,,U2-S3-TAR-F02,dedicated_tarsia,,1,"Students will explain acceleration as the rate at which velocity changes and identify acceleration from motion descriptions, data, and graphs.","I can identify positive, negative, or zero acceleration from a motion situation and interpret simple motion graphs and connect them to velocity or acceleration.",graph/data interpretation; quantitative reasoning; model translation,short match,short-answer,instructional,35,,,,Unit 2 Assessment Plan | Conceptual Physics Framework section archetypes/source packet,
U2-S3-TAR-Q10,AP/SCI,Conceptual Physics,2,2.3,Tarsia,tarsia,Q10,current-section,U2-MG03,,,,U2-S3-TAR-F02,dedicated_tarsia,,1,"Students will explain acceleration as the rate at which velocity changes and identify acceleration from motion descriptions, data, and graphs.",I can calculate acceleration from change in velocity and time.,graph/data interpretation; quantitative reasoning; model translation,short match,short-answer,instructional,35,,,,Unit 2 Assessment Plan | Conceptual Physics Framework section archetypes/source packet,
U2-S3-TAR-Q11,AP/SCI,Conceptual Physics,2,2.3,Tarsia,tarsia,Q11,current-section,U2-MG03,,,,U2-S3-TAR-F03,dedicated_tarsia,,1,"Students will explain acceleration as the rate at which velocity changes and identify acceleration from motion descriptions, data, and graphs.","I can explain that acceleration can involve speeding up, slowing down, or changing direction.",graph/data interpretation; quantitative reasoning; model translation,short match,short-answer,instructional,35,,,,Unit 2 Assessment Plan | Conceptual Physics Framework section archetypes/source packet,
U2-S3-TAR-Q12,AP/SCI,Conceptual Physics,2,2.3,Tarsia,tarsia,Q12,current-section,U2-MG03,,,,U2-S3-TAR-F03,dedicated_tarsia,,1,"Students will explain acceleration as the rate at which velocity changes and identify acceleration from motion descriptions, data, and graphs.","I can identify positive, negative, or zero acceleration from a motion situation and interpret simple motion graphs and connect them to velocity or acceleration.",graph/data interpretation; quantitative reasoning; model translation,short match,short-answer,instructional,35,,,,Unit 2 Assessment Plan | Conceptual Physics Framework section archetypes/source packet,
U2-S3-TAR-Q13,AP/SCI,Conceptual Physics,2,2.3,Tarsia,tarsia,Q13,current-section,U2-MG03,,,,U2-S3-TAR-F03,dedicated_tarsia,,2,"Students will explain acceleration as the rate at which velocity changes and identify acceleration from motion descriptions, data, and graphs.",I can calculate acceleration from change in velocity and time.,graph/data interpretation; quantitative reasoning; model translation,short match,short-answer,instructional,35,,,,Unit 2 Assessment Plan | Conceptual Physics Framework section archetypes/source packet,
U2-S3-TAR-Q14,AP/SCI,Conceptual Physics,2,2.3,Tarsia,tarsia,Q14,current-section,U2-MG03,,,,U2-S3-TAR-F03,dedicated_tarsia,,2,"Students will explain acceleration as the rate at which velocity changes and identify acceleration from motion descriptions, data, and graphs.","I can explain that acceleration can involve speeding up, slowing down, or changing direction.",graph/data interpretation; quantitative reasoning; model translation,short match,short-answer,instructional,35,,,,Unit 2 Assessment Plan | Conceptual Physics Framework section archetypes/source packet,
U2-S3-TAR-Q15,AP/SCI,Conceptual Physics,2,2.3,Tarsia,tarsia,Q15,current-section,U2-MG03,,,,U2-S3-TAR-F03,dedicated_tarsia,,2,"Students will explain acceleration as the rate at which velocity changes and identify acceleration from motion descriptions, data, and graphs.","I can identify positive, negative, or zero acceleration from a motion situation and interpret simple motion graphs and connect them to velocity or acceleration.",graph/data interpretation; quantitative reasoning; model translation,short match,short-answer,instructional,35,,,,Unit 2 Assessment Plan | Conceptual Physics Framework section archetypes/source packet,
U2-S3-TAR-Q16,AP/SCI,Conceptual Physics,2,2.3,Tarsia,tarsia,Q16,current-section,U2-MG03,,,,U2-S3-TAR-F04,dedicated_tarsia,,2,"Students will explain acceleration as the rate at which velocity changes and identify acceleration from motion descriptions, data, and graphs.",I can calculate acceleration from change in velocity and time.,graph/data interpretation; quantitative reasoning; model translation,short match,short-answer,instructional,35,,,,Unit 2 Assessment Plan | Conceptual Physics Framework section archetypes/source packet,
U2-S3-TAR-Q17,AP/SCI,Conceptual Physics,2,2.3,Tarsia,tarsia,Q17,current-section,U2-MG03,,,,U2-S3-TAR-F04,dedicated_tarsia,,2,"Students will explain acceleration as the rate at which velocity changes and identify acceleration from motion descriptions, data, and graphs.","I can explain that acceleration can involve speeding up, slowing down, or changing direction.",graph/data interpretation; quantitative reasoning; model translation,short match,short-answer,instructional,35,,,,Unit 2 Assessment Plan | Conceptual Physics Framework section archetypes/source packet,
U2-S3-TAR-Q18,AP/SCI,Conceptual Physics,2,2.3,Tarsia,tarsia,Q18,current-section,U2-MG03,,,,U2-S3-TAR-F04,dedicated_tarsia,,2,"Students will explain acceleration as the rate at which velocity changes and identify acceleration from motion descriptions, data, and graphs.","I can identify positive, negative, or zero acceleration from a motion situation and interpret simple motion graphs and connect them to velocity or acceleration.",graph/data interpretation; quantitative reasoning; model translation,short match,short-answer,instructional,35,,,,Unit 2 Assessment Plan | Conceptual Physics Framework section archetypes/source packet,
U2-S4-TAR-Q01,AP/SCI,Conceptual Physics,2,2.4,Tarsia,tarsia,Q01,current-section,U2-MG03,,,,U2-S4-TAR-F01,dedicated_tarsia,,1,Students will describe free fall as motion under the influence of gravity alone and use simple free-fall relationships to determine speed or distance fallen.,I can explain why objects in free fall accelerate at the same rate when air resistance is ignored.,mathematical reasoning; model evaluation; explanation of phenomena,short match,short-answer,instructional,35,,,,Unit 2 Assessment Plan | Conceptual Physics Framework section archetypes/source packet,
U2-S4-TAR-Q02,AP/SCI,Conceptual Physics,2,2.4,Tarsia,tarsia,Q02,current-section,U2-MG03,,,,U2-S4-TAR-F01,dedicated_tarsia,,1,Students will describe free fall as motion under the influence of gravity alone and use simple free-fall relationships to determine speed or distance fallen.,I can use $g \approx 10\text{ m/s}^2$ to determine speed gained during free fall.,mathematical reasoning; model evaluation; explanation of phenomena,short match,short-answer,instructional,35,,,,Unit 2 Assessment Plan | Conceptual Physics Framework section archetypes/source packet,
U2-S4-TAR-Q03,AP/SCI,Conceptual Physics,2,2.4,Tarsia,tarsia,Q03,current-section,U2-MG03,,,,U2-S4-TAR-F01,dedicated_tarsia,,1,Students will describe free fall as motion under the influence of gravity alone and use simple free-fall relationships to determine speed or distance fallen.,I can use free-fall patterns to compare distance fallen during different time intervals and distinguish free fall from falling with significant air resistance.,mathematical reasoning; model evaluation; explanation of phenomena,short match,short-answer,instructional,35,,,,Unit 2 Assessment Plan | Conceptual Physics Framework section archetypes/source packet,
U2-S4-TAR-Q04,AP/SCI,Conceptual Physics,2,2.4,Tarsia,tarsia,Q04,current-section,U2-MG03,,,,U2-S4-TAR-F01,dedicated_tarsia,,1,Students will describe free fall as motion under the influence of gravity alone and use simple free-fall relationships to determine speed or distance fallen.,I can explain why objects in free fall accelerate at the same rate when air resistance is ignored.,mathematical reasoning; model evaluation; explanation of phenomena,short match,short-answer,instructional,35,,,,Unit 2 Assessment Plan | Conceptual Physics Framework section archetypes/source packet,
U2-S4-TAR-Q05,AP/SCI,Conceptual Physics,2,2.4,Tarsia,tarsia,Q05,current-section,U2-MG03,,,,U2-S4-TAR-F01,dedicated_tarsia,,1,Students will describe free fall as motion under the influence of gravity alone and use simple free-fall relationships to determine speed or distance fallen.,I can use $g \approx 10\text{ m/s}^2$ to determine speed gained during free fall.,mathematical reasoning; model evaluation; explanation of phenomena,short match,short-answer,instructional,35,,,,Unit 2 Assessment Plan | Conceptual Physics Framework section archetypes/source packet,
U2-S4-TAR-Q06,AP/SCI,Conceptual Physics,2,2.4,Tarsia,tarsia,Q06,current-section,U2-MG03,,,,U2-S4-TAR-F02,dedicated_tarsia,,1,Students will describe free fall as motion under the influence of gravity alone and use simple free-fall relationships to determine speed or distance fallen.,I can use free-fall patterns to compare distance fallen during different time intervals and distinguish free fall from falling with significant air resistance.,mathematical reasoning; model evaluation; explanation of phenomena,short match,short-answer,instructional,35,,,,Unit 2 Assessment Plan | Conceptual Physics Framework section archetypes/source packet,
U2-S4-TAR-Q07,AP/SCI,Conceptual Physics,2,2.4,Tarsia,tarsia,Q07,current-section,U2-MG03,,,,U2-S4-TAR-F02,dedicated_tarsia,,1,Students will describe free fall as motion under the influence of gravity alone and use simple free-fall relationships to determine speed or distance fallen.,I can explain why objects in free fall accelerate at the same rate when air resistance is ignored.,mathematical reasoning; model evaluation; explanation of phenomena,short match,short-answer,instructional,35,,,,Unit 2 Assessment Plan | Conceptual Physics Framework section archetypes/source packet,
U2-S4-TAR-Q08,AP/SCI,Conceptual Physics,2,2.4,Tarsia,tarsia,Q08,current-section,U2-MG03,,,,U2-S4-TAR-F02,dedicated_tarsia,,1,Students will describe free fall as motion under the influence of gravity alone and use simple free-fall relationships to determine speed or distance fallen.,I can use $g \approx 10\text{ m/s}^2$ to determine speed gained during free fall.,mathematical reasoning; model evaluation; explanation of phenomena,short match,short-answer,instructional,35,,,,Unit 2 Assessment Plan | Conceptual Physics Framework section archetypes/source packet,
U2-S4-TAR-Q09,AP/SCI,Conceptual Physics,2,2.4,Tarsia,tarsia,Q09,current-section,U2-MG03,,,,U2-S4-TAR-F02,dedicated_tarsia,,1,Students will describe free fall as motion under the influence of gravity alone and use simple free-fall relationships to determine speed or distance fallen.,I can use free-fall patterns to compare distance fallen during different time intervals and distinguish free fall from falling with significant air resistance.,mathematical reasoning; model evaluation; explanation of phenomena,short match,short-answer,instructional,35,,,,Unit 2 Assessment Plan | Conceptual Physics Framework section archetypes/source packet,
U2-S4-TAR-Q10,AP/SCI,Conceptual Physics,2,2.4,Tarsia,tarsia,Q10,current-section,U2-MG03,,,,U2-S4-TAR-F02,dedicated_tarsia,,1,Students will describe free fall as motion under the influence of gravity alone and use simple free-fall relationships to determine speed or distance fallen.,I can explain why objects in free fall accelerate at the same rate when air resistance is ignored.,mathematical reasoning; model evaluation; explanation of phenomena,short match,short-answer,instructional,35,,,,Unit 2 Assessment Plan | Conceptual Physics Framework section archetypes/source packet,
U2-S4-TAR-Q11,AP/SCI,Conceptual Physics,2,2.4,Tarsia,tarsia,Q11,current-section,U2-MG03,,,,U2-S4-TAR-F03,dedicated_tarsia,,1,Students will describe free fall as motion under the influence of gravity alone and use simple free-fall relationships to determine speed or distance fallen.,I can use $g \approx 10\text{ m/s}^2$ to determine speed gained during free fall.,mathematical reasoning; model evaluation; explanation of phenomena,short match,short-answer,instructional,35,,,,Unit 2 Assessment Plan | Conceptual Physics Framework section archetypes/source packet,
U2-S4-TAR-Q12,AP/SCI,Conceptual Physics,2,2.4,Tarsia,tarsia,Q12,current-section,U2-MG03,,,,U2-S4-TAR-F03,dedicated_tarsia,,1,Students will describe free fall as motion under the influence of gravity alone and use simple free-fall relationships to determine speed or distance fallen.,I can use free-fall patterns to compare distance fallen during different time intervals and distinguish free fall from falling with significant air resistance.,mathematical reasoning; model evaluation; explanation of phenomena,short match,short-answer,instructional,35,,,,Unit 2 Assessment Plan | Conceptual Physics Framework section archetypes/source packet,
U2-S4-TAR-Q13,AP/SCI,Conceptual Physics,2,2.4,Tarsia,tarsia,Q13,current-section,U2-MG03,,,,U2-S4-TAR-F03,dedicated_tarsia,,2,Students will describe free fall as motion under the influence of gravity alone and use simple free-fall relationships to determine speed or distance fallen.,I can explain why objects in free fall accelerate at the same rate when air resistance is ignored.,mathematical reasoning; model evaluation; explanation of phenomena,short match,short-answer,instructional,35,,,,Unit 2 Assessment Plan | Conceptual Physics Framework section archetypes/source packet,
U2-S4-TAR-Q14,AP/SCI,Conceptual Physics,2,2.4,Tarsia,tarsia,Q14,current-section,U2-MG03,,,,U2-S4-TAR-F03,dedicated_tarsia,,2,Students will describe free fall as motion under the influence of gravity alone and use simple free-fall relationships to determine speed or distance fallen.,I can use $g \approx 10\text{ m/s}^2$ to determine speed gained during free fall.,mathematical reasoning; model evaluation; explanation of phenomena,short match,short-answer,instructional,35,,,,Unit 2 Assessment Plan | Conceptual Physics Framework section archetypes/source packet,
U2-S4-TAR-Q15,AP/SCI,Conceptual Physics,2,2.4,Tarsia,tarsia,Q15,current-section,U2-MG03,,,,U2-S4-TAR-F03,dedicated_tarsia,,2,Students will describe free fall as motion under the influence of gravity alone and use simple free-fall relationships to determine speed or distance fallen.,I can use free-fall patterns to compare distance fallen during different time intervals and distinguish free fall from falling with significant air resistance.,mathematical reasoning; model evaluation; explanation of phenomena,short match,short-answer,instructional,35,,,,Unit 2 Assessment Plan | Conceptual Physics Framework section archetypes/source packet,
U2-S4-TAR-Q16,AP/SCI,Conceptual Physics,2,2.4,Tarsia,tarsia,Q16,current-section,U2-MG03,,,,U2-S4-TAR-F04,dedicated_tarsia,,2,Students will describe free fall as motion under the influence of gravity alone and use simple free-fall relationships to determine speed or distance fallen.,I can explain why objects in free fall accelerate at the same rate when air resistance is ignored.,mathematical reasoning; model evaluation; explanation of phenomena,short match,short-answer,instructional,35,,,,Unit 2 Assessment Plan | Conceptual Physics Framework section archetypes/source packet,
U2-S4-TAR-Q17,AP/SCI,Conceptual Physics,2,2.4,Tarsia,tarsia,Q17,current-section,U2-MG03,,,,U2-S4-TAR-F04,dedicated_tarsia,,2,Students will describe free fall as motion under the influence of gravity alone and use simple free-fall relationships to determine speed or distance fallen.,I can use $g \approx 10\text{ m/s}^2$ to determine speed gained during free fall.,mathematical reasoning; model evaluation; explanation of phenomena,short match,short-answer,instructional,35,,,,Unit 2 Assessment Plan | Conceptual Physics Framework section archetypes/source packet,
U2-S4-TAR-Q18,AP/SCI,Conceptual Physics,2,2.4,Tarsia,tarsia,Q18,current-section,U2-MG03,,,,U2-S4-TAR-F04,dedicated_tarsia,,2,Students will describe free fall as motion under the influence of gravity alone and use simple free-fall relationships to determine speed or distance fallen.,I can use free-fall patterns to compare distance fallen during different time intervals and distinguish free fall from falling with significant air resistance.,mathematical reasoning; model evaluation; explanation of phenomena,short match,short-answer,instructional,35,,,,Unit 2 Assessment Plan | Conceptual Physics Framework section archetypes/source packet,
U2-S5-TAR-Q01,AP/SCI,Conceptual Physics,2,2.5,Tarsia,tarsia,Q01,current-section,U2-MG04,,,,U2-S5-TAR-F01,dedicated_tarsia,,1,"Students will use velocity vectors, motion diagrams, and simple graphs to model and explain the motion of objects.",I can represent velocity with arrows that show both speed and direction.,develop/evaluate models; representation translation; argument from evidence,short match,short-answer,instructional,35,,,,Unit 2 Assessment Plan | Conceptual Physics Framework section archetypes/source packet,
U2-S5-TAR-Q02,AP/SCI,Conceptual Physics,2,2.5,Tarsia,tarsia,Q02,current-section,U2-MG04,,,,U2-S5-TAR-F01,dedicated_tarsia,,1,"Students will use velocity vectors, motion diagrams, and simple graphs to model and explain the motion of objects.",I can compare velocity vectors to determine whether an object’s velocity is changing.,develop/evaluate models; representation translation; argument from evidence,short match,short-answer,instructional,35,,,,Unit 2 Assessment Plan | Conceptual Physics Framework section archetypes/source packet,
U2-S5-TAR-Q03,AP/SCI,Conceptual Physics,2,2.5,Tarsia,tarsia,Q03,current-section,U2-MG04,,,,U2-S5-TAR-F01,dedicated_tarsia,,1,"Students will use velocity vectors, motion diagrams, and simple graphs to model and explain the motion of objects.","I can connect motion diagrams, data tables, and graphs to written descriptions of motion and critique an incorrect motion model and revise it using evidence.",develop/evaluate models; representation translation; argument from evidence,short match,short-answer,instructional,35,,,,Unit 2 Assessment Plan | Conceptual Physics Framework section archetypes/source packet,
U2-S5-TAR-Q04,AP/SCI,Conceptual Physics,2,2.5,Tarsia,tarsia,Q04,current-section,U2-MG04,,,,U2-S5-TAR-F01,dedicated_tarsia,,1,"Students will use velocity vectors, motion diagrams, and simple graphs to model and explain the motion of objects.",I can represent velocity with arrows that show both speed and direction.,develop/evaluate models; representation translation; argument from evidence,short match,short-answer,instructional,35,,,,Unit 2 Assessment Plan | Conceptual Physics Framework section archetypes/source packet,
U2-S5-TAR-Q05,AP/SCI,Conceptual Physics,2,2.5,Tarsia,tarsia,Q05,current-section,U2-MG04,,,,U2-S5-TAR-F01,dedicated_tarsia,,1,"Students will use velocity vectors, motion diagrams, and simple graphs to model and explain the motion of objects.",I can compare velocity vectors to determine whether an object’s velocity is changing.,develop/evaluate models; representation translation; argument from evidence,short match,short-answer,instructional,35,,,,Unit 2 Assessment Plan | Conceptual Physics Framework section archetypes/source packet,
U2-S5-TAR-Q06,AP/SCI,Conceptual Physics,2,2.5,Tarsia,tarsia,Q06,current-section,U2-MG04,,,,U2-S5-TAR-F02,dedicated_tarsia,,1,"Students will use velocity vectors, motion diagrams, and simple graphs to model and explain the motion of objects.","I can connect motion diagrams, data tables, and graphs to written descriptions of motion and critique an incorrect motion model and revise it using evidence.",develop/evaluate models; representation translation; argument from evidence,short match,short-answer,instructional,35,,,,Unit 2 Assessment Plan | Conceptual Physics Framework section archetypes/source packet,
U2-S5-TAR-Q07,AP/SCI,Conceptual Physics,2,2.5,Tarsia,tarsia,Q07,current-section,U2-MG04,,,,U2-S5-TAR-F02,dedicated_tarsia,,1,"Students will use velocity vectors, motion diagrams, and simple graphs to model and explain the motion of objects.",I can represent velocity with arrows that show both speed and direction.,develop/evaluate models; representation translation; argument from evidence,short match,short-answer,instructional,35,,,,Unit 2 Assessment Plan | Conceptual Physics Framework section archetypes/source packet,
U2-S5-TAR-Q08,AP/SCI,Conceptual Physics,2,2.5,Tarsia,tarsia,Q08,current-section,U2-MG04,,,,U2-S5-TAR-F02,dedicated_tarsia,,1,"Students will use velocity vectors, motion diagrams, and simple graphs to model and explain the motion of objects.",I can compare velocity vectors to determine whether an object’s velocity is changing.,develop/evaluate models; representation translation; argument from evidence,short match,short-answer,instructional,35,,,,Unit 2 Assessment Plan | Conceptual Physics Framework section archetypes/source packet,
U2-S5-TAR-Q09,AP/SCI,Conceptual Physics,2,2.5,Tarsia,tarsia,Q09,current-section,U2-MG04,,,,U2-S5-TAR-F02,dedicated_tarsia,,1,"Students will use velocity vectors, motion diagrams, and simple graphs to model and explain the motion of objects.","I can connect motion diagrams, data tables, and graphs to written descriptions of motion and critique an incorrect motion model and revise it using evidence.",develop/evaluate models; representation translation; argument from evidence,short match,short-answer,instructional,35,,,,Unit 2 Assessment Plan | Conceptual Physics Framework section archetypes/source packet,
U2-S5-TAR-Q10,AP/SCI,Conceptual Physics,2,2.5,Tarsia,tarsia,Q10,current-section,U2-MG04,,,,U2-S5-TAR-F02,dedicated_tarsia,,1,"Students will use velocity vectors, motion diagrams, and simple graphs to model and explain the motion of objects.",I can represent velocity with arrows that show both speed and direction.,develop/evaluate models; representation translation; argument from evidence,short match,short-answer,instructional,35,,,,Unit 2 Assessment Plan | Conceptual Physics Framework section archetypes/source packet,
U2-S5-TAR-Q11,AP/SCI,Conceptual Physics,2,2.5,Tarsia,tarsia,Q11,current-section,U2-MG04,,,,U2-S5-TAR-F03,dedicated_tarsia,,1,"Students will use velocity vectors, motion diagrams, and simple graphs to model and explain the motion of objects.",I can compare velocity vectors to determine whether an object’s velocity is changing.,develop/evaluate models; representation translation; argument from evidence,short match,short-answer,instructional,35,,,,Unit 2 Assessment Plan | Conceptual Physics Framework section archetypes/source packet,
U2-S5-TAR-Q12,AP/SCI,Conceptual Physics,2,2.5,Tarsia,tarsia,Q12,current-section,U2-MG04,,,,U2-S5-TAR-F03,dedicated_tarsia,,1,"Students will use velocity vectors, motion diagrams, and simple graphs to model and explain the motion of objects.","I can connect motion diagrams, data tables, and graphs to written descriptions of motion and critique an incorrect motion model and revise it using evidence.",develop/evaluate models; representation translation; argument from evidence,short match,short-answer,instructional,35,,,,Unit 2 Assessment Plan | Conceptual Physics Framework section archetypes/source packet,
U2-S5-TAR-Q13,AP/SCI,Conceptual Physics,2,2.5,Tarsia,tarsia,Q13,current-section,U2-MG04,,,,U2-S5-TAR-F03,dedicated_tarsia,,2,"Students will use velocity vectors, motion diagrams, and simple graphs to model and explain the motion of objects.",I can represent velocity with arrows that show both speed and direction.,develop/evaluate models; representation translation; argument from evidence,short match,short-answer,instructional,35,,,,Unit 2 Assessment Plan | Conceptual Physics Framework section archetypes/source packet,
U2-S5-TAR-Q14,AP/SCI,Conceptual Physics,2,2.5,Tarsia,tarsia,Q14,current-section,U2-MG04,,,,U2-S5-TAR-F03,dedicated_tarsia,,2,"Students will use velocity vectors, motion diagrams, and simple graphs to model and explain the motion of objects.",I can compare velocity vectors to determine whether an object’s velocity is changing.,develop/evaluate models; representation translation; argument from evidence,short match,short-answer,instructional,35,,,,Unit 2 Assessment Plan | Conceptual Physics Framework section archetypes/source packet,
U2-S5-TAR-Q15,AP/SCI,Conceptual Physics,2,2.5,Tarsia,tarsia,Q15,current-section,U2-MG04,,,,U2-S5-TAR-F03,dedicated_tarsia,,2,"Students will use velocity vectors, motion diagrams, and simple graphs to model and explain the motion of objects.","I can connect motion diagrams, data tables, and graphs to written descriptions of motion and critique an incorrect motion model and revise it using evidence.",develop/evaluate models; representation translation; argument from evidence,short match,short-answer,instructional,35,,,,Unit 2 Assessment Plan | Conceptual Physics Framework section archetypes/source packet,
U2-S5-TAR-Q16,AP/SCI,Conceptual Physics,2,2.5,Tarsia,tarsia,Q16,current-section,U2-MG04,,,,U2-S5-TAR-F04,dedicated_tarsia,,2,"Students will use velocity vectors, motion diagrams, and simple graphs to model and explain the motion of objects.",I can represent velocity with arrows that show both speed and direction.,develop/evaluate models; representation translation; argument from evidence,short match,short-answer,instructional,35,,,,Unit 2 Assessment Plan | Conceptual Physics Framework section archetypes/source packet,
U2-S5-TAR-Q17,AP/SCI,Conceptual Physics,2,2.5,Tarsia,tarsia,Q17,current-section,U2-MG04,,,,U2-S5-TAR-F04,dedicated_tarsia,,2,"Students will use velocity vectors, motion diagrams, and simple graphs to model and explain the motion of objects.",I can compare velocity vectors to determine whether an object’s velocity is changing.,develop/evaluate models; representation translation; argument from evidence,short match,short-answer,instructional,35,,,,Unit 2 Assessment Plan | Conceptual Physics Framework section archetypes/source packet,
U2-S5-TAR-Q18,AP/SCI,Conceptual Physics,2,2.5,Tarsia,tarsia,Q18,current-section,U2-MG04,,,,U2-S5-TAR-F04,dedicated_tarsia,,2,"Students will use velocity vectors, motion diagrams, and simple graphs to model and explain the motion of objects.","I can connect motion diagrams, data tables, and graphs to written descriptions of motion and critique an incorrect motion model and revise it using evidence.",develop/evaluate models; representation translation; argument from evidence,short match,short-answer,instructional,35,,,,Unit 2 Assessment Plan | Conceptual Physics Framework section archetypes/source packet,
U2-S1-BLO-Q01,AP/SCI,Conceptual Physics,2,2.1,Blooket,blooket,Q01,current-section,U2-MG01,,,,U2-S1-BLO-F01,dedicated_game,,1,Students will explain that motion is relative and describe an object’s motion using an appropriate frame of reference.,I can explain why an object can be moving relative to one reference frame but not another.,modeling; perspective/representation reasoning; explanation,selected response,multiple-choice,instructional,45,,,,Unit 2 Assessment Plan | Conceptual Physics Framework section archetypes/source packet,
U2-S1-BLO-Q02,AP/SCI,Conceptual Physics,2,2.1,Blooket,blooket,Q02,current-section,U2-MG01,,,,U2-S1-BLO-F02,dedicated_game,,1,Students will explain that motion is relative and describe an object’s motion using an appropriate frame of reference.,I can identify the reference frame used in a motion description.,modeling; perspective/representation reasoning; explanation,selected response,multiple-choice,instructional,45,,,,Unit 2 Assessment Plan | Conceptual Physics Framework section archetypes/source packet,
U2-S1-BLO-Q03,AP/SCI,Conceptual Physics,2,2.1,Blooket,blooket,Q03,current-section,U2-MG01,,,,U2-S1-BLO-F03,dedicated_game,,1,Students will explain that motion is relative and describe an object’s motion using an appropriate frame of reference.,I can compare motion from two different points of view and explain why everyday motion is usually described relative to Earth’s surface.,modeling; perspective/representation reasoning; explanation,selected response,multiple-choice,instructional,45,,,,Unit 2 Assessment Plan | Conceptual Physics Framework section archetypes/source packet,
U2-S1-BLO-Q04,AP/SCI,Conceptual Physics,2,2.1,Blooket,blooket,Q04,current-section,U2-MG01,,,,U2-S1-BLO-F04,dedicated_game,,2,Students will explain that motion is relative and describe an object’s motion using an appropriate frame of reference.,I can explain why an object can be moving relative to one reference frame but not another.,modeling; perspective/representation reasoning; explanation,selected response,multiple-choice,instructional,45,,,,Unit 2 Assessment Plan | Conceptual Physics Framework section archetypes/source packet,
U2-S1-BLO-Q05,AP/SCI,Conceptual Physics,2,2.1,Blooket,blooket,Q05,current-section,U2-MG01,,,,U2-S1-BLO-F05,dedicated_game,,1,Students will explain that motion is relative and describe an object’s motion using an appropriate frame of reference.,I can identify the reference frame used in a motion description.,modeling; perspective/representation reasoning; explanation,selected response,multiple-choice,instructional,45,,,,Unit 2 Assessment Plan | Conceptual Physics Framework section archetypes/source packet,
U2-S1-BLO-Q06,AP/SCI,Conceptual Physics,2,2.1,Blooket,blooket,Q06,current-section,U2-MG01,,,,U2-S1-BLO-F01,dedicated_game,,1,Students will explain that motion is relative and describe an object’s motion using an appropriate frame of reference.,I can compare motion from two different points of view and explain why everyday motion is usually described relative to Earth’s surface.,modeling; perspective/representation reasoning; explanation,selected response,multiple-choice,instructional,45,,,,Unit 2 Assessment Plan | Conceptual Physics Framework section archetypes/source packet,
U2-S1-BLO-Q07,AP/SCI,Conceptual Physics,2,2.1,Blooket,blooket,Q07,current-section,U2-MG01,,,,U2-S1-BLO-F02,dedicated_game,,1,Students will explain that motion is relative and describe an object’s motion using an appropriate frame of reference.,I can explain why an object can be moving relative to one reference frame but not another.,modeling; perspective/representation reasoning; explanation,selected response,multiple-choice,instructional,45,,,,Unit 2 Assessment Plan | Conceptual Physics Framework section archetypes/source packet,
U2-S1-BLO-Q08,AP/SCI,Conceptual Physics,2,2.1,Blooket,blooket,Q08,current-section,U2-MG01,,,,U2-S1-BLO-F03,dedicated_game,,2,Students will explain that motion is relative and describe an object’s motion using an appropriate frame of reference.,I can identify the reference frame used in a motion description.,modeling; perspective/representation reasoning; explanation,selected response,multiple-choice,instructional,45,,,,Unit 2 Assessment Plan | Conceptual Physics Framework section archetypes/source packet,
U2-S1-BLO-Q09,AP/SCI,Conceptual Physics,2,2.1,Blooket,blooket,Q09,current-section,U2-MG01,,,,U2-S1-BLO-F04,dedicated_game,,1,Students will explain that motion is relative and describe an object’s motion using an appropriate frame of reference.,I can compare motion from two different points of view and explain why everyday motion is usually described relative to Earth’s surface.,modeling; perspective/representation reasoning; explanation,selected response,multiple-choice,instructional,45,,,,Unit 2 Assessment Plan | Conceptual Physics Framework section archetypes/source packet,
U2-S1-BLO-Q10,AP/SCI,Conceptual Physics,2,2.1,Blooket,blooket,Q10,current-section,U2-MG01,,,,U2-S1-BLO-F05,dedicated_game,,1,Students will explain that motion is relative and describe an object’s motion using an appropriate frame of reference.,I can explain why an object can be moving relative to one reference frame but not another.,modeling; perspective/representation reasoning; explanation,selected response,multiple-choice,instructional,45,,,,Unit 2 Assessment Plan | Conceptual Physics Framework section archetypes/source packet,
U2-S1-BLO-Q11,AP/SCI,Conceptual Physics,2,2.1,Blooket,blooket,Q11,current-section,U2-MG01,,,,U2-S1-BLO-F01,dedicated_game,,1,Students will explain that motion is relative and describe an object’s motion using an appropriate frame of reference.,I can identify the reference frame used in a motion description.,modeling; perspective/representation reasoning; explanation,selected response,multiple-choice,instructional,45,,,,Unit 2 Assessment Plan | Conceptual Physics Framework section archetypes/source packet,
U2-S1-BLO-Q12,AP/SCI,Conceptual Physics,2,2.1,Blooket,blooket,Q12,current-section,U2-MG01,,,,U2-S1-BLO-F02,dedicated_game,,2,Students will explain that motion is relative and describe an object’s motion using an appropriate frame of reference.,I can compare motion from two different points of view and explain why everyday motion is usually described relative to Earth’s surface.,modeling; perspective/representation reasoning; explanation,selected response,multiple-choice,instructional,45,,,,Unit 2 Assessment Plan | Conceptual Physics Framework section archetypes/source packet,
U2-S1-BLO-Q13,AP/SCI,Conceptual Physics,2,2.1,Blooket,blooket,Q13,current-section,U2-MG01,,,,U2-S1-BLO-F03,dedicated_game,,1,Students will explain that motion is relative and describe an object’s motion using an appropriate frame of reference.,I can explain why an object can be moving relative to one reference frame but not another.,modeling; perspective/representation reasoning; explanation,selected response,multiple-choice,instructional,45,,,,Unit 2 Assessment Plan | Conceptual Physics Framework section archetypes/source packet,
U2-S1-BLO-Q14,AP/SCI,Conceptual Physics,2,2.1,Blooket,blooket,Q14,current-section,U2-MG01,,,,U2-S1-BLO-F04,dedicated_game,,1,Students will explain that motion is relative and describe an object’s motion using an appropriate frame of reference.,I can identify the reference frame used in a motion description.,modeling; perspective/representation reasoning; explanation,selected response,multiple-choice,instructional,45,,,,Unit 2 Assessment Plan | Conceptual Physics Framework section archetypes/source packet,
U2-S1-BLO-Q15,AP/SCI,Conceptual Physics,2,2.1,Blooket,blooket,Q15,current-section,U2-MG01,,,,U2-S1-BLO-F05,dedicated_game,,1,Students will explain that motion is relative and describe an object’s motion using an appropriate frame of reference.,I can compare motion from two different points of view and explain why everyday motion is usually described relative to Earth’s surface.,modeling; perspective/representation reasoning; explanation,selected response,multiple-choice,instructional,45,,,,Unit 2 Assessment Plan | Conceptual Physics Framework section archetypes/source packet,
U2-S1-BLO-Q16,AP/SCI,Conceptual Physics,2,2.1,Blooket,blooket,Q16,current-section,U2-MG01,,,,U2-S1-BLO-F01,dedicated_game,,2,Students will explain that motion is relative and describe an object’s motion using an appropriate frame of reference.,I can explain why an object can be moving relative to one reference frame but not another.,modeling; perspective/representation reasoning; explanation,selected response,multiple-choice,instructional,45,,,,Unit 2 Assessment Plan | Conceptual Physics Framework section archetypes/source packet,
U2-S1-BLO-Q17,AP/SCI,Conceptual Physics,2,2.1,Blooket,blooket,Q17,current-section,U2-MG01,,,,U2-S1-BLO-F02,dedicated_game,,1,Students will explain that motion is relative and describe an object’s motion using an appropriate frame of reference.,I can identify the reference frame used in a motion description.,modeling; perspective/representation reasoning; explanation,selected response,multiple-choice,instructional,45,,,,Unit 2 Assessment Plan | Conceptual Physics Framework section archetypes/source packet,
U2-S1-BLO-Q18,AP/SCI,Conceptual Physics,2,2.1,Blooket,blooket,Q18,current-section,U2-MG01,,,,U2-S1-BLO-F03,dedicated_game,,1,Students will explain that motion is relative and describe an object’s motion using an appropriate frame of reference.,I can compare motion from two different points of view and explain why everyday motion is usually described relative to Earth’s surface.,modeling; perspective/representation reasoning; explanation,selected response,multiple-choice,instructional,45,,,,Unit 2 Assessment Plan | Conceptual Physics Framework section archetypes/source packet,
U2-S1-BLO-Q19,AP/SCI,Conceptual Physics,2,2.1,Blooket,blooket,Q19,current-section,U2-MG01,,,,U2-S1-BLO-F04,dedicated_game,,1,Students will explain that motion is relative and describe an object’s motion using an appropriate frame of reference.,I can explain why an object can be moving relative to one reference frame but not another.,modeling; perspective/representation reasoning; explanation,selected response,multiple-choice,instructional,45,,,,Unit 2 Assessment Plan | Conceptual Physics Framework section archetypes/source packet,
U2-S1-BLO-Q20,AP/SCI,Conceptual Physics,2,2.1,Blooket,blooket,Q20,current-section,U2-MG01,,,,U2-S1-BLO-F05,dedicated_game,,2,Students will explain that motion is relative and describe an object’s motion using an appropriate frame of reference.,I can identify the reference frame used in a motion description.,modeling; perspective/representation reasoning; explanation,selected response,multiple-choice,instructional,45,,,,Unit 2 Assessment Plan | Conceptual Physics Framework section archetypes/source packet,
U2-S2-BLO-Q01,AP/SCI,Conceptual Physics,2,2.2,Blooket,blooket,Q01,current-section,U2-MG02,,,,U2-S2-BLO-F01,dedicated_game,,1,"Students will distinguish between speed and velocity and use distance, time, and direction to describe motion.",I can calculate average speed from distance and time.,quantitative reasoning; data interpretation; communication with units,selected response,multiple-choice,instructional,45,,,,Unit 2 Assessment Plan | Conceptual Physics Framework section archetypes/source packet,
U2-S2-BLO-Q02,AP/SCI,Conceptual Physics,2,2.2,Blooket,blooket,Q02,current-section,U2-MG02,,,,U2-S2-BLO-F02,dedicated_game,,1,"Students will distinguish between speed and velocity and use distance, time, and direction to describe motion.",I can distinguish instantaneous speed from average speed.,quantitative reasoning; data interpretation; communication with units,selected response,multiple-choice,instructional,45,,,,Unit 2 Assessment Plan | Conceptual Physics Framework section archetypes/source packet,
U2-S2-BLO-Q03,AP/SCI,Conceptual Physics,2,2.2,Blooket,blooket,Q03,current-section,U2-MG02,,,,U2-S2-BLO-F03,dedicated_game,,1,"Students will distinguish between speed and velocity and use distance, time, and direction to describe motion.","I can explain that velocity includes both speed and direction and compare examples of constant speed, constant velocity, and changing velocity.",quantitative reasoning; data interpretation; communication with units,selected response,multiple-choice,instructional,45,,,,Unit 2 Assessment Plan | Conceptual Physics Framework section archetypes/source packet,
U2-S2-BLO-Q04,AP/SCI,Conceptual Physics,2,2.2,Blooket,blooket,Q04,current-section,U2-MG02,,,,U2-S2-BLO-F04,dedicated_game,,2,"Students will distinguish between speed and velocity and use distance, time, and direction to describe motion.",I can calculate average speed from distance and time.,quantitative reasoning; data interpretation; communication with units,selected response,multiple-choice,instructional,45,,,,Unit 2 Assessment Plan | Conceptual Physics Framework section archetypes/source packet,
U2-S2-BLO-Q05,AP/SCI,Conceptual Physics,2,2.2,Blooket,blooket,Q05,current-section,U2-MG02,,,,U2-S2-BLO-F05,dedicated_game,,1,"Students will distinguish between speed and velocity and use distance, time, and direction to describe motion.",I can distinguish instantaneous speed from average speed.,quantitative reasoning; data interpretation; communication with units,selected response,multiple-choice,instructional,45,,,,Unit 2 Assessment Plan | Conceptual Physics Framework section archetypes/source packet,
U2-S2-BLO-Q06,AP/SCI,Conceptual Physics,2,2.2,Blooket,blooket,Q06,current-section,U2-MG02,,,,U2-S2-BLO-F01,dedicated_game,,1,"Students will distinguish between speed and velocity and use distance, time, and direction to describe motion.","I can explain that velocity includes both speed and direction and compare examples of constant speed, constant velocity, and changing velocity.",quantitative reasoning; data interpretation; communication with units,selected response,multiple-choice,instructional,45,,,,Unit 2 Assessment Plan | Conceptual Physics Framework section archetypes/source packet,
U2-S2-BLO-Q07,AP/SCI,Conceptual Physics,2,2.2,Blooket,blooket,Q07,current-section,U2-MG02,,,,U2-S2-BLO-F02,dedicated_game,,1,"Students will distinguish between speed and velocity and use distance, time, and direction to describe motion.",I can calculate average speed from distance and time.,quantitative reasoning; data interpretation; communication with units,selected response,multiple-choice,instructional,45,,,,Unit 2 Assessment Plan | Conceptual Physics Framework section archetypes/source packet,
U2-S2-BLO-Q08,AP/SCI,Conceptual Physics,2,2.2,Blooket,blooket,Q08,current-section,U2-MG02,,,,U2-S2-BLO-F03,dedicated_game,,2,"Students will distinguish between speed and velocity and use distance, time, and direction to describe motion.",I can distinguish instantaneous speed from average speed.,quantitative reasoning; data interpretation; communication with units,selected response,multiple-choice,instructional,45,,,,Unit 2 Assessment Plan | Conceptual Physics Framework section archetypes/source packet,
U2-S2-BLO-Q09,AP/SCI,Conceptual Physics,2,2.2,Blooket,blooket,Q09,current-section,U2-MG02,,,,U2-S2-BLO-F04,dedicated_game,,1,"Students will distinguish between speed and velocity and use distance, time, and direction to describe motion.","I can explain that velocity includes both speed and direction and compare examples of constant speed, constant velocity, and changing velocity.",quantitative reasoning; data interpretation; communication with units,selected response,multiple-choice,instructional,45,,,,Unit 2 Assessment Plan | Conceptual Physics Framework section archetypes/source packet,
U2-S2-BLO-Q10,AP/SCI,Conceptual Physics,2,2.2,Blooket,blooket,Q10,current-section,U2-MG02,,,,U2-S2-BLO-F05,dedicated_game,,1,"Students will distinguish between speed and velocity and use distance, time, and direction to describe motion.",I can calculate average speed from distance and time.,quantitative reasoning; data interpretation; communication with units,selected response,multiple-choice,instructional,45,,,,Unit 2 Assessment Plan | Conceptual Physics Framework section archetypes/source packet,
U2-S2-BLO-Q11,AP/SCI,Conceptual Physics,2,2.2,Blooket,blooket,Q11,current-section,U2-MG02,,,,U2-S2-BLO-F01,dedicated_game,,1,"Students will distinguish between speed and velocity and use distance, time, and direction to describe motion.",I can distinguish instantaneous speed from average speed.,quantitative reasoning; data interpretation; communication with units,selected response,multiple-choice,instructional,45,,,,Unit 2 Assessment Plan | Conceptual Physics Framework section archetypes/source packet,
U2-S2-BLO-Q12,AP/SCI,Conceptual Physics,2,2.2,Blooket,blooket,Q12,current-section,U2-MG02,,,,U2-S2-BLO-F02,dedicated_game,,2,"Students will distinguish between speed and velocity and use distance, time, and direction to describe motion.","I can explain that velocity includes both speed and direction and compare examples of constant speed, constant velocity, and changing velocity.",quantitative reasoning; data interpretation; communication with units,selected response,multiple-choice,instructional,45,,,,Unit 2 Assessment Plan | Conceptual Physics Framework section archetypes/source packet,
U2-S2-BLO-Q13,AP/SCI,Conceptual Physics,2,2.2,Blooket,blooket,Q13,current-section,U2-MG02,,,,U2-S2-BLO-F03,dedicated_game,,1,"Students will distinguish between speed and velocity and use distance, time, and direction to describe motion.",I can calculate average speed from distance and time.,quantitative reasoning; data interpretation; communication with units,selected response,multiple-choice,instructional,45,,,,Unit 2 Assessment Plan | Conceptual Physics Framework section archetypes/source packet,
U2-S2-BLO-Q14,AP/SCI,Conceptual Physics,2,2.2,Blooket,blooket,Q14,current-section,U2-MG02,,,,U2-S2-BLO-F04,dedicated_game,,1,"Students will distinguish between speed and velocity and use distance, time, and direction to describe motion.",I can distinguish instantaneous speed from average speed.,quantitative reasoning; data interpretation; communication with units,selected response,multiple-choice,instructional,45,,,,Unit 2 Assessment Plan | Conceptual Physics Framework section archetypes/source packet,
U2-S2-BLO-Q15,AP/SCI,Conceptual Physics,2,2.2,Blooket,blooket,Q15,current-section,U2-MG02,,,,U2-S2-BLO-F05,dedicated_game,,1,"Students will distinguish between speed and velocity and use distance, time, and direction to describe motion.","I can explain that velocity includes both speed and direction and compare examples of constant speed, constant velocity, and changing velocity.",quantitative reasoning; data interpretation; communication with units,selected response,multiple-choice,instructional,45,,,,Unit 2 Assessment Plan | Conceptual Physics Framework section archetypes/source packet,
U2-S2-BLO-Q16,AP/SCI,Conceptual Physics,2,2.2,Blooket,blooket,Q16,current-section,U2-MG02,,,,U2-S2-BLO-F01,dedicated_game,,2,"Students will distinguish between speed and velocity and use distance, time, and direction to describe motion.",I can calculate average speed from distance and time.,quantitative reasoning; data interpretation; communication with units,selected response,multiple-choice,instructional,45,,,,Unit 2 Assessment Plan | Conceptual Physics Framework section archetypes/source packet,
U2-S2-BLO-Q17,AP/SCI,Conceptual Physics,2,2.2,Blooket,blooket,Q17,current-section,U2-MG02,,,,U2-S2-BLO-F02,dedicated_game,,1,"Students will distinguish between speed and velocity and use distance, time, and direction to describe motion.",I can distinguish instantaneous speed from average speed.,quantitative reasoning; data interpretation; communication with units,selected response,multiple-choice,instructional,45,,,,Unit 2 Assessment Plan | Conceptual Physics Framework section archetypes/source packet,
U2-S2-BLO-Q18,AP/SCI,Conceptual Physics,2,2.2,Blooket,blooket,Q18,current-section,U2-MG02,,,,U2-S2-BLO-F03,dedicated_game,,1,"Students will distinguish between speed and velocity and use distance, time, and direction to describe motion.","I can explain that velocity includes both speed and direction and compare examples of constant speed, constant velocity, and changing velocity.",quantitative reasoning; data interpretation; communication with units,selected response,multiple-choice,instructional,45,,,,Unit 2 Assessment Plan | Conceptual Physics Framework section archetypes/source packet,
U2-S2-BLO-Q19,AP/SCI,Conceptual Physics,2,2.2,Blooket,blooket,Q19,current-section,U2-MG02,,,,U2-S2-BLO-F04,dedicated_game,,1,"Students will distinguish between speed and velocity and use distance, time, and direction to describe motion.",I can calculate average speed from distance and time.,quantitative reasoning; data interpretation; communication with units,selected response,multiple-choice,instructional,45,,,,Unit 2 Assessment Plan | Conceptual Physics Framework section archetypes/source packet,
U2-S2-BLO-Q20,AP/SCI,Conceptual Physics,2,2.2,Blooket,blooket,Q20,current-section,U2-MG02,,,,U2-S2-BLO-F05,dedicated_game,,2,"Students will distinguish between speed and velocity and use distance, time, and direction to describe motion.",I can distinguish instantaneous speed from average speed.,quantitative reasoning; data interpretation; communication with units,selected response,multiple-choice,instructional,45,,,,Unit 2 Assessment Plan | Conceptual Physics Framework section archetypes/source packet,
U2-S3-BLO-Q01,AP/SCI,Conceptual Physics,2,2.3,Blooket,blooket,Q01,current-section,U2-MG03,,,,U2-S3-BLO-F01,dedicated_game,,1,"Students will explain acceleration as the rate at which velocity changes and identify acceleration from motion descriptions, data, and graphs.",I can calculate acceleration from change in velocity and time.,graph/data interpretation; quantitative reasoning; model translation,selected response,multiple-choice,instructional,45,,,,Unit 2 Assessment Plan | Conceptual Physics Framework section archetypes/source packet,
U2-S3-BLO-Q02,AP/SCI,Conceptual Physics,2,2.3,Blooket,blooket,Q02,current-section,U2-MG03,,,,U2-S3-BLO-F02,dedicated_game,,1,"Students will explain acceleration as the rate at which velocity changes and identify acceleration from motion descriptions, data, and graphs.","I can explain that acceleration can involve speeding up, slowing down, or changing direction.",graph/data interpretation; quantitative reasoning; model translation,selected response,multiple-choice,instructional,45,,,,Unit 2 Assessment Plan | Conceptual Physics Framework section archetypes/source packet,
U2-S3-BLO-Q03,AP/SCI,Conceptual Physics,2,2.3,Blooket,blooket,Q03,current-section,U2-MG03,,,,U2-S3-BLO-F03,dedicated_game,,1,"Students will explain acceleration as the rate at which velocity changes and identify acceleration from motion descriptions, data, and graphs.","I can identify positive, negative, or zero acceleration from a motion situation and interpret simple motion graphs and connect them to velocity or acceleration.",graph/data interpretation; quantitative reasoning; model translation,selected response,multiple-choice,instructional,45,,,,Unit 2 Assessment Plan | Conceptual Physics Framework section archetypes/source packet,
U2-S3-BLO-Q04,AP/SCI,Conceptual Physics,2,2.3,Blooket,blooket,Q04,current-section,U2-MG03,,,,U2-S3-BLO-F04,dedicated_game,,2,"Students will explain acceleration as the rate at which velocity changes and identify acceleration from motion descriptions, data, and graphs.",I can calculate acceleration from change in velocity and time.,graph/data interpretation; quantitative reasoning; model translation,selected response,multiple-choice,instructional,45,,,,Unit 2 Assessment Plan | Conceptual Physics Framework section archetypes/source packet,
U2-S3-BLO-Q05,AP/SCI,Conceptual Physics,2,2.3,Blooket,blooket,Q05,current-section,U2-MG03,,,,U2-S3-BLO-F05,dedicated_game,,1,"Students will explain acceleration as the rate at which velocity changes and identify acceleration from motion descriptions, data, and graphs.","I can explain that acceleration can involve speeding up, slowing down, or changing direction.",graph/data interpretation; quantitative reasoning; model translation,selected response,multiple-choice,instructional,45,,,,Unit 2 Assessment Plan | Conceptual Physics Framework section archetypes/source packet,
U2-S3-BLO-Q06,AP/SCI,Conceptual Physics,2,2.3,Blooket,blooket,Q06,current-section,U2-MG03,,,,U2-S3-BLO-F01,dedicated_game,,1,"Students will explain acceleration as the rate at which velocity changes and identify acceleration from motion descriptions, data, and graphs.","I can identify positive, negative, or zero acceleration from a motion situation and interpret simple motion graphs and connect them to velocity or acceleration.",graph/data interpretation; quantitative reasoning; model translation,selected response,multiple-choice,instructional,45,,,,Unit 2 Assessment Plan | Conceptual Physics Framework section archetypes/source packet,
U2-S3-BLO-Q07,AP/SCI,Conceptual Physics,2,2.3,Blooket,blooket,Q07,current-section,U2-MG03,,,,U2-S3-BLO-F02,dedicated_game,,1,"Students will explain acceleration as the rate at which velocity changes and identify acceleration from motion descriptions, data, and graphs.",I can calculate acceleration from change in velocity and time.,graph/data interpretation; quantitative reasoning; model translation,selected response,multiple-choice,instructional,45,,,,Unit 2 Assessment Plan | Conceptual Physics Framework section archetypes/source packet,
U2-S3-BLO-Q08,AP/SCI,Conceptual Physics,2,2.3,Blooket,blooket,Q08,current-section,U2-MG03,,,,U2-S3-BLO-F03,dedicated_game,,2,"Students will explain acceleration as the rate at which velocity changes and identify acceleration from motion descriptions, data, and graphs.","I can explain that acceleration can involve speeding up, slowing down, or changing direction.",graph/data interpretation; quantitative reasoning; model translation,selected response,multiple-choice,instructional,45,,,,Unit 2 Assessment Plan | Conceptual Physics Framework section archetypes/source packet,
U2-S3-BLO-Q09,AP/SCI,Conceptual Physics,2,2.3,Blooket,blooket,Q09,current-section,U2-MG03,,,,U2-S3-BLO-F04,dedicated_game,,1,"Students will explain acceleration as the rate at which velocity changes and identify acceleration from motion descriptions, data, and graphs.","I can identify positive, negative, or zero acceleration from a motion situation and interpret simple motion graphs and connect them to velocity or acceleration.",graph/data interpretation; quantitative reasoning; model translation,selected response,multiple-choice,instructional,45,,,,Unit 2 Assessment Plan | Conceptual Physics Framework section archetypes/source packet,
U2-S3-BLO-Q10,AP/SCI,Conceptual Physics,2,2.3,Blooket,blooket,Q10,current-section,U2-MG03,,,,U2-S3-BLO-F05,dedicated_game,,1,"Students will explain acceleration as the rate at which velocity changes and identify acceleration from motion descriptions, data, and graphs.",I can calculate acceleration from change in velocity and time.,graph/data interpretation; quantitative reasoning; model translation,selected response,multiple-choice,instructional,45,,,,Unit 2 Assessment Plan | Conceptual Physics Framework section archetypes/source packet,
U2-S3-BLO-Q11,AP/SCI,Conceptual Physics,2,2.3,Blooket,blooket,Q11,current-section,U2-MG03,,,,U2-S3-BLO-F01,dedicated_game,,1,"Students will explain acceleration as the rate at which velocity changes and identify acceleration from motion descriptions, data, and graphs.","I can explain that acceleration can involve speeding up, slowing down, or changing direction.",graph/data interpretation; quantitative reasoning; model translation,selected response,multiple-choice,instructional,45,,,,Unit 2 Assessment Plan | Conceptual Physics Framework section archetypes/source packet,
U2-S3-BLO-Q12,AP/SCI,Conceptual Physics,2,2.3,Blooket,blooket,Q12,current-section,U2-MG03,,,,U2-S3-BLO-F02,dedicated_game,,2,"Students will explain acceleration as the rate at which velocity changes and identify acceleration from motion descriptions, data, and graphs.","I can identify positive, negative, or zero acceleration from a motion situation and interpret simple motion graphs and connect them to velocity or acceleration.",graph/data interpretation; quantitative reasoning; model translation,selected response,multiple-choice,instructional,45,,,,Unit 2 Assessment Plan | Conceptual Physics Framework section archetypes/source packet,
U2-S3-BLO-Q13,AP/SCI,Conceptual Physics,2,2.3,Blooket,blooket,Q13,current-section,U2-MG03,,,,U2-S3-BLO-F03,dedicated_game,,1,"Students will explain acceleration as the rate at which velocity changes and identify acceleration from motion descriptions, data, and graphs.",I can calculate acceleration from change in velocity and time.,graph/data interpretation; quantitative reasoning; model translation,selected response,multiple-choice,instructional,45,,,,Unit 2 Assessment Plan | Conceptual Physics Framework section archetypes/source packet,
U2-S3-BLO-Q14,AP/SCI,Conceptual Physics,2,2.3,Blooket,blooket,Q14,current-section,U2-MG03,,,,U2-S3-BLO-F04,dedicated_game,,1,"Students will explain acceleration as the rate at which velocity changes and identify acceleration from motion descriptions, data, and graphs.","I can explain that acceleration can involve speeding up, slowing down, or changing direction.",graph/data interpretation; quantitative reasoning; model translation,selected response,multiple-choice,instructional,45,,,,Unit 2 Assessment Plan | Conceptual Physics Framework section archetypes/source packet,
U2-S3-BLO-Q15,AP/SCI,Conceptual Physics,2,2.3,Blooket,blooket,Q15,current-section,U2-MG03,,,,U2-S3-BLO-F05,dedicated_game,,1,"Students will explain acceleration as the rate at which velocity changes and identify acceleration from motion descriptions, data, and graphs.","I can identify positive, negative, or zero acceleration from a motion situation and interpret simple motion graphs and connect them to velocity or acceleration.",graph/data interpretation; quantitative reasoning; model translation,selected response,multiple-choice,instructional,45,,,,Unit 2 Assessment Plan | Conceptual Physics Framework section archetypes/source packet,
U2-S3-BLO-Q16,AP/SCI,Conceptual Physics,2,2.3,Blooket,blooket,Q16,current-section,U2-MG03,,,,U2-S3-BLO-F01,dedicated_game,,2,"Students will explain acceleration as the rate at which velocity changes and identify acceleration from motion descriptions, data, and graphs.",I can calculate acceleration from change in velocity and time.,graph/data interpretation; quantitative reasoning; model translation,selected response,multiple-choice,instructional,45,,,,Unit 2 Assessment Plan | Conceptual Physics Framework section archetypes/source packet,
U2-S3-BLO-Q17,AP/SCI,Conceptual Physics,2,2.3,Blooket,blooket,Q17,current-section,U2-MG03,,,,U2-S3-BLO-F02,dedicated_game,,1,"Students will explain acceleration as the rate at which velocity changes and identify acceleration from motion descriptions, data, and graphs.","I can explain that acceleration can involve speeding up, slowing down, or changing direction.",graph/data interpretation; quantitative reasoning; model translation,selected response,multiple-choice,instructional,45,,,,Unit 2 Assessment Plan | Conceptual Physics Framework section archetypes/source packet,
U2-S3-BLO-Q18,AP/SCI,Conceptual Physics,2,2.3,Blooket,blooket,Q18,current-section,U2-MG03,,,,U2-S3-BLO-F03,dedicated_game,,1,"Students will explain acceleration as the rate at which velocity changes and identify acceleration from motion descriptions, data, and graphs.","I can identify positive, negative, or zero acceleration from a motion situation and interpret simple motion graphs and connect them to velocity or acceleration.",graph/data interpretation; quantitative reasoning; model translation,selected response,multiple-choice,instructional,45,,,,Unit 2 Assessment Plan | Conceptual Physics Framework section archetypes/source packet,
U2-S3-BLO-Q19,AP/SCI,Conceptual Physics,2,2.3,Blooket,blooket,Q19,current-section,U2-MG03,,,,U2-S3-BLO-F04,dedicated_game,,1,"Students will explain acceleration as the rate at which velocity changes and identify acceleration from motion descriptions, data, and graphs.",I can calculate acceleration from change in velocity and time.,graph/data interpretation; quantitative reasoning; model translation,selected response,multiple-choice,instructional,45,,,,Unit 2 Assessment Plan | Conceptual Physics Framework section archetypes/source packet,
U2-S3-BLO-Q20,AP/SCI,Conceptual Physics,2,2.3,Blooket,blooket,Q20,current-section,U2-MG03,,,,U2-S3-BLO-F05,dedicated_game,,2,"Students will explain acceleration as the rate at which velocity changes and identify acceleration from motion descriptions, data, and graphs.","I can explain that acceleration can involve speeding up, slowing down, or changing direction.",graph/data interpretation; quantitative reasoning; model translation,selected response,multiple-choice,instructional,45,,,,Unit 2 Assessment Plan | Conceptual Physics Framework section archetypes/source packet,
U2-S4-BLO-Q01,AP/SCI,Conceptual Physics,2,2.4,Blooket,blooket,Q01,current-section,U2-MG03,,,,U2-S4-BLO-F01,dedicated_game,,1,Students will describe free fall as motion under the influence of gravity alone and use simple free-fall relationships to determine speed or distance fallen.,I can explain why objects in free fall accelerate at the same rate when air resistance is ignored.,mathematical reasoning; model evaluation; explanation of phenomena,selected response,multiple-choice,instructional,45,,,,Unit 2 Assessment Plan | Conceptual Physics Framework section archetypes/source packet,
U2-S4-BLO-Q02,AP/SCI,Conceptual Physics,2,2.4,Blooket,blooket,Q02,current-section,U2-MG03,,,,U2-S4-BLO-F02,dedicated_game,,1,Students will describe free fall as motion under the influence of gravity alone and use simple free-fall relationships to determine speed or distance fallen.,I can use $g \approx 10\text{ m/s}^2$ to determine speed gained during free fall.,mathematical reasoning; model evaluation; explanation of phenomena,selected response,multiple-choice,instructional,45,,,,Unit 2 Assessment Plan | Conceptual Physics Framework section archetypes/source packet,
U2-S4-BLO-Q03,AP/SCI,Conceptual Physics,2,2.4,Blooket,blooket,Q03,current-section,U2-MG03,,,,U2-S4-BLO-F03,dedicated_game,,1,Students will describe free fall as motion under the influence of gravity alone and use simple free-fall relationships to determine speed or distance fallen.,I can use free-fall patterns to compare distance fallen during different time intervals and distinguish free fall from falling with significant air resistance.,mathematical reasoning; model evaluation; explanation of phenomena,selected response,multiple-choice,instructional,45,,,,Unit 2 Assessment Plan | Conceptual Physics Framework section archetypes/source packet,
U2-S4-BLO-Q04,AP/SCI,Conceptual Physics,2,2.4,Blooket,blooket,Q04,current-section,U2-MG03,,,,U2-S4-BLO-F04,dedicated_game,,2,Students will describe free fall as motion under the influence of gravity alone and use simple free-fall relationships to determine speed or distance fallen.,I can explain why objects in free fall accelerate at the same rate when air resistance is ignored.,mathematical reasoning; model evaluation; explanation of phenomena,selected response,multiple-choice,instructional,45,,,,Unit 2 Assessment Plan | Conceptual Physics Framework section archetypes/source packet,
U2-S4-BLO-Q05,AP/SCI,Conceptual Physics,2,2.4,Blooket,blooket,Q05,current-section,U2-MG03,,,,U2-S4-BLO-F05,dedicated_game,,1,Students will describe free fall as motion under the influence of gravity alone and use simple free-fall relationships to determine speed or distance fallen.,I can use $g \approx 10\text{ m/s}^2$ to determine speed gained during free fall.,mathematical reasoning; model evaluation; explanation of phenomena,selected response,multiple-choice,instructional,45,,,,Unit 2 Assessment Plan | Conceptual Physics Framework section archetypes/source packet,
U2-S4-BLO-Q06,AP/SCI,Conceptual Physics,2,2.4,Blooket,blooket,Q06,current-section,U2-MG03,,,,U2-S4-BLO-F01,dedicated_game,,1,Students will describe free fall as motion under the influence of gravity alone and use simple free-fall relationships to determine speed or distance fallen.,I can use free-fall patterns to compare distance fallen during different time intervals and distinguish free fall from falling with significant air resistance.,mathematical reasoning; model evaluation; explanation of phenomena,selected response,multiple-choice,instructional,45,,,,Unit 2 Assessment Plan | Conceptual Physics Framework section archetypes/source packet,
U2-S4-BLO-Q07,AP/SCI,Conceptual Physics,2,2.4,Blooket,blooket,Q07,current-section,U2-MG03,,,,U2-S4-BLO-F02,dedicated_game,,1,Students will describe free fall as motion under the influence of gravity alone and use simple free-fall relationships to determine speed or distance fallen.,I can explain why objects in free fall accelerate at the same rate when air resistance is ignored.,mathematical reasoning; model evaluation; explanation of phenomena,selected response,multiple-choice,instructional,45,,,,Unit 2 Assessment Plan | Conceptual Physics Framework section archetypes/source packet,
U2-S4-BLO-Q08,AP/SCI,Conceptual Physics,2,2.4,Blooket,blooket,Q08,current-section,U2-MG03,,,,U2-S4-BLO-F03,dedicated_game,,2,Students will describe free fall as motion under the influence of gravity alone and use simple free-fall relationships to determine speed or distance fallen.,I can use $g \approx 10\text{ m/s}^2$ to determine speed gained during free fall.,mathematical reasoning; model evaluation; explanation of phenomena,selected response,multiple-choice,instructional,45,,,,Unit 2 Assessment Plan | Conceptual Physics Framework section archetypes/source packet,
U2-S4-BLO-Q09,AP/SCI,Conceptual Physics,2,2.4,Blooket,blooket,Q09,current-section,U2-MG03,,,,U2-S4-BLO-F04,dedicated_game,,1,Students will describe free fall as motion under the influence of gravity alone and use simple free-fall relationships to determine speed or distance fallen.,I can use free-fall patterns to compare distance fallen during different time intervals and distinguish free fall from falling with significant air resistance.,mathematical reasoning; model evaluation; explanation of phenomena,selected response,multiple-choice,instructional,45,,,,Unit 2 Assessment Plan | Conceptual Physics Framework section archetypes/source packet,
U2-S4-BLO-Q10,AP/SCI,Conceptual Physics,2,2.4,Blooket,blooket,Q10,current-section,U2-MG03,,,,U2-S4-BLO-F05,dedicated_game,,1,Students will describe free fall as motion under the influence of gravity alone and use simple free-fall relationships to determine speed or distance fallen.,I can explain why objects in free fall accelerate at the same rate when air resistance is ignored.,mathematical reasoning; model evaluation; explanation of phenomena,selected response,multiple-choice,instructional,45,,,,Unit 2 Assessment Plan | Conceptual Physics Framework section archetypes/source packet,
U2-S4-BLO-Q11,AP/SCI,Conceptual Physics,2,2.4,Blooket,blooket,Q11,current-section,U2-MG03,,,,U2-S4-BLO-F01,dedicated_game,,1,Students will describe free fall as motion under the influence of gravity alone and use simple free-fall relationships to determine speed or distance fallen.,I can use $g \approx 10\text{ m/s}^2$ to determine speed gained during free fall.,mathematical reasoning; model evaluation; explanation of phenomena,selected response,multiple-choice,instructional,45,,,,Unit 2 Assessment Plan | Conceptual Physics Framework section archetypes/source packet,
U2-S4-BLO-Q12,AP/SCI,Conceptual Physics,2,2.4,Blooket,blooket,Q12,current-section,U2-MG03,,,,U2-S4-BLO-F02,dedicated_game,,2,Students will describe free fall as motion under the influence of gravity alone and use simple free-fall relationships to determine speed or distance fallen.,I can use free-fall patterns to compare distance fallen during different time intervals and distinguish free fall from falling with significant air resistance.,mathematical reasoning; model evaluation; explanation of phenomena,selected response,multiple-choice,instructional,45,,,,Unit 2 Assessment Plan | Conceptual Physics Framework section archetypes/source packet,
U2-S4-BLO-Q13,AP/SCI,Conceptual Physics,2,2.4,Blooket,blooket,Q13,current-section,U2-MG03,,,,U2-S4-BLO-F03,dedicated_game,,1,Students will describe free fall as motion under the influence of gravity alone and use simple free-fall relationships to determine speed or distance fallen.,I can explain why objects in free fall accelerate at the same rate when air resistance is ignored.,mathematical reasoning; model evaluation; explanation of phenomena,selected response,multiple-choice,instructional,45,,,,Unit 2 Assessment Plan | Conceptual Physics Framework section archetypes/source packet,
U2-S4-BLO-Q14,AP/SCI,Conceptual Physics,2,2.4,Blooket,blooket,Q14,current-section,U2-MG03,,,,U2-S4-BLO-F04,dedicated_game,,1,Students will describe free fall as motion under the influence of gravity alone and use simple free-fall relationships to determine speed or distance fallen.,I can use $g \approx 10\text{ m/s}^2$ to determine speed gained during free fall.,mathematical reasoning; model evaluation; explanation of phenomena,selected response,multiple-choice,instructional,45,,,,Unit 2 Assessment Plan | Conceptual Physics Framework section archetypes/source packet,
U2-S4-BLO-Q15,AP/SCI,Conceptual Physics,2,2.4,Blooket,blooket,Q15,current-section,U2-MG03,,,,U2-S4-BLO-F05,dedicated_game,,1,Students will describe free fall as motion under the influence of gravity alone and use simple free-fall relationships to determine speed or distance fallen.,I can use free-fall patterns to compare distance fallen during different time intervals and distinguish free fall from falling with significant air resistance.,mathematical reasoning; model evaluation; explanation of phenomena,selected response,multiple-choice,instructional,45,,,,Unit 2 Assessment Plan | Conceptual Physics Framework section archetypes/source packet,
U2-S4-BLO-Q16,AP/SCI,Conceptual Physics,2,2.4,Blooket,blooket,Q16,current-section,U2-MG03,,,,U2-S4-BLO-F01,dedicated_game,,2,Students will describe free fall as motion under the influence of gravity alone and use simple free-fall relationships to determine speed or distance fallen.,I can explain why objects in free fall accelerate at the same rate when air resistance is ignored.,mathematical reasoning; model evaluation; explanation of phenomena,selected response,multiple-choice,instructional,45,,,,Unit 2 Assessment Plan | Conceptual Physics Framework section archetypes/source packet,
U2-S4-BLO-Q17,AP/SCI,Conceptual Physics,2,2.4,Blooket,blooket,Q17,current-section,U2-MG03,,,,U2-S4-BLO-F02,dedicated_game,,1,Students will describe free fall as motion under the influence of gravity alone and use simple free-fall relationships to determine speed or distance fallen.,I can use $g \approx 10\text{ m/s}^2$ to determine speed gained during free fall.,mathematical reasoning; model evaluation; explanation of phenomena,selected response,multiple-choice,instructional,45,,,,Unit 2 Assessment Plan | Conceptual Physics Framework section archetypes/source packet,
U2-S4-BLO-Q18,AP/SCI,Conceptual Physics,2,2.4,Blooket,blooket,Q18,current-section,U2-MG03,,,,U2-S4-BLO-F03,dedicated_game,,1,Students will describe free fall as motion under the influence of gravity alone and use simple free-fall relationships to determine speed or distance fallen.,I can use free-fall patterns to compare distance fallen during different time intervals and distinguish free fall from falling with significant air resistance.,mathematical reasoning; model evaluation; explanation of phenomena,selected response,multiple-choice,instructional,45,,,,Unit 2 Assessment Plan | Conceptual Physics Framework section archetypes/source packet,
U2-S4-BLO-Q19,AP/SCI,Conceptual Physics,2,2.4,Blooket,blooket,Q19,current-section,U2-MG03,,,,U2-S4-BLO-F04,dedicated_game,,1,Students will describe free fall as motion under the influence of gravity alone and use simple free-fall relationships to determine speed or distance fallen.,I can explain why objects in free fall accelerate at the same rate when air resistance is ignored.,mathematical reasoning; model evaluation; explanation of phenomena,selected response,multiple-choice,instructional,45,,,,Unit 2 Assessment Plan | Conceptual Physics Framework section archetypes/source packet,
U2-S4-BLO-Q20,AP/SCI,Conceptual Physics,2,2.4,Blooket,blooket,Q20,current-section,U2-MG03,,,,U2-S4-BLO-F05,dedicated_game,,2,Students will describe free fall as motion under the influence of gravity alone and use simple free-fall relationships to determine speed or distance fallen.,I can use $g \approx 10\text{ m/s}^2$ to determine speed gained during free fall.,mathematical reasoning; model evaluation; explanation of phenomena,selected response,multiple-choice,instructional,45,,,,Unit 2 Assessment Plan | Conceptual Physics Framework section archetypes/source packet,
U2-S5-BLO-Q01,AP/SCI,Conceptual Physics,2,2.5,Blooket,blooket,Q01,current-section,U2-MG04,,,,U2-S5-BLO-F01,dedicated_game,,1,"Students will use velocity vectors, motion diagrams, and simple graphs to model and explain the motion of objects.",I can represent velocity with arrows that show both speed and direction.,develop/evaluate models; representation translation; argument from evidence,selected response,multiple-choice,instructional,45,,,,Unit 2 Assessment Plan | Conceptual Physics Framework section archetypes/source packet,
U2-S5-BLO-Q02,AP/SCI,Conceptual Physics,2,2.5,Blooket,blooket,Q02,current-section,U2-MG04,,,,U2-S5-BLO-F02,dedicated_game,,1,"Students will use velocity vectors, motion diagrams, and simple graphs to model and explain the motion of objects.",I can compare velocity vectors to determine whether an object’s velocity is changing.,develop/evaluate models; representation translation; argument from evidence,selected response,multiple-choice,instructional,45,,,,Unit 2 Assessment Plan | Conceptual Physics Framework section archetypes/source packet,
U2-S5-BLO-Q03,AP/SCI,Conceptual Physics,2,2.5,Blooket,blooket,Q03,current-section,U2-MG04,,,,U2-S5-BLO-F03,dedicated_game,,1,"Students will use velocity vectors, motion diagrams, and simple graphs to model and explain the motion of objects.","I can connect motion diagrams, data tables, and graphs to written descriptions of motion and critique an incorrect motion model and revise it using evidence.",develop/evaluate models; representation translation; argument from evidence,selected response,multiple-choice,instructional,45,,,,Unit 2 Assessment Plan | Conceptual Physics Framework section archetypes/source packet,
U2-S5-BLO-Q04,AP/SCI,Conceptual Physics,2,2.5,Blooket,blooket,Q04,current-section,U2-MG04,,,,U2-S5-BLO-F04,dedicated_game,,2,"Students will use velocity vectors, motion diagrams, and simple graphs to model and explain the motion of objects.",I can represent velocity with arrows that show both speed and direction.,develop/evaluate models; representation translation; argument from evidence,selected response,multiple-choice,instructional,45,,,,Unit 2 Assessment Plan | Conceptual Physics Framework section archetypes/source packet,
U2-S5-BLO-Q05,AP/SCI,Conceptual Physics,2,2.5,Blooket,blooket,Q05,current-section,U2-MG04,,,,U2-S5-BLO-F05,dedicated_game,,1,"Students will use velocity vectors, motion diagrams, and simple graphs to model and explain the motion of objects.",I can compare velocity vectors to determine whether an object’s velocity is changing.,develop/evaluate models; representation translation; argument from evidence,selected response,multiple-choice,instructional,45,,,,Unit 2 Assessment Plan | Conceptual Physics Framework section archetypes/source packet,
U2-S5-BLO-Q06,AP/SCI,Conceptual Physics,2,2.5,Blooket,blooket,Q06,current-section,U2-MG04,,,,U2-S5-BLO-F01,dedicated_game,,1,"Students will use velocity vectors, motion diagrams, and simple graphs to model and explain the motion of objects.","I can connect motion diagrams, data tables, and graphs to written descriptions of motion and critique an incorrect motion model and revise it using evidence.",develop/evaluate models; representation translation; argument from evidence,selected response,multiple-choice,instructional,45,,,,Unit 2 Assessment Plan | Conceptual Physics Framework section archetypes/source packet,
U2-S5-BLO-Q07,AP/SCI,Conceptual Physics,2,2.5,Blooket,blooket,Q07,current-section,U2-MG04,,,,U2-S5-BLO-F02,dedicated_game,,1,"Students will use velocity vectors, motion diagrams, and simple graphs to model and explain the motion of objects.",I can represent velocity with arrows that show both speed and direction.,develop/evaluate models; representation translation; argument from evidence,selected response,multiple-choice,instructional,45,,,,Unit 2 Assessment Plan | Conceptual Physics Framework section archetypes/source packet,
U2-S5-BLO-Q08,AP/SCI,Conceptual Physics,2,2.5,Blooket,blooket,Q08,current-section,U2-MG04,,,,U2-S5-BLO-F03,dedicated_game,,2,"Students will use velocity vectors, motion diagrams, and simple graphs to model and explain the motion of objects.",I can compare velocity vectors to determine whether an object’s velocity is changing.,develop/evaluate models; representation translation; argument from evidence,selected response,multiple-choice,instructional,45,,,,Unit 2 Assessment Plan | Conceptual Physics Framework section archetypes/source packet,
U2-S5-BLO-Q09,AP/SCI,Conceptual Physics,2,2.5,Blooket,blooket,Q09,current-section,U2-MG04,,,,U2-S5-BLO-F04,dedicated_game,,1,"Students will use velocity vectors, motion diagrams, and simple graphs to model and explain the motion of objects.","I can connect motion diagrams, data tables, and graphs to written descriptions of motion and critique an incorrect motion model and revise it using evidence.",develop/evaluate models; representation translation; argument from evidence,selected response,multiple-choice,instructional,45,,,,Unit 2 Assessment Plan | Conceptual Physics Framework section archetypes/source packet,
U2-S5-BLO-Q10,AP/SCI,Conceptual Physics,2,2.5,Blooket,blooket,Q10,current-section,U2-MG04,,,,U2-S5-BLO-F05,dedicated_game,,1,"Students will use velocity vectors, motion diagrams, and simple graphs to model and explain the motion of objects.",I can represent velocity with arrows that show both speed and direction.,develop/evaluate models; representation translation; argument from evidence,selected response,multiple-choice,instructional,45,,,,Unit 2 Assessment Plan | Conceptual Physics Framework section archetypes/source packet,
U2-S5-BLO-Q11,AP/SCI,Conceptual Physics,2,2.5,Blooket,blooket,Q11,current-section,U2-MG04,,,,U2-S5-BLO-F01,dedicated_game,,1,"Students will use velocity vectors, motion diagrams, and simple graphs to model and explain the motion of objects.",I can compare velocity vectors to determine whether an object’s velocity is changing.,develop/evaluate models; representation translation; argument from evidence,selected response,multiple-choice,instructional,45,,,,Unit 2 Assessment Plan | Conceptual Physics Framework section archetypes/source packet,
U2-S5-BLO-Q12,AP/SCI,Conceptual Physics,2,2.5,Blooket,blooket,Q12,current-section,U2-MG04,,,,U2-S5-BLO-F02,dedicated_game,,2,"Students will use velocity vectors, motion diagrams, and simple graphs to model and explain the motion of objects.","I can connect motion diagrams, data tables, and graphs to written descriptions of motion and critique an incorrect motion model and revise it using evidence.",develop/evaluate models; representation translation; argument from evidence,selected response,multiple-choice,instructional,45,,,,Unit 2 Assessment Plan | Conceptual Physics Framework section archetypes/source packet,
U2-S5-BLO-Q13,AP/SCI,Conceptual Physics,2,2.5,Blooket,blooket,Q13,current-section,U2-MG04,,,,U2-S5-BLO-F03,dedicated_game,,1,"Students will use velocity vectors, motion diagrams, and simple graphs to model and explain the motion of objects.",I can represent velocity with arrows that show both speed and direction.,develop/evaluate models; representation translation; argument from evidence,selected response,multiple-choice,instructional,45,,,,Unit 2 Assessment Plan | Conceptual Physics Framework section archetypes/source packet,
U2-S5-BLO-Q14,AP/SCI,Conceptual Physics,2,2.5,Blooket,blooket,Q14,current-section,U2-MG04,,,,U2-S5-BLO-F04,dedicated_game,,1,"Students will use velocity vectors, motion diagrams, and simple graphs to model and explain the motion of objects.",I can compare velocity vectors to determine whether an object’s velocity is changing.,develop/evaluate models; representation translation; argument from evidence,selected response,multiple-choice,instructional,45,,,,Unit 2 Assessment Plan | Conceptual Physics Framework section archetypes/source packet,
U2-S5-BLO-Q15,AP/SCI,Conceptual Physics,2,2.5,Blooket,blooket,Q15,current-section,U2-MG04,,,,U2-S5-BLO-F05,dedicated_game,,1,"Students will use velocity vectors, motion diagrams, and simple graphs to model and explain the motion of objects.","I can connect motion diagrams, data tables, and graphs to written descriptions of motion and critique an incorrect motion model and revise it using evidence.",develop/evaluate models; representation translation; argument from evidence,selected response,multiple-choice,instructional,45,,,,Unit 2 Assessment Plan | Conceptual Physics Framework section archetypes/source packet,
U2-S5-BLO-Q16,AP/SCI,Conceptual Physics,2,2.5,Blooket,blooket,Q16,current-section,U2-MG04,,,,U2-S5-BLO-F01,dedicated_game,,2,"Students will use velocity vectors, motion diagrams, and simple graphs to model and explain the motion of objects.",I can represent velocity with arrows that show both speed and direction.,develop/evaluate models; representation translation; argument from evidence,selected response,multiple-choice,instructional,45,,,,Unit 2 Assessment Plan | Conceptual Physics Framework section archetypes/source packet,
U2-S5-BLO-Q17,AP/SCI,Conceptual Physics,2,2.5,Blooket,blooket,Q17,current-section,U2-MG04,,,,U2-S5-BLO-F02,dedicated_game,,1,"Students will use velocity vectors, motion diagrams, and simple graphs to model and explain the motion of objects.",I can compare velocity vectors to determine whether an object’s velocity is changing.,develop/evaluate models; representation translation; argument from evidence,selected response,multiple-choice,instructional,45,,,,Unit 2 Assessment Plan | Conceptual Physics Framework section archetypes/source packet,
U2-S5-BLO-Q18,AP/SCI,Conceptual Physics,2,2.5,Blooket,blooket,Q18,current-section,U2-MG04,,,,U2-S5-BLO-F03,dedicated_game,,1,"Students will use velocity vectors, motion diagrams, and simple graphs to model and explain the motion of objects.","I can connect motion diagrams, data tables, and graphs to written descriptions of motion and critique an incorrect motion model and revise it using evidence.",develop/evaluate models; representation translation; argument from evidence,selected response,multiple-choice,instructional,45,,,,Unit 2 Assessment Plan | Conceptual Physics Framework section archetypes/source packet,
U2-S5-BLO-Q19,AP/SCI,Conceptual Physics,2,2.5,Blooket,blooket,Q19,current-section,U2-MG04,,,,U2-S5-BLO-F04,dedicated_game,,1,"Students will use velocity vectors, motion diagrams, and simple graphs to model and explain the motion of objects.",I can represent velocity with arrows that show both speed and direction.,develop/evaluate models; representation translation; argument from evidence,selected response,multiple-choice,instructional,45,,,,Unit 2 Assessment Plan | Conceptual Physics Framework section archetypes/source packet,
U2-S5-BLO-Q20,AP/SCI,Conceptual Physics,2,2.5,Blooket,blooket,Q20,current-section,U2-MG04,,,,U2-S5-BLO-F05,dedicated_game,,2,"Students will use velocity vectors, motion diagrams, and simple graphs to model and explain the motion of objects.",I can compare velocity vectors to determine whether an object’s velocity is changing.,develop/evaluate models; representation translation; argument from evidence,selected response,multiple-choice,instructional,45,,,,Unit 2 Assessment Plan | Conceptual Physics Framework section archetypes/source packet,
U2-S1-WU1-Q01,AP/SCI,Conceptual Physics,2,2.1,Warm-Up 1,warmup,WU1-Q01,prior-knowledge,U2-MG01,,,,U2-S1-WU1-F1,dedicated_warmup,,1,Students will explain that motion is relative and describe an object’s motion using an appropriate frame of reference.,I can explain why an object can be moving relative to one reference frame but not another.,modeling; perspective/representation reasoning; explanation,short constructed response,constructed-response,instructional,120,,,,Unit 2 Assessment Plan | Conceptual Physics Framework section archetypes/source packet,
U2-S1-WU1-Q02,AP/SCI,Conceptual Physics,2,2.1,Warm-Up 1,warmup,WU1-Q02,prior-knowledge,U2-MG01,,,,U2-S1-WU1-F2,dedicated_warmup,,2,Students will explain that motion is relative and describe an object’s motion using an appropriate frame of reference.,I can identify the reference frame used in a motion description.,modeling; perspective/representation reasoning; explanation,short constructed response,constructed-response,instructional,120,,,,Unit 2 Assessment Plan | Conceptual Physics Framework section archetypes/source packet,
U2-S1-WU2-Q01,AP/SCI,Conceptual Physics,2,2.1,Warm-Up 2,warmup,WU2-Q01,current-section,U2-MG01,,,,U2-S1-WU2-F1,dedicated_warmup,,1,Students will explain that motion is relative and describe an object’s motion using an appropriate frame of reference.,I can identify the reference frame used in a motion description.,modeling; perspective/representation reasoning; explanation,short constructed response,constructed-response,instructional,120,,,,Unit 2 Assessment Plan | Conceptual Physics Framework section archetypes/source packet,
U2-S1-WU2-Q02,AP/SCI,Conceptual Physics,2,2.1,Warm-Up 2,warmup,WU2-Q02,current-section,U2-MG01,,,,U2-S1-WU2-F2,dedicated_warmup,,2,Students will explain that motion is relative and describe an object’s motion using an appropriate frame of reference.,I can compare motion from two different points of view and explain why everyday motion is usually described relative to Earth’s surface.,modeling; perspective/representation reasoning; explanation,short constructed response,constructed-response,instructional,120,,,,Unit 2 Assessment Plan | Conceptual Physics Framework section archetypes/source packet,
U2-S1-WU3-Q01,AP/SCI,Conceptual Physics,2,2.1,Warm-Up 3,warmup,WU3-Q01,unit-to-date,U2-MG01,,,,U2-S1-WU3-F1,dedicated_warmup,,1,Students will explain that motion is relative and describe an object’s motion using an appropriate frame of reference.,I can compare motion from two different points of view and explain why everyday motion is usually described relative to Earth’s surface.,modeling; perspective/representation reasoning; explanation,short constructed response,constructed-response,instructional,120,,,,Unit 2 Assessment Plan | Conceptual Physics Framework section archetypes/source packet,
U2-S1-WU3-Q02,AP/SCI,Conceptual Physics,2,2.1,Warm-Up 3,warmup,WU3-Q02,unit-to-date,U2-MG01,,,,U2-S1-WU3-F2,dedicated_warmup,,2,Students will explain that motion is relative and describe an object’s motion using an appropriate frame of reference.,I can explain why an object can be moving relative to one reference frame but not another.,modeling; perspective/representation reasoning; explanation,short constructed response,constructed-response,instructional,120,,,,Unit 2 Assessment Plan | Conceptual Physics Framework section archetypes/source packet,
U2-S2-WU1-Q01,AP/SCI,Conceptual Physics,2,2.2,Warm-Up 1,warmup,WU1-Q01,prior-knowledge,U2-MG02,,,,U2-S2-WU1-F1,dedicated_warmup,,1,"Students will distinguish between speed and velocity and use distance, time, and direction to describe motion.",I can calculate average speed from distance and time.,quantitative reasoning; data interpretation; communication with units,short constructed response,constructed-response,instructional,120,,,,Unit 2 Assessment Plan | Conceptual Physics Framework section archetypes/source packet,
U2-S2-WU1-Q02,AP/SCI,Conceptual Physics,2,2.2,Warm-Up 1,warmup,WU1-Q02,prior-knowledge,U2-MG02,,,,U2-S2-WU1-F2,dedicated_warmup,,2,"Students will distinguish between speed and velocity and use distance, time, and direction to describe motion.",I can distinguish instantaneous speed from average speed.,quantitative reasoning; data interpretation; communication with units,short constructed response,constructed-response,instructional,120,,,,Unit 2 Assessment Plan | Conceptual Physics Framework section archetypes/source packet,
U2-S2-WU2-Q01,AP/SCI,Conceptual Physics,2,2.2,Warm-Up 2,warmup,WU2-Q01,current-section,U2-MG02,,,,U2-S2-WU2-F1,dedicated_warmup,,1,"Students will distinguish between speed and velocity and use distance, time, and direction to describe motion.",I can distinguish instantaneous speed from average speed.,quantitative reasoning; data interpretation; communication with units,short constructed response,constructed-response,instructional,120,,,,Unit 2 Assessment Plan | Conceptual Physics Framework section archetypes/source packet,
U2-S2-WU2-Q02,AP/SCI,Conceptual Physics,2,2.2,Warm-Up 2,warmup,WU2-Q02,current-section,U2-MG02,,,,U2-S2-WU2-F2,dedicated_warmup,,2,"Students will distinguish between speed and velocity and use distance, time, and direction to describe motion.","I can explain that velocity includes both speed and direction and compare examples of constant speed, constant velocity, and changing velocity.",quantitative reasoning; data interpretation; communication with units,short constructed response,constructed-response,instructional,120,,,,Unit 2 Assessment Plan | Conceptual Physics Framework section archetypes/source packet,
U2-S2-WU3-Q01,AP/SCI,Conceptual Physics,2,2.2,Warm-Up 3,warmup,WU3-Q01,unit-to-date,U2-MG02,,,,U2-S2-WU3-F1,dedicated_warmup,,1,"Students will distinguish between speed and velocity and use distance, time, and direction to describe motion.","I can explain that velocity includes both speed and direction and compare examples of constant speed, constant velocity, and changing velocity.",quantitative reasoning; data interpretation; communication with units,short constructed response,constructed-response,instructional,120,,,,Unit 2 Assessment Plan | Conceptual Physics Framework section archetypes/source packet,
U2-S2-WU3-Q02,AP/SCI,Conceptual Physics,2,2.2,Warm-Up 3,warmup,WU3-Q02,unit-to-date,U2-MG02,,,,U2-S2-WU3-F2,dedicated_warmup,,2,"Students will distinguish between speed and velocity and use distance, time, and direction to describe motion.",I can calculate average speed from distance and time.,quantitative reasoning; data interpretation; communication with units,short constructed response,constructed-response,instructional,120,,,,Unit 2 Assessment Plan | Conceptual Physics Framework section archetypes/source packet,
U2-S3-WU1-Q01,AP/SCI,Conceptual Physics,2,2.3,Warm-Up 1,warmup,WU1-Q01,prior-knowledge,U2-MG03,,,,U2-S3-WU1-F1,dedicated_warmup,,1,"Students will explain acceleration as the rate at which velocity changes and identify acceleration from motion descriptions, data, and graphs.",I can calculate acceleration from change in velocity and time.,graph/data interpretation; quantitative reasoning; model translation,short constructed response,constructed-response,instructional,120,,,,Unit 2 Assessment Plan | Conceptual Physics Framework section archetypes/source packet,
U2-S3-WU1-Q02,AP/SCI,Conceptual Physics,2,2.3,Warm-Up 1,warmup,WU1-Q02,prior-knowledge,U2-MG03,,,,U2-S3-WU1-F2,dedicated_warmup,,2,"Students will explain acceleration as the rate at which velocity changes and identify acceleration from motion descriptions, data, and graphs.","I can explain that acceleration can involve speeding up, slowing down, or changing direction.",graph/data interpretation; quantitative reasoning; model translation,short constructed response,constructed-response,instructional,120,,,,Unit 2 Assessment Plan | Conceptual Physics Framework section archetypes/source packet,
U2-S3-WU2-Q01,AP/SCI,Conceptual Physics,2,2.3,Warm-Up 2,warmup,WU2-Q01,current-section,U2-MG03,,,,U2-S3-WU2-F1,dedicated_warmup,,1,"Students will explain acceleration as the rate at which velocity changes and identify acceleration from motion descriptions, data, and graphs.","I can explain that acceleration can involve speeding up, slowing down, or changing direction.",graph/data interpretation; quantitative reasoning; model translation,short constructed response,constructed-response,instructional,120,,,,Unit 2 Assessment Plan | Conceptual Physics Framework section archetypes/source packet,
U2-S3-WU2-Q02,AP/SCI,Conceptual Physics,2,2.3,Warm-Up 2,warmup,WU2-Q02,current-section,U2-MG03,,,,U2-S3-WU2-F2,dedicated_warmup,,2,"Students will explain acceleration as the rate at which velocity changes and identify acceleration from motion descriptions, data, and graphs.","I can identify positive, negative, or zero acceleration from a motion situation and interpret simple motion graphs and connect them to velocity or acceleration.",graph/data interpretation; quantitative reasoning; model translation,short constructed response,constructed-response,instructional,120,,,,Unit 2 Assessment Plan | Conceptual Physics Framework section archetypes/source packet,
U2-S3-WU3-Q01,AP/SCI,Conceptual Physics,2,2.3,Warm-Up 3,warmup,WU3-Q01,unit-to-date,U2-MG03,,,,U2-S3-WU3-F1,dedicated_warmup,,1,"Students will explain acceleration as the rate at which velocity changes and identify acceleration from motion descriptions, data, and graphs.","I can identify positive, negative, or zero acceleration from a motion situation and interpret simple motion graphs and connect them to velocity or acceleration.",graph/data interpretation; quantitative reasoning; model translation,short constructed response,constructed-response,instructional,120,,,,Unit 2 Assessment Plan | Conceptual Physics Framework section archetypes/source packet,
U2-S3-WU3-Q02,AP/SCI,Conceptual Physics,2,2.3,Warm-Up 3,warmup,WU3-Q02,unit-to-date,U2-MG03,,,,U2-S3-WU3-F2,dedicated_warmup,,2,"Students will explain acceleration as the rate at which velocity changes and identify acceleration from motion descriptions, data, and graphs.",I can calculate acceleration from change in velocity and time.,graph/data interpretation; quantitative reasoning; model translation,short constructed response,constructed-response,instructional,120,,,,Unit 2 Assessment Plan | Conceptual Physics Framework section archetypes/source packet,
U2-S4-WU1-Q01,AP/SCI,Conceptual Physics,2,2.4,Warm-Up 1,warmup,WU1-Q01,prior-knowledge,U2-MG03,,,,U2-S4-WU1-F1,dedicated_warmup,,1,Students will describe free fall as motion under the influence of gravity alone and use simple free-fall relationships to determine speed or distance fallen.,I can explain why objects in free fall accelerate at the same rate when air resistance is ignored.,mathematical reasoning; model evaluation; explanation of phenomena,short constructed response,constructed-response,instructional,120,,,,Unit 2 Assessment Plan | Conceptual Physics Framework section archetypes/source packet,
U2-S4-WU1-Q02,AP/SCI,Conceptual Physics,2,2.4,Warm-Up 1,warmup,WU1-Q02,prior-knowledge,U2-MG03,,,,U2-S4-WU1-F2,dedicated_warmup,,2,Students will describe free fall as motion under the influence of gravity alone and use simple free-fall relationships to determine speed or distance fallen.,I can use $g \approx 10\text{ m/s}^2$ to determine speed gained during free fall.,mathematical reasoning; model evaluation; explanation of phenomena,short constructed response,constructed-response,instructional,120,,,,Unit 2 Assessment Plan | Conceptual Physics Framework section archetypes/source packet,
U2-S4-WU2-Q01,AP/SCI,Conceptual Physics,2,2.4,Warm-Up 2,warmup,WU2-Q01,current-section,U2-MG03,,,,U2-S4-WU2-F1,dedicated_warmup,,1,Students will describe free fall as motion under the influence of gravity alone and use simple free-fall relationships to determine speed or distance fallen.,I can use $g \approx 10\text{ m/s}^2$ to determine speed gained during free fall.,mathematical reasoning; model evaluation; explanation of phenomena,short constructed response,constructed-response,instructional,120,,,,Unit 2 Assessment Plan | Conceptual Physics Framework section archetypes/source packet,
U2-S4-WU2-Q02,AP/SCI,Conceptual Physics,2,2.4,Warm-Up 2,warmup,WU2-Q02,current-section,U2-MG03,,,,U2-S4-WU2-F2,dedicated_warmup,,2,Students will describe free fall as motion under the influence of gravity alone and use simple free-fall relationships to determine speed or distance fallen.,I can use free-fall patterns to compare distance fallen during different time intervals and distinguish free fall from falling with significant air resistance.,mathematical reasoning; model evaluation; explanation of phenomena,short constructed response,constructed-response,instructional,120,,,,Unit 2 Assessment Plan | Conceptual Physics Framework section archetypes/source packet,
U2-S4-WU3-Q01,AP/SCI,Conceptual Physics,2,2.4,Warm-Up 3,warmup,WU3-Q01,unit-to-date,U2-MG03,,,,U2-S4-WU3-F1,dedicated_warmup,,1,Students will describe free fall as motion under the influence of gravity alone and use simple free-fall relationships to determine speed or distance fallen.,I can use free-fall patterns to compare distance fallen during different time intervals and distinguish free fall from falling with significant air resistance.,mathematical reasoning; model evaluation; explanation of phenomena,short constructed response,constructed-response,instructional,120,,,,Unit 2 Assessment Plan | Conceptual Physics Framework section archetypes/source packet,
U2-S4-WU3-Q02,AP/SCI,Conceptual Physics,2,2.4,Warm-Up 3,warmup,WU3-Q02,unit-to-date,U2-MG03,,,,U2-S4-WU3-F2,dedicated_warmup,,2,Students will describe free fall as motion under the influence of gravity alone and use simple free-fall relationships to determine speed or distance fallen.,I can explain why objects in free fall accelerate at the same rate when air resistance is ignored.,mathematical reasoning; model evaluation; explanation of phenomena,short constructed response,constructed-response,instructional,120,,,,Unit 2 Assessment Plan | Conceptual Physics Framework section archetypes/source packet,
U2-S5-WU1-Q01,AP/SCI,Conceptual Physics,2,2.5,Warm-Up 1,warmup,WU1-Q01,prior-knowledge,U2-MG04,,,,U2-S5-WU1-F1,dedicated_warmup,,1,"Students will use velocity vectors, motion diagrams, and simple graphs to model and explain the motion of objects.",I can represent velocity with arrows that show both speed and direction.,develop/evaluate models; representation translation; argument from evidence,short constructed response,constructed-response,instructional,120,,,,Unit 2 Assessment Plan | Conceptual Physics Framework section archetypes/source packet,
U2-S5-WU1-Q02,AP/SCI,Conceptual Physics,2,2.5,Warm-Up 1,warmup,WU1-Q02,prior-knowledge,U2-MG04,,,,U2-S5-WU1-F2,dedicated_warmup,,2,"Students will use velocity vectors, motion diagrams, and simple graphs to model and explain the motion of objects.",I can compare velocity vectors to determine whether an object’s velocity is changing.,develop/evaluate models; representation translation; argument from evidence,short constructed response,constructed-response,instructional,120,,,,Unit 2 Assessment Plan | Conceptual Physics Framework section archetypes/source packet,
U2-S5-WU2-Q01,AP/SCI,Conceptual Physics,2,2.5,Warm-Up 2,warmup,WU2-Q01,current-section,U2-MG04,,,,U2-S5-WU2-F1,dedicated_warmup,,1,"Students will use velocity vectors, motion diagrams, and simple graphs to model and explain the motion of objects.",I can compare velocity vectors to determine whether an object’s velocity is changing.,develop/evaluate models; representation translation; argument from evidence,short constructed response,constructed-response,instructional,120,,,,Unit 2 Assessment Plan | Conceptual Physics Framework section archetypes/source packet,
U2-S5-WU2-Q02,AP/SCI,Conceptual Physics,2,2.5,Warm-Up 2,warmup,WU2-Q02,current-section,U2-MG04,,,,U2-S5-WU2-F2,dedicated_warmup,,2,"Students will use velocity vectors, motion diagrams, and simple graphs to model and explain the motion of objects.","I can connect motion diagrams, data tables, and graphs to written descriptions of motion and critique an incorrect motion model and revise it using evidence.",develop/evaluate models; representation translation; argument from evidence,short constructed response,constructed-response,instructional,120,,,,Unit 2 Assessment Plan | Conceptual Physics Framework section archetypes/source packet,
U2-S5-WU3-Q01,AP/SCI,Conceptual Physics,2,2.5,Warm-Up 3,warmup,WU3-Q01,unit-to-date,U2-MG04,,,,U2-S5-WU3-F1,dedicated_warmup,,1,"Students will use velocity vectors, motion diagrams, and simple graphs to model and explain the motion of objects.","I can connect motion diagrams, data tables, and graphs to written descriptions of motion and critique an incorrect motion model and revise it using evidence.",develop/evaluate models; representation translation; argument from evidence,short constructed response,constructed-response,instructional,120,,,,Unit 2 Assessment Plan | Conceptual Physics Framework section archetypes/source packet,
U2-S5-WU3-Q02,AP/SCI,Conceptual Physics,2,2.5,Warm-Up 3,warmup,WU3-Q02,unit-to-date,U2-MG04,,,,U2-S5-WU3-F2,dedicated_warmup,,2,"Students will use velocity vectors, motion diagrams, and simple graphs to model and explain the motion of objects.",I can represent velocity with arrows that show both speed and direction.,develop/evaluate models; representation translation; argument from evidence,short constructed response,constructed-response,instructional,120,,,,Unit 2 Assessment Plan | Conceptual Physics Framework section archetypes/source packet,
U2-S1-ET-A-Q01,AP/SCI,Conceptual Physics,2,2.1,Exit Ticket,exit_ticket,ET-A-Q01,secure-evidence,U2-MG01,U2-EP001,,,U2-S1-ET-A-F01,independent_evidence,paired reference-frame narrative,2,Students will explain that motion is relative and describe an object’s motion using an appropriate frame of reference.,I can explain why an object can be moving relative to one reference frame but not another.,modeling; perspective/representation reasoning; explanation,constructed response evidence,constructed-response,formative-secure,180,,,,Unit 2 Assessment Plan | Conceptual Physics Framework section archetypes/source packet,
U2-S1-ET-B-Q01,AP/SCI,Conceptual Physics,2,2.1,Exit Ticket,exit_ticket,ET-B-Q01,secure-evidence,U2-MG01,U2-EP002,,,U2-S1-ET-B-F01,independent_evidence,compare observer claims,2,Students will explain that motion is relative and describe an object’s motion using an appropriate frame of reference.,I can identify the reference frame used in a motion description.,modeling; perspective/representation reasoning; explanation,constructed response evidence,constructed-response,formative-secure,180,,,,Unit 2 Assessment Plan | Conceptual Physics Framework section archetypes/source packet,
U2-S1-ET-C-Q01,AP/SCI,Conceptual Physics,2,2.1,Exit Ticket,exit_ticket,ET-C-Q01,secure-evidence,U2-MG01,U2-EP003,,,U2-S1-ET-C-F01,independent_evidence,position data plus reference frame,3,Students will explain that motion is relative and describe an object’s motion using an appropriate frame of reference.,I can compare motion from two different points of view and explain why everyday motion is usually described relative to Earth’s surface.,modeling; perspective/representation reasoning; explanation,constructed response evidence,constructed-response,formative-secure,180,,,,Unit 2 Assessment Plan | Conceptual Physics Framework section archetypes/source packet,
U2-S2-ET-A-Q01,AP/SCI,Conceptual Physics,2,2.2,Exit Ticket,exit_ticket,ET-A-Q01,secure-evidence,U2-MG02,U2-EP004,,,U2-S2-ET-A-F01,independent_evidence,calculation plus velocity meaning,2,"Students will distinguish between speed and velocity and use distance, time, and direction to describe motion.",I can calculate average speed from distance and time.,quantitative reasoning; data interpretation; communication with units,constructed response evidence,constructed-response,formative-secure,180,,,,Unit 2 Assessment Plan | Conceptual Physics Framework section archetypes/source packet,
U2-S2-ET-B-Q01,AP/SCI,Conceptual Physics,2,2.2,Exit Ticket,exit_ticket,ET-B-Q01,secure-evidence,U2-MG02,U2-EP005,,,U2-S2-ET-B-F01,independent_evidence,two-leg trip,2,"Students will distinguish between speed and velocity and use distance, time, and direction to describe motion.",I can distinguish instantaneous speed from average speed.,quantitative reasoning; data interpretation; communication with units,constructed response evidence,constructed-response,formative-secure,180,,,,Unit 2 Assessment Plan | Conceptual Physics Framework section archetypes/source packet,
U2-S2-ET-C-Q01,AP/SCI,Conceptual Physics,2,2.2,Exit Ticket,exit_ticket,ET-C-Q01,secure-evidence,U2-MG02,U2-EP006,,,U2-S2-ET-C-F01,independent_evidence,tabular speed evidence,3,"Students will distinguish between speed and velocity and use distance, time, and direction to describe motion.","I can explain that velocity includes both speed and direction and compare examples of constant speed, constant velocity, and changing velocity.",quantitative reasoning; data interpretation; communication with units,constructed response evidence,constructed-response,formative-secure,180,,,,Unit 2 Assessment Plan | Conceptual Physics Framework section archetypes/source packet,
U2-S3-ET-A-Q01,AP/SCI,Conceptual Physics,2,2.3,Exit Ticket,exit_ticket,ET-A-Q01,secure-evidence,U2-MG03,U2-EP007,,,U2-S3-ET-A-F01,independent_evidence,signed acceleration and speed trend,2,"Students will explain acceleration as the rate at which velocity changes and identify acceleration from motion descriptions, data, and graphs.",I can calculate acceleration from change in velocity and time.,graph/data interpretation; quantitative reasoning; model translation,constructed response evidence,constructed-response,formative-secure,180,,,,Unit 2 Assessment Plan | Conceptual Physics Framework section archetypes/source packet,
U2-S3-ET-B-Q01,AP/SCI,Conceptual Physics,2,2.3,Exit Ticket,exit_ticket,ET-B-Q01,secure-evidence,U2-MG03,U2-EP008,,,U2-S3-ET-B-F01,independent_evidence,constant-speed turning,2,"Students will explain acceleration as the rate at which velocity changes and identify acceleration from motion descriptions, data, and graphs.","I can explain that acceleration can involve speeding up, slowing down, or changing direction.",graph/data interpretation; quantitative reasoning; model translation,constructed response evidence,constructed-response,formative-secure,180,,,,Unit 2 Assessment Plan | Conceptual Physics Framework section archetypes/source packet,
U2-S3-ET-C-Q01,AP/SCI,Conceptual Physics,2,2.3,Exit Ticket,exit_ticket,ET-C-Q01,secure-evidence,U2-MG03,U2-EP009,,,U2-S3-ET-C-F01,independent_evidence,velocity-time graph interpretation,3,"Students will explain acceleration as the rate at which velocity changes and identify acceleration from motion descriptions, data, and graphs.","I can identify positive, negative, or zero acceleration from a motion situation and interpret simple motion graphs and connect them to velocity or acceleration.",graph/data interpretation; quantitative reasoning; model translation,constructed response evidence,constructed-response,formative-secure,180,,,,Unit 2 Assessment Plan | Conceptual Physics Framework section archetypes/source packet,
U2-S4-ET-A-Q01,AP/SCI,Conceptual Physics,2,2.4,Exit Ticket,exit_ticket,ET-A-Q01,secure-evidence,U2-MG03,U2-EP010,,,U2-S4-ET-A-F01,independent_evidence,free-fall dual relationship,2,Students will describe free fall as motion under the influence of gravity alone and use simple free-fall relationships to determine speed or distance fallen.,I can explain why objects in free fall accelerate at the same rate when air resistance is ignored.,mathematical reasoning; model evaluation; explanation of phenomena,constructed response evidence,constructed-response,formative-secure,180,,,,Unit 2 Assessment Plan | Conceptual Physics Framework section archetypes/source packet,
U2-S4-ET-B-Q01,AP/SCI,Conceptual Physics,2,2.4,Exit Ticket,exit_ticket,ET-B-Q01,secure-evidence,U2-MG03,U2-EP011,,,U2-S4-ET-B-F01,independent_evidence,vacuum comparison,2,Students will describe free fall as motion under the influence of gravity alone and use simple free-fall relationships to determine speed or distance fallen.,I can use $g \approx 10\text{ m/s}^2$ to determine speed gained during free fall.,mathematical reasoning; model evaluation; explanation of phenomena,constructed response evidence,constructed-response,formative-secure,180,,,,Unit 2 Assessment Plan | Conceptual Physics Framework section archetypes/source packet,
U2-S4-ET-C-Q01,AP/SCI,Conceptual Physics,2,2.4,Exit Ticket,exit_ticket,ET-C-Q01,secure-evidence,U2-MG03,U2-EP012,,,U2-S4-ET-C-F01,independent_evidence,model limitation with drag,3,Students will describe free fall as motion under the influence of gravity alone and use simple free-fall relationships to determine speed or distance fallen.,I can use free-fall patterns to compare distance fallen during different time intervals and distinguish free fall from falling with significant air resistance.,mathematical reasoning; model evaluation; explanation of phenomena,constructed response evidence,constructed-response,formative-secure,180,,,,Unit 2 Assessment Plan | Conceptual Physics Framework section archetypes/source packet,
U2-S5-ET-A-Q01,AP/SCI,Conceptual Physics,2,2.5,Exit Ticket,exit_ticket,ET-A-Q01,secure-evidence,U2-MG04,U2-EP013,,,U2-S5-ET-A-F01,independent_evidence,vector-turn interpretation,2,"Students will use velocity vectors, motion diagrams, and simple graphs to model and explain the motion of objects.",I can represent velocity with arrows that show both speed and direction.,develop/evaluate models; representation translation; argument from evidence,constructed response evidence,constructed-response,formative-secure,180,,,,Unit 2 Assessment Plan | Conceptual Physics Framework section archetypes/source packet,
U2-S5-ET-B-Q01,AP/SCI,Conceptual Physics,2,2.5,Exit Ticket,exit_ticket,ET-B-Q01,secure-evidence,U2-MG04,U2-EP014,,,U2-S5-ET-B-F01,independent_evidence,position-time graph to velocity vectors and future position,2,"Students will use velocity vectors, motion diagrams, and simple graphs to model and explain the motion of objects.",I can compare velocity vectors to determine whether an object’s velocity is changing.,develop/evaluate models; representation translation; argument from evidence,constructed response evidence,constructed-response,formative-secure,180,,,,Unit 2 Assessment Plan | Conceptual Physics Framework section archetypes/source packet,
U2-S5-ET-C-Q01,AP/SCI,Conceptual Physics,2,2.5,Exit Ticket,exit_ticket,ET-C-Q01,secure-evidence,U2-MG04,U2-EP015,,,U2-S5-ET-C-F01,independent_evidence,model critique and revision,3,"Students will use velocity vectors, motion diagrams, and simple graphs to model and explain the motion of objects.","I can connect motion diagrams, data tables, and graphs to written descriptions of motion and critique an incorrect motion model and revise it using evidence.",develop/evaluate models; representation translation; argument from evidence,constructed response evidence,constructed-response,formative-secure,180,,,,Unit 2 Assessment Plan | Conceptual Physics Framework section archetypes/source packet,
U2-REV-Q01,AP/SCI,Conceptual Physics,2,2.1,Unit Review,unit_review,Q01,unit-synthesis,U2-MG01,,,,U2-REV-F01,dedicated_review,,2,Students will explain that motion is relative and describe an object’s motion using an appropriate frame of reference.,I can explain why an object can be moving relative to one reference frame but not another.,modeling; perspective/representation reasoning; explanation,mixed review,constructed-response,instructional,90,,,,Unit 2 Assessment Plan | Conceptual Physics Framework section archetypes/source packet,
U2-REV-Q02,AP/SCI,Conceptual Physics,2,2.1,Unit Review,unit_review,Q02,unit-synthesis,U2-MG01,,,,U2-REV-F02,dedicated_review,,2,Students will explain that motion is relative and describe an object’s motion using an appropriate frame of reference.,I can identify the reference frame used in a motion description.,modeling; perspective/representation reasoning; explanation,mixed review,constructed-response,instructional,90,,,,Unit 2 Assessment Plan | Conceptual Physics Framework section archetypes/source packet,
U2-REV-Q03,AP/SCI,Conceptual Physics,2,2.1,Unit Review,unit_review,Q03,unit-synthesis,U2-MG01,,,,U2-REV-F03,dedicated_review,,2,Students will explain that motion is relative and describe an object’s motion using an appropriate frame of reference.,I can compare motion from two different points of view and explain why everyday motion is usually described relative to Earth’s surface.,modeling; perspective/representation reasoning; explanation,mixed review,constructed-response,instructional,90,,,,Unit 2 Assessment Plan | Conceptual Physics Framework section archetypes/source packet,
U2-REV-Q04,AP/SCI,Conceptual Physics,2,2.1,Unit Review,unit_review,Q04,unit-synthesis,U2-MG01,,,,U2-REV-F04,dedicated_review,,2,Students will explain that motion is relative and describe an object’s motion using an appropriate frame of reference.,I can explain why an object can be moving relative to one reference frame but not another.,modeling; perspective/representation reasoning; explanation,mixed review,constructed-response,instructional,90,,,,Unit 2 Assessment Plan | Conceptual Physics Framework section archetypes/source packet,
U2-REV-Q05,AP/SCI,Conceptual Physics,2,2.2,Unit Review,unit_review,Q05,unit-synthesis,U2-MG02,,,,U2-REV-F05,dedicated_review,,1,"Students will distinguish between speed and velocity and use distance, time, and direction to describe motion.",I can distinguish instantaneous speed from average speed.,quantitative reasoning; data interpretation; communication with units,mixed review,constructed-response,instructional,90,,,,Unit 2 Assessment Plan | Conceptual Physics Framework section archetypes/source packet,
U2-REV-Q06,AP/SCI,Conceptual Physics,2,2.2,Unit Review,unit_review,Q06,unit-synthesis,U2-MG02,,,,U2-REV-F06,dedicated_review,,2,"Students will distinguish between speed and velocity and use distance, time, and direction to describe motion.","I can explain that velocity includes both speed and direction and compare examples of constant speed, constant velocity, and changing velocity.",quantitative reasoning; data interpretation; communication with units,mixed review,constructed-response,instructional,90,,,,Unit 2 Assessment Plan | Conceptual Physics Framework section archetypes/source packet,
U2-REV-Q07,AP/SCI,Conceptual Physics,2,2.2,Unit Review,unit_review,Q07,unit-synthesis,U2-MG02,,,,U2-REV-F07,dedicated_review,,2,"Students will distinguish between speed and velocity and use distance, time, and direction to describe motion.",I can calculate average speed from distance and time.,quantitative reasoning; data interpretation; communication with units,mixed review,constructed-response,instructional,90,,,,Unit 2 Assessment Plan | Conceptual Physics Framework section archetypes/source packet,
U2-REV-Q08,AP/SCI,Conceptual Physics,2,2.2,Unit Review,unit_review,Q08,unit-synthesis,U2-MG02,,,,U2-REV-F08,dedicated_review,,2,"Students will distinguish between speed and velocity and use distance, time, and direction to describe motion.",I can distinguish instantaneous speed from average speed.,quantitative reasoning; data interpretation; communication with units,mixed review,constructed-response,instructional,90,,,,Unit 2 Assessment Plan | Conceptual Physics Framework section archetypes/source packet,
U2-REV-Q09,AP/SCI,Conceptual Physics,2,2.3,Unit Review,unit_review,Q09,unit-synthesis,U2-MG03,,,,U2-REV-F09,dedicated_review,,1,"Students will explain acceleration as the rate at which velocity changes and identify acceleration from motion descriptions, data, and graphs.","I can identify positive, negative, or zero acceleration from a motion situation and interpret simple motion graphs and connect them to velocity or acceleration.",graph/data interpretation; quantitative reasoning; model translation,mixed review,constructed-response,instructional,90,,,,Unit 2 Assessment Plan | Conceptual Physics Framework section archetypes/source packet,
U2-REV-Q10,AP/SCI,Conceptual Physics,2,2.3,Unit Review,unit_review,Q10,unit-synthesis,U2-MG03,,,,U2-REV-F10,dedicated_review,,2,"Students will explain acceleration as the rate at which velocity changes and identify acceleration from motion descriptions, data, and graphs.",I can calculate acceleration from change in velocity and time.,graph/data interpretation; quantitative reasoning; model translation,mixed review,constructed-response,instructional,90,,,,Unit 2 Assessment Plan | Conceptual Physics Framework section archetypes/source packet,
U2-REV-Q11,AP/SCI,Conceptual Physics,2,2.3,Unit Review,unit_review,Q11,unit-synthesis,U2-MG03,,,,U2-REV-F11,dedicated_review,,2,"Students will explain acceleration as the rate at which velocity changes and identify acceleration from motion descriptions, data, and graphs.","I can explain that acceleration can involve speeding up, slowing down, or changing direction.",graph/data interpretation; quantitative reasoning; model translation,mixed review,constructed-response,instructional,90,,,,Unit 2 Assessment Plan | Conceptual Physics Framework section archetypes/source packet,
U2-REV-Q12,AP/SCI,Conceptual Physics,2,2.3,Unit Review,unit_review,Q12,unit-synthesis,U2-MG03,,,,U2-REV-F12,dedicated_review,,2,"Students will explain acceleration as the rate at which velocity changes and identify acceleration from motion descriptions, data, and graphs.","I can identify positive, negative, or zero acceleration from a motion situation and interpret simple motion graphs and connect them to velocity or acceleration.",graph/data interpretation; quantitative reasoning; model translation,mixed review,constructed-response,instructional,90,,,,Unit 2 Assessment Plan | Conceptual Physics Framework section archetypes/source packet,
U2-REV-Q13,AP/SCI,Conceptual Physics,2,2.3,Unit Review,unit_review,Q13,unit-synthesis,U2-MG03,,,,U2-REV-F13,dedicated_review,,1,"Students will explain acceleration as the rate at which velocity changes and identify acceleration from motion descriptions, data, and graphs.",I can calculate acceleration from change in velocity and time.,graph/data interpretation; quantitative reasoning; model translation,mixed review,constructed-response,instructional,90,,,,Unit 2 Assessment Plan | Conceptual Physics Framework section archetypes/source packet,
U2-REV-Q14,AP/SCI,Conceptual Physics,2,2.3,Unit Review,unit_review,Q14,unit-synthesis,U2-MG03,,,,U2-REV-F14,dedicated_review,,1,"Students will explain acceleration as the rate at which velocity changes and identify acceleration from motion descriptions, data, and graphs.","I can explain that acceleration can involve speeding up, slowing down, or changing direction.",graph/data interpretation; quantitative reasoning; model translation,mixed review,constructed-response,instructional,90,,,,Unit 2 Assessment Plan | Conceptual Physics Framework section archetypes/source packet,
U2-REV-Q15,AP/SCI,Conceptual Physics,2,2.3,Unit Review,unit_review,Q15,unit-synthesis,U2-MG03,,,,U2-REV-F15,dedicated_review,,2,"Students will explain acceleration as the rate at which velocity changes and identify acceleration from motion descriptions, data, and graphs.","I can identify positive, negative, or zero acceleration from a motion situation and interpret simple motion graphs and connect them to velocity or acceleration.",graph/data interpretation; quantitative reasoning; model translation,mixed review,constructed-response,instructional,90,,,,Unit 2 Assessment Plan | Conceptual Physics Framework section archetypes/source packet,
U2-REV-Q16,AP/SCI,Conceptual Physics,2,2.3,Unit Review,unit_review,Q16,unit-synthesis,U2-MG03,,,,U2-REV-F16,dedicated_review,,2,"Students will explain acceleration as the rate at which velocity changes and identify acceleration from motion descriptions, data, and graphs.",I can calculate acceleration from change in velocity and time.,graph/data interpretation; quantitative reasoning; model translation,mixed review,constructed-response,instructional,90,,,,Unit 2 Assessment Plan | Conceptual Physics Framework section archetypes/source packet,
U2-REV-Q17,AP/SCI,Conceptual Physics,2,2.5,Unit Review,unit_review,Q17,unit-synthesis,U2-MG04,,,,U2-REV-F17,dedicated_review,,2,"Students will use velocity vectors, motion diagrams, and simple graphs to model and explain the motion of objects.",I can compare velocity vectors to determine whether an object’s velocity is changing.,develop/evaluate models; representation translation; argument from evidence,mixed review,constructed-response,instructional,90,,,,Unit 2 Assessment Plan | Conceptual Physics Framework section archetypes/source packet,
U2-REV-Q18,AP/SCI,Conceptual Physics,2,2.5,Unit Review,unit_review,Q18,unit-synthesis,U2-MG04,,,,U2-REV-F18,dedicated_review,,2,"Students will use velocity vectors, motion diagrams, and simple graphs to model and explain the motion of objects.","I can connect motion diagrams, data tables, and graphs to written descriptions of motion and critique an incorrect motion model and revise it using evidence.",develop/evaluate models; representation translation; argument from evidence,mixed review,constructed-response,instructional,90,,,,Unit 2 Assessment Plan | Conceptual Physics Framework section archetypes/source packet,
U2-REV-Q19,AP/SCI,Conceptual Physics,2,2.5,Unit Review,unit_review,Q19,unit-synthesis,U2-MG04,,,,U2-REV-F19,dedicated_review,,2,"Students will use velocity vectors, motion diagrams, and simple graphs to model and explain the motion of objects.",I can represent velocity with arrows that show both speed and direction.,develop/evaluate models; representation translation; argument from evidence,mixed review,constructed-response,instructional,90,,,,Unit 2 Assessment Plan | Conceptual Physics Framework section archetypes/source packet,
U2-REV-Q20,AP/SCI,Conceptual Physics,2,2.5,Unit Review,unit_review,Q20,unit-synthesis,U2-MG04,,,,U2-REV-F20,dedicated_review,,2,"Students will use velocity vectors, motion diagrams, and simple graphs to model and explain the motion of objects.",I can compare velocity vectors to determine whether an object’s velocity is changing.,develop/evaluate models; representation translation; argument from evidence,mixed review,constructed-response,instructional,90,,,,Unit 2 Assessment Plan | Conceptual Physics Framework section archetypes/source packet,
U2-EXT01,AP/SCI,Conceptual Physics,2,2.1,Extended Reasoning,extended,EXT01,secure-evidence,U2-MG01,U2-EP016,,,U2-EXT-F01,secure_independent,reference-frame model comparison,3,Students will explain that motion is relative and describe an object’s motion using an appropriate frame of reference.,I can explain why an object can be moving relative to one reference frame but not another.,modeling; perspective/representation reasoning; explanation,extended constructed response,constructed-response,secure,420,,,,Unit 2 Assessment Plan | Conceptual Physics Framework section archetypes/source packet,
U2-EXT02,AP/SCI,Conceptual Physics,2,2.2,Extended Reasoning,extended,EXT02,secure-evidence,U2-MG02,U2-EP017,,,U2-EXT-F02,secure_independent,multi-leg quantitative motion,3,"Students will distinguish between speed and velocity and use distance, time, and direction to describe motion.",I can distinguish instantaneous speed from average speed.,quantitative reasoning; data interpretation; communication with units,extended constructed response,constructed-response,secure,420,,,,Unit 2 Assessment Plan | Conceptual Physics Framework section archetypes/source packet,
U2-EXT03,AP/SCI,Conceptual Physics,2,2.3,Extended Reasoning,extended,EXT03,secure-evidence,U2-MG03,U2-EP018,,,U2-EXT-F03,secure_independent,signed velocity-time data analysis,3,"Students will explain acceleration as the rate at which velocity changes and identify acceleration from motion descriptions, data, and graphs.","I can identify positive, negative, or zero acceleration from a motion situation and interpret simple motion graphs and connect them to velocity or acceleration.",graph/data interpretation; quantitative reasoning; model translation,extended constructed response,constructed-response,secure,420,,,,Unit 2 Assessment Plan | Conceptual Physics Framework section archetypes/source packet,
U2-EXT04,AP/SCI,Conceptual Physics,2,2.5,Extended Reasoning,extended,EXT04,secure-evidence,U2-MG04,U2-EP019,,,U2-EXT-F04,secure_independent,motion diagram to velocity-time translation,3,"Students will use velocity vectors, motion diagrams, and simple graphs to model and explain the motion of objects.",I can represent velocity with arrows that show both speed and direction.,develop/evaluate models; representation translation; argument from evidence,extended constructed response,constructed-response,secure,420,,,,Unit 2 Assessment Plan | Conceptual Physics Framework section archetypes/source packet,
U2-EXT05,AP/SCI,Conceptual Physics,2,2.4,Extended Reasoning,extended,EXT05,secure-evidence,U2-MG03,U2-EP020,,,U2-EXT-F05,secure_independent,free-fall scaling argument,3,Students will describe free fall as motion under the influence of gravity alone and use simple free-fall relationships to determine speed or distance fallen.,I can use $g \approx 10\text{ m/s}^2$ to determine speed gained during free fall.,mathematical reasoning; model evaluation; explanation of phenomena,extended constructed response,constructed-response,secure,420,,,,Unit 2 Assessment Plan | Conceptual Physics Framework section archetypes/source packet,
U2-EXT06,AP/SCI,Conceptual Physics,2,2.4,Extended Reasoning,extended,EXT06,secure-evidence,U2-MG03,U2-EP021,,,U2-EXT-F06,secure_independent,model validity from phenomenon evidence,3,Students will describe free fall as motion under the influence of gravity alone and use simple free-fall relationships to determine speed or distance fallen.,I can use free-fall patterns to compare distance fallen during different time intervals and distinguish free fall from falling with significant air resistance.,mathematical reasoning; model evaluation; explanation of phenomena,extended constructed response,constructed-response,secure,420,,,,Unit 2 Assessment Plan | Conceptual Physics Framework section archetypes/source packet,
U2-EXT07,AP/SCI,Conceptual Physics,2,2.5,Extended Reasoning,extended,EXT07,secure-evidence,U2-MG04,U2-EP022,,,U2-EXT-F07,secure_independent,vector addition with frames,3,"Students will use velocity vectors, motion diagrams, and simple graphs to model and explain the motion of objects.",I can represent velocity with arrows that show both speed and direction.,develop/evaluate models; representation translation; argument from evidence,extended constructed response,constructed-response,secure,420,,,,Unit 2 Assessment Plan | Conceptual Physics Framework section archetypes/source packet,
U2-EXT08,AP/SCI,Conceptual Physics,2,2.5,Extended Reasoning,extended,EXT08,secure-evidence,U2-MG04,U2-EP023,,,U2-EXT-F08,secure_independent,nonlinear position data critique,3,"Students will use velocity vectors, motion diagrams, and simple graphs to model and explain the motion of objects.",I can compare velocity vectors to determine whether an object’s velocity is changing.,develop/evaluate models; representation translation; argument from evidence,extended constructed response,constructed-response,secure,420,,,,Unit 2 Assessment Plan | Conceptual Physics Framework section archetypes/source packet,
U2-EXT09,AP/SCI,Conceptual Physics,2,2.3,Extended Reasoning,extended,EXT09,secure-evidence,U2-MG03,U2-EP024,,,U2-EXT-F09,secure_independent,sign reasoning across reversal,3,"Students will explain acceleration as the rate at which velocity changes and identify acceleration from motion descriptions, data, and graphs.","I can identify positive, negative, or zero acceleration from a motion situation and interpret simple motion graphs and connect them to velocity or acceleration.",graph/data interpretation; quantitative reasoning; model translation,extended constructed response,constructed-response,secure,420,,,,Unit 2 Assessment Plan | Conceptual Physics Framework section archetypes/source packet,
U2-EXT10,AP/SCI,Conceptual Physics,2,2.5,Extended Reasoning,extended,EXT10,secure-evidence,U2-MG04,U2-EP025,,,U2-EXT-F10,secure_independent,multi-phase representation design,3,"Students will use velocity vectors, motion diagrams, and simple graphs to model and explain the motion of objects.",I can represent velocity with arrows that show both speed and direction.,develop/evaluate models; representation translation; argument from evidence,extended constructed response,constructed-response,secure,420,,,,Unit 2 Assessment Plan | Conceptual Physics Framework section archetypes/source packet,
U2-PERF01,AP/SCI,Conceptual Physics,2,2.5,Performance Task,performance,PERF01,secure-evidence,U2-MG02 | U2-MG04,U2-EP026 | U2-EP027,,,U2-PERF-F01,secure_performance,position-time dataset -> phase analysis -> average speed/velocity -> graph/vector model -> critique position-vs-velocity misconception,3,"Students will use velocity vectors, motion diagrams, and simple graphs to model and explain the motion of objects.","I can connect motion diagrams, data tables, and graphs to written descriptions of motion and critique an incorrect motion model and revise it using evidence.",mathematical reasoning; representation translation; model critique,performance task,constructed-response,secure,1500,,,,Unit 2 Assessment Plan | Conceptual Physics Framework section archetypes/source packet,
U2-PERF02,AP/SCI,Conceptual Physics,2,2.4,Performance Task,performance,PERF02,secure-evidence,U2-MG03 | U2-MG04,U2-EP028 | U2-EP029,,,U2-PERF-F02,secure_performance,two-object velocity dataset -> interval acceleration -> ideal-model comparison -> prediction -> model limitation -> experimental improvement,3,Students will describe free fall as motion under the influence of gravity alone and use simple free-fall relationships to determine speed or distance fallen.,I can use free-fall patterns to compare distance fallen during different time intervals and distinguish free fall from falling with significant air resistance.,data interpretation; mathematical reasoning; model evaluation; experimental reasoning,performance task,constructed-response,secure,1500,,,,Unit 2 Assessment Plan | Conceptual Physics Framework section archetypes/source packet,
U2-SUM-V1-Q01,AP/SCI,Conceptual Physics,2,2.1,Summative,summative,V1-Q01,secure-evidence,U2-MG01,U2-EP030,V1,U2-SUM-SLOT01,U2-SUM-TD-FAM01,test_day_controlled_variant,object fixed in moving vehicle; select paired frame descriptions,2,Students will explain that motion is relative and describe an object’s motion using an appropriate frame of reference.,I can explain why an object can be moving relative to one reference frame but not another.,perspective/representation reasoning,selected response,multiple-choice,secure,90,,,,Unit 2 Assessment Plan | Conceptual Physics Framework section archetypes/source packet,
U2-SUM-V1-Q02,AP/SCI,Conceptual Physics,2,2.1,Summative,summative,V1-Q02,secure-evidence,U2-MG01,U2-EP031,V1,U2-SUM-SLOT02,U2-SUM-TD-FAM02,test_day_controlled_variant,paired observer claims; explain frame dependence,3,Students will explain that motion is relative and describe an object’s motion using an appropriate frame of reference.,I can identify the reference frame used in a motion description.,scientific explanation,constructed response,constructed-response,secure,300,,,,Unit 2 Assessment Plan | Conceptual Physics Framework section archetypes/source packet,
U2-SUM-V1-Q03,AP/SCI,Conceptual Physics,2,2.2,Summative,summative,V1-Q03,secure-evidence,U2-MG02,U2-EP032,V1,U2-SUM-SLOT03,U2-SUM-TD-FAM03,test_day_controlled_variant,odometer change over elapsed time -> average speed,2,"Students will distinguish between speed and velocity and use distance, time, and direction to describe motion.","I can explain that velocity includes both speed and direction and compare examples of constant speed, constant velocity, and changing velocity.",mathematical reasoning,selected response,multiple-choice,secure,90,,,,Unit 2 Assessment Plan | Conceptual Physics Framework section archetypes/source packet,
U2-SUM-V1-Q04,AP/SCI,Conceptual Physics,2,2.2,Summative,summative,V1-Q04,secure-evidence,U2-MG02,U2-EP033,V1,U2-SUM-SLOT04,U2-SUM-TD-FAM04,test_day_controlled_variant,magnitude plus direction -> identify velocity,2,"Students will distinguish between speed and velocity and use distance, time, and direction to describe motion.",I can calculate average speed from distance and time.,representation interpretation,selected response,multiple-choice,secure,90,,,,Unit 2 Assessment Plan | Conceptual Physics Framework section archetypes/source packet,
U2-SUM-V1-Q05,AP/SCI,Conceptual Physics,2,2.2,Summative,summative,V1-Q05,secure-evidence,U2-MG02,U2-EP034,V1,U2-SUM-SLOT05,U2-SUM-TD-FAM05,test_day_controlled_variant,unequal-time checkpoint data -> compare interval rates and whole-trip average,3,"Students will distinguish between speed and velocity and use distance, time, and direction to describe motion.",I can distinguish instantaneous speed from average speed.,data interpretation,constructed response,constructed-response,secure,300,,,,Unit 2 Assessment Plan | Conceptual Physics Framework section archetypes/source packet,
U2-SUM-V1-Q06,AP/SCI,Conceptual Physics,2,2.3,Summative,summative,V1-Q06,secure-evidence,U2-MG03,U2-EP035,V1,U2-SUM-SLOT06,U2-SUM-TD-FAM06,test_day_controlled_variant,three-point velocity record -> infer constant acceleration,2,"Students will explain acceleration as the rate at which velocity changes and identify acceleration from motion descriptions, data, and graphs.","I can identify positive, negative, or zero acceleration from a motion situation and interpret simple motion graphs and connect them to velocity or acceleration.",mathematical reasoning,selected response,multiple-choice,secure,90,,,,Unit 2 Assessment Plan | Conceptual Physics Framework section archetypes/source packet,
U2-SUM-V1-Q07,AP/SCI,Conceptual Physics,2,2.3,Summative,summative,V1-Q07,secure-evidence,U2-MG03,U2-EP036,V1,U2-SUM-SLOT07,U2-SUM-TD-FAM07,test_day_controlled_variant,positive velocity decreases; infer acceleration sign and speed trend,2,"Students will explain acceleration as the rate at which velocity changes and identify acceleration from motion descriptions, data, and graphs.",I can calculate acceleration from change in velocity and time.,representation reasoning,selected response,multiple-choice,secure,90,,,,Unit 2 Assessment Plan | Conceptual Physics Framework section archetypes/source packet,
U2-SUM-V1-Q08,AP/SCI,Conceptual Physics,2,2.4,Summative,summative,V1-Q08,secure-evidence,U2-MG03,U2-EP037,V1,U2-SUM-SLOT08,U2-SUM-TD-FAM08,test_day_controlled_variant,free fall from rest; v=gt,2,Students will describe free fall as motion under the influence of gravity alone and use simple free-fall relationships to determine speed or distance fallen.,I can use $g \approx 10\text{ m/s}^2$ to determine speed gained during free fall.,mathematical reasoning,selected response,multiple-choice,secure,90,,,,Unit 2 Assessment Plan | Conceptual Physics Framework section archetypes/source packet,
U2-SUM-V1-Q09,AP/SCI,Conceptual Physics,2,2.4,Summative,summative,V1-Q09,secure-evidence,U2-MG03,U2-EP038,V1,U2-SUM-SLOT09,U2-SUM-TD-FAM09,test_day_controlled_variant,falling object reaches near-constant speed; evaluate ideal model,3,Students will describe free fall as motion under the influence of gravity alone and use simple free-fall relationships to determine speed or distance fallen.,I can use free-fall patterns to compare distance fallen during different time intervals and distinguish free fall from falling with significant air resistance.,model evaluation; explanation,constructed response,constructed-response,secure,300,,,,Unit 2 Assessment Plan | Conceptual Physics Framework section archetypes/source packet,
U2-SUM-V1-Q10,AP/SCI,Conceptual Physics,2,2.5,Summative,summative,V1-Q10,secure-evidence,U2-MG04,U2-EP039,V1,U2-SUM-SLOT10,U2-SUM-TD-FAM10,test_day_controlled_variant,equal vector length with changed direction,2,"Students will use velocity vectors, motion diagrams, and simple graphs to model and explain the motion of objects.",I can represent velocity with arrows that show both speed and direction.,representation translation,selected response,multiple-choice,secure,90,,,,Unit 2 Assessment Plan | Conceptual Physics Framework section archetypes/source packet,
U2-SUM-V1-Q11,AP/SCI,Conceptual Physics,2,2.5,Summative,summative,V1-Q11,secure-evidence,U2-MG04,U2-EP040,V1,U2-SUM-SLOT11,U2-SUM-TD-FAM11,test_day_controlled_variant,linear position table -> graph and motion diagram,3,"Students will use velocity vectors, motion diagrams, and simple graphs to model and explain the motion of objects.",I can compare velocity vectors to determine whether an object’s velocity is changing.,develop/use models; representation translation,constructed response,constructed-response,secure,300,,,,Unit 2 Assessment Plan | Conceptual Physics Framework section archetypes/source packet,
U2-SUM-V1-Q12,AP/SCI,Conceptual Physics,2,2.5,Summative,summative,V1-Q12,secure-evidence,U2-MG04 | U2-MG03,U2-EP041 | U2-EP042,V1,U2-SUM-SLOT12,U2-SUM-TD-FAM12,test_day_controlled_variant,increasing dot spacing versus equal velocity arrows; critique and revise,3,"Students will use velocity vectors, motion diagrams, and simple graphs to model and explain the motion of objects.","I can connect motion diagrams, data tables, and graphs to written descriptions of motion and critique an incorrect motion model and revise it using evidence.",argument from evidence; model critique,constructed response,constructed-response,secure,420,,,,Unit 2 Assessment Plan | Conceptual Physics Framework section archetypes/source packet,
U2-SUM-V2-Q01,AP/SCI,Conceptual Physics,2,2.2,Summative,summative,V2-Q01,secure-evidence,U2-MG02,U2-EP043,V2,U2-SUM-SLOT04,U2-SUM-TD-FAM04,test_day_controlled_variant,magnitude plus direction -> identify velocity,2,"Students will distinguish between speed and velocity and use distance, time, and direction to describe motion.",I can calculate average speed from distance and time.,representation interpretation,selected response,multiple-choice,secure,90,,,,Unit 2 Assessment Plan | Conceptual Physics Framework section archetypes/source packet,
U2-SUM-V2-Q02,AP/SCI,Conceptual Physics,2,2.2,Summative,summative,V2-Q02,secure-evidence,U2-MG02,U2-EP044,V2,U2-SUM-SLOT05,U2-SUM-TD-FAM05,test_day_controlled_variant,unequal-time checkpoint data -> compare interval rates and whole-trip average,3,"Students will distinguish between speed and velocity and use distance, time, and direction to describe motion.",I can distinguish instantaneous speed from average speed.,data interpretation,constructed response,constructed-response,secure,300,,,,Unit 2 Assessment Plan | Conceptual Physics Framework section archetypes/source packet,
U2-SUM-V2-Q03,AP/SCI,Conceptual Physics,2,2.3,Summative,summative,V2-Q03,secure-evidence,U2-MG03,U2-EP045,V2,U2-SUM-SLOT06,U2-SUM-TD-FAM06,test_day_controlled_variant,three-point velocity record -> infer constant acceleration,2,"Students will explain acceleration as the rate at which velocity changes and identify acceleration from motion descriptions, data, and graphs.","I can identify positive, negative, or zero acceleration from a motion situation and interpret simple motion graphs and connect them to velocity or acceleration.",mathematical reasoning,selected response,multiple-choice,secure,90,,,,Unit 2 Assessment Plan | Conceptual Physics Framework section archetypes/source packet,
U2-SUM-V2-Q04,AP/SCI,Conceptual Physics,2,2.3,Summative,summative,V2-Q04,secure-evidence,U2-MG03,U2-EP046,V2,U2-SUM-SLOT07,U2-SUM-TD-FAM07,test_day_controlled_variant,positive velocity decreases; infer acceleration sign and speed trend,2,"Students will explain acceleration as the rate at which velocity changes and identify acceleration from motion descriptions, data, and graphs.",I can calculate acceleration from change in velocity and time.,representation reasoning,selected response,multiple-choice,secure,90,,,,Unit 2 Assessment Plan | Conceptual Physics Framework section archetypes/source packet,
U2-SUM-V2-Q05,AP/SCI,Conceptual Physics,2,2.4,Summative,summative,V2-Q05,secure-evidence,U2-MG03,U2-EP047,V2,U2-SUM-SLOT08,U2-SUM-TD-FAM08,test_day_controlled_variant,free fall from rest; v=gt,2,Students will describe free fall as motion under the influence of gravity alone and use simple free-fall relationships to determine speed or distance fallen.,I can use $g \approx 10\text{ m/s}^2$ to determine speed gained during free fall.,mathematical reasoning,selected response,multiple-choice,secure,90,,,,Unit 2 Assessment Plan | Conceptual Physics Framework section archetypes/source packet,
U2-SUM-V2-Q06,AP/SCI,Conceptual Physics,2,2.4,Summative,summative,V2-Q06,secure-evidence,U2-MG03,U2-EP048,V2,U2-SUM-SLOT09,U2-SUM-TD-FAM09,test_day_controlled_variant,falling object reaches near-constant speed; evaluate ideal model,3,Students will describe free fall as motion under the influence of gravity alone and use simple free-fall relationships to determine speed or distance fallen.,I can use free-fall patterns to compare distance fallen during different time intervals and distinguish free fall from falling with significant air resistance.,model evaluation; explanation,constructed response,constructed-response,secure,300,,,,Unit 2 Assessment Plan | Conceptual Physics Framework section archetypes/source packet,
U2-SUM-V2-Q07,AP/SCI,Conceptual Physics,2,2.5,Summative,summative,V2-Q07,secure-evidence,U2-MG04,U2-EP049,V2,U2-SUM-SLOT10,U2-SUM-TD-FAM10,test_day_controlled_variant,equal vector length with changed direction,2,"Students will use velocity vectors, motion diagrams, and simple graphs to model and explain the motion of objects.",I can represent velocity with arrows that show both speed and direction.,representation translation,selected response,multiple-choice,secure,90,,,,Unit 2 Assessment Plan | Conceptual Physics Framework section archetypes/source packet,
U2-SUM-V2-Q08,AP/SCI,Conceptual Physics,2,2.5,Summative,summative,V2-Q08,secure-evidence,U2-MG04,U2-EP050,V2,U2-SUM-SLOT11,U2-SUM-TD-FAM11,test_day_controlled_variant,linear position table -> graph and motion diagram,3,"Students will use velocity vectors, motion diagrams, and simple graphs to model and explain the motion of objects.",I can compare velocity vectors to determine whether an object’s velocity is changing.,develop/use models; representation translation,constructed response,constructed-response,secure,300,,,,Unit 2 Assessment Plan | Conceptual Physics Framework section archetypes/source packet,
U2-SUM-V2-Q09,AP/SCI,Conceptual Physics,2,2.5,Summative,summative,V2-Q09,secure-evidence,U2-MG04 | U2-MG03,U2-EP051 | U2-EP052,V2,U2-SUM-SLOT12,U2-SUM-TD-FAM12,test_day_controlled_variant,increasing dot spacing versus equal velocity arrows; critique and revise,3,"Students will use velocity vectors, motion diagrams, and simple graphs to model and explain the motion of objects.","I can connect motion diagrams, data tables, and graphs to written descriptions of motion and critique an incorrect motion model and revise it using evidence.",argument from evidence; model critique,constructed response,constructed-response,secure,420,,,,Unit 2 Assessment Plan | Conceptual Physics Framework section archetypes/source packet,
U2-SUM-V2-Q10,AP/SCI,Conceptual Physics,2,2.1,Summative,summative,V2-Q10,secure-evidence,U2-MG01,U2-EP053,V2,U2-SUM-SLOT01,U2-SUM-TD-FAM01,test_day_controlled_variant,object fixed in moving vehicle; select paired frame descriptions,2,Students will explain that motion is relative and describe an object’s motion using an appropriate frame of reference.,I can explain why an object can be moving relative to one reference frame but not another.,perspective/representation reasoning,selected response,multiple-choice,secure,90,,,,Unit 2 Assessment Plan | Conceptual Physics Framework section archetypes/source packet,
U2-SUM-V2-Q11,AP/SCI,Conceptual Physics,2,2.1,Summative,summative,V2-Q11,secure-evidence,U2-MG01,U2-EP054,V2,U2-SUM-SLOT02,U2-SUM-TD-FAM02,test_day_controlled_variant,paired observer claims; explain frame dependence,3,Students will explain that motion is relative and describe an object’s motion using an appropriate frame of reference.,I can identify the reference frame used in a motion description.,scientific explanation,constructed response,constructed-response,secure,300,,,,Unit 2 Assessment Plan | Conceptual Physics Framework section archetypes/source packet,
U2-SUM-V2-Q12,AP/SCI,Conceptual Physics,2,2.2,Summative,summative,V2-Q12,secure-evidence,U2-MG02,U2-EP055,V2,U2-SUM-SLOT03,U2-SUM-TD-FAM03,test_day_controlled_variant,odometer change over elapsed time -> average speed,2,"Students will distinguish between speed and velocity and use distance, time, and direction to describe motion.","I can explain that velocity includes both speed and direction and compare examples of constant speed, constant velocity, and changing velocity.",mathematical reasoning,selected response,multiple-choice,secure,90,,,,Unit 2 Assessment Plan | Conceptual Physics Framework section archetypes/source packet,
U2-SUM-V3-Q01,AP/SCI,Conceptual Physics,2,2.3,Summative,summative,V3-Q01,secure-evidence,U2-MG03,U2-EP056,V3,U2-SUM-SLOT07,U2-SUM-TD-FAM07,test_day_controlled_variant,positive velocity decreases; infer acceleration sign and speed trend,2,"Students will explain acceleration as the rate at which velocity changes and identify acceleration from motion descriptions, data, and graphs.",I can calculate acceleration from change in velocity and time.,representation reasoning,selected response,multiple-choice,secure,90,,,,Unit 2 Assessment Plan | Conceptual Physics Framework section archetypes/source packet,
U2-SUM-V3-Q02,AP/SCI,Conceptual Physics,2,2.4,Summative,summative,V3-Q02,secure-evidence,U2-MG03,U2-EP057,V3,U2-SUM-SLOT08,U2-SUM-TD-FAM08,test_day_controlled_variant,free fall from rest; v=gt,2,Students will describe free fall as motion under the influence of gravity alone and use simple free-fall relationships to determine speed or distance fallen.,I can use $g \approx 10\text{ m/s}^2$ to determine speed gained during free fall.,mathematical reasoning,selected response,multiple-choice,secure,90,,,,Unit 2 Assessment Plan | Conceptual Physics Framework section archetypes/source packet,
U2-SUM-V3-Q03,AP/SCI,Conceptual Physics,2,2.4,Summative,summative,V3-Q03,secure-evidence,U2-MG03,U2-EP058,V3,U2-SUM-SLOT09,U2-SUM-TD-FAM09,test_day_controlled_variant,falling object reaches near-constant speed; evaluate ideal model,3,Students will describe free fall as motion under the influence of gravity alone and use simple free-fall relationships to determine speed or distance fallen.,I can use free-fall patterns to compare distance fallen during different time intervals and distinguish free fall from falling with significant air resistance.,model evaluation; explanation,constructed response,constructed-response,secure,300,,,,Unit 2 Assessment Plan | Conceptual Physics Framework section archetypes/source packet,
U2-SUM-V3-Q04,AP/SCI,Conceptual Physics,2,2.5,Summative,summative,V3-Q04,secure-evidence,U2-MG04,U2-EP059,V3,U2-SUM-SLOT10,U2-SUM-TD-FAM10,test_day_controlled_variant,equal vector length with changed direction,2,"Students will use velocity vectors, motion diagrams, and simple graphs to model and explain the motion of objects.",I can represent velocity with arrows that show both speed and direction.,representation translation,selected response,multiple-choice,secure,90,,,,Unit 2 Assessment Plan | Conceptual Physics Framework section archetypes/source packet,
U2-SUM-V3-Q05,AP/SCI,Conceptual Physics,2,2.5,Summative,summative,V3-Q05,secure-evidence,U2-MG04,U2-EP060,V3,U2-SUM-SLOT11,U2-SUM-TD-FAM11,test_day_controlled_variant,linear position table -> graph and motion diagram,3,"Students will use velocity vectors, motion diagrams, and simple graphs to model and explain the motion of objects.",I can compare velocity vectors to determine whether an object’s velocity is changing.,develop/use models; representation translation,constructed response,constructed-response,secure,300,,,,Unit 2 Assessment Plan | Conceptual Physics Framework section archetypes/source packet,
U2-SUM-V3-Q06,AP/SCI,Conceptual Physics,2,2.5,Summative,summative,V3-Q06,secure-evidence,U2-MG04 | U2-MG03,U2-EP061 | U2-EP062,V3,U2-SUM-SLOT12,U2-SUM-TD-FAM12,test_day_controlled_variant,increasing dot spacing versus equal velocity arrows; critique and revise,3,"Students will use velocity vectors, motion diagrams, and simple graphs to model and explain the motion of objects.","I can connect motion diagrams, data tables, and graphs to written descriptions of motion and critique an incorrect motion model and revise it using evidence.",argument from evidence; model critique,constructed response,constructed-response,secure,420,,,,Unit 2 Assessment Plan | Conceptual Physics Framework section archetypes/source packet,
U2-SUM-V3-Q07,AP/SCI,Conceptual Physics,2,2.1,Summative,summative,V3-Q07,secure-evidence,U2-MG01,U2-EP063,V3,U2-SUM-SLOT01,U2-SUM-TD-FAM01,test_day_controlled_variant,object fixed in moving vehicle; select paired frame descriptions,2,Students will explain that motion is relative and describe an object’s motion using an appropriate frame of reference.,I can explain why an object can be moving relative to one reference frame but not another.,perspective/representation reasoning,selected response,multiple-choice,secure,90,,,,Unit 2 Assessment Plan | Conceptual Physics Framework section archetypes/source packet,
U2-SUM-V3-Q08,AP/SCI,Conceptual Physics,2,2.1,Summative,summative,V3-Q08,secure-evidence,U2-MG01,U2-EP064,V3,U2-SUM-SLOT02,U2-SUM-TD-FAM02,test_day_controlled_variant,paired observer claims; explain frame dependence,3,Students will explain that motion is relative and describe an object’s motion using an appropriate frame of reference.,I can identify the reference frame used in a motion description.,scientific explanation,constructed response,constructed-response,secure,300,,,,Unit 2 Assessment Plan | Conceptual Physics Framework section archetypes/source packet,
U2-SUM-V3-Q09,AP/SCI,Conceptual Physics,2,2.2,Summative,summative,V3-Q09,secure-evidence,U2-MG02,U2-EP065,V3,U2-SUM-SLOT03,U2-SUM-TD-FAM03,test_day_controlled_variant,odometer change over elapsed time -> average speed,2,"Students will distinguish between speed and velocity and use distance, time, and direction to describe motion.","I can explain that velocity includes both speed and direction and compare examples of constant speed, constant velocity, and changing velocity.",mathematical reasoning,selected response,multiple-choice,secure,90,,,,Unit 2 Assessment Plan | Conceptual Physics Framework section archetypes/source packet,
U2-SUM-V3-Q10,AP/SCI,Conceptual Physics,2,2.2,Summative,summative,V3-Q10,secure-evidence,U2-MG02,U2-EP066,V3,U2-SUM-SLOT04,U2-SUM-TD-FAM04,test_day_controlled_variant,magnitude plus direction -> identify velocity,2,"Students will distinguish between speed and velocity and use distance, time, and direction to describe motion.",I can calculate average speed from distance and time.,representation interpretation,selected response,multiple-choice,secure,90,,,,Unit 2 Assessment Plan | Conceptual Physics Framework section archetypes/source packet,
U2-SUM-V3-Q11,AP/SCI,Conceptual Physics,2,2.2,Summative,summative,V3-Q11,secure-evidence,U2-MG02,U2-EP067,V3,U2-SUM-SLOT05,U2-SUM-TD-FAM05,test_day_controlled_variant,unequal-time checkpoint data -> compare interval rates and whole-trip average,3,"Students will distinguish between speed and velocity and use distance, time, and direction to describe motion.",I can distinguish instantaneous speed from average speed.,data interpretation,constructed response,constructed-response,secure,300,,,,Unit 2 Assessment Plan | Conceptual Physics Framework section archetypes/source packet,
U2-SUM-V3-Q12,AP/SCI,Conceptual Physics,2,2.3,Summative,summative,V3-Q12,secure-evidence,U2-MG03,U2-EP068,V3,U2-SUM-SLOT06,U2-SUM-TD-FAM06,test_day_controlled_variant,three-point velocity record -> infer constant acceleration,2,"Students will explain acceleration as the rate at which velocity changes and identify acceleration from motion descriptions, data, and graphs.","I can identify positive, negative, or zero acceleration from a motion situation and interpret simple motion graphs and connect them to velocity or acceleration.",mathematical reasoning,selected response,multiple-choice,secure,90,,,,Unit 2 Assessment Plan | Conceptual Physics Framework section archetypes/source packet,
U2-SUM-V4-Q01,AP/SCI,Conceptual Physics,2,2.5,Summative,summative,V4-Q01,secure-evidence,U2-MG04,U2-EP069,V4,U2-SUM-SLOT10,U2-SUM-TD-FAM10,test_day_controlled_variant,equal vector length with changed direction,2,"Students will use velocity vectors, motion diagrams, and simple graphs to model and explain the motion of objects.",I can represent velocity with arrows that show both speed and direction.,representation translation,selected response,multiple-choice,secure,90,,,,Unit 2 Assessment Plan | Conceptual Physics Framework section archetypes/source packet,
U2-SUM-V4-Q02,AP/SCI,Conceptual Physics,2,2.5,Summative,summative,V4-Q02,secure-evidence,U2-MG04,U2-EP070,V4,U2-SUM-SLOT11,U2-SUM-TD-FAM11,test_day_controlled_variant,linear position table -> graph and motion diagram,3,"Students will use velocity vectors, motion diagrams, and simple graphs to model and explain the motion of objects.",I can compare velocity vectors to determine whether an object’s velocity is changing.,develop/use models; representation translation,constructed response,constructed-response,secure,300,,,,Unit 2 Assessment Plan | Conceptual Physics Framework section archetypes/source packet,
U2-SUM-V4-Q03,AP/SCI,Conceptual Physics,2,2.5,Summative,summative,V4-Q03,secure-evidence,U2-MG04 | U2-MG03,U2-EP071 | U2-EP072,V4,U2-SUM-SLOT12,U2-SUM-TD-FAM12,test_day_controlled_variant,increasing dot spacing versus equal velocity arrows; critique and revise,3,"Students will use velocity vectors, motion diagrams, and simple graphs to model and explain the motion of objects.","I can connect motion diagrams, data tables, and graphs to written descriptions of motion and critique an incorrect motion model and revise it using evidence.",argument from evidence; model critique,constructed response,constructed-response,secure,420,,,,Unit 2 Assessment Plan | Conceptual Physics Framework section archetypes/source packet,
U2-SUM-V4-Q04,AP/SCI,Conceptual Physics,2,2.1,Summative,summative,V4-Q04,secure-evidence,U2-MG01,U2-EP073,V4,U2-SUM-SLOT01,U2-SUM-TD-FAM01,test_day_controlled_variant,object fixed in moving vehicle; select paired frame descriptions,2,Students will explain that motion is relative and describe an object’s motion using an appropriate frame of reference.,I can explain why an object can be moving relative to one reference frame but not another.,perspective/representation reasoning,selected response,multiple-choice,secure,90,,,,Unit 2 Assessment Plan | Conceptual Physics Framework section archetypes/source packet,
U2-SUM-V4-Q05,AP/SCI,Conceptual Physics,2,2.1,Summative,summative,V4-Q05,secure-evidence,U2-MG01,U2-EP074,V4,U2-SUM-SLOT02,U2-SUM-TD-FAM02,test_day_controlled_variant,paired observer claims; explain frame dependence,3,Students will explain that motion is relative and describe an object’s motion using an appropriate frame of reference.,I can identify the reference frame used in a motion description.,scientific explanation,constructed response,constructed-response,secure,300,,,,Unit 2 Assessment Plan | Conceptual Physics Framework section archetypes/source packet,
U2-SUM-V4-Q06,AP/SCI,Conceptual Physics,2,2.2,Summative,summative,V4-Q06,secure-evidence,U2-MG02,U2-EP075,V4,U2-SUM-SLOT03,U2-SUM-TD-FAM03,test_day_controlled_variant,odometer change over elapsed time -> average speed,2,"Students will distinguish between speed and velocity and use distance, time, and direction to describe motion.","I can explain that velocity includes both speed and direction and compare examples of constant speed, constant velocity, and changing velocity.",mathematical reasoning,selected response,multiple-choice,secure,90,,,,Unit 2 Assessment Plan | Conceptual Physics Framework section archetypes/source packet,
U2-SUM-V4-Q07,AP/SCI,Conceptual Physics,2,2.2,Summative,summative,V4-Q07,secure-evidence,U2-MG02,U2-EP076,V4,U2-SUM-SLOT04,U2-SUM-TD-FAM04,test_day_controlled_variant,magnitude plus direction -> identify velocity,2,"Students will distinguish between speed and velocity and use distance, time, and direction to describe motion.",I can calculate average speed from distance and time.,representation interpretation,selected response,multiple-choice,secure,90,,,,Unit 2 Assessment Plan | Conceptual Physics Framework section archetypes/source packet,
U2-SUM-V4-Q08,AP/SCI,Conceptual Physics,2,2.2,Summative,summative,V4-Q08,secure-evidence,U2-MG02,U2-EP077,V4,U2-SUM-SLOT05,U2-SUM-TD-FAM05,test_day_controlled_variant,unequal-time checkpoint data -> compare interval rates and whole-trip average,3,"Students will distinguish between speed and velocity and use distance, time, and direction to describe motion.",I can distinguish instantaneous speed from average speed.,data interpretation,constructed response,constructed-response,secure,300,,,,Unit 2 Assessment Plan | Conceptual Physics Framework section archetypes/source packet,
U2-SUM-V4-Q09,AP/SCI,Conceptual Physics,2,2.3,Summative,summative,V4-Q09,secure-evidence,U2-MG03,U2-EP078,V4,U2-SUM-SLOT06,U2-SUM-TD-FAM06,test_day_controlled_variant,three-point velocity record -> infer constant acceleration,2,"Students will explain acceleration as the rate at which velocity changes and identify acceleration from motion descriptions, data, and graphs.","I can identify positive, negative, or zero acceleration from a motion situation and interpret simple motion graphs and connect them to velocity or acceleration.",mathematical reasoning,selected response,multiple-choice,secure,90,,,,Unit 2 Assessment Plan | Conceptual Physics Framework section archetypes/source packet,
U2-SUM-V4-Q10,AP/SCI,Conceptual Physics,2,2.3,Summative,summative,V4-Q10,secure-evidence,U2-MG03,U2-EP079,V4,U2-SUM-SLOT07,U2-SUM-TD-FAM07,test_day_controlled_variant,positive velocity decreases; infer acceleration sign and speed trend,2,"Students will explain acceleration as the rate at which velocity changes and identify acceleration from motion descriptions, data, and graphs.",I can calculate acceleration from change in velocity and time.,representation reasoning,selected response,multiple-choice,secure,90,,,,Unit 2 Assessment Plan | Conceptual Physics Framework section archetypes/source packet,
U2-SUM-V4-Q11,AP/SCI,Conceptual Physics,2,2.4,Summative,summative,V4-Q11,secure-evidence,U2-MG03,U2-EP080,V4,U2-SUM-SLOT08,U2-SUM-TD-FAM08,test_day_controlled_variant,free fall from rest; v=gt,2,Students will describe free fall as motion under the influence of gravity alone and use simple free-fall relationships to determine speed or distance fallen.,I can use $g \approx 10\text{ m/s}^2$ to determine speed gained during free fall.,mathematical reasoning,selected response,multiple-choice,secure,90,,,,Unit 2 Assessment Plan | Conceptual Physics Framework section archetypes/source packet,
U2-SUM-V4-Q12,AP/SCI,Conceptual Physics,2,2.4,Summative,summative,V4-Q12,secure-evidence,U2-MG03,U2-EP081,V4,U2-SUM-SLOT09,U2-SUM-TD-FAM09,test_day_controlled_variant,falling object reaches near-constant speed; evaluate ideal model,3,Students will describe free fall as motion under the influence of gravity alone and use simple free-fall relationships to determine speed or distance fallen.,I can use free-fall patterns to compare distance fallen during different time intervals and distinguish free fall from falling with significant air resistance.,model evaluation; explanation,constructed response,constructed-response,secure,300,,,,Unit 2 Assessment Plan | Conceptual Physics Framework section archetypes/source packet,
U2-SUM-V5-Q01,AP/SCI,Conceptual Physics,2,2.2,Summative,summative,V5-Q01,secure-evidence,U2-MG02,U2-EP082,V5,U2-SUM-SLOT03,U2-SUM-MU5-FAM03,makeup_independent_architecture,graph slope -> speed,2,"Students will distinguish between speed and velocity and use distance, time, and direction to describe motion.","I can explain that velocity includes both speed and direction and compare examples of constant speed, constant velocity, and changing velocity.",mathematical reasoning,selected response,multiple-choice,secure,90,,,,Unit 2 Assessment Plan | Conceptual Physics Framework section archetypes/source packet,
U2-SUM-V5-Q02,AP/SCI,Conceptual Physics,2,2.2,Summative,summative,V5-Q02,secure-evidence,U2-MG02,U2-EP083,V5,U2-SUM-SLOT04,U2-SUM-MU5-FAM04,makeup_independent_architecture,vector comparison -> speed versus velocity,2,"Students will distinguish between speed and velocity and use distance, time, and direction to describe motion.",I can calculate average speed from distance and time.,representation interpretation,selected response,multiple-choice,secure,90,,,,Unit 2 Assessment Plan | Conceptual Physics Framework section archetypes/source packet,
U2-SUM-V5-Q03,AP/SCI,Conceptual Physics,2,2.2,Summative,summative,V5-Q03,secure-evidence,U2-MG02,U2-EP084,V5,U2-SUM-SLOT05,U2-SUM-MU5-FAM05,makeup_independent_architecture,multi-leg trip with pause -> average speed and displacement,3,"Students will distinguish between speed and velocity and use distance, time, and direction to describe motion.",I can distinguish instantaneous speed from average speed.,data interpretation,constructed response,constructed-response,secure,300,,,,Unit 2 Assessment Plan | Conceptual Physics Framework section archetypes/source packet,
U2-SUM-V5-Q04,AP/SCI,Conceptual Physics,2,2.3,Summative,summative,V5-Q04,secure-evidence,U2-MG03,U2-EP085,V5,U2-SUM-SLOT06,U2-SUM-MU5-FAM06,makeup_independent_architecture,velocity-time graph slope -> acceleration,2,"Students will explain acceleration as the rate at which velocity changes and identify acceleration from motion descriptions, data, and graphs.","I can identify positive, negative, or zero acceleration from a motion situation and interpret simple motion graphs and connect them to velocity or acceleration.",mathematical reasoning,selected response,multiple-choice,secure,90,,,,Unit 2 Assessment Plan | Conceptual Physics Framework section archetypes/source packet,
U2-SUM-V5-Q05,AP/SCI,Conceptual Physics,2,2.3,Summative,summative,V5-Q05,secure-evidence,U2-MG03,U2-EP086,V5,U2-SUM-SLOT07,U2-SUM-MU5-FAM07,makeup_independent_architecture,curved motion diagram -> acceleration by direction change,2,"Students will explain acceleration as the rate at which velocity changes and identify acceleration from motion descriptions, data, and graphs.",I can calculate acceleration from change in velocity and time.,representation reasoning,selected response,multiple-choice,secure,90,,,,Unit 2 Assessment Plan | Conceptual Physics Framework section archetypes/source packet,
U2-SUM-V5-Q06,AP/SCI,Conceptual Physics,2,2.4,Summative,summative,V5-Q06,secure-evidence,U2-MG03,U2-EP087,V5,U2-SUM-SLOT08,U2-SUM-MU5-FAM08,makeup_independent_architecture,free-fall distance model -> distance,2,Students will describe free fall as motion under the influence of gravity alone and use simple free-fall relationships to determine speed or distance fallen.,I can use $g \approx 10\text{ m/s}^2$ to determine speed gained during free fall.,mathematical reasoning,selected response,multiple-choice,secure,90,,,,Unit 2 Assessment Plan | Conceptual Physics Framework section archetypes/source packet,
U2-SUM-V5-Q07,AP/SCI,Conceptual Physics,2,2.4,Summative,summative,V5-Q07,secure-evidence,U2-MG03,U2-EP088,V5,U2-SUM-SLOT09,U2-SUM-MU5-FAM09,makeup_independent_architecture,compare vacuum and air conditions -> model validity,3,Students will describe free fall as motion under the influence of gravity alone and use simple free-fall relationships to determine speed or distance fallen.,I can use free-fall patterns to compare distance fallen during different time intervals and distinguish free fall from falling with significant air resistance.,model evaluation; explanation,constructed response,constructed-response,secure,300,,,,Unit 2 Assessment Plan | Conceptual Physics Framework section archetypes/source packet,
U2-SUM-V5-Q08,AP/SCI,Conceptual Physics,2,2.5,Summative,summative,V5-Q08,secure-evidence,U2-MG04,U2-EP089,V5,U2-SUM-SLOT10,U2-SUM-MU5-FAM10,makeup_independent_architecture,resultant magnitude + one perpendicular component -> infer missing component,2,"Students will use velocity vectors, motion diagrams, and simple graphs to model and explain the motion of objects.",I can represent velocity with arrows that show both speed and direction.,representation translation,selected response,multiple-choice,secure,90,,,,Unit 2 Assessment Plan | Conceptual Physics Framework section archetypes/source packet,
U2-SUM-V5-Q09,AP/SCI,Conceptual Physics,2,2.5,Summative,summative,V5-Q09,secure-evidence,U2-MG04,U2-EP090,V5,U2-SUM-SLOT11,U2-SUM-MU5-FAM11,makeup_independent_architecture,verbal multiphase motion -> graph and dot diagram,3,"Students will use velocity vectors, motion diagrams, and simple graphs to model and explain the motion of objects.",I can compare velocity vectors to determine whether an object’s velocity is changing.,develop/use models; representation translation,constructed response,constructed-response,secure,300,,,,Unit 2 Assessment Plan | Conceptual Physics Framework section archetypes/source packet,
U2-SUM-V5-Q10,AP/SCI,Conceptual Physics,2,2.5,Summative,summative,V5-Q10,secure-evidence,U2-MG04 | U2-MG03,U2-EP091 | U2-EP092,V5,U2-SUM-SLOT12,U2-SUM-MU5-FAM12,makeup_independent_architecture,nonlinear position data versus constant-velocity label; critique and revise,3,"Students will use velocity vectors, motion diagrams, and simple graphs to model and explain the motion of objects.","I can connect motion diagrams, data tables, and graphs to written descriptions of motion and critique an incorrect motion model and revise it using evidence.",argument from evidence; model critique,constructed response,constructed-response,secure,420,,,,Unit 2 Assessment Plan | Conceptual Physics Framework section archetypes/source packet,
U2-SUM-V5-Q11,AP/SCI,Conceptual Physics,2,2.1,Summative,summative,V5-Q11,secure-evidence,U2-MG01,U2-EP093,V5,U2-SUM-SLOT01,U2-SUM-MU5-FAM01,makeup_independent_architecture,coordinate position plus competing frames; identify missing frame,2,Students will explain that motion is relative and describe an object’s motion using an appropriate frame of reference.,I can explain why an object can be moving relative to one reference frame but not another.,perspective/representation reasoning,selected response,multiple-choice,secure,90,,,,Unit 2 Assessment Plan | Conceptual Physics Framework section archetypes/source packet,
U2-SUM-V5-Q12,AP/SCI,Conceptual Physics,2,2.1,Summative,summative,V5-Q12,secure-evidence,U2-MG01,U2-EP094,V5,U2-SUM-SLOT02,U2-SUM-MU5-FAM02,makeup_independent_architecture,critique absolute-velocity claim using counterexample,3,Students will explain that motion is relative and describe an object’s motion using an appropriate frame of reference.,I can identify the reference frame used in a motion description.,scientific explanation,constructed response,constructed-response,secure,300,,,,Unit 2 Assessment Plan | Conceptual Physics Framework section archetypes/source packet,
U2-SUM-V6-Q01,AP/SCI,Conceptual Physics,2,2.4,Summative,summative,V6-Q01,secure-evidence,U2-MG03,U2-EP095,V6,U2-SUM-SLOT08,U2-SUM-MU6-FAM08,makeup_independent_architecture,free-fall scaling comparison,2,Students will describe free fall as motion under the influence of gravity alone and use simple free-fall relationships to determine speed or distance fallen.,I can use $g \approx 10\text{ m/s}^2$ to determine speed gained during free fall.,mathematical reasoning,selected response,multiple-choice,secure,90,,,,Unit 2 Assessment Plan | Conceptual Physics Framework section archetypes/source packet,
U2-SUM-V6-Q02,AP/SCI,Conceptual Physics,2,2.4,Summative,summative,V6-Q02,secure-evidence,U2-MG03,U2-EP096,V6,U2-SUM-SLOT09,U2-SUM-MU6-FAM09,makeup_independent_architecture,compare two speed-gain datasets -> choose model,3,Students will describe free fall as motion under the influence of gravity alone and use simple free-fall relationships to determine speed or distance fallen.,I can use free-fall patterns to compare distance fallen during different time intervals and distinguish free fall from falling with significant air resistance.,model evaluation; explanation,constructed response,constructed-response,secure,300,,,,Unit 2 Assessment Plan | Conceptual Physics Framework section archetypes/source packet,
U2-SUM-V6-Q03,AP/SCI,Conceptual Physics,2,2.5,Summative,summative,V6-Q03,secure-evidence,U2-MG04,U2-EP097,V6,U2-SUM-SLOT10,U2-SUM-MU6-FAM10,makeup_independent_architecture,flawed vector with scale and direction; critique,2,"Students will use velocity vectors, motion diagrams, and simple graphs to model and explain the motion of objects.",I can represent velocity with arrows that show both speed and direction.,representation translation,selected response,multiple-choice,secure,90,,,,Unit 2 Assessment Plan | Conceptual Physics Framework section archetypes/source packet,
U2-SUM-V6-Q04,AP/SCI,Conceptual Physics,2,2.5,Summative,summative,V6-Q04,secure-evidence,U2-MG04,U2-EP098,V6,U2-SUM-SLOT11,U2-SUM-MU6-FAM11,makeup_independent_architecture,nonuniform table -> motion diagram and velocity trend,3,"Students will use velocity vectors, motion diagrams, and simple graphs to model and explain the motion of objects.",I can compare velocity vectors to determine whether an object’s velocity is changing.,develop/use models; representation translation,constructed response,constructed-response,secure,300,,,,Unit 2 Assessment Plan | Conceptual Physics Framework section archetypes/source packet,
U2-SUM-V6-Q05,AP/SCI,Conceptual Physics,2,2.5,Summative,summative,V6-Q05,secure-evidence,U2-MG04 | U2-MG03,U2-EP099 | U2-EP100,V6,U2-SUM-SLOT12,U2-SUM-MU6-FAM12,makeup_independent_architecture,constant-speed turn claim -> vector evidence and correction,3,"Students will use velocity vectors, motion diagrams, and simple graphs to model and explain the motion of objects.","I can connect motion diagrams, data tables, and graphs to written descriptions of motion and critique an incorrect motion model and revise it using evidence.",argument from evidence; model critique,constructed response,constructed-response,secure,420,,,,Unit 2 Assessment Plan | Conceptual Physics Framework section archetypes/source packet,
U2-SUM-V6-Q06,AP/SCI,Conceptual Physics,2,2.1,Summative,summative,V6-Q06,secure-evidence,U2-MG01,U2-EP101,V6,U2-SUM-SLOT01,U2-SUM-MU6-FAM01,makeup_independent_architecture,moving walkway with opposing relative motions; select two frames,2,Students will explain that motion is relative and describe an object’s motion using an appropriate frame of reference.,I can explain why an object can be moving relative to one reference frame but not another.,perspective/representation reasoning,selected response,multiple-choice,secure,90,,,,Unit 2 Assessment Plan | Conceptual Physics Framework section archetypes/source packet,
U2-SUM-V6-Q07,AP/SCI,Conceptual Physics,2,2.1,Summative,summative,V6-Q07,secure-evidence,U2-MG01,U2-EP102,V6,U2-SUM-SLOT02,U2-SUM-MU6-FAM02,makeup_independent_architecture,transform paired observer statements and explain reciprocal direction,3,Students will explain that motion is relative and describe an object’s motion using an appropriate frame of reference.,I can identify the reference frame used in a motion description.,scientific explanation,constructed response,constructed-response,secure,300,,,,Unit 2 Assessment Plan | Conceptual Physics Framework section archetypes/source packet,
U2-SUM-V6-Q08,AP/SCI,Conceptual Physics,2,2.2,Summative,summative,V6-Q08,secure-evidence,U2-MG02,U2-EP103,V6,U2-SUM-SLOT03,U2-SUM-MU6-FAM03,makeup_independent_architecture,two unequal segments -> total-distance/total-time average speed,2,"Students will distinguish between speed and velocity and use distance, time, and direction to describe motion.","I can explain that velocity includes both speed and direction and compare examples of constant speed, constant velocity, and changing velocity.",mathematical reasoning,selected response,multiple-choice,secure,90,,,,Unit 2 Assessment Plan | Conceptual Physics Framework section archetypes/source packet,
U2-SUM-V6-Q09,AP/SCI,Conceptual Physics,2,2.2,Summative,summative,V6-Q09,secure-evidence,U2-MG02,U2-EP104,V6,U2-SUM-SLOT04,U2-SUM-MU6-FAM04,makeup_independent_architecture,instrument reading versus trip average,2,"Students will distinguish between speed and velocity and use distance, time, and direction to describe motion.",I can calculate average speed from distance and time.,representation interpretation,selected response,multiple-choice,secure,90,,,,Unit 2 Assessment Plan | Conceptual Physics Framework section archetypes/source packet,
U2-SUM-V6-Q10,AP/SCI,Conceptual Physics,2,2.2,Summative,summative,V6-Q10,secure-evidence,U2-MG02,U2-EP105,V6,U2-SUM-SLOT05,U2-SUM-MU6-FAM05,makeup_independent_architecture,piecewise position record -> phase description and speed,3,"Students will distinguish between speed and velocity and use distance, time, and direction to describe motion.",I can distinguish instantaneous speed from average speed.,data interpretation,constructed response,constructed-response,secure,300,,,,Unit 2 Assessment Plan | Conceptual Physics Framework section archetypes/source packet,
U2-SUM-V6-Q11,AP/SCI,Conceptual Physics,2,2.3,Summative,summative,V6-Q11,secure-evidence,U2-MG03,U2-EP106,V6,U2-SUM-SLOT06,U2-SUM-MU6-FAM06,makeup_independent_architecture,acceleration and time -> reverse/forward velocity change,2,"Students will explain acceleration as the rate at which velocity changes and identify acceleration from motion descriptions, data, and graphs.","I can identify positive, negative, or zero acceleration from a motion situation and interpret simple motion graphs and connect them to velocity or acceleration.",mathematical reasoning,selected response,multiple-choice,secure,90,,,,Unit 2 Assessment Plan | Conceptual Physics Framework section archetypes/source packet,
U2-SUM-V6-Q12,AP/SCI,Conceptual Physics,2,2.3,Summative,summative,V6-Q12,secure-evidence,U2-MG03,U2-EP107,V6,U2-SUM-SLOT07,U2-SUM-MU6-FAM07,makeup_independent_architecture,signed velocity sequence through reversal,2,"Students will explain acceleration as the rate at which velocity changes and identify acceleration from motion descriptions, data, and graphs.",I can calculate acceleration from change in velocity and time.,representation reasoning,selected response,multiple-choice,secure,90,,,,Unit 2 Assessment Plan | Conceptual Physics Framework section archetypes/source packet,
